Name	Chr	Position	GType	Log R Ratio	B Allele Freq
GSA-rs369330203	22	16868036	NC	0.010506	0.000000
GSA-rs190051309	22	16874656	NC	0.040902	0.000000
rs5746643	22	17056038	NC	0.008171	0.999058
rs16980739	22	17058616	NC	-0.002768	0.496261
GSA-rs149971849	22	17061371	NC	-0.026953	0.000000
GSA-rs5993499	22	17068748	NC	0.075098	0.492155
GSA-rs13053626	22	17070109	NC	0.046570	0.490933
chr22-17072482	22	17072482	NC	0.010876	0.500648
GSA-rs5747999	22	17075353	NC	-0.047507	0.000000
rs111636940	22	17079911	NC	-0.109032	0.000256
GSA-rs148392464	22	17099273	NC	0.111994	0.983980
rs9606008	22	17102604	NC	-0.130597	0.501592
GSA-rs117430084	22	17108381	NC	0.004610	0.983488
GSA-rs147153575	22	17116070	NC	0.000930	1.000000
GSA-rs17347266	22	17128441	NC	-0.069580	0.509303
rs150699398	22	17169403	NC	-0.013492	0.000000
rs116456468	22	17169522	NC	-0.089161	0.000000
rs116282162	22	17169762	NC	-0.050387	0.494398
rs150206476	22	17171725	NC	0.017941	0.004183
rs202098051	22	17178015	NC	0.005851	0.496180
rs116224412	22	17178601	NC	0.026322	0.489667
rs145241311	22	17187276	NC	-0.028108	0.998347
GSA-rs117639349	22	17196213	NC	0.016119	0.999927
GSA-rs147020688	22	17199548	NC	0.058371	1.000000
GSA-rs2845381	22	17203532	NC	-0.044765	0.000000
GSA-rs2845344	22	17212553	NC	-0.001199	0.494239
GSA-rs76031193	22	17217247	NC	-0.038296	0.512970
rs1807512	22	17221495	NC	-0.032961	0.963398
GSA-rs2529895	22	17222934	NC	0.057495	0.000000
rs4819880	22	17223938	NC	-0.150078	1.000000
rs5748593	22	17227461	NC	0.012880	0.511341
rs114289989	22	17255527	NC	-0.052464	0.009113
rs114306778	22	17265124	NC	-0.098476	1.000000
rs116510665	22	17274624	NC	0.168826	0.002610
GSA-rs5748642	22	17278928	NC	0.057992	0.021174
rs5748648	22	17280822	NC	0.087768	0.496390
exm2273050	22	17285949	NC	-0.065666	0.481809
rs2072466	22	17289118	NC	0.162845	1.000000
rs874836	22	17301843	NC	-0.009371	0.493064
GSA-rs9606482	22	17317299	NC	-0.068969	0.019814
GSA-rs5746906	22	17318333	NC	-0.031966	0.505967
rs165778	22	17319156	NC	0.011344	0.497589
rs165927	22	17326914	NC	-0.049255	0.496163
GSA-rs9617920	22	17327157	NC	-0.120994	0.497711
GSA-rs5748684	22	17337527	NC	0.007733	0.988084
rs165886	22	17339003	NC	-0.011412	0.485517
rs1974654	22	17340419	NC	0.054877	0.496856
rs165731	22	17346602	NC	0.086545	1.000000
GSA-rs142725680	22	17392955	NC	0.153781	0.508246
GSA-22:17398426	22	17398426	NC	0.050286	1.000000
rs7293026	22	17398800	NC	0.039641	0.987133
rs8136206	22	17399211	NC	0.003106	0.493798
GSA-rs79623605	22	17408459	NC	-0.000432	0.000000
rs9605180	22	17412690	NC	-0.047726	0.494158
rs9618937	22	17414640	NC	0.067413	0.492654
rs2385785	22	17427037	NC	-0.065061	0.502646
GSA-rs116953556	22	17427455	NC	-0.012018	0.000000
GSA-rs1981707	22	17429384	NC	-0.027466	0.993191
rs5748762	22	17434521	NC	0.048671	0.516487
GSA-rs76025168	22	17437133	NC	-0.051947	0.479270
GSA-rs9606550	22	17443179	NC	0.020311	0.491895
GSA-rs117673209	22	17444407	NC	0.066096	0.988341
rs56349544	22	17446715	NC	0.003316	0.000000
rs4819925	22	17446991	NC	-0.098505	0.504645
GSA-rs17806562	22	17450247	NC	0.039928	0.000000
rs61741409	22	17450929	NC	0.144446	0.998662
rs11703655	22	17450952	NC	0.027192	0.003811
rs5992600	22	17451710	NC	-0.013366	0.006633
GSA-rs144427521	22	17468918	NC	0.100195	0.492618
GSA-rs11704768	22	17469558	NC	-0.077838	0.000000
GSA-22:17471800	22	17471800	NC	-0.025533	0.496736
GSA-rs5748787	22	17474773	NC	-0.028896	0.505139
rs11913227	22	17489890	NC	0.055983	0.000000
rs10439907	22	17491584	NC	0.006307	0.491027
GSA-rs917838	22	17492452	NC	-0.077580	0.000000
rs62237429	22	17492987	NC	-0.076332	0.500150
rs5746962	22	17493520	NC	0.080113	0.000000
rs10483090	22	17539678	NC	0.053833	0.000000
GSA-rs73149809	22	17542150	NC	-0.050637	0.494437
GSA-rs112010533	22	17550694	NC	-0.017068	0.495322
GSA-rs76113509	22	17561569	NC	0.011234	0.000000
rs4819956	22	17561913	NC	-0.014121	0.495031
rs1990502	22	17573272	NC	-0.083572	0.498680
rs9605215	22	17579013	NC	0.039402	0.017788
GSA-rs9606614	22	17579956	NC	0.104723	0.000000
rs2241044	22	17581838	NC	-0.012696	0.007339
rs140221307	22	17586757	NC	0.131393	0.993931
rs879577	22	17589209	NC	0.037468	0.517911
rs146478431	22	17589283	NC	-0.086119	0.507155
GSA-rs12484684	22	17589794	NC	0.026568	1.000000
GSA-rs11913443	22	17594977	NC	-0.072032	0.485073
GSA-rs79403391	22	17597501	NC	0.026087	0.995145
GSA-rs738033	22	17599844	NC	0.024630	1.000000
rs149370082	22	17600313	NC	0.006607	0.482353
GSA-rs3827295	22	17600497	NC	0.074686	0.990639
rs61741012	22	17600689	NC	-0.016490	0.501512
rs28360663	22	17603503	NC	-0.019181	0.996297
rs5748875	22	17605899	NC	0.149999	0.502212
rs74276301	22	17610214	NC	-0.001558	0.493251
rs5748883	22	17611515	NC	-0.020490	0.495585
rs4819558	22	17616217	NC	0.040339	0.988953
GSA-rs5994175	22	17618142	NC	0.051936	0.522691
rs740422	22	17619292	NC	0.081750	0.485812
GSA-rs41282459	22	17619393	NC	0.008596	0.005059
rs5747007	22	17620130	NC	0.006654	0.483475
GSA-rs5747008	22	17623408	NC	-0.098736	0.517984
GSA-rs35665085	22	17625915	NC	-0.196929	0.986930
chr22-17625997	22	17625997	NC	-0.000458	0.481929
rs2286956	22	17630378	NC	-0.008644	0.515994
chr22-17630548	22	17630548	NC	0.076506	0.028135
GSA-rs5994180	22	17634050	NC	0.070029	0.989452
GSA-rs11912533	22	17635874	NC	0.021060	0.511076
GSA-rs79822985	22	17639837	NC	-0.074040	0.473504
GSA-rs7287672	22	17640045	NC	-0.002450	0.999661
rs5748921	22	17645139	NC	0.025707	0.474404
rs73383947	22	17647520	NC	-0.036615	0.513469
rs5748926	22	17649774	NC	0.013426	1.000000
rs72490628	22	17649805	NC	-0.024295	1.000000
GSA-rs7287046	22	17653020	NC	-0.008512	0.505993
GSA-rs5748928	22	17654068	NC	0.045103	0.000000
rs1125471	22	17656724	NC	-0.014796	1.000000
rs1076102	22	17658341	NC	-0.055000	0.494213
GSA-rs73385926	22	17661372	NC	0.077207	0.012918
GSA-rs74981457	22	17664307	NC	0.067927	0.985011
GSA-rs7288243	22	17666839	NC	0.010279	0.996210
rs7284498	22	17669199	NC	-0.001216	0.520511
GSA-rs116020027	22	17669245	NC	-0.078309	0.494504
rs2231495	22	17669306	NC	0.013688	0.007561
chr22-17669339	22	17669339	NC	0.005100	0.484730
rs5992636	22	17670224	NC	-0.042262	1.000000
rs2286347	22	17671052	NC	0.124321	0.481467
GSA-rs4819973	22	17674117	NC	-0.088607	0.505429
rs5992637	22	17675900	NC	0.134159	1.000000
rs80063454	22	17680656	NC	0.000257	0.511119
rs1076106	22	17682294	NC	0.006751	0.001390
rs28607941	22	17694949	NC	-0.135625	0.493726
rs5748955	22	17698173	NC	-0.064290	0.504874
rs737967	22	17702778	NC	-0.087315	0.008516
rs5994213	22	17709828	NC	0.087027	0.493021
rs4819565	22	17713433	NC	0.155244	0.496696
GSA-rs116724636	22	17714006	NC	-0.055296	0.476273
GSA-rs78588065	22	17714985	NC	0.026975	0.000000
rs34611736	22	17715095	NC	-0.079431	0.000000
rs5748974	22	17717841	NC	-0.036520	0.000000
rs9605241	22	17722053	NC	0.021638	0.997287
rs1006015	22	17722536	NC	0.037934	1.000000
rs727188	22	17722982	NC	-0.023139	0.000000
GSA-rs117577985	22	17723712	NC	0.069702	0.000000
GSA-rs62236465	22	17723899	NC	-0.047446	0.000000
rs5747037	22	17724093	NC	0.071642	1.000000
rs4819980	22	17725150	NC	0.032238	0.499130
rs62236466	22	17725899	NC	-0.011549	0.005932
rs5747039	22	17726469	NC	-0.065575	0.486840
GSA-rs118191071	22	17727015	NC	0.075987	1.000000
rs4819982	22	17727648	NC	-0.039053	0.463659
rs5748987	22	17728523	NC	-0.032024	0.485059
rs8138422	22	17728832	NC	-0.037676	1.000000
rs9605246	22	17731977	NC	0.126209	0.998387
GSA-rs9606669	22	17733896	NC	0.001767	0.509080
GSA-rs114035176	22	17735864	NC	0.176365	0.502643
GSA-rs5749000	22	17738177	NC	0.110382	1.000000
rs10433302	22	17738321	NC	0.105145	1.000000
rs73876679	22	17741701	NC	-0.019518	0.010805
GSA-rs148312974	22	17751002	NC	-0.115103	0.006075
rs116486267	22	17753699	NC	0.045488	0.998922
rs73387664	22	17762499	NC	-0.070888	0.499893
rs5749010	22	17765505	NC	0.002927	0.499771
rs11704699	22	17770181	NC	0.018856	0.000000
rs4819994	22	17781555	NC	-0.052841	0.509466
rs12160031	22	17784602	NC	0.001200	0.006461
rs737972	22	17785199	NC	0.061757	0.504739
rs4819996	22	17790731	NC	-0.024641	0.514183
rs11089427	22	17790906	NC	0.000912	0.505225
GSA-rs117379082	22	17792855	NC	0.056144	0.490812
GSA-rs148829317	22	17797691	NC	0.008591	0.497079
rs5994256	22	17798800	NC	0.099379	0.998249
GSA-rs78597019	22	17800461	NC	-0.005732	0.520132
rs5992662	22	17803872	NC	0.079767	1.000000
GSA-rs149769792	22	17816691	NC	0.074020	0.500139
rs115079653	22	17818807	NC	-0.041803	1.000000
rs5749039	22	17818894	NC	-0.012515	0.499477
GSA-rs10854596	22	17818918	NC	0.046268	0.025868
GSA-rs12483852	22	17827558	NC	-0.001760	1.000000
GSA-rs117946543	22	17827613	NC	-0.009914	0.502133
rs2040692	22	17831813	NC	0.063406	0.998187
rs5749050	22	17834655	NC	0.001351	0.000370
GSA-rs118128386	22	17839775	NC	-0.108620	0.499422
GSA-rs4413243	22	17840791	NC	-0.055705	0.013762
rs4607032	22	17841068	NC	0.094337	0.505544
GSA-rs73153485	22	17846148	NC	0.060862	0.479820
rs73876413	22	17849249	NC	-0.057759	0.493906
GSA-rs116898257	22	17850483	NC	0.039160	0.512071
rs9618000	22	17853714	NC	-0.038634	1.000000
rs5992678	22	17858763	NC	0.059382	0.483145
rs5746359	22	17860048	NC	0.047863	0.494356
GSA-rs73153490	22	17860359	NC	0.093418	0.000000
GSA-rs11089174	22	17861131	NC	0.068411	1.000000
rs79868360	22	17868593	NC	-0.021812	0.998213
GSA-rs75103738	22	17874348	NC	0.021390	0.476924
GSA-rs76782662	22	17876723	NC	0.069058	0.513109
GSA-rs7510854	22	17877985	NC	0.031282	0.497575
rs73153496	22	17881271	NC	-0.090565	0.996084
rs5747103	22	17883220	NC	0.108464	0.000000
rs17808603	22	17886806	NC	-0.063619	0.997033
GSA-rs5746366	22	17890558	NC	0.014558	0.500439
GSA-rs9605284	22	17891234	NC	-0.102763	0.000000
GSA-rs78287228	22	17892060	NC	-0.089211	1.000000
rs5992044	22	17895051	NC	-0.039296	0.509214
rs16982400	22	17897544	NC	0.037563	0.000000
GSA-rs77992734	22	17898183	NC	-0.082829	1.000000
rs5992045	22	17898402	NC	0.025497	0.509418
rs2078734	22	17901683	NC	0.104692	1.000000
GSA-rs2518732	22	17901925	NC	-0.029781	0.505169
rs2518734	22	17901940	NC	0.001776	0.000000
rs5747122	22	17903914	NC	0.045113	0.482795
rs929167	22	17903917	NC	0.019406	0.511789
GSA-rs73876434	22	17907583	NC	0.011511	0.515663
rs1981533	22	17910586	NC	0.035417	0.000000
GSA-rs5992707	22	17915744	NC	0.024044	1.000000
rs10460749	22	17916116	NC	0.067420	0.501455
GSA-rs5992708	22	17916235	NC	-0.104183	0.002050
GSA-rs117622360	22	17924567	NC	-0.131433	0.000000
GSA-rs78857836	22	17929594	NC	0.036207	0.518490
rs2157720	22	17932686	NC	-0.106332	1.000000
rs5747171	22	17936911	NC	-0.066080	0.488068
rs5746410	22	17945922	NC	-0.093691	0.007238
rs66471604	22	17946058	NC	0.022730	0.492792
rs2522288	22	17946168	NC	-0.059207	0.503740
GSA-rs17741035	22	17952520	NC	0.058965	0.500600
GSA-rs78110804	22	17965444	NC	-0.046300	0.503308
rs182513499	22	17979673	NC	-0.096876	0.500353
GSA-rs78771124	22	17984525	NC	-0.053826	0.017899
rs1296754	22	17985560	NC	0.048993	0.488821
rs9604751	22	17986344	NC	-0.022734	0.510774
rs8141657	22	17988394	NC	0.001787	0.009046
rs5747211	22	17990852	NC	0.065029	0.000000
GSA-rs17741273	22	17992309	NC	0.056313	0.000000
GSA-rs16982577	22	17992460	NC	-0.006330	0.488712
rs174306	22	17999158	NC	0.058271	1.000000
rs1296778	22	18005947	NC	-0.009467	0.000000
rs174330	22	18009909	NC	-0.154067	0.497156
GSA-rs2401125	22	18010945	NC	0.064001	0.503731
rs1974713	22	18013723	NC	0.029886	0.501535
GSA-rs2018494	22	18015567	NC	-0.053039	0.992455
GSA-rs117791365	22	18016012	NC	-0.129422	0.491189
rs174335	22	18016508	NC	0.036058	0.510943
GSA-rs116033717	22	18018821	NC	0.020904	0.000000
GSA-rs5992732	22	18020796	NC	0.005569	0.490708
rs1296794	22	18021604	NC	-0.042717	1.000000
GSA-rs1296795	22	18021760	NC	0.059392	0.983953
rs55951662	22	18025719	NC	0.043741	1.000000
chr22-18028639	22	18028639	NC	-0.025086	0.516145
rs142851999	22	18029251	NC	-0.075277	0.503849
GSA-rs62238766	22	18029408	NC	0.054466	0.991681
GSA-rs1296801	22	18030738	NC	0.013300	0.515365
rs181553013	22	18031793	NC	-0.045857	0.990224
rs174346	22	18036253	NC	0.069836	0.000000
GSA-rs148136596	22	18042154	NC	0.036302	0.011407
rs12483850	22	18046944	NC	-0.050829	1.000000
rs412830	22	18049681	NC	0.023564	1.000000
GSA-rs1296809	22	18050386	NC	0.063966	0.491331
rs1296810	22	18054369	NC	0.019471	1.000000
GSA-rs9306195	22	18055380	NC	-0.073580	0.985755
rs60322904	22	18067777	NC	-0.007276	0.000000
GSA-rs5746439	22	18068785	NC	-0.022590	0.494043
GSA-rs5992749	22	18076523	NC	0.004628	0.512271
chr22:18076546	22	18076546	NC	0.037836	0.502707
rs74780212	22	18090664	NC	0.025327	0.482132
rs1034470	22	18093102	NC	0.011845	1.000000
rs2401162	22	18099460	NC	-0.059837	0.511794
GSA-rs45547040	22	18102498	NC	0.105726	0.000000
rs9605348	22	18103861	NC	0.046866	0.511499
rs5747302	22	18118204	NC	0.121668	0.498118
GSA-rs117157566	22	18118296	NC	0.108819	0.017271
rs66838241	22	18119761	NC	0.022966	0.004098
GSA-rs1080199	22	18120850	NC	0.104285	0.512060
GSA-rs73163139	22	18122180	NC	0.000933	0.513106
rs16980984	22	18123036	NC	0.051271	0.000000
GSA-rs76544340	22	18161762	NC	-0.074355	0.518890
GSA-rs117986610	22	18163756	NC	-0.017527	0.516347
GSA-rs79783036	22	18166960	NC	0.092808	0.497700
rs73163153	22	18167335	NC	-0.130153	1.000000
GSA-rs61741787	22	18171776	NC	0.057850	0.989138
rs2535704	22	18174658	NC	0.028367	0.496910
rs78160286	22	18185123	NC	-0.019768	1.000000
rs62240511	22	18207220	NC	0.107347	0.480865
GSA-rs725768	22	18210409	NC	0.078889	0.011013
rs181380	22	18212530	NC	0.095849	0.000000
GSA-rs8190354	22	18218311	NC	0.016344	0.007890
rs4819626	22	18221958	NC	0.021844	0.499525
rs181390	22	18222263	NC	0.008409	0.497760
rs181399	22	18225318	NC	0.060160	0.489562
GSA-rs1468926	22	18226327	NC	-0.008747	0.478091
GSA-rs2072392	22	18226612	NC	0.004274	0.008714
GSA-rs8190315	22	18226764	NC	-0.089592	0.998722
GSA-rs8190307	22	18227564	NC	0.080680	0.004827
GSA-rs5747339	22	18229187	NC	0.006078	0.012867
GSA-rs2289713	22	18233154	NC	0.001225	0.493159
rs181408	22	18235305	NC	0.075214	0.489339
GSA-rs76774406	22	18240602	NC	-0.016760	0.000000
rs62238875	22	18247625	NC	-0.020713	0.509720
GSA-rs13055924	22	18253187	NC	-0.010598	1.000000
GSA-rs113584863	22	18253888	NC	0.046317	0.992530
rs738095	22	18255988	NC	-0.044401	0.495562
rs8190256	22	18258344	NC	0.032530	0.992717
GSA-rs8190251	22	18259071	NC	-0.050276	0.000000
GSA-rs5992833	22	18261346	NC	0.130014	0.025977
rs372204	22	18262517	NC	-0.009724	0.494040
rs408656	22	18263268	NC	0.006124	0.504538
GSA-rs741458	22	18265683	NC	0.093040	0.495255
rs34138371	22	18268130	NC	-0.013716	0.997745
rs7675	22	18270779	NC	0.103212	0.486970
GSA-rs76020454	22	18275187	NC	-0.065945	0.000000
rs382013	22	18276101	NC	-0.063898	0.490018
GSA-rs77264692	22	18278393	NC	-0.010482	0.512724
GSA-rs433415	22	18279383	NC	0.059734	1.000000
GSA-rs421464	22	18282526	NC	-0.048706	0.000000
GSA-rs11913358	22	18288040	NC	-0.006306	0.983258
rs390041	22	18288362	NC	-0.066640	0.506282
rs8140645	22	18289555	NC	-0.021925	0.000000
GSA-rs61739631	22	18293502	NC	0.072150	1.000000
rs201337842	22	18293533	NC	-0.105376	0.481970
rs388415	22	18294211	NC	-0.034444	0.507068
GSA-rs2277831	22	18299197	NC	0.020463	0.497885
rs5992854	22	18300240	NC	-0.044375	0.969346
chr22-18301076	22	18301076	NC	0.005345	0.999664
rs148613283	22	18301508	NC	-0.052269	0.495843
GSA-rs7286597	22	18304426	NC	-0.090177	0.496600
rs74826570	22	18307079	NC	0.085924	0.000982
rs34837770	22	18309658	NC	0.057215	0.014123
rs61744286	22	18310439	NC	0.167348	1.000000
rs5992122	22	18312343	NC	-0.025601	0.492670
rs367922	22	18314391	NC	0.034344	0.491726
rs139179926	22	18314815	NC	-0.003843	0.996401
rs80133101	22	18317550	NC	-0.031116	0.000000
GSA-rs73384554	22	18320739	NC	-0.058721	0.514685
rs2587108	22	18320886	NC	-0.049595	0.000000
rs2587109	22	18323438	NC	-0.033821	0.000000
GSA-rs117402742	22	18330098	NC	0.057174	0.493370
rs9617628	22	18333467	NC	-0.018115	1.000000
GSA-rs79975430	22	18333639	NC	0.068317	0.497789
GSA-rs5992124	22	18334573	NC	0.007039	0.017304
GSA-rs117463185	22	18336087	NC	0.018763	0.523589
rs117662450	22	18343191	NC	-0.142451	0.511289
rs200738503	22	18347707	NC	-0.082828	0.490842
rs60472362	22	18349348	NC	-0.031484	0.509005
chr22-18358242	22	18358242	NC	0.066391	0.000000
GSA-rs5992882	22	18358301	NC	0.130027	0.509786
rs1076113	22	18368147	NC	0.078698	0.511422
rs148674116	22	18379670	NC	-0.017885	0.000000
chr22-18384643	22	18384643	NC	-0.013844	0.000000
rs4819647	22	18391061	NC	0.023417	0.514964
rs4819648	22	18393564	NC	0.011148	1.000000
rs5992902	22	18399007	NC	0.043646	0.011993
rs5747413	22	18399017	NC	0.010328	0.497159
rs5746497	22	18403629	NC	-0.025028	0.516029
rs76487138	22	18425224	NC	-0.059445	0.997747
GSA-rs188030512	22	18428418	NC	0.027725	0.014326
rs411682	22	18434088	NC	-0.042723	0.503627
rs1076540	22	18439958	NC	0.060914	0.000000
GSA-rs113234048	22	18444570	NC	-0.013134	0.993812
GSA-rs7286607	22	18444657	NC	0.097309	0.505275
GSA-rs4992882	22	18445021	NC	0.040605	0.512778
rs9604813	22	18446610	NC	0.017829	0.480802
GSA-rs1978968	22	18448113	NC	-0.061127	0.993081
rs444279	22	18451593	NC	-0.030492	0.987815
rs74510107	22	18452188	NC	0.015922	0.016192
rs5992943	22	18465756	NC	0.055481	0.967017
GSA-rs191766221	22	18469691	NC	0.067401	0.005267
rs5992956	22	18484507	NC	0.093444	0.995857
rs424765	22	18486017	NC	-0.124164	0.005148
GSA-rs5992962	22	18486282	NC	-0.102476	0.533668
GSA-rs79637342	22	18486441	NC	-0.035976	0.500407
rs397709	22	18489048	NC	0.043309	0.463702
rs5747445	22	18497905	NC	0.103082	0.000000
rs117233348	22	18502566	NC	-0.081170	0.492622
rs390495	22	18504801	NC	-0.046001	0.503385
rs2034299	22	18505121	NC	0.062644	0.476336
GSA-rs117506424	22	18506158	NC	-0.072482	0.000000
rs1867357	22	18507030	NC	0.033786	0.996686
GSA-rs5992970	22	18514305	NC	0.046601	0.000000
rs73876556	22	18515081	NC	-0.024779	0.000000
rs75697900	22	18520416	NC	0.026710	0.481721
rs8142189	22	18520612	NC	-0.017385	1.000000
rs465101	22	18523214	NC	0.034786	0.471203
rs462904	22	18526789	NC	0.010275	0.017909
rs466954	22	18528673	NC	0.071169	0.498756
GSA-rs186852983	22	18531787	NC	0.034065	0.494319
rs458888	22	18533434	NC	0.073277	0.000000
GSA-rs5992983	22	18534292	NC	0.111889	0.501135
rs460036	22	18539553	NC	-0.023914	0.490385
rs11703193	22	18542023	NC	-0.113304	0.000000
rs13057524	22	18542185	NC	0.059319	0.513656
GSA-rs74276622	22	18543172	NC	0.024589	1.000000
rs5992985	22	18545634	NC	-0.031023	0.495416
rs61681033	22	18546612	NC	-0.008792	0.008555
rs11703744	22	18546667	NC	-0.011005	0.502399
GSA-rs5992990	22	18547507	NC	-0.014931	0.014271
rs17809705	22	18552662	NC	0.083412	1.000000
rs4819664	22	18553542	NC	0.057195	0.999055
GSA-rs5992991	22	18553808	NC	0.106374	0.000000
rs62641228	22	18562701	NC	-0.130864	0.484654
rs45567240	22	18562734	NC	0.047941	0.000000
rs361780	22	18565346	NC	0.000735	0.527808
rs12484657	22	18566288	NC	0.043934	0.991202
chr22-18566405	22	18566405	NC	-0.099117	0.509602
GSA-rs385130	22	18570175	NC	-0.037856	0.010792
GSA-rs45489191	22	18573003	NC	-0.024422	0.000000
GSA-rs80132947	22	18574488	NC	0.084401	0.501757
GSA-rs112669995	22	18576447	NC	0.009819	1.000000
GSA-rs78433674	22	18582532	NC	0.034783	0.505447
rs467998	22	18582650	NC	-0.001484	0.005047
GSA-rs77943822	22	18583293	NC	0.052268	0.996762
rs3827281	22	18584433	NC	-0.077020	1.000000
GSA-rs76863685	22	18586686	NC	-0.141218	0.991165
GSA-rs35137695	22	18587898	NC	-0.008020	0.000000
rs8142336	22	18592194	NC	0.026512	0.996722
rs362027	22	18594928	NC	0.024009	0.981033
GSA-rs9604829	22	18599687	NC	0.142457	0.000000
rs191820007	22	18604298	NC	-0.126652	0.988932
GSA-rs144963058	22	18605382	NC	0.027349	0.500499
rs115847686	22	18606946	NC	0.011515	0.492232
rs112879682	22	18607638	NC	-0.073829	0.496224
rs9618203	22	18607872	NC	0.030012	0.512166
rs2234331	22	18609128	NC	-0.007384	0.007393
rs145621219	22	18609493	NC	0.051981	0.499397
rs142925642	22	18609661	NC	-0.010011	0.000000
rs140202346	22	18609703	NC	-0.006469	0.984638
GSA-rs7286465	22	18610798	NC	-0.030457	0.502218
rs2540620	22	18614874	NC	-0.061558	0.506179
GSA-rs4819668	22	18617515	NC	0.129193	0.512253
rs77515656	22	18619890	NC	-0.073017	0.502944
GSA-rs113002374	22	18628133	NC	0.003265	0.000000
GSA-rs1465384	22	18628499	NC	-0.054414	0.000000
GSA-rs5747494	22	18629028	NC	-0.011353	0.997294
GSA-rs9618216	22	18631365	NC	0.000623	0.000000
GSA-rs5993016	22	18633860	NC	0.011746	0.989637
GSA-rs77044518	22	18635717	NC	0.046240	0.002786
rs361898	22	18637094	NC	-0.013828	1.000000
GSA-rs5993019	22	18637533	NC	0.007119	1.000000
GSA-rs117896320	22	18639780	NC	-0.080493	0.484043
rs2252257	22	18640300	NC	-0.062074	0.501338
GSA-rs2542133	22	18644702	NC	0.097301	0.521870
rs55780002	22	18649861	NC	0.011816	0.498463
GSA-rs117593381	22	18935842	NC	0.041518	0.501866
GSA-rs5993430	22	18936282	NC	-0.048035	0.000000
rs5992339	22	18936993	NC	0.014725	0.000000
rs9605907	22	18941457	NC	0.025209	0.015613
GSA-rs118190779	22	18945243	NC	-0.169841	0.492696
rs5993445	22	18951545	NC	0.009828	0.987931
GSA-rs376277583	22	18957827	NC	0.003368	0.002818
rs2540641	22	18959684	NC	-0.015667	0.513382
rs13054104	22	18961405	NC	0.054897	0.486488
GSA-rs73382829	22	18965394	NC	0.020378	0.978038
rs9680846	22	18965418	NC	0.000507	0.974104
rs2540647	22	18966617	NC	-0.020252	0.518567
rs2540648	22	18967349	NC	-0.007981	0.495857
rs2023634	22	18972450	NC	-0.005455	0.490160
rs111728554	22	18975263	NC	0.005891	0.000000
rs116206919	22	18975458	NC	-0.102666	0.488584
rs111452330	22	18975562	NC	-0.036890	0.488030
rs2518805	22	18975587	NC	0.008242	0.996122
GSA-rs7291719	22	18981291	NC	-0.038531	0.480530
rs73382872	22	18981508	NC	0.075910	0.024038
rs1210638	22	18981563	NC	0.093556	0.000000
GSA-rs9604915	22	18982953	NC	-0.015332	0.984611
GSA-rs75296969	22	18987039	NC	-0.093243	0.488214
rs117108862	22	18993172	NC	0.053313	0.502632
GSA-rs116857530	22	18994633	NC	0.021278	0.005726
GSA-rs73157257	22	18995855	NC	0.040502	0.496897
GSA-rs141247282	22	18996425	NC	-0.066900	0.491882
rs62230768	22	19002159	NC	0.062458	0.012408
GSA-rs112819192	22	19025082	NC	-0.001517	0.007167
rs79840601	22	19028643	NC	-0.017019	0.015835
rs10854539	22	19037734	NC	0.022844	0.000028
GSA-rs111891748	22	19047047	NC	0.090636	0.498957
chr22-19048352	22	19048352	NC	0.088368	1.000000
rs2238754	22	19058146	NC	-0.121397	0.995528
rs113323394	22	19059888	NC	0.050714	0.494502
GSA-rs117352899	22	19062020	NC	-0.006878	0.000000
GSA-rs118082227	22	19062060	NC	-0.099792	0.514463
GSA-rs118096274	22	19076575	NC	0.072645	0.504683
rs2800960	22	19077049	NC	-0.035439	0.987394
rs10483100	22	19085202	NC	-0.035354	0.000000
GSA-rs117733930	22	19089757	NC	-0.029015	0.508173
GSA-rs117500388	22	19104439	NC	-0.103168	0.000153
GSA-rs813229	22	19106144	NC	0.082767	1.000000
GSA-rs75048283	22	19113928	NC	0.069466	0.508664
GSA-rs3747051	22	19118901	NC	-0.042918	0.002996
GSA-rs1052763	22	19119751	NC	0.096871	0.000000
rs712965	22	19121872	NC	0.075024	0.510325
rs17743887	22	19124865	NC	0.071680	1.000000
GSA-rs3765610	22	19124866	NC	-0.051731	1.000000
rs140446137	22	19125938	NC	-0.144167	0.508500
rs111488352	22	19130247	NC	0.119619	0.016245
rs737923	22	19132325	NC	0.094673	0.507159
rs715544	22	19133605	NC	-0.132317	0.000000
GSA-rs11704965	22	19133850	NC	0.110504	0.996179
rs4819778	22	19134083	NC	-0.000136	0.000000
rs3761406	22	19139563	NC	0.081459	0.480387
rs12484562	22	19141162	NC	0.034615	1.000000
rs5748014	22	19148721	NC	0.017381	0.498226
rs5993549	22	19149300	NC	0.001186	0.009669
rs4819782	22	19149580	NC	-0.033096	0.514190
rs807669	22	19154522	NC	0.101827	0.508205
rs807670	22	19154608	NC	-0.082397	0.486186
rs712964	22	19156117	NC	0.030406	0.504105
rs2298271	22	19160297	NC	0.000056	0.041017
GSA-rs807665	22	19160414	NC	-0.014103	0.991108
chr22-19168288	22	19168288	NC	0.056785	1.000000
rs190366603	22	19178854	NC	-0.033012	0.493114
GSA-rs7292849	22	19180573	NC	-0.019529	0.007789
rs1633399	22	19183787	NC	-0.002609	0.527712
rs1061325	22	19184095	NC	-0.032574	0.993921
rs723414	22	19185736	NC	-0.016451	0.517011
GSA-rs9605957	22	19187375	NC	-0.032420	0.489955
GSA-rs117870181	22	19190223	NC	-0.040156	0.502289
GSA-rs807547	22	19195680	NC	0.002215	0.502453
rs1060376	22	19196502	NC	0.131975	0.000000
GSA-rs34486244	22	19196615	NC	-0.040733	1.000000
GSA-rs62223883	22	19197381	NC	0.005506	0.000000
rs191966359	22	19197948	NC	-0.050152	0.000000
GSA-rs712952	22	19197949	NC	-0.066140	0.004221
GSA-rs928907	22	19203060	NC	0.054263	0.487251
rs5748048	22	19204478	NC	-0.022083	0.512312
rs36077768	22	19207479	NC	-0.018554	0.518690
chr22-19208911	22	19208911	NC	0.084960	1.000000
rs2073755	22	19210740	NC	-0.007341	0.499674
rs181639433	22	19211467	NC	-0.000753	0.997959
GSA-rs118055717	22	19212001	NC	-0.027974	0.515183
rs182917063	22	19212999	NC	-0.091599	0.007149
rs1060374	22	19213033	NC	0.080403	0.992745
rs145514163	22	19213744	NC	0.031436	0.500366
rs45489597	22	19217422	NC	-0.035520	0.497404
rs116398959	22	19220768	NC	0.043769	0.507877
GSA-rs807459	22	19223352	NC	0.051120	0.000000
GSA-rs809901	22	19228736	NC	0.058974	0.014473
rs5746697	22	19230365	NC	-0.045857	0.988281
chr22-19230405	22	19230405	NC	0.038893	0.994891
rs34869740	22	19263266	NC	-0.039289	0.984299
rs361787	22	19263698	NC	0.089881	0.000000
rs5746711	22	19264625	NC	-0.096743	0.000000
GSA-rs1858771	22	19267580	NC	0.081169	0.000000
rs5748099	22	19268873	NC	-0.021197	0.505230
GSA-rs71328296	22	19269267	NC	-0.060066	0.494129
rs2078750	22	19271831	NC	0.038296	1.000000
rs5993581	22	19285816	NC	0.052873	0.533624
GSA-rs5748106	22	19287227	NC	0.023079	0.000000
GSA-rs117832423	22	19295688	NC	-0.058543	0.489760
rs5993595	22	19299703	NC	-0.062776	0.484699
rs982520	22	19310812	NC	0.031630	0.490040
rs885981	22	19337633	NC	0.103468	0.987894
GSA-rs5993613	22	19343881	NC	-0.098888	0.000000
rs737810	22	19348199	NC	0.063359	0.000000
GSA-rs115461898	22	19348896	NC	-0.029905	1.000000
GSA-rs112751848	22	19367956	NC	0.019177	0.986001
GSA-rs5993624	22	19380714	NC	-0.097285	0.493734
GSA-rs5748177	22	19381507	NC	-0.014274	0.477419
GSA-rs117344257	22	19387965	NC	0.023416	0.493434
GSA-rs10483102	22	19414222	NC	-0.006006	0.000000
GSA-rs7575	22	19423250	NC	-0.079474	0.000000
rs756649	22	19431396	NC	0.033933	0.000000
GSA-rs885976	22	19432456	NC	0.004591	0.508907
GSA-rs117750028	22	19434626	NC	0.026227	0.497363
chr22-19435251	22	19435251	NC	-0.018518	0.507847
GSA-rs5748212	22	19443931	NC	-0.113941	0.991296
GSA-rs146716859	22	19446757	NC	-0.002354	1.000000
GSA-rs117062301	22	19456264	NC	0.006709	0.000000
rs112952006	22	19460180	NC	-0.047616	1.000000
rs13447203	22	19470249	NC	0.022184	0.495572
rs149459036	22	19471407	NC	0.016860	0.000000
rs5746748	22	19472843	NC	-0.029951	0.512840
GSA-rs5748239	22	19479695	NC	-0.026157	0.993215
rs9606038	22	19487192	NC	0.035047	0.998199
GSA-rs141307573	22	19487212	NC	0.066072	0.000000
GSA-rs5748248	22	19491392	NC	-0.133592	0.000000
GSA-rs143375740	22	19493094	NC	-0.073313	0.000000
GSA-rs5746758	22	19496882	NC	0.078801	0.993668
GSA-rs79114187	22	19499829	NC	-0.035899	0.506123
GSA-rs13447281	22	19503920	NC	0.041288	0.504840
GSA-rs13447298	22	19507447	NC	-0.009064	0.497764
rs13447302	22	19508290	NC	0.016729	0.000367
rs113850893	22	19515778	NC	-0.081501	0.000000
rs112135032	22	19521298	NC	-0.043185	0.991604
rs5748267	22	19528458	NC	0.081906	1.000000
rs5748270	22	19529130	NC	0.006636	0.503567
GSA-rs116994305	22	19533898	NC	0.045480	0.000000
rs5748277	22	19534856	NC	-0.052397	0.487591
rs8140097	22	19537262	NC	-0.036422	0.000000
rs2157728	22	19538527	NC	-0.020899	0.507277
GSA-rs62222320	22	19547442	NC	-0.017641	0.000000
rs77580281	22	19551431	NC	-0.030346	0.493730
GSA-rs117222416	22	19555172	NC	-0.073076	0.500163
rs111735701	22	19556893	NC	0.024517	0.993009
rs5746779	22	19558475	NC	-0.047282	0.490325
rs7287561	22	19561712	NC	-0.115534	0.001515
GSA-rs117972552	22	19564765	NC	-0.050256	0.000000
rs5748306	22	19565341	NC	0.109628	0.000000
rs2157727	22	19565395	NC	0.012065	0.531711
rs76642175	22	19569988	NC	0.114640	0.493604
GSA-rs117849233	22	19577438	NC	-0.166088	1.000000
rs57462258	22	19580050	NC	0.104737	0.488331
GSA-rs9606080	22	19581164	NC	-0.027046	0.019809
rs5993715	22	19581946	NC	-0.033705	0.499751
rs5748336	22	19588535	NC	0.078473	0.501365
GSA-rs16983911	22	19593220	NC	0.023551	0.504318
rs5748346	22	19593301	NC	-0.021084	0.468424
rs9606090	22	19593854	NC	-0.052386	0.508260
rs9617812	22	19594775	NC	0.096994	0.017839
rs12159966	22	19596825	NC	0.048418	0.993509
GSA-rs117262034	22	19597257	NC	0.000656	1.000000
rs13058085	22	19600574	NC	-0.025288	0.012285
rs5992442	22	19600961	NC	0.003505	0.029877
rs9617814	22	19609943	NC	0.030994	0.025395
GSA-rs73162676	22	19611680	NC	-0.024059	0.993988
rs5993748	22	19616331	NC	-0.029600	1.000000
rs5993752	22	19616913	NC	0.121676	0.507183
GSA-rs5993755	22	19618257	NC	-0.014559	0.994143
rs11912807	22	19618533	NC	0.032745	0.998925
GSA-rs117828840	22	19620523	NC	-0.067273	0.000000
rs1476445	22	19621011	NC	-0.082681	0.004125
GSA-rs112929230	22	19621998	NC	-0.001749	0.510403
rs4141526	22	19622603	NC	-0.045274	1.000000
rs8135843	22	19624048	NC	0.169339	1.000000
GSA-rs8139720	22	19624256	NC	0.021135	1.000000
GSA-rs58544504	22	19627947	NC	-0.031067	0.007074
GSA-rs7292259	22	19629784	NC	0.113755	0.013927
rs7292279	22	19629837	NC	0.014122	0.515439
rs28560290	22	19633151	NC	-0.030022	0.494869
rs190895236	22	19633696	NC	-0.163320	0.482118
rs2871039	22	19634330	NC	-0.041518	0.000000
rs5993760	22	19634877	NC	0.107390	0.489471
rs9606101	22	19636615	NC	0.106900	0.508252
GSA-rs5748376	22	19639383	NC	0.040081	0.498440
rs5748377	22	19640406	NC	0.001453	0.989117
rs1985884	22	19643245	NC	0.047817	0.497979
GSA-rs9606112	22	19644376	NC	0.054021	0.502958
GSA-rs77257525	22	19652901	NC	0.042258	0.494541
GSA-rs34378388	22	19654144	NC	0.148169	0.484604
rs9618653	22	19655862	NC	0.007483	1.000000
rs5748391	22	19659099	NC	0.033577	0.526027
GSA-rs79097546	22	19662319	NC	-0.023480	0.009365
rs9605002	22	19665133	NC	0.095594	0.001216
GSA-rs8136044	22	19667336	NC	0.071691	0.508274
rs1123657	22	19675944	NC	-0.077233	0.000935
rs5993794	22	19676248	NC	-0.025406	0.501761
rs5992460	22	19677822	NC	-0.111147	1.000000
rs1015939	22	19678655	NC	0.002047	0.993731
GSA-rs5993800	22	19682627	NC	-0.000891	0.509377
rs2097599	22	19690250	NC	-0.012421	0.008681
rs9606146	22	19698129	NC	0.035473	1.000000
GSA-rs75662441	22	19701341	NC	0.062793	0.492416
GSA-rs373098364	22	19712778	NC	-0.051557	0.000000
rs9618676	22	19717043	NC	0.002163	0.987911
GSA-rs79131864	22	19717856	NC	0.033197	0.998819
rs55711444	22	19724224	NC	0.034980	1.000000
GSA-rs41295222	22	19732685	NC	-0.075143	0.005048
rs6518580	22	19735854	NC	-0.074222	1.000000
rs41295657	22	19738290	NC	-0.034533	0.987513
rs41298605	22	19741910	NC	-0.027734	0.502560
GSA-rs72646958	22	19750645	NC	-0.002754	0.000000
GSA-rs41298818	22	19751065	NC	0.012938	0.012201
rs201993443	22	19754211	NC	-0.121580	0.501519
GSA-rs41299350	22	19755127	NC	0.065872	0.000000
rs2238777	22	19758228	NC	0.006750	0.000000
rs4819522	22	19766782	NC	-0.048922	0.493012
rs5746826	22	19767051	NC	0.005075	0.498064
rs713675	22	19767420	NC	-0.071205	0.980678
GSA-rs41298864	22	19772131	NC	0.003988	0.491860
GSA-rs58980837	22	19775444	NC	0.104740	0.491566
rs73148914	22	19776365	NC	0.062318	0.010194
rs9606160	22	19788347	NC	-0.027037	0.517486
chr22-19789625	22	19789625	NC	-0.041156	1.000000
rs13057609	22	19797745	NC	-0.104157	0.003210
rs201108123	22	19799963	NC	-0.029151	0.489355
rs2073765	22	19800322	NC	0.041527	0.498211
GSA-rs9606164	22	19807031	NC	0.087307	0.487714
chr22-19808120	22	19808120	NC	-0.142506	0.011081
rs150444079	22	19808205	NC	-0.007442	0.991568
rs36070348	22	19808874	NC	-0.080832	0.525580
GSA-rs117452300	22	19808938	NC	0.012912	0.977608
rs7285337	22	19814714	NC	0.046442	0.000000
rs7285519	22	19825152	NC	0.046613	0.984061
rs1053001	22	19833781	NC	-0.083645	0.501496
GSA-rs116941290	22	19836102	NC	-0.073284	0.500814
rs11705143	22	19836705	NC	-0.169718	0.985679
exm2268433	22	19840123	NC	0.091072	0.006246
rs11913285	22	19844492	NC	-0.004835	0.042959
rs12106549	22	19846987	NC	0.021170	1.000000
rs201391000	22	19864680	NC	-0.077334	0.000000
rs192869629	22	19868177	NC	0.103517	1.000000
rs1139793	22	19868218	NC	0.111691	0.484009
GSA-rs117016540	22	19873606	NC	0.021027	1.000000
GSA-rs117446426	22	19874955	NC	-0.006638	0.485798
rs3788310	22	19880340	NC	-0.020038	0.504850
rs34553125	22	19880821	NC	-0.057700	1.000000
rs4819845	22	19881027	NC	0.016548	0.479706
GSA-rs78239309	22	19883189	NC	0.061770	0.497760
rs183950022	22	19885576	NC	-0.042787	0.000000
rs76692419	22	19886443	NC	-0.089804	0.000000
GSA-rs3788313	22	19887376	NC	0.028940	0.000000
rs3788314	22	19889423	NC	-0.095756	0.000000
rs3788317	22	19889825	NC	0.023278	0.993799
GSA-rs10427571	22	19891935	NC	0.090535	0.000000
rs188258380	22	19898900	NC	0.000842	1.000000
rs199510610	22	19898906	NC	-0.011483	0.485780
rs1005873	22	19900075	NC	-0.091135	0.000000
22:19900957	22	19900957	NC	0.017889	1.000000
GSA-rs117014524	22	19904898	NC	0.015607	1.000000
rs756661	22	19905802	NC	0.007250	0.491875
rs11541479	22	19906511	NC	-0.048990	0.497008
rs5748469	22	19907099	NC	0.000064	0.013489
rs1012157	22	19909977	NC	0.102181	0.510404
GSA-rs79960807	22	19918723	NC	0.079058	0.000000
rs5746847	22	19921003	NC	-0.033927	0.005538
rs9605030	22	19921137	NC	0.086567	0.000000
rs6518591	22	19924021	NC	-0.044169	0.506014
GSA-rs9332314	22	19928000	NC	-0.001368	0.000000
rs13306278	22	19929027	NC	0.021238	0.482656
rs737866	22	19930109	NC	0.000656	0.491259
rs737865	22	19930121	NC	0.070444	0.520336
GSA-rs9332316	22	19930274	NC	-0.076960	0.521440
GSA-rs45616631	22	19930810	NC	-0.046764	0.503945
rs933271	22	19931407	NC	0.039930	0.022703
rs174674	22	19934025	NC	-0.076585	0.995168
rs5993883	22	19937638	NC	-0.027263	0.484942
rs35788262	22	19940583	NC	-0.045966	0.008200
rs3819619	22	19941495	NC	0.043626	0.000000
rs5746849	22	19942997	NC	0.095010	0.998374
rs740603	22	19945177	NC	-0.104755	1.000000
rs4646312	22	19948337	NC	0.055013	0.026242
rs6269	22	19949952	NC	0.101837	0.000000
rs4633	22	19950235	NC	-0.080560	0.005580
rs6267	22	19950263	NC	0.003737	1.000000
rs2239393	22	19950428	NC	0.102875	0.000000
rs5031015	22	19951103	NC	0.026238	1.000000
rs4680	22	19951271	NC	-0.141366	1.000000
rs769224	22	19951804	NC	-0.003476	0.000000
GSA-rs165631	22	19951816	NC	0.197075	0.985898
rs4646316	22	19952132	NC	-0.010151	0.497437
rs34068292	22	19952224	NC	0.094211	0.520111
rs165774	22	19952561	NC	0.040679	0.996744
rs174697	22	19953832	NC	-0.001286	0.998102
rs174699	22	19954458	NC	0.103963	1.000000
rs139797392	22	19954870	NC	-0.062593	0.504256
rs9332377	22	19955692	NC	0.102363	0.990930
rs165599	22	19956781	NC	-0.040306	0.000000
GSA-rs165815	22	19959473	NC	-0.007786	0.996097
GSA-rs2239395	22	19962203	NC	0.124629	0.488279
GSA-rs117359238	22	19965295	NC	-0.113904	0.512901
rs116102961	22	19966579	NC	-0.003070	0.022540
rs185461067	22	19967673	NC	-0.007021	0.508781
rs113625788	22	19969182	NC	-0.011273	0.473325
rs1990277	22	19970502	NC	-0.011883	0.510211
GSA-rs917479	22	19973205	NC	0.101454	0.990732
rs756653	22	19976845	NC	0.066519	0.487140
rs116782322	22	19978218	NC	-0.067269	0.501332
rs186539515	22	19978253	NC	-0.037714	0.500711
rs11089325	22	19984200	NC	-0.085060	0.015837
rs1034566	22	19984277	NC	-0.007189	0.000000
GSA-rs75665527	22	19991611	NC	-0.078680	0.483045
rs115608310	22	19995634	NC	0.009988	0.503560
rs9605047	22	20002848	NC	0.076937	1.000000
rs1858770	22	20006992	NC	0.053262	0.009718
rs2518829	22	20012286	NC	-0.058303	0.003742
rs5748505	22	20015016	NC	-0.036704	0.001073
GSA-rs2531708	22	20017445	NC	-0.050989	0.000000
GSA-rs118191255	22	20019791	NC	0.017272	1.000000
rs73150856	22	20025652	NC	0.061755	0.507882
chr22-20030915	22	20030915	NC	-0.033639	0.486124
rs405342	22	20037315	NC	-0.031005	1.000000
rs174876	22	20043370	NC	0.005910	0.501320
GSA-rs76926687	22	20043630	NC	-0.075304	0.004624
rs174877	22	20045419	NC	-0.026185	0.996067
chr22-20049207	22	20049207	NC	0.015606	0.484248
GSA-rs116946483	22	20051787	NC	-0.059364	0.501999
rs17818431	22	20052420	NC	0.086271	1.000000
rs7285397	22	20057143	NC	0.016682	0.987224
GSA-rs116983927	22	20060137	NC	-0.025281	0.498717
GSA-rs186724154	22	20076910	NC	0.024429	0.508982
rs1640297	22	20081852	NC	-0.019466	0.000000
rs35569747	22	20082293	NC	0.188949	0.000000
GSA-rs78201040	22	20084368	NC	-0.004070	0.461764
rs443678	22	20093126	NC	0.155156	0.491066
rs417309	22	20098544	NC	-0.004545	0.013964
rs1633445	22	20100596	NC	0.148400	1.000000
chr22-20100640	22	20100640	NC	0.024235	0.517962
rs139208599	22	20101045	NC	-0.018750	0.504823
chr22-20101054	22	20101054	NC	-0.102052	0.000000
GSA-rs117298840	22	20101124	NC	0.104685	0.973975
GSA-rs9605068	22	20103264	NC	-0.009292	0.981415
chr22-20103915	22	20103915	NC	-0.015009	0.510247
rs175171	22	20121848	NC	0.005271	0.495335
GSA-rs75031525	22	20122091	NC	0.071332	0.002682
GSA-22:20125621	22	20125621	NC	0.056342	1.000000
chr22-20127408	22	20127408	NC	0.016473	1.000000
rs4819867	22	20136379	NC	-0.148630	0.506479
rs9605074	22	20146533	NC	-0.051701	0.497476
rs373747	22	20155192	NC	0.053332	0.003064
rs28384	22	20156415	NC	0.016224	0.505404
GSA-rs175199	22	20168295	NC	0.041602	1.000000
GSA-rs9306236	22	20170093	NC	0.043599	0.514537
rs75766	22	20174853	NC	0.096632	0.000000
GSA-rs2537857	22	20178929	NC	-0.096758	0.009744
rs701446	22	20179255	NC	0.031835	0.991602
rs625704	22	20185457	NC	0.064659	0.508940
rs673062	22	20189202	NC	0.050829	0.000000
rs684423	22	20189378	NC	0.030067	0.494315
rs2098257	22	20190055	NC	-0.011924	0.505338
rs640836	22	20193114	NC	0.026503	0.000000
rs589089	22	20196469	NC	-0.106494	0.014736
rs730669	22	20201954	NC	-0.010912	0.490375
rs9606286	22	20202422	NC	-0.011159	0.484240
rs5993933	22	20204791	NC	-0.062460	0.491044
GSA-rs1962811	22	20213718	NC	-0.018969	0.506295
rs854967	22	20217628	NC	0.055266	0.510518
GSA-rs117703390	22	20219641	NC	0.170799	1.000000
GSA-rs1076449	22	20220111	NC	0.033036	0.499380
GSA-rs9618757	22	20222641	NC	0.025765	0.503859
rs759577	22	20225536	NC	0.032828	1.000000
rs701430	22	20227551	NC	-0.004234	0.509151
rs55943359	22	20230959	NC	0.046990	0.502438
GSA-rs9606293	22	20233865	NC	0.047160	0.522705
GSA-rs7287730	22	20241436	NC	-0.059501	0.500734
GSA-rs78055866	22	20244259	NC	0.006124	0.006896
rs855050	22	20248391	NC	-0.136886	1.000000
GSA-rs117954831	22	20248996	NC	-0.035701	1.000000
GSA-rs34141746	22	20258194	NC	0.057003	0.494687
exm2273051	22	20260814	NC	-0.037691	0.995803
GSA-rs855060	22	20262166	NC	0.058671	0.493143
rs854944	22	20264937	NC	-0.053857	0.515399
GSA-rs377561594	22	20265476	NC	-0.001480	0.481272
GSA-rs117755631	22	20272957	NC	-0.106237	0.503067
rs12168751	22	20279533	NC	0.021787	0.504466
GSA-rs12169202	22	20279718	NC	0.052686	0.507916
rs75341343	22	20280634	NC	0.120587	0.019841
GSA-rs5993955	22	20283228	NC	-0.084531	0.487471
GSA-rs117170873	22	20284656	NC	0.027057	0.502126
GSA-rs112074972	22	20298515	NC	-0.037645	0.993056
GSA-rs145639142	22	20300738	NC	0.109382	0.000000
GSA-22:20301508	22	20301508	NC	0.064064	0.493695
rs2280117	22	20306993	NC	-0.063289	0.503240
GSA-rs55828031	22	20309073	NC	-0.131822	0.476426
GSA-rs7287644	22	20311646	NC	0.026583	1.000000
GSA-rs3827282	22	20718116	NC	0.022253	0.505205
GSA-rs147440632	22	20719325	NC	0.028514	0.003348
chr22-20723763	22	20723763	NC	-0.012900	1.000000
rs361689	22	20742450	NC	0.065568	0.998063
rs57342969	22	20753135	NC	-0.000743	0.000000
rs361640	22	20753615	NC	-0.059621	0.509765
rs6005267	22	20764994	NC	-0.031815	1.000000
rs5761913	22	20765021	NC	0.058637	0.486418
rs5762014	22	20766284	NC	-0.033637	0.502339
GSA-rs73879356	22	20767303	NC	0.096419	0.507888
GSA-rs76881461	22	20772773	NC	0.036001	0.000013
rs5752676	22	20774614	NC	-0.068054	0.016293
rs738084	22	20778066	NC	0.059495	0.517980
rs9680797	22	20780296	NC	-0.164723	0.976515
rs5997411	22	20783485	NC	-0.078921	0.499195
rs1005640	22	20789074	NC	0.000100	0.502745
rs1477178	22	20789688	NC	0.073141	0.508182
rs1153427	22	20795757	NC	-0.035696	0.495365
rs8748	22	20800835	NC	-0.045337	0.988459
rs76649694	22	20806397	NC	-0.052619	0.001004
rs361988	22	20810054	NC	0.122671	0.005533
rs1771144	22	20842362	NC	0.049014	0.000000
GSA-rs12484813	22	20844663	NC	0.017608	0.504269
GSA-rs75946839	22	20862548	NC	0.076373	0.505194
rs2014654	22	20872855	NC	0.083570	0.983394
rs7291930	22	20876509	NC	-0.139117	1.000000
GSA-rs145160293	22	20877989	NC	-0.025150	0.493704
GSA-rs11090206	22	20881678	NC	-0.099395	0.507188
GSA-rs57997330	22	20887166	NC	-0.166309	0.012237
rs4821915	22	20891545	NC	-0.020411	0.503871
GSA-rs118084073	22	20893767	NC	-0.037413	0.471793
rs886319	22	20903410	NC	-0.034673	0.000000
GSA-rs1075339	22	20906367	NC	-0.064649	0.999769
GSA-rs115069799	22	20910482	NC	0.036637	0.505891
GSA-rs189225333	22	20933209	NC	-0.007518	0.000625
rs595272	22	20946403	NC	-0.063173	0.000000
rs361646	22	20947274	NC	0.126096	0.987200
rs554733	22	20950564	NC	0.037658	0.000000
GSA-rs165626	22	20954760	NC	0.018916	0.496624
rs5759527	22	20956600	NC	-0.021831	0.525539
rs552823	22	20956906	NC	0.011208	0.988315
rs596114	22	20957000	NC	0.072899	0.513520
rs9612414	22	20957037	NC	0.053856	0.493755
rs17819599	22	20962978	NC	0.033779	1.000000
rs602808	22	20963475	NC	-0.074284	0.016831
rs544887	22	20964056	NC	-0.033658	1.000000
GSA-rs5759562	22	20966125	NC	-0.012135	0.509073
rs17818796	22	20978672	NC	0.008605	0.010900
GSA-rs145875329	22	20990570	NC	0.109424	1.000000
GSA-rs78260733	22	20992947	NC	0.054414	0.000000
rs759224	22	20993328	NC	0.042112	0.467993
rs759225	22	20993477	NC	0.029030	0.507034
rs741194	22	20993519	NC	-0.142077	0.998406
rs658793	22	20996595	NC	0.005831	0.491851
rs7290923	22	20999208	NC	-0.038484	0.512468
GSA-rs41368547	22	20999626	NC	-0.019717	0.490961
rs57434751	22	21001472	NC	0.044002	0.988822
rs5759767	22	21004805	NC	-0.022701	1.000000
rs1339959	22	21005697	NC	0.085225	0.997950
rs651851	22	21009596	NC	-0.014355	0.515032
GSA-rs5751684	22	21015218	NC	0.013375	0.504400
GSA-rs368322022	22	21025441	NC	-0.098956	0.021927
rs116918025	22	21028007	NC	-0.061032	0.506665
GSA-rs1058552	22	21062168	NC	-0.030010	0.489638
GSA-rs117274744	22	21062177	NC	0.007787	0.000000
GSA-rs181389523	22	21071147	NC	0.011446	0.000000
GSA-rs112905927	22	21078991	NC	0.030107	0.493391
rs16988764	22	21105255	NC	-0.012603	0.508181
GSA-rs9612888	22	21106550	NC	-0.006130	1.000000
GSA-rs190475625	22	21113894	NC	-0.088452	0.486736
rs2072517	22	21115244	NC	-0.011690	0.519839
chr22-21119239	22	21119239	NC	-0.012603	0.499156
GSA-rs117786120	22	21120359	NC	0.070145	1.000000
GSA-rs17819104	22	21133618	NC	0.024782	0.000000
seq-rs5903	22	21133831	NC	-0.046832	0.986378
GSA-rs35646566	22	21134023	NC	-0.054590	0.517394
rs5907	22	21134223	NC	-0.024671	0.506465
GSA-rs117858197	22	21139239	NC	-0.019703	0.495891
GSA-rs118185464	22	21145397	NC	0.101131	0.003267
GSA-rs149520312	22	21146015	NC	-0.051251	1.000000
GSA-rs79462859	22	21147077	NC	-0.024049	0.000000
GSA-rs117151217	22	21147113	NC	0.098548	0.497893
GSA-rs141712057	22	21148180	NC	-0.022584	0.500141
GSA-rs76782505	22	21157174	NC	-0.085866	0.997433
GSA-rs61752248	22	21165311	NC	-0.070737	0.008378
rs165854	22	21167787	NC	0.026547	0.998593
GSA-rs17758477	22	21174444	NC	-0.045617	0.000000
rs4822606	22	21198776	NC	-0.082420	0.000000
GSA-rs80068797	22	21219710	NC	0.052253	0.496769
GSA-rs73162849	22	21224023	NC	0.056500	0.015574
rs116892729	22	21235389	NC	0.138646	0.504438
GSA-rs117104177	22	21236559	NC	0.050878	1.000000
rs141934766	22	21241976	NC	-0.057708	0.503356
rs148156702	22	21242113	NC	-0.086018	0.506384
GSA-rs73162856	22	21244675	NC	-0.023950	0.000000
GSA-rs12162703	22	21246902	NC	-0.004273	1.000000
GSA-rs118128340	22	21247007	NC	-0.016016	0.000000
GSA-rs75118078	22	21260951	NC	0.041873	0.000000
GSA-rs73162870	22	21261417	NC	-0.018203	0.000000
GSA-rs9613260	22	21261449	NC	-0.050377	0.480648
GSA-rs73162872	22	21263353	NC	-0.042507	0.000000
rs737892	22	21272734	NC	0.134174	0.977462
GSA-rs9613388	22	21305473	NC	-0.076336	0.000000
rs2285547	22	21307058	NC	0.026899	1.000000
rs2018682	22	21317432	NC	-0.011617	0.494360
rs756875	22	21318433	NC	0.044728	0.008024
rs6005061	22	21320528	NC	0.046697	0.488341
rs756878	22	21323357	NC	0.079613	0.508921
rs878938	22	21324484	NC	0.050580	0.503638
rs114399555	22	21327642	NC	0.060236	0.529204
GSA-rs56179977	22	21328568	NC	0.002279	0.000587
rs7285694	22	21330787	NC	-0.001524	0.000000
GSA-rs178271	22	21331556	NC	-0.042875	0.984705
GSA-rs61626201	22	21335135	NC	0.021152	0.000000
GSA-rs389183	22	21335606	NC	-0.003966	1.000000
GSA-rs13054302	22	21338036	NC	0.083831	0.989209
GSA-rs178283	22	21338632	NC	0.078355	0.000000
rs178285	22	21339751	NC	0.046051	1.000000
rs4822783	22	21342811	NC	-0.035097	0.520917
chr22-21343948	22	21343948	NC	-0.064882	0.000000
rs189150283	22	21346593	NC	0.084202	0.014075
chr22-21348999	22	21348999	NC	-0.043803	0.987384
rs148677674	22	21349277	NC	0.052047	0.496900
chr22-21350251	22	21350251	NC	0.081667	0.986488
rs199625022	22	21350370	NC	0.112915	0.000000
chr22-21351034	22	21351034	NC	-0.019275	1.000000
GSA-rs56113960	22	21355501	NC	0.001987	0.493714
rs71314757	22	21357119	NC	-0.038930	0.000000
GSA-rs62238544	22	21358127	NC	-0.066724	1.000000
GSA-rs373092	22	21361870	NC	0.098565	1.000000
rs398577	22	21362849	NC	-0.094581	0.994671
rs2239961	22	21363960	NC	0.051561	0.505076
rs145000335	22	21370308	NC	-0.093070	0.011806
GSA-rs9625334	22	21371227	NC	-0.023562	0.000000
rs9613540	22	21377071	NC	0.087921	0.501576
rs2277838	22	21377650	NC	0.030730	1.000000
rs929671	22	21377958	NC	0.121969	0.504049
chr22-21380772	22	21380772	NC	0.055211	0.498781
rs2270384	22	21384578	NC	-0.002447	0.000000
GSA-rs76136208	22	21385277	NC	-0.014630	0.497641
chr22-21385708	22	21385708	NC	0.012593	0.502806
GSA-rs2072550	22	21386019	NC	0.072867	0.010262
rs12627919	22	21392943	NC	0.062067	0.001988
GSA-rs149427937	22	21393701	NC	-0.006743	0.505140
GSA-rs117468585	22	21398354	NC	-0.034785	0.015906
GSA-rs77133550	22	21402372	NC	-0.032687	0.988616
GSA-rs76460419	22	21406353	NC	0.084488	0.492398
GSA-rs117587161	22	21406460	NC	-0.054732	0.000000
exm2261181	22	21408430	NC	0.026162	0.489017
GSA-rs5762105	22	21409018	NC	-0.042325	0.505234
GSA-rs2241223	22	21409191	NC	0.071969	0.000000
rs383331	22	21424414	NC	0.039415	0.494545
GSA-rs408718	22	21425769	NC	-0.071106	0.515564
GSA-rs117198675	22	21427621	NC	-0.024831	0.493289
GSA-rs74935988	22	21430958	NC	0.083700	1.000000
rs400946	22	21431054	NC	0.090706	0.003730
GSA-rs75694724	22	21432229	NC	0.071710	0.519776
rs6005562	22	21438369	NC	0.024825	0.000000
rs421390	22	21438417	NC	-0.114648	0.990343
GSA-rs16989111	22	21441353	NC	-0.030949	0.515165
rs435980	22	21442000	NC	0.035529	1.000000
rs73396468	22	21443310	NC	-0.046351	0.491536
rs12628319	22	21445920	NC	0.079540	0.999748
rs430678	22	21447294	NC	0.019093	0.509280
rs1210606	22	21452237	NC	0.054909	0.505479
GSA-rs118111569	22	21454525	NC	-0.000669	0.497582
rs140390	22	21460008	NC	-0.005672	0.511375
rs2543398	22	21460220	NC	0.014612	0.476257
rs5762401	22	21461607	NC	-0.028152	0.000000
chr22-21800680	22	21800680	NC	-0.002088	0.000000
rs41282591	22	21804903	NC	-0.025546	0.499849
rs460106	22	21806401	NC	0.082743	0.996541
rs131654	22	21917190	NC	-0.024471	0.994809
rs2266959	22	21922904	NC	0.133272	0.498770
GSA-rs78456257	22	21926013	NC	-0.004739	0.504903
rs181359	22	21928641	NC	-0.094676	0.000863
rs181362	22	21932068	NC	0.019080	0.519685
22:21936642	22	21936642	NC	-0.063981	0.990161
rs5754217	22	21939675	NC	0.080060	0.010650
rs117663329	22	21939765	NC	0.044248	0.001953
rs4821112	22	21964761	NC	0.030683	0.000000
GSA-rs453343	22	21967395	NC	0.130005	0.508091
rs4821116	22	21973319	NC	0.128115	0.498111
rs11089637	22	21979096	NC	-0.044290	0.495384
rs2298428	22	21982892	NC	0.038398	0.000000
rs12170285	22	21988833	NC	0.085506	0.481784
rs35113423	22	21989142	NC	0.017254	0.003768
rs730882	22	21989325	NC	0.027483	0.505586
rs11705259	22	21990823	NC	-0.006004	0.491271
rs11705317	22	21991120	NC	0.125651	0.495790
GSA-rs34035987	22	21994044	NC	-0.025891	0.983311
GSA-rs73166641	22	21998280	NC	0.028395	0.506911
GSA-rs71314788	22	22000109	NC	0.047141	0.487893
rs447001	22	22010918	NC	-0.006866	0.499865
rs9941935	22	22015144	NC	-0.065728	0.984545
GSA-rs78272461	22	22015771	NC	0.097618	0.003529
rs3788329	22	22028124	NC	0.030671	0.000000
GSA-rs55831940	22	22035555	NC	0.105891	0.510613
GSA-rs443192	22	22036640	NC	-0.023681	0.510913
rs141789375	22	22042377	NC	-0.064255	0.997179
rs141406819	22	22049263	NC	-0.045523	0.015867
GSA-rs74836292	22	22050361	NC	0.036072	1.000000
GSA-rs710172	22	22055280	NC	-0.067291	0.518147
GSA-rs1860	22	22055394	NC	0.053837	0.000000
GSA-rs5994805	22	22059968	NC	0.003715	0.971170
GSA-rs7285365	22	22068740	NC	-0.057838	0.502091
GSA-rs55741555	22	22076177	NC	-0.056469	0.990624
GSA-rs7290787	22	22077124	NC	0.010214	0.007970
GSA-rs118049714	22	22078367	NC	0.056156	0.000000
rs5994846	22	22082919	NC	0.016256	0.495017
GSA-rs5749769	22	22094016	NC	-0.020374	0.487788
rs5999264	22	22095920	NC	0.067239	0.016191
GSA-rs73149931	22	22107057	NC	-0.021852	0.023485
rs61387590	22	22111985	NC	-0.075208	0.000000
rs9340	22	22115353	NC	-0.003626	0.501079
rs13515	22	22115886	NC	0.029082	0.503833
GSA-rs41282607	22	22118229	NC	-0.015333	0.514546
rs743409	22	22129215	NC	-0.010694	0.980453
rs2283792	22	22131125	NC	-0.004231	0.494432
rs9610417	22	22199970	NC	0.030045	0.487395
rs5755694	22	22200530	NC	0.036493	0.506124
rs8136867	22	22204793	NC	0.019065	0.002099
GSA-rs4821401	22	22214572	NC	0.008148	1.000000
GSA-rs73149968	22	22259174	NC	-0.112350	1.000000
rs8143081	22	22262369	NC	-0.020756	1.000000
GSA-rs117189726	22	22271797	NC	0.079505	0.000000
GSA-rs16979617	22	22274021	NC	0.083419	1.000000
rs2070507	22	22277571	NC	-0.077719	0.000000
rs9610645	22	22288560	NC	0.029948	0.484604
GSA-rs240068	22	22290403	NC	0.109985	0.483673
GSA-rs117218983	22	22304127	NC	0.059621	0.000000
rs9610690	22	22304943	NC	0.017804	0.011048
chr22-22316765	22	22316765	NC	-0.082722	1.000000
rs199633721	22	22318346	NC	0.048981	0.989020
GSA-rs75602167	22	22318354	NC	0.103465	0.000000
rs143308485	22	22318364	NC	0.011828	0.509338
rs9610728	22	22318538	NC	0.027730	0.000394
rs181255589	22	22318568	NC	0.140735	0.477038
rs239927	22	22330082	NC	0.016876	0.986858
GSA-rs5756326	22	22335639	NC	-0.064934	0.000000
rs238783	22	22342195	NC	0.001052	0.989539
GSA-rs77973739	22	22342678	NC	0.100569	0.466416
GSA-rs116872618	22	22343023	NC	0.062224	0.472134
rs1866859	22	22343553	NC	-0.055170	0.490706
GSA-rs4821537	22	22344848	NC	-0.009718	0.991665
rs34643644	22	22349201	NC	0.155988	0.513082
rs1016548	22	22355496	NC	-0.094598	0.519594
GSA-rs117775579	22	22357620	NC	0.010423	0.497183
rs6000509	22	22358201	NC	-0.009390	1.000000
rs61139	22	22360650	NC	0.110955	0.514250
GSA-rs17821917	22	22372518	NC	0.039813	0.999367
rs56786473	22	22372593	NC	-0.019200	0.000000
GSA-rs60507728	22	22375705	NC	0.032538	0.985616
rs12159720	22	22377206	NC	-0.026790	0.000000
GSA-rs58036485	22	22384364	NC	0.082229	0.478273
rs366116	22	22394227	NC	0.054499	0.983281
rs4820285	22	22399916	NC	-0.052885	0.525305
GSA-rs5756660	22	22401170	NC	0.018027	0.497720
rs5750427	22	22401267	NC	0.006020	0.480282
rs5750432	22	22402940	NC	-0.049339	0.488528
rs13340082	22	22404083	NC	-0.064039	0.982099
rs5756720	22	22416707	NC	0.101820	0.006104
rs5750449	22	22418813	NC	0.111610	0.003516
GSA-rs4490292	22	22419249	NC	0.030630	0.501112
rs6000820	22	22421249	NC	-0.077803	0.985577
GSA-rs17820606	22	22421412	NC	0.069331	0.499774
rs6000838	22	22422622	NC	-0.002277	1.000000
rs1894252	22	22426145	NC	0.038817	0.000000
GSA-rs118039352	22	22426545	NC	-0.093808	0.979836
rs7291038	22	22428083	NC	0.040537	0.010426
GSA-rs16982463	22	22428155	NC	-0.055134	0.489421
GSA-rs743529	22	22435843	NC	-0.027197	0.493921
rs5756807	22	22437655	NC	0.056580	1.000000
rs1894251	22	22440499	NC	-0.047706	0.494315
rs5750496	22	22440788	NC	-0.025004	0.005495
GSA-rs13058323	22	22440829	NC	0.053485	0.493494
rs7286062	22	22450073	NC	-0.095689	0.004403
GSA-rs12484368	22	22451791	NC	0.024911	0.486327
GSA-rs67371756	22	22454496	NC	0.052689	0.518477
GSA-rs78826497	22	22456900	NC	-0.086265	0.483926
GSA-rs117097235	22	22467903	NC	-0.021206	0.493068
GSA-rs77392912	22	22478113	NC	-0.088489	1.000000
GSA-rs117931929	22	22479924	NC	0.032814	1.000000
rs5756977	22	22484210	NC	-0.026860	0.008662
rs5756987	22	22486646	NC	-0.011187	1.000000
rs9637337	22	22489904	NC	-0.125579	0.000000
GSA-rs116846750	22	22493764	NC	0.002728	0.011812
GSA-rs17558061	22	22505762	NC	0.115757	1.000000
rs5750619	22	22517705	NC	0.027616	0.000000
GSA-rs5757136	22	22517826	NC	-0.051601	0.493935
GSA-rs5757142	22	22518517	NC	-0.043669	0.000000
rs743518	22	22522265	NC	-0.005494	1.000000
rs2105815	22	22531074	NC	-0.029589	1.000000
rs5757247	22	22531572	NC	-0.041276	0.486577
GSA-rs4991801	22	22533348	NC	0.014186	0.503119
GSA-rs16985406	22	22535082	NC	-0.031450	1.000000
GSA-rs8139876	22	22535973	NC	-0.016240	1.000000
rs4145536	22	22536846	NC	0.096939	0.496769
rs10483109	22	22537581	NC	-0.088925	0.985030
GSA-rs111460696	22	22548577	NC	-0.056746	0.492932
GSA-rs7293219	22	22548831	NC	-0.020470	1.000000
GSA-rs9619829	22	22549738	NC	0.074014	0.492649
GSA-rs77180908	22	22554512	NC	-0.063009	0.500780
GSA-rs9623076	22	22560977	NC	0.037367	0.498947
rs2040345	22	22561973	NC	-0.080935	0.507151
GSA-rs138843768	22	22563845	NC	0.050109	0.975680
chr22-22569469	22	22569469	NC	0.008613	1.000000
rs140258196	22	22569609	NC	-0.129441	0.486561
rs116733113	22	22569649	NC	0.065835	0.501169
rs12159423	22	22573637	NC	-0.026836	1.000000
GSA-rs78501378	22	22579286	NC	0.057904	0.015693
rs5757568	22	22583571	NC	0.040559	0.498467
rs8141482	22	22584809	NC	0.033708	0.518971
GSA-rs6001548	22	22597173	NC	-0.123511	0.492827
GSA-rs11089978	22	22599216	NC	0.018415	0.507840
rs77632478	22	22603373	NC	0.017802	0.014179
GSA-rs370528154	22	22668453	NC	0.005630	0.504491
rs140594791	22	22681967	NC	-0.065348	0.494573
GSA-rs16987300	22	22696066	NC	0.037726	0.998778
rs148899698	22	22698031	NC	0.018657	0.000000
GSA-rs10483111	22	22702390	NC	0.062829	0.000000
GSA-rs112049143	22	22702508	NC	-0.003452	0.496400
GSA-rs2330108	22	22716637	NC	-0.033686	0.526594
GSA-rs713654	22	22727571	NC	-0.054767	1.000000
GSA-rs75791812	22	22737744	NC	-0.087561	0.504099
rs116998290	22	22741239	NC	0.123865	1.000000
GSA-rs12158271	22	22743959	NC	-0.054183	0.503764
GSA-rs79901931	22	22753204	NC	0.021417	0.505290
GSA-rs2156885	22	22775802	NC	0.037189	0.000000
rs111480336	22	22782258	NC	0.031440	0.003998
GSA-rs5751064	22	22782477	NC	-0.056419	0.993141
GSA-rs143355132	22	22786144	NC	0.014518	0.483456
GSA-rs6002371	22	22801645	NC	0.152658	0.014678
GSA-rs1894242	22	22806795	NC	-0.055417	0.488665
GSA-rs7291770	22	22811375	NC	0.035623	0.496603
GSA-rs117755520	22	22811601	NC	-0.008038	0.017341
chr22-22868626	22	22868626	NC	-0.005374	0.978076
GSA-rs76383811	22	22869439	NC	-0.068546	0.000000
rs149749715	22	22869477	NC	-0.023769	0.505568
GSA-rs117276452	22	22875841	NC	-0.004807	0.483148
GSA-rs59717931	22	22878110	NC	0.048481	0.994287
GSA-rs144672120	22	22886433	NC	0.080413	1.000000
GSA-rs61178761	22	22889639	NC	-0.040334	0.470385
GSA-rs61730840	22	22890552	NC	0.048125	1.000000
GSA-rs143505065	22	22890869	NC	-0.059989	0.494111
GSA-rs16989531	22	22893823	NC	-0.011023	0.989592
chr22-22898325	22	22898325	NC	0.036914	0.000000
rs139219466	22	22898343	NC	-0.082003	0.000000
chr22-22901816	22	22901816	NC	-0.019183	0.494937
GSA-rs117138581	22	22902760	NC	0.019343	0.496078
GSA-rs148069608	22	22940409	NC	-0.062115	0.512730
GSA-rs16990531	22	23011972	NC	-0.041167	0.003903
GSA-rs10483113	22	23019958	NC	0.011839	0.484345
GSA-rs76124814	22	23032847	NC	0.092026	1.000000
GSA-rs59747512	22	23038081	NC	0.007034	0.000000
GSA-rs112989302	22	23049065	NC	0.109478	0.505195
GSA-rs62218439	22	23057420	NC	0.077129	0.000000
GSA-rs117502909	22	23060499	NC	-0.055259	0.503739
rs191985323	22	23063421	NC	-0.046158	0.495710
GSA-rs62220405	22	23098587	NC	0.022940	0.490195
GSA-rs6003288	22	23106898	NC	-0.014552	0.488460
GSA-rs117397387	22	23110658	NC	0.093015	0.498068
GSA-rs12159531	22	23125050	NC	0.045093	0.000000
GSA-rs75410681	22	23130548	NC	-0.138425	0.010106
chr22-23161646	22	23161646	NC	0.041014	0.499616
GSA-rs5996399	22	23173290	NC	0.042264	0.982191
GSA-rs77881253	22	23180275	NC	-0.087687	0.995636
GSA-rs5759488	22	23184117	NC	-0.062775	0.995856
GSA-rs13058682	22	23205980	NC	0.010971	0.000000
GSA-rs144507690	22	23240507	NC	-0.078787	0.499711
GSA-rs117956113	22	23250088	NC	0.026815	1.000000
rs1475930	22	23250737	NC	0.183745	0.494333
rs189343862	22	23256422	NC	0.041497	0.493877
rs118093337	22	23257499	NC	-0.083172	0.517292
rs6003388	22	23258438	NC	0.019158	0.984952
rs76121504	22	23260329	NC	0.039739	0.000000
GSA-rs368346609	22	23262118	NC	0.067339	0.996852
GSA-rs115248992	22	23262137	NC	0.009712	0.996430
rs737885	22	23263708	NC	-0.073343	0.998455
GSA-rs394409	22	23266118	NC	-0.110255	0.506462
GSA-rs5759535	22	23268390	NC	0.100145	0.000000
GSA-rs78339303	22	23270732	NC	0.064239	0.000000
rs429942	22	23275227	NC	0.014245	0.991144
rs436599	22	23276421	NC	0.028915	0.513714
rs463235	22	23278593	NC	0.010822	0.000640
GSA-rs7288450	22	23278613	NC	0.059300	0.485006
GSA-rs8139942	22	23279385	NC	-0.020494	0.002533
rs2106122	22	23279752	NC	0.118876	1.000000
GSA-rs147712328	22	23281789	NC	-0.067498	0.506723
GSA-rs756737	22	23283517	NC	0.024937	0.000000
rs5759542	22	23283632	NC	0.008714	0.995334
rs10470284	22	23284781	NC	0.007814	0.996612
GSA-rs73166817	22	23285223	NC	-0.120293	0.510749
rs12160186	22	23285967	NC	0.058138	0.493417
rs459488	22	23286059	NC	0.001135	0.015244
GSA-rs11703761	22	23287367	NC	-0.067246	0.004935
GSA-rs9623979	22	23291613	NC	-0.148368	0.478122
rs11705658	22	23292407	NC	-0.028745	0.000000
rs9612174	22	23295133	NC	-0.152389	0.479601
rs62220900	22	23296231	NC	-0.019524	0.504542
GSA-rs113522889	22	23299147	NC	-0.091736	0.011763
rs915613	22	23299769	NC	-0.117542	0.505566
rs2213953	22	23320339	NC	-0.031483	0.000067
GSA-rs137893834	22	23329477	NC	0.094340	0.990901
rs13053230	22	23335538	NC	0.043415	0.985612
rs980595	22	23337642	NC	-0.052679	0.506462
GSA-rs62220905	22	23338634	NC	-0.005487	0.489763
rs6003447	22	23339200	NC	0.078505	0.000000
GSA-rs73166864	22	23340580	NC	0.023812	0.485106
GSA-rs56102358	22	23350450	NC	-0.063004	1.000000
rs116873473	22	23350708	NC	0.028973	0.498431
GSA-rs77978020	22	23352798	NC	-0.048485	0.000000
rs78529900	22	23353442	NC	0.008879	0.507873
GSA-rs6003461	22	23362084	NC	-0.077762	0.012720
rs11705689	22	23375062	NC	-0.051265	1.000000
GSA-rs74332294	22	23375624	NC	0.095561	1.000000
GSA-rs6003484	22	23379985	NC	-0.003709	0.486033
GSA-rs112864221	22	23380766	NC	-0.091418	0.991054
GSA-rs187564522	22	23395750	NC	-0.102415	0.000000
GSA-rs55978620	22	23397014	NC	-0.010055	0.492697
GSA-rs55964741	22	23401865	NC	0.008068	0.000000
rs114722798	22	23406302	NC	0.062631	0.499658
rs9624019	22	23407301	NC	0.020805	0.505051
rs5751574	22	23416005	NC	-0.001714	0.485386
GSA-22:23417593	22	23417593	NC	-0.073148	0.511152
rs6003497	22	23421736	NC	0.047428	0.010629
GSA-rs79581211	22	23430889	NC	-0.002473	0.000000
GSA-rs75764644	22	23445483	NC	-0.028851	0.498523
GSA-rs2283801	22	23454485	NC	0.081459	0.517955
rs2283803	22	23454881	NC	0.034939	0.481993
rs2267000	22	23455366	NC	-0.000372	0.520268
GSA-rs117327666	22	23460443	NC	-0.045735	0.488949
GSA-rs56339124	22	23461300	NC	0.068318	0.508536
GSA-rs79854927	22	23468790	NC	0.071708	0.501664
GSA-rs77460005	22	23474579	NC	0.129128	0.518278
rs56369240	22	23474756	NC	-0.107669	0.000000
GSA-rs117809204	22	23475102	NC	0.046474	0.000000
rs116303473	22	23476266	NC	-0.045236	0.011250
rs35211242	22	23482483	NC	-0.096303	0.518712
rs148686768	22	23482528	NC	0.120422	0.996264
rs78340958	22	23486453	NC	0.024429	0.504597
rs61747143	22	23488859	NC	-0.045959	0.987655
GSA-rs9612247	22	23492082	NC	-0.025093	1.000000
rs5751592	22	23497674	NC	-0.077327	0.508243
chr22-23503185	22	23503185	NC	-0.100052	0.009141
chr22-23503186	22	23503186	NC	-0.091937	0.000000
rs4820541	22	23504405	NC	-0.106962	0.992150
GSA-rs141042691	22	23506771	NC	0.037087	0.988665
exm2264740	22	23506826	NC	-0.038739	1.000000
rs768513	22	23512554	NC	0.026462	0.498561
GSA-rs5759646	22	23545434	NC	0.076609	1.000000
GSA-rs117582309	22	23558688	NC	0.039939	0.481791
rs762601	22	23568858	NC	0.058449	0.000000
GSA-rs117802493	22	23571481	NC	0.001371	0.498712
rs6003582	22	23584163	NC	-0.014642	0.490446
GSA-rs5996503	22	23584361	NC	0.038788	1.000000
rs80233084	22	23584441	NC	-0.033441	1.000000
rs5759661	22	23587341	NC	-0.036031	0.000000
rs5751613	22	23587894	NC	0.046669	0.011884
GSA-rs118119551	22	23592166	NC	-0.050406	0.008603
GSA-rs5751614	22	23593051	NC	0.059994	0.493688
GSA-rs73152641	22	23598009	NC	0.033933	1.000000
GSA-rs73152643	22	23602419	NC	-0.033579	0.993441
rs200190160	22	23603636	NC	-0.013003	0.004957
GSA-rs140502	22	23606544	NC	-0.031716	0.000000
GSA-rs79769038	22	23610765	NC	-0.022036	0.000812
GSA-rs17533177	22	23610800	NC	-0.014413	0.986140
GSA-rs117486344	22	23611456	NC	-0.029631	0.485521
GSA-rs5759676	22	23621387	NC	0.057088	0.990828
rs7288846	22	23623284	NC	-0.055469	0.482503
GSA-rs35727393	22	23627256	NC	-0.020470	1.000000
rs140504	22	23627369	NC	-0.008931	0.000000
GSA-rs73152652	22	23631147	NC	0.017112	1.000000
rs2229038	22	23634790	NC	0.166617	0.496374
rs73388594	22	23644631	NC	-0.033847	1.000000
rs9608102	22	23644794	NC	0.000376	0.002433
rs2267027	22	23648478	NC	0.046992	0.506355
rs131693	22	23649242	NC	-0.068743	0.000000
GSA-rs77227437	22	23657766	NC	0.000170	0.000058
GSA-rs1042660	22	23658006	NC	-0.110275	0.000000
GSA-rs116875264	22	23665372	NC	0.039231	0.994228
GSA-rs77982068	22	23667018	NC	0.088484	0.506546
rs5759723	22	23673094	NC	-0.042641	0.496832
GSA-rs8141321	22	23680734	NC	0.061048	0.000000
GSA-rs8142297	22	23688345	NC	-0.140997	0.519686
GSA-rs8137677	22	23688412	NC	-0.079663	0.497041
rs4820550	22	23695404	NC	-0.122379	0.016102
rs5759742	22	23700907	NC	0.075511	0.509133
rs9612334	22	23708020	NC	0.058988	0.010646
GSA-rs9608133	22	23710013	NC	-0.124626	0.500736
rs2073386	22	23712520	NC	-0.051459	0.513844
rs5996529	22	23712647	NC	-0.088249	0.483559
rs8142127	22	23717465	NC	-0.047754	0.000000
GSA-rs28656233	22	23737214	NC	0.035136	0.488801
GSA-rs77473109	22	23739622	NC	-0.010181	0.006658
GSA-rs55756930	22	23740460	NC	-0.010050	0.479624
rs2330452	22	23754578	NC	-0.018709	0.498527
rs7284162	22	23755228	NC	-0.025467	0.000000
GSA-rs62218982	22	23756475	NC	-0.022583	0.500711
rs6003697	22	23757786	NC	-0.006061	0.984098
rs4822406	22	23757964	NC	0.085756	1.000000
GSA-rs4991267	22	23758531	NC	0.114386	0.488874
rs5751654	22	23763114	NC	0.093856	0.998977
rs9612352	22	23763969	NC	-0.063819	0.013012
GSA-rs4822409	22	23765006	NC	-0.052315	0.977006
GSA-rs115151152	22	23765246	NC	-0.109798	0.494193
rs4822410	22	23765265	NC	0.031196	0.480611
GSA-rs17001563	22	23766423	NC	0.047656	0.504935
rs76095513	22	23769665	NC	-0.018177	1.000000
rs6003708	22	23770554	NC	-0.029386	0.019758
rs5751660	22	23781075	NC	0.026777	0.474193
GSA-rs73880824	22	23787187	NC	-0.146373	1.000000
rs117490704	22	23788736	NC	0.082169	0.487234
GSA-rs150455125	22	23808436	NC	-0.001367	0.488546
rs5759832	22	23815760	NC	0.083691	0.013264
GSA-rs4822416	22	23816428	NC	-0.035555	0.508177
rs7289380	22	23817486	NC	0.056117	0.991408
rs17002022	22	23827584	NC	-0.112564	0.997558
rs140157	22	23836819	NC	-0.047756	0.513605
rs58155100	22	23842972	NC	-0.007536	0.984278
GSA-rs5996564	22	23843439	NC	0.002838	0.519446
GSA-rs140161	22	23845547	NC	-0.084733	0.491117
GSA-rs6003747	22	23846436	NC	0.019882	0.518196
GSA-rs1108741	22	23846520	NC	0.074079	0.504985
rs79937830	22	23847843	NC	-0.009039	1.000000
rs5759855	22	23849044	NC	0.015839	0.011985
GSA-rs117639432	22	23849126	NC	-0.112336	0.496367
GSA-rs73395362	22	23849683	NC	0.022353	0.013424
rs9612366	22	23850130	NC	0.068626	0.505853
GSA-rs140827489	22	23851629	NC	0.086687	0.000000
rs4822422	22	23852494	NC	-0.020782	0.005836
GSA-rs118029159	22	23852526	NC	-0.039594	0.986589
rs4629265	22	23854226	NC	0.103036	0.534201
rs738781	22	23854282	NC	0.064555	0.006851
GSA-rs117477639	22	23855320	NC	0.007085	0.002061
GSA-rs113173094	22	23856954	NC	0.036457	0.017033
rs9620283	22	23858666	NC	0.064400	0.017476
GSA-rs4822423	22	23867924	NC	-0.080806	0.970834
rs5759882	22	23872787	NC	0.000833	0.981300
GSA-rs112790080	22	23874713	NC	-0.023846	0.983172
GSA-rs111264312	22	23875592	NC	0.014655	0.514453
GSA-rs79839343	22	23875963	NC	0.024721	1.000000
GSA-rs139505206	22	23886337	NC	-0.083228	0.477738
GSA-rs371914942	22	23889980	NC	0.045418	0.989776
rs179304	22	23894242	NC	0.040428	0.479237
GSA-rs74336902	22	23898047	NC	0.071680	1.000000
rs9620289	22	23899964	NC	-0.010867	0.992691
GSA-rs73878950	22	23912806	NC	0.002257	0.000000
GSA-rs115415403	22	23912877	NC	0.029241	1.000000
GSA-rs149967788	22	23913717	NC	0.026858	0.498305
GSA-rs117166029	22	23916424	NC	0.037811	0.525852
GSA-rs12167599	22	23920102	NC	0.018271	0.994896
GSA-rs116760479	22	23922281	NC	-0.014839	0.499792
rs131422	22	23923425	NC	-0.092074	0.000000
rs12627824	22	23925335	NC	0.037126	0.478375
rs131428	22	23925431	NC	-0.035552	0.012216
GSA-rs118124522	22	23925566	NC	0.097370	0.495260
rs131429	22	23925779	NC	0.071178	0.517604
rs66623543	22	23925837	NC	-0.064126	0.493329
rs11090262	22	23930279	NC	0.029974	0.005519
GSA-rs74337053	22	23934280	NC	-0.060284	0.002648
rs3747125	22	23937732	NC	0.042756	0.518242
GSA-rs113670883	22	23938120	NC	0.042458	0.496313
rs7288250	22	23938204	NC	0.031022	0.000000
rs60644391	22	23938941	NC	0.094255	0.018178
rs17627842	22	23948561	NC	0.050240	0.000000
rs10427863	22	23949744	NC	0.031204	0.485286
rs5759930	22	23949997	NC	-0.066062	0.967439
rs34140548	22	23951928	NC	0.029804	0.999636
rs9624229	22	23952160	NC	-0.063940	1.000000
GSA-rs17627963	22	23955765	NC	-0.067092	0.995637
GSA-rs55926718	22	23956673	NC	-0.081931	0.485433
rs150057438	22	23959054	NC	-0.024359	0.995447
rs61479247	22	23963154	NC	-0.011082	0.511866
chr22-23968167	22	23968167	NC	-0.046019	0.509385
GSA-rs12167140	22	23971028	NC	-0.024767	0.995555
rs3827318	22	23974200	NC	0.028382	0.995376
GSA-rs117215798	22	23975185	NC	-0.081528	0.510568
rs9306387	22	23979219	NC	-0.109297	0.510260
GSA-rs6003824	22	23993051	NC	0.081445	1.000000
GSA-rs6519460	22	23996463	NC	0.032393	0.003891
GSA-rs1807624	22	24017929	NC	-0.007591	0.003258
GSA-rs2330579	22	24024430	NC	0.141683	0.027002
rs8140340	22	24029646	NC	-0.003770	0.503775
GSA-rs2070446	22	24035970	NC	-0.015931	0.489528
rs140819650	22	24038809	NC	-0.011147	1.000000
rs1007298	22	24038847	NC	-0.105384	0.499798
GSA-rs117585592	22	24039410	NC	-0.089952	0.000000
chr22-24040405	22	24040405	NC	0.013460	1.000000
GSA-rs45570945	22	24040692	NC	-0.019002	0.481363
chr22-24041058	22	24041058	NC	-0.059997	0.005205
GSA-rs11090282	22	24042963	NC	0.054678	0.987484
GSA-rs79084668	22	24047199	NC	0.104717	0.511891
rs6003847	22	24047657	NC	0.061972	0.989539
GSA-rs76433013	22	24048743	NC	0.038965	1.000000
GSA-rs6003849	22	24049993	NC	0.005991	0.000000
GSA-rs117412075	22	24074312	NC	-0.193131	0.010902
GSA-rs76241428	22	24083128	NC	-0.051630	0.503406
GSA-rs41277301	22	24086026	NC	-0.090012	0.516386
rs149048131	22	24086640	NC	-0.029628	0.511543
GSA-rs6003872	22	24094295	NC	0.102068	0.495090
chr22-24095268	22	24095268	NC	-0.067856	0.490539
rs184593742	22	24095337	NC	-0.051765	0.484106
rs2070453	22	24096400	NC	-0.061472	0.998342
rs1076123	22	24096783	NC	0.044318	0.497468
GSA-rs2330621	22	24105274	NC	-0.076397	0.507528
rs2298375	22	24106448	NC	-0.071817	0.000000
rs143257161	22	24106506	NC	-0.093902	0.000000
chr22-24106840	22	24106840	NC	0.008308	0.498547
chr22-24107048	22	24107048	NC	0.018978	0.999764
chr22-24108314	22	24108314	NC	-0.016749	0.000000
rs131444	22	24109550	NC	-0.000385	0.522385
rs111527940	22	24109588	NC	0.011040	0.000000
GSA-rs131445	22	24111044	NC	0.097870	0.477912
rs738789	22	24116586	NC	0.035700	0.974758
rs28363642	22	24120982	NC	-0.059430	0.479531
GSA-rs11704945	22	24121067	NC	-0.047828	0.000000
rs28363645	22	24121288	NC	0.120144	0.500994
rs200191913	22	24121539	NC	0.020989	0.484936
rs199846081	22	24123479	NC	0.018201	0.000000
rs141200301	22	24123521	NC	-0.210870	1.000000
GSA-rs28363665	22	24123727	NC	-0.060219	0.998467
chr22-24124547	22	24124547	NC	-0.023842	0.998394
rs28382575	22	24125689	NC	0.028290	1.000000
rs151200657	22	24125916	NC	0.090709	0.000000
GSA-rs17003784	22	24131009	NC	0.041581	0.487424
GSA-rs2073390	22	24133570	NC	0.040567	0.989336
GSA-rs34396426	22	24137149	NC	0.153084	0.000665
rs738800	22	24158315	NC	0.020331	0.000299
rs2186369	22	24170996	NC	-0.073610	0.502931
GSA-rs9612479	22	24172071	NC	0.018537	0.990629
rs1128127	22	24179132	NC	0.058374	0.000000
rs144605010	22	24179357	NC	-0.068260	0.507602
GSA-rs5760063	22	24179819	NC	0.069453	0.515659
GSA-rs182066878	22	24184398	NC	0.038794	1.000000
rs12159218	22	24184696	NC	0.092381	0.000000
rs762268	22	24187113	NC	-0.202760	0.000000
GSA-rs735750	22	24187123	NC	0.167521	0.506149
rs5760066	22	24187820	NC	0.090757	0.000000
rs738803	22	24192879	NC	0.030361	0.024408
rs5760071	22	24194941	NC	-0.001346	0.524085
rs2330625	22	24207962	NC	0.104913	0.504502
rs2236620	22	24222710	NC	0.037536	0.500329
chr22-24226213	22	24226213	NC	0.088821	0.499236
GSA-rs181437217	22	24226674	NC	0.099002	0.508880
GSA-rs60699980	22	24226890	NC	0.048722	1.000000
rs28475393	22	24233046	NC	-0.019373	1.000000
rs738806	22	24234172	NC	-0.003384	0.000000
rs5751759	22	24234493	NC	0.046696	0.000000
rs35565661	22	24237303	NC	-0.093650	0.509052
rs62239046	22	24239868	NC	0.043950	0.504185
GSA-rs5760093	22	24240340	NC	-0.120758	0.986256
rs1007888	22	24241101	NC	0.084993	0.000000
rs5760096	22	24247310	NC	0.008673	0.504142
rs60114871	22	24256056	NC	0.037690	0.498621
rs4822461	22	24268120	NC	0.027780	0.509853
rs5760124	22	24272122	NC	-0.013300	0.511176
rs9620341	22	24312589	NC	-0.127789	0.504313
rs149353985	22	24313483	NC	0.008576	0.494448
GSA-rs117446468	22	24402531	NC	-0.002727	1.000000
rs738809	22	24405492	NC	-0.009809	1.000000
GSA-rs190649764	22	24409792	NC	-0.098316	0.008296
GSA-rs140517486	22	24410374	NC	-0.030595	0.017581
rs5760180	22	24414829	NC	-0.058585	0.491959
GSA-rs117139356	22	24424831	NC	0.098857	1.000000
GSA-rs17640037	22	24427490	NC	0.116104	0.503459
GSA-rs4822470	22	24428001	NC	0.035971	0.504535
rs201341706	22	24434850	NC	0.052051	1.000000
rs5760189	22	24442459	NC	-0.002388	1.000000
GSA-rs17640355	22	24445320	NC	0.019665	0.993228
GSA-rs17004823	22	24447303	NC	0.088366	0.012844
rs192766862	22	24447436	NC	-0.054520	0.000000
rs184430120	22	24451389	NC	-0.076371	0.522394
rs201606398	22	24456455	NC	0.099961	0.503795
rs140878813	22	24456473	NC	-0.051399	0.491561
rs200164122	22	24456518	NC	0.060957	0.481853
GSA-rs182210831	22	24458016	NC	-0.069436	1.000000
GSA-rs13058260	22	24459843	NC	-0.039581	0.988620
GSA-rs9624395	22	24460593	NC	0.008907	0.505097
GSA-rs112234981	22	24462180	NC	0.057974	0.009913
rs3788367	22	24463996	NC	-0.079794	0.507657
rs3827321	22	24464377	NC	-0.010527	0.521168
rs62231971	22	24466964	NC	-0.058671	0.522632
rs113890347	22	24469083	NC	0.023441	1.000000
GSA-rs117829709	22	24469397	NC	0.027588	0.000250
GSA-rs117340640	22	24477037	NC	-0.102133	1.000000
chr22-24483633	22	24483633	NC	-0.037704	1.000000
rs185237636	22	24487546	NC	-0.109688	0.470345
rs117908385	22	24487739	NC	-0.015478	0.013642
rs149239737	22	24509645	NC	-0.075341	0.499010
GSA-rs111736007	22	24509986	NC	0.016627	0.995454
GSA-rs77353424	22	24515881	NC	-0.048343	0.000000
GSA-rs73167538	22	24522144	NC	-0.044586	0.000000
GSA-rs189936288	22	24525666	NC	0.043210	0.000000
rs9612557	22	24535630	NC	-0.042473	1.000000
GSA-rs117001360	22	24539368	NC	0.031330	0.488383
GSA-rs142452636	22	24545912	NC	-0.063409	1.000000
rs145513360	22	24567795	NC	-0.042920	0.505706
GSA-rs75303441	22	24571852	NC	0.042063	1.000000
rs144524781	22	24574054	NC	0.080399	0.510400
chr22-24580210	22	24580210	NC	0.013078	0.514697
rs8141797	22	24582041	NC	0.032437	0.010589
rs143805165	22	24582080	NC	-0.010919	0.000000
rs9608247	22	24587303	NC	0.038050	0.482970
GSA-rs35344394	22	24594349	NC	0.101236	0.488201
rs6004094	22	24608924	NC	0.026177	1.000000
GSA-rs117077425	22	24610854	NC	-0.094393	0.000000
GSA-rs7288201	22	24621293	NC	0.054355	0.993403
GSA-rs140980900	22	24621541	NC	0.140161	0.508158
rs149456868	22	24622188	NC	-0.053016	0.000000
rs2275984	22	24622648	NC	-0.051351	0.000000
GSA-rs117249571	22	24628908	NC	-0.077169	0.511115
GSA-rs116976546	22	24629912	NC	0.123627	0.490467
rs2267073	22	24639069	NC	-0.036920	0.000000
GSA-rs204711	22	24643540	NC	0.061090	0.487005
GSA-rs181246888	22	24667478	NC	0.045927	0.488945
GSA-rs57636940	22	24679907	NC	0.066478	0.999402
GSA-rs74444893	22	24682696	NC	0.026516	0.011497
GSA-rs146982683	22	24704732	NC	-0.050865	0.501074
rs35783914	22	24709420	NC	0.114789	0.985174
rs5751846	22	24715049	NC	-0.008492	1.000000
rs140178777	22	24717258	NC	0.014920	0.001457
rs148203655	22	24717411	NC	-0.014196	0.486766
rs56168869	22	24717510	NC	0.031736	0.002334
rs142144652	22	24717517	NC	0.029031	1.000000
rs55723436	22	24718408	NC	-0.003270	0.989985
rs201275356	22	24718681	NC	0.005837	0.511701
GSA-rs71318977	22	24723444	NC	0.001348	0.000000
rs201618130	22	24726329	NC	-0.013004	0.506509
rs2298380	22	24726718	NC	-0.019107	0.519092
GSA-rs78254370	22	24729210	NC	-0.051542	0.000000
GSA-rs7293001	22	24742493	NC	-0.048985	0.000000
GSA-rs62233136	22	24744702	NC	0.057910	0.517888
GSA-rs62233138	22	24745877	NC	0.011362	0.510976
GSA-rs188902098	22	24748394	NC	-0.137256	0.497625
GSA-rs5760364	22	24755025	NC	-0.069221	0.508079
GSA-rs79694428	22	24764081	NC	0.011691	1.000000
GSA-rs28659842	22	24776451	NC	0.013869	0.999294
GSA-rs117071777	22	24797178	NC	-0.044316	0.000000
GSA-rs34531254	22	24798294	NC	-0.165987	0.002688
GSA-rs76082184	22	24801367	NC	-0.036207	0.493417
rs5760405	22	24813841	NC	-0.102851	0.007446
rs5760410	22	24815406	NC	0.062817	0.506424
rs3761422	22	24826672	NC	0.052778	0.511068
rs5996696	22	24827622	NC	0.044203	0.006325
rs71651683	22	24828853	NC	-0.055134	0.000000
rs2267076	22	24830595	NC	-0.066474	0.517320
rs2236624	22	24836024	NC	-0.037084	0.523801
rs5751876	22	24837301	NC	-0.089701	0.016781
GSA-rs17651189	22	24844883	NC	0.030574	0.000000
GSA-rs186518929	22	24863017	NC	0.030179	0.994193
GSA-rs143454032	22	24876628	NC	-0.034573	0.989167
rs4822502	22	24881781	NC	0.083813	0.495216
GSA-rs1543757	22	24882925	NC	-0.119126	0.002087
GSA-rs62231885	22	24888192	NC	-0.043001	1.000000
rs200145797	22	24891462	NC	-0.023329	0.978611
rs3788372	22	24894856	NC	-0.022232	1.000000
GSA-rs5760457	22	24895416	NC	0.002756	0.492156
GSA-rs73169837	22	24895723	NC	0.010561	0.982426
chr22-24896073	22	24896073	NC	-0.039305	0.983973
GSA-rs117578416	22	24897241	NC	-0.048813	0.504007
rs138872001	22	24898175	NC	-0.033386	0.511594
rs2232866	22	24898310	NC	0.017218	0.999310
rs79110614	22	24898353	NC	-0.027465	1.000000
GSA-rs8142051	22	24901186	NC	0.029567	0.999312
GSA-rs117038722	22	24904003	NC	0.060575	0.481020
rs140330	22	24908352	NC	-0.025909	0.517329
GSA-rs117529934	22	24914297	NC	-0.002398	0.505279
rs143493067	22	24919586	NC	-0.017962	0.009360
GSA-rs118163237	22	24919647	NC	-0.022244	0.000000
GSA-rs114662807	22	24924177	NC	0.054115	1.000000
rs6004179	22	24933069	NC	-0.026354	0.000000
GSA-rs9704	22	24936970	NC	-0.036130	0.990845
rs141689012	22	24944943	NC	-0.030500	0.998142
GSA-rs73152516	22	24955484	NC	0.100617	0.487947
GSA-rs713666	22	24955609	NC	0.131972	0.000000
GSA-rs146711207	22	24955863	NC	-0.048711	0.490440
GSA-rs117279121	22	24971692	NC	0.044047	0.494926
chr22-24984261	22	24984261	NC	-0.059544	0.000000
rs4820599	22	24990213	NC	-0.036791	0.489016
rs2070477	22	24990916	NC	-0.013162	0.490285
rs5751901	22	24992266	NC	-0.129772	0.000000
rs5751902	22	24996630	NC	-0.001207	0.000017
GSA-rs186765281	22	25010855	NC	-0.027931	1.000000
GSA-rs9624542	22	25069276	NC	-0.079635	0.001547
rs5760575	22	25079925	NC	-0.007762	0.533743
rs5751940	22	25086734	NC	-0.021040	0.000000
rs5760584	22	25089751	NC	-0.008780	1.000000
rs743377	22	25097248	NC	-0.037184	0.000000
rs9612740	22	25099115	NC	0.064916	1.000000
GSA-rs5996749	22	25100466	NC	0.005069	0.000000
GSA-rs9608323	22	25102033	NC	-0.042489	0.010061
rs5760596	22	25103024	NC	0.013356	1.000000
rs2007382	22	25109027	NC	0.027884	0.000000
rs115525	22	25112325	NC	-0.011942	0.544045
rs131476	22	25117920	NC	0.050904	0.484017
GSA-rs73152579	22	25124143	NC	-0.028918	1.000000
rs148034582	22	25124155	NC	-0.049179	0.488243
GSA-rs118105649	22	25128338	NC	-0.048465	0.000000
rs6004252	22	25129826	NC	0.020523	0.502375
rs5760613	22	25130948	NC	0.100747	0.998727
rs8139987	22	25131425	NC	-0.087202	0.991226
GSA-rs74510932	22	25135200	NC	-0.049319	0.500807
chr22-25145369	22	25145369	NC	0.083100	0.496046
rs75611858	22	25152511	NC	-0.027352	0.507373
GSA-rs79429059	22	25153457	NC	0.036311	0.000000
GSA-rs56032751	22	25158445	NC	0.008730	0.004451
rs1001445	22	25168397	NC	-0.003540	0.502562
rs117841213	22	25168878	NC	-0.092987	0.000000
rs5751997	22	25187544	NC	-0.021337	0.491524
GSA-rs139606	22	25189055	NC	-0.000307	0.014420
GSA-rs117357447	22	25194795	NC	0.101560	0.000000
GSA-rs41281559	22	25200426	NC	-0.059556	0.498630
rs139622	22	25205100	NC	-0.110540	0.010819
GSA-rs117091576	22	25206344	NC	-0.057292	1.000000
rs7287595	22	25208398	NC	0.008356	0.000000
rs12170037	22	25209481	NC	0.031896	0.512343
rs5996763	22	25209724	NC	-0.055007	0.000000
rs1883993	22	25211229	NC	0.018784	1.000000
rs5760680	22	25211793	NC	0.126103	1.000000
GSA-rs73155726	22	25214733	NC	-0.041086	0.995541
rs9612777	22	25217740	NC	0.075564	0.999972
GSA-rs9608342	22	25220446	NC	-0.065054	0.481758
rs4820615	22	25223662	NC	0.019695	1.000000
GSA-rs7288359	22	25225580	NC	-0.095936	0.990258
rs139633	22	25225879	NC	0.006105	0.516842
GSA-rs116886049	22	25227705	NC	0.026602	0.528734
rs139646	22	25232862	NC	0.088413	0.514015
rs139662	22	25242592	NC	0.051573	0.488508
rs9620446	22	25245838	NC	-0.069225	0.489919
rs41516144	22	25256011	NC	-0.033490	0.506193
rs4572701	22	25260984	NC	-0.072227	0.515151
rs56022312	22	25263048	NC	0.037204	1.000000
rs9917557	22	25269424	NC	-0.108276	0.008935
rs6004338	22	25269518	NC	0.011076	0.999484
GSA-rs6004341	22	25274327	NC	0.011659	0.987063
GSA-rs16979152	22	25280841	NC	-0.057373	0.509053
rs16979179	22	25282711	NC	0.006047	1.000000
GSA-rs8142617	22	25283063	NC	-0.160072	0.013536
rs4541332	22	25283602	NC	0.016633	0.505829
rs139724	22	25284829	NC	-0.138035	0.494947
rs139729	22	25286983	NC	0.012285	1.000000
GSA-rs9612804	22	25287528	NC	0.019805	0.000000
GSA-rs116892768	22	25287815	NC	-0.048200	0.497364
rs75850566	22	25288102	NC	-0.093850	0.507604
rs2877253	22	25290487	NC	-0.106543	1.000000
GSA-rs73157918	22	25290643	NC	0.036790	0.478704
GSA-rs2073201	22	25294369	NC	0.149098	0.017655
GSA-rs2073202	22	25294376	NC	-0.015723	0.006767
rs139735	22	25297338	NC	0.029914	0.001457
rs139736	22	25297404	NC	0.014806	0.993009
GSA-rs139740	22	25298169	NC	-0.080294	0.986293
rs11914055	22	25303941	NC	-0.095471	0.491696
rs73157931	22	25307611	NC	0.046836	0.000000
rs139763	22	25308272	NC	-0.010922	0.499360
GSA-rs60529841	22	25308991	NC	0.124433	0.008168
rs1997886	22	25314193	NC	-0.177048	0.522273
rs5760738	22	25320371	NC	-0.072865	0.514298
GSA-rs118007271	22	25330911	NC	-0.013180	0.495446
GSA-rs41281561	22	25347070	NC	0.013823	0.981768
rs715554	22	25351379	NC	0.057770	0.483734
rs9620475	22	25376200	NC	0.103210	0.507587
rs11090362	22	25381045	NC	0.029549	0.509664
GSA-rs137890971	22	25386266	NC	0.086428	0.001607
GSA-rs113973584	22	25390088	NC	0.050223	0.487427
GSA-rs77079889	22	25390274	NC	-0.049051	0.493261
rs5752038	22	25390704	NC	0.004123	0.509161
rs7287818	22	25393014	NC	-0.020719	0.983902
rs5752040	22	25397740	NC	0.026574	0.002042
GSA-rs80040835	22	25401483	NC	0.044707	1.000000
rs114434007	22	25414834	NC	0.142342	0.986723
rs116376862	22	25415632	NC	0.018424	0.483758
rs114525981	22	25415890	NC	0.025230	0.502901
rs115184250	22	25416023	NC	-0.047940	0.981610
rs116692185	22	25416292	NC	0.105780	1.000000
rs115437381	22	25419524	NC	0.124118	0.000000
rs114205557	22	25420696	NC	0.014103	0.488862
rs116342806	22	25426113	NC	0.032320	0.000000
rs114644317	22	25426950	NC	-0.058914	1.000000
rs192071285	22	25449764	NC	0.062556	0.034042
rs2006738	22	25454424	NC	-0.020140	0.000000
rs2179237	22	25455087	NC	-0.033062	0.000532
rs5760818	22	25458813	NC	-0.029963	1.000000
rs8135118	22	25467632	NC	0.000574	0.480114
rs9612851	22	25468406	NC	-0.024007	0.994987
GSA-rs726133	22	25473134	NC	0.021794	0.000000
GSA-rs116914395	22	25474752	NC	-0.008317	0.016100
rs5760837	22	25481086	NC	-0.029832	0.506632
GSA-rs77161003	22	25481989	NC	0.022190	0.499982
GSA-rs117875166	22	25488051	NC	-0.100119	0.996193
rs1076047	22	25495049	NC	-0.032182	0.485630
GSA-rs77363603	22	25504247	NC	-0.024462	0.017204
rs7284432	22	25504760	NC	-0.064929	0.488210
GSA-rs9608369	22	25508375	NC	-0.056311	0.004859
rs2294371	22	25509030	NC	0.031950	0.992137
GSA-rs5760863	22	25510459	NC	-0.032079	0.505794
rs7289890	22	25510694	NC	-0.037590	0.486887
GSA-rs116988242	22	25530376	NC	0.010148	0.483659
GSA-rs742164	22	25530408	NC	-0.004333	0.000000
rs5760868	22	25530896	NC	-0.014363	0.491805
GSA-rs117502424	22	25541388	NC	0.005111	1.000000
GSA-rs9624734	22	25548986	NC	0.069368	0.508744
GSA-rs190729144	22	25551002	NC	0.007949	0.490073
GSA-rs55941025	22	25554936	NC	-0.141356	1.000000
rs5760890	22	25569939	NC	0.090670	0.516829
GSA-rs73162213	22	25571815	NC	0.065753	0.994684
rs5752075	22	25572748	NC	-0.014404	1.000000
GSA-rs117517166	22	25577862	NC	-0.000417	0.491032
rs41281563	22	25595556	NC	0.045107	0.497823
GSA-rs60507348	22	25596227	NC	0.065820	0.000000
GSA-rs116080510	22	25596638	NC	-0.046369	0.994220
chr22-25597439	22	25597439	NC	-0.046298	0.000000
rs200457939	22	25599770	NC	-0.108799	1.000000
GSA-rs17670506	22	25599849	NC	0.133427	0.000000
GSA-rs117311393	22	25601114	NC	-0.104750	0.479114
chr22-25601330	22	25601330	NC	-0.134067	0.997269
rs4455261	22	25603018	NC	-0.069480	1.000000
rs5760904	22	25603553	NC	-0.005822	0.000000
rs4820621	22	25608548	NC	-0.065397	0.007629
rs969623	22	25616213	NC	-0.067310	0.504114
GSA-rs117813616	22	25616584	NC	0.004287	0.487941
GSA-rs111755447	22	25618615	NC	-0.036158	0.485107
rs9608379	22	25620142	NC	0.043828	0.504024
GSA-rs9608380	22	25622442	NC	-0.034740	0.498405
GSA-rs16986560	22	25623839	NC	-0.103699	0.482739
rs5760923	22	25624049	NC	0.068663	0.514190
rs5760930	22	25628386	NC	0.069508	0.497915
rs5752088	22	25629682	NC	-0.076962	0.000000
rs4822584	22	25632493	NC	-0.068947	0.003423
rs4988744	22	25640962	NC	0.010537	0.519289
rs9612907	22	25642206	NC	-0.038423	0.475569
seq-rs9941952	22	25646493	NC	-0.028533	0.007169
GSA-rs151164693	22	25647528	NC	0.013547	0.000000
GSA-rs117189502	22	25648715	NC	-0.043730	0.000000
GSA-rs117820111	22	25650333	NC	-0.038293	0.000000
rs5760942	22	25650406	NC	0.056588	0.993107
rs4822597	22	25658525	NC	0.136160	0.503124
GSA-rs57911975	22	25662513	NC	-0.095488	1.000000
GSA-rs79098520	22	25669106	NC	0.072047	0.958213
GSA-22:25680106	22	25680106	NC	0.010144	0.989860
GSA-rs77216574	22	25688138	NC	-0.128858	0.990368
GSA-rs4083400	22	25700895	NC	-0.189028	0.494491
GSA-rs118161393	22	25713343	NC	-0.091491	0.497324
GSA-rs117086965	22	25714539	NC	0.042378	0.492252
GSA-rs111620891	22	25716759	NC	-0.000717	0.497283
GSA-rs6004579	22	25723537	NC	0.043163	0.497481
GSA-rs6004588	22	25731679	NC	0.100343	0.992472
rs2294373	22	25753387	NC	0.001715	0.497895
GSA-rs17616994	22	25755878	NC	-0.056221	1.000000
rs58905020	22	25755885	NC	-0.025226	0.984125
chr22-25755924	22	25755924	NC	-0.075828	0.506515
chr22-25755984	22	25755984	NC	-0.066753	0.016360
GSA-rs79854676	22	25761309	NC	-0.054545	0.497987
GSA-rs118136332	22	25762338	NC	0.023077	0.506747
GSA-rs78345670	22	25768387	NC	-0.164890	0.498440
GSA-rs112545545	22	25770201	NC	-0.125636	0.497301
GSA-rs369562860	22	25773378	NC	-0.027850	0.501165
GSA-rs116869380	22	25779198	NC	-0.008363	0.000000
GSA-rs35022386	22	25785191	NC	-0.030826	0.477794
GSA-rs4315631	22	25791019	NC	-0.061165	0.000000
GSA-rs77961563	22	25809940	NC	-0.164159	1.000000
rs1123139	22	25815491	NC	0.126188	0.497878
GSA-rs9624822	22	25818327	NC	0.054172	0.503005
GSA-rs118133467	22	25824572	NC	-0.099157	0.009324
GSA-rs17680597	22	25842934	NC	-0.102693	0.010354
GSA-rs73166941	22	25844874	NC	0.090558	0.995548
GSA-rs76280871	22	25846283	NC	0.044234	0.506533
GSA-rs75170820	22	25849697	NC	0.025407	0.011706
GSA-rs35241381	22	25871709	NC	0.009064	0.016068
GSA-rs73410917	22	25872690	NC	0.205695	0.000000
rs5996945	22	25875573	NC	-0.067167	0.495868
GSA-rs9612975	22	25875813	NC	-0.110190	0.504189
GSA-rs613392	22	25880883	NC	0.104855	0.506692
GSA-rs117605166	22	25882628	NC	-0.043135	0.000000
GSA-rs73166947	22	25885084	NC	-0.003091	1.000000
GSA-rs1930966	22	25885704	NC	0.084732	0.013988
rs7292626	22	25887513	NC	0.084520	0.994517
GSA-rs11090398	22	25889157	NC	0.040687	0.515013
rs74433423	22	25892660	NC	-0.047923	0.000000
rs681478	22	25896979	NC	0.100627	0.500856
GSA-rs117484607	22	25903901	NC	-0.157259	0.506224
GSA-rs17692668	22	25911465	NC	0.007400	0.492094
rs5752173	22	25924444	NC	0.070265	0.513682
GSA-rs35224782	22	25929538	NC	-0.149755	0.501122
rs1467387	22	25931372	NC	0.053296	0.487163
rs9612986	22	25931437	NC	0.007739	0.513703
GSA-rs542162	22	25938025	NC	0.101863	0.000000
GSA-rs5761102	22	25938944	NC	-0.084290	0.976195
rs80041057	22	25939254	NC	-0.101687	0.506192
rs5752175	22	25940411	NC	0.027316	0.989166
GSA-rs2331111	22	25942595	NC	-0.006200	0.000000
rs5752177	22	25945704	NC	0.081868	0.500253
GSA-rs74863143	22	25946301	NC	0.146646	0.022630
GSA-rs73166990	22	25950921	NC	-0.103960	0.494329
GSA-rs5752182	22	25951739	NC	0.113145	0.504493
GSA-rs41257974	22	25953350	NC	-0.100384	0.989914
rs74935100	22	25955459	NC	-0.137995	0.502864
rs113646180	22	25955765	NC	-0.086907	0.493534
rs5761122	22	25959309	NC	0.048003	0.018647
GSA-rs41262444	22	25959702	NC	-0.058229	0.984112
rs7285640	22	25964737	NC	0.011167	0.498169
GSA-rs16980490	22	25969455	NC	0.043136	0.487700
GSA-rs41261944	22	25973678	NC	0.062930	0.509697
GSA-rs111778243	22	25978279	NC	0.061438	0.489907
GSA-rs74805376	22	25978464	NC	0.072320	0.994361
rs73166997	22	25985070	NC	0.138835	0.985935
rs111268308	22	25988497	NC	0.084035	0.513610
GSA-rs7286623	22	25993171	NC	0.076411	0.014011
rs2179243	22	25995783	NC	-0.033139	1.000000
GSA-rs117375099	22	26011073	NC	-0.027689	0.000000
GSA-rs9612998	22	26022728	NC	-0.247592	0.495332
GSA-rs78807374	22	26031613	NC	-0.056647	0.000000
GSA-rs146681989	22	26039263	NC	-0.127695	1.000000
GSA-rs8142086	22	26046513	NC	-0.159305	0.512282
GSA-rs80183404	22	26058852	NC	-0.018566	0.015684
GSA-rs146563811	22	26061048	NC	0.114211	0.006114
rs6004737	22	26065034	NC	0.051583	0.000000
GSA-rs5752196	22	26071558	NC	-0.005312	0.495737
rs3817819	22	26075188	NC	-0.103590	0.985019
rs3730314	22	26086323	NC	0.050330	0.000000
GSA-rs3730114	22	26091306	NC	0.112243	0.505088
GSA-rs3730315	22	26100037	NC	0.023524	0.518803
GSA-rs28763891	22	26110305	NC	-0.072462	0.510309
GSA-rs77839692	22	26115228	NC	-0.031631	1.000000
GSA-rs78294019	22	26117001	NC	-0.038009	0.000827
GSA-rs41281565	22	26119378	NC	-0.036660	0.501507
GSA-rs41277329	22	26122513	NC	-0.007911	1.000000
rs10212011	22	26132612	NC	-0.069709	0.516218
GSA-rs9608418	22	26133455	NC	-0.046586	0.498749
GSA-rs79846137	22	26134776	NC	-0.006597	1.000000
rs133860	22	26144760	NC	0.021922	0.509711
rs11090409	22	26146429	NC	-0.017400	0.000000
rs61734946	22	26157068	NC	0.029670	0.496485
rs139296373	22	26157081	NC	-0.105669	0.472363
rs6004758	22	26157299	NC	-0.076078	0.505222
GSA-rs8138918	22	26158448	NC	-0.047743	0.000000
rs133885	22	26159289	NC	0.014583	0.502967
GSA-rs4820654	22	26162902	NC	0.013827	0.000000
rs133902	22	26164079	NC	0.036648	0.000000
rs192379299	22	26164290	NC	-0.048328	0.513989
rs2748221	22	26165514	NC	-0.121901	1.000000
rs9608422	22	26167705	NC	-0.025536	0.467335
rs78365988	22	26169203	NC	0.074617	0.979073
GSA-rs147614587	22	26169910	NC	-0.132128	0.992378
rs9624894	22	26170627	NC	0.032748	0.491002
rs5761170	22	26173661	NC	-0.036405	0.997778
rs9624898	22	26175283	NC	0.035504	0.498370
chr22-26176068	22	26176068	NC	-0.006719	0.484185
GSA-rs8142661	22	26179312	NC	-0.070770	0.999817
GSA-rs78253204	22	26179340	NC	-0.126885	0.501442
rs13058364	22	26180032	NC	0.029491	0.997584
rs112900389	22	26181397	NC	0.103182	0.000000
rs12628523	22	26184205	NC	-0.051765	0.491110
rs5996973	22	26185235	NC	-0.122044	1.000000
rs17624941	22	26185291	NC	-0.107423	0.988197
GSA-rs117162364	22	26185771	NC	0.005434	0.490154
rs910521	22	26197929	NC	-0.116977	1.000000
GSA-rs79758417	22	26199527	NC	-0.042817	1.000000
GSA-rs5752216	22	26202924	NC	0.018414	0.001496
GSA-rs5761250	22	26209553	NC	0.067551	0.000000
GSA-rs117058083	22	26210585	NC	0.027360	0.003801
rs6004774	22	26216160	NC	0.014272	0.510336
GSA-rs16980808	22	26216282	NC	0.061516	0.513345
22:26218557	22	26218557	NC	0.102617	0.483201
rs9624909	22	26222454	NC	0.079447	0.508053
rs41281575	22	26224704	NC	-0.055454	0.491331
GSA-rs5996984	22	26225298	NC	-0.048351	1.000000
rs7286591	22	26225384	NC	-0.171614	1.000000
GSA-rs77822208	22	26226133	NC	0.030335	1.000000
GSA-rs12166250	22	26226815	NC	0.058402	0.000000
rs73879558	22	26227109	NC	0.005565	0.488840
rs6004789	22	26229142	NC	0.029759	0.514898
GSA-rs3887776	22	26230640	NC	0.008321	0.993885
GSA-rs117854317	22	26232096	NC	-0.085024	0.490118
GSA-rs41281577	22	26239698	NC	0.056585	0.491419
rs144564568	22	26239784	NC	0.055081	0.498990
rs5761271	22	26239950	NC	0.020629	0.512172
GSA-rs141637414	22	26244940	NC	-0.028963	0.493393
rs5996988	22	26247456	NC	-0.112666	0.990731
rs9624920	22	26250235	NC	-0.026185	0.493970
rs695427	22	26254248	NC	0.008033	0.490305
rs5996993	22	26265711	NC	0.094569	0.490407
rs2301492	22	26266939	NC	0.013775	0.507140
GSA-rs111369675	22	26268476	NC	0.129000	0.000000
rs35578357	22	26272244	NC	0.132164	0.993902
GSA-rs17633130	22	26273049	NC	0.106630	1.000000
rs1158340	22	26274949	NC	0.016758	0.991584
GSA-rs739281	22	26277148	NC	-0.043385	0.010380
rs695430	22	26278427	NC	-0.099232	0.508898
rs4822669	22	26280942	NC	0.082005	0.510180
rs739282	22	26283020	NC	-0.123139	0.982979
rs35761934	22	26287482	NC	-0.067824	0.508024
rs9968038	22	26290723	NC	-0.056516	0.000000
GSA-rs55959401	22	26293158	NC	-0.113043	0.005536
rs77999892	22	26297142	NC	0.134268	0.494821
GSA-rs5761308	22	26304988	NC	0.000937	0.035108
GSA-rs34427191	22	26309130	NC	0.067828	0.506872
rs5761313	22	26313745	NC	-0.038522	0.497208
rs9613037	22	26316491	NC	-0.019494	0.492650
rs183362649	22	26317261	NC	0.057799	0.977796
GSA-rs117775260	22	26319451	NC	0.020997	0.008395
GSA-rs199762739	22	26324320	NC	0.043943	1.000000
GSA-rs35141530	22	26326222	NC	-0.044240	0.000000
rs2269638	22	26329516	NC	0.035881	0.000369
rs1013815	22	26330370	NC	-0.048869	0.989893
rs2331195	22	26335966	NC	-0.066110	0.499258
rs6004851	22	26346108	NC	-0.047045	0.994630
rs139536173	22	26351314	NC	0.051692	0.500377
rs1894677	22	26361327	NC	0.020630	0.017079
rs9306419	22	26369358	NC	-0.028314	1.000000
GSA-rs7287110	22	26376541	NC	-0.031834	0.524556
rs9620576	22	26378715	NC	-0.002666	0.996194
rs61174692	22	26378722	NC	-0.084520	0.491971
rs6004864	22	26379837	NC	0.027125	0.000000
GSA-rs76569725	22	26383294	NC	0.109887	0.505328
GSA-rs73154155	22	26385093	NC	0.036513	0.015912
rs7292853	22	26387064	NC	0.073641	0.495708
rs147898739	22	26388398	NC	-0.065962	1.000000
rs8139900	22	26394724	NC	0.002332	0.014783
GSA-rs116989446	22	26395407	NC	0.044698	0.495922
GSA-rs79359390	22	26403975	NC	-0.056983	0.495390
rs12485167	22	26407134	NC	0.020380	0.000000
rs7288885	22	26408660	NC	0.022383	0.000000
rs5752254	22	26415475	NC	0.018026	0.517385
rs4822682	22	26418568	NC	-0.067278	0.981476
rs114927091	22	26422536	NC	0.002055	0.506965
rs149103381	22	26423285	NC	0.080755	0.491639
rs117042106	22	26423579	NC	0.029412	0.507200
GSA-rs73154188	22	26425690	NC	-0.069156	1.000000
rs5752257	22	26427848	NC	0.033007	0.504972
rs8136102	22	26429185	NC	-0.035954	0.991107
GSA-rs148544935	22	26430149	NC	0.047727	0.486908
GSA-rs17361758	22	26430221	NC	0.038842	0.992509
rs75620797	22	26440366	NC	0.047703	1.000000
GSA-rs76496928	22	26440520	NC	-0.023623	0.989947
rs9624968	22	26453030	NC	-0.027797	0.481806
rs2207531	22	26466235	NC	0.036308	0.000000
GSA-rs62224195	22	26467325	NC	0.070645	1.000000
GSA-rs16981327	22	26471046	NC	-0.097271	0.987661
rs4499534	22	26472006	NC	-0.005082	0.000000
GSA-rs191709607	22	26473643	NC	0.014855	1.000000
GSA-rs16981352	22	26476063	NC	-0.009119	0.506048
GSA-rs134693	22	26479951	NC	0.049300	0.484333
rs11090428	22	26485668	NC	0.000757	1.000000
rs11705662	22	26487205	NC	0.016708	0.510311
GSA-rs73883982	22	26496258	NC	0.054192	0.482084
rs134703	22	26500417	NC	0.126917	0.001531
rs9608458	22	26500958	NC	0.059195	0.523491
GSA-rs62224199	22	26501161	NC	-0.054818	0.516811
GSA-rs6519640	22	26504839	NC	-0.036101	0.000000
GSA-rs35930634	22	26506851	NC	0.087812	0.489250
rs134738	22	26520808	NC	-0.117590	0.493812
rs134740	22	26521071	NC	-0.072696	0.492250
GSA-rs12160621	22	26536088	NC	-0.082845	1.000000
GSA-rs134748	22	26543287	NC	-0.125922	0.010950
GSA-rs189116857	22	26544820	NC	0.019956	0.000467
GSA-rs5752271	22	26546312	NC	0.007950	0.000000
rs9613115	22	26548342	NC	0.048958	0.000000
GSA-rs117700807	22	26549355	NC	0.096174	0.000000
GSA-rs79619632	22	26555239	NC	0.051327	0.501880
rs134755	22	26565156	NC	0.010365	0.030611
rs9608467	22	26568194	NC	-0.075264	1.000000
GSA-rs5761393	22	26572830	NC	0.018299	0.005947
GSA-rs12053781	22	26581926	NC	0.002057	0.002038
GSA-rs134762	22	26582436	NC	0.022438	0.996750
GSA-rs17372172	22	26583547	NC	0.018351	0.507466
rs5997051	22	26593779	NC	0.018888	0.977421
GSA-rs134769	22	26597805	NC	0.095151	0.017342
rs113368973	22	26602964	NC	0.020213	0.498189
GSA-rs62224246	22	26610335	NC	-0.050743	0.999784
GSA-rs9620595	22	26634750	NC	0.018333	0.003667
GSA-rs74362858	22	26642068	NC	0.029211	0.019211
GSA-rs79518473	22	26642646	NC	-0.126978	0.516480
rs737792	22	26651766	NC	-0.008318	0.000000
rs713738	22	26653212	NC	-0.039948	0.508823
rs11705024	22	26653614	NC	-0.001868	0.020179
GSA-rs35486390	22	26659335	NC	0.030537	0.487943
rs5752300	22	26660760	NC	0.095052	1.000000
rs8141975	22	26664618	NC	0.071708	0.502092
GSA-rs138044027	22	26666748	NC	-0.023316	0.499873
rs137182	22	26668524	NC	0.038533	0.508865
rs137190	22	26675608	NC	0.035628	0.492899
rs7292813	22	26681453	NC	0.010079	0.016888
rs677499	22	26681640	NC	0.013027	1.000000
chr22-26688542	22	26688542	NC	-0.035072	0.000271
rs137203	22	26688831	NC	0.032962	0.001101
rs200380172	22	26690308	NC	-0.040036	0.494371
rs137209	22	26692186	NC	0.006193	0.000000
GSA-rs74276944	22	26695920	NC	-0.091428	0.506579
GSA-rs76400344	22	26697120	NC	0.027572	0.000000
rs1210894	22	26702015	NC	-0.049763	0.482882
rs138692969	22	26702041	NC	-0.111823	0.509872
rs117917851	22	26706697	NC	-0.050125	0.497731
rs142214073	22	26706743	NC	0.054457	0.505271
rs581562	22	26715393	NC	-0.012532	0.487630
rs3788378	22	26715923	NC	-0.000101	0.000000
rs628319	22	26718894	NC	0.111462	0.987169
rs2331244	22	26719009	NC	0.118794	0.000000
GSA-rs12169255	22	26720194	NC	0.029776	0.988410
rs596224	22	26722944	NC	0.010593	0.978467
GSA-rs74436227	22	26729475	NC	0.091844	1.000000
GSA-rs11705436	22	26729946	NC	-0.029833	0.983902
rs9613160	22	26735570	NC	-0.064144	0.020615
rs5761487	22	26738225	NC	0.055111	0.000000
rs76929387	22	26739167	NC	-0.008819	0.507722
rs6005020	22	26748225	NC	0.003586	1.000000
rs582028	22	26748910	NC	-0.034711	0.515450
rs655581	22	26750230	NC	-0.182462	1.000000
GSA-rs74582903	22	26751224	NC	-0.030769	1.000000
rs4822712	22	26759177	NC	0.067111	0.000000
GSA-rs60652443	22	26760736	NC	-0.077316	0.000000
rs5761499	22	26767018	NC	-0.020494	0.497824
rs654245	22	26767267	NC	0.000101	0.000000
GSA-rs66508334	22	26769261	NC	-0.158962	1.000000
rs738400	22	26773254	NC	0.015283	1.000000
rs667577	22	26774580	NC	0.011531	0.020463
GSA-rs16981994	22	26778335	NC	0.027898	0.496064
GSA-rs73160807	22	26784284	NC	0.004702	0.485538
GSA-rs11090440	22	26789595	NC	-0.056089	0.000000
rs2226691	22	26789849	NC	-0.017534	0.000000
rs59337862	22	26792243	NC	-0.139061	0.009447
GSA-rs79637597	22	26792433	NC	0.010281	1.000000
GSA-rs8139330	22	26792602	NC	-0.085548	0.518696
rs5752319	22	26792643	NC	0.015732	0.520729
rs621761	22	26794102	NC	-0.029488	0.000000
GSA-rs8140344	22	26800199	NC	-0.077442	1.000000
rs600878	22	26800975	NC	-0.072218	0.000000
rs6005042	22	26801287	NC	0.031160	0.524187
GSA-rs77204037	22	26808788	NC	0.034566	0.506918
GSA-rs78082758	22	26812132	NC	0.080936	0.487205
GSA-rs74457675	22	26813302	NC	-0.045807	1.000000
GSA-rs13057979	22	26833455	NC	0.053817	0.007250
rs5761524	22	26836008	NC	0.034566	0.493840
rs112893535	22	26840074	NC	-0.093962	0.518803
rs11913750	22	26841390	NC	-0.043098	0.504825
GSA-rs6005051	22	26844866	NC	0.028061	0.000000
GSA-rs117935333	22	26846387	NC	-0.007854	0.000608
GSA-rs76698785	22	26846447	NC	0.145485	0.502913
rs149568178	22	26849285	NC	0.006761	0.010335
GSA-rs1894704	22	26853905	NC	0.134910	0.512044
rs5761540	22	26858108	NC	0.164548	0.472318
rs140234219	22	26859896	NC	-0.038432	0.508007
chr22-26864537	22	26864537	NC	-0.073595	0.001615
chr22-26868797	22	26868797	NC	-0.135961	0.485692
rs9608491	22	26870985	NC	0.005314	0.516135
rs149830675	22	26872985	NC	0.091469	0.506106
rs5752332	22	26874614	NC	0.048778	0.001706
GSA-rs41281585	22	26878283	NC	-0.057905	1.000000
GSA-rs80306655	22	26880174	NC	-0.044527	1.000000
rs34764403	22	26906216	NC	-0.079958	0.995010
rs134145	22	26909750	NC	0.104172	0.995543
GSA-rs73421329	22	26910261	NC	0.105826	0.000370
rs134157	22	26916722	NC	0.014899	1.000000
rs13056218	22	26917626	NC	0.088836	0.984875
rs3088103	22	26920048	NC	0.025792	0.022319
rs4149485	22	26922228	NC	0.077598	0.000049
rs2283817	22	26923155	NC	0.152492	0.996015
rs2283822	22	26924312	NC	0.039292	0.501768
rs5752341	22	26929558	NC	-0.091495	0.492450
rs4822733	22	26930156	NC	-0.032576	0.997811
chr22-26932231	22	26932231	NC	-0.034896	0.514708
rs117701840	22	26937139	NC	-0.041171	1.000000
GSA-rs77223678	22	26939365	NC	-0.035112	0.997777
rs75453083	22	26941385	NC	-0.029075	0.015999
rs7288210	22	26942127	NC	0.021377	0.000000
rs75587512	22	26954578	NC	0.044789	0.004235
rs9613208	22	26955896	NC	-0.037416	0.014442
GSA-rs58767350	22	26956562	NC	0.059360	0.495200
GSA-rs2283832	22	26959859	NC	0.115625	0.490093
GSA-rs117981463	22	26961570	NC	-0.015926	0.509303
rs13055271	22	26962033	NC	-0.027091	0.478793
rs4822740	22	26963254	NC	0.027873	0.988869
rs763088	22	26963438	NC	0.056017	0.002103
rs73163219	22	26973261	NC	-0.012353	0.509097
rs8140872	22	26977835	NC	0.074897	1.000000
rs4822743	22	26981039	NC	0.089050	1.000000
rs73163238	22	26982787	NC	-0.050733	0.513095
GSA-rs5752351	22	26990807	NC	0.008743	0.494527
rs78165948	22	27002555	NC	0.074597	0.501209
rs147206089	22	27003957	NC	-0.068119	0.505238
rs4822753	22	27011460	NC	0.107137	0.506370
rs142090709	22	27019197	NC	0.063857	0.994740
GSA-rs35520672	22	27019264	NC	0.021956	0.004235
rs2071862	22	27021401	NC	0.001770	1.000000
rs182284999	22	27024395	NC	0.036795	1.000000
rs756505	22	27030951	NC	0.092173	0.493527
rs6005101	22	27033321	NC	-0.041637	1.000000
rs5997110	22	27036505	NC	-0.041829	0.512656
rs5761655	22	27038853	NC	-0.054445	0.995610
rs739310	22	27051299	NC	-0.050929	0.490040
rs16982564	22	27054179	NC	-0.028172	0.487130
rs7284198	22	27054199	NC	-0.032079	0.515846
GSA-rs80337067	22	27056518	NC	-0.030012	0.503618
GSA-rs5761665	22	27057439	NC	0.022394	0.507844
GSA-rs78699720	22	27061285	NC	-0.024402	0.490016
GSA-rs4274	22	27064287	NC	0.145719	0.000000
rs5752378	22	27069835	NC	0.126769	0.491433
rs60204004	22	27075281	NC	-0.176638	0.003551
rs1573765	22	27085224	NC	-0.112733	0.497615
rs73425698	22	27085310	NC	-0.106718	1.000000
GSA-rs74384672	22	27089752	NC	0.034793	0.494074
GSA-rs28613882	22	27095262	NC	0.013654	0.990782
GSA-rs73165442	22	27100562	NC	0.020154	0.000000
GSA-rs117274373	22	27107115	NC	-0.014540	0.507397
rs5752388	22	27109475	NC	-0.112828	0.475855
GSA-rs74357507	22	27117240	NC	-0.127680	0.989047
rs4822782	22	27117672	NC	-0.041493	0.000000
GSA-rs6005148	22	27119905	NC	-0.083804	0.009237
GSA-rs117656360	22	27120699	NC	-0.084811	0.511204
rs6005150	22	27122480	NC	0.050685	0.511998
rs9625080	22	27128276	NC	-0.019892	0.504299
rs28360616	22	27129463	NC	0.027375	0.000000
GSA-rs62650082	22	27132550	NC	-0.126679	0.000000
GSA-rs5761716	22	27133734	NC	0.171831	0.496056
rs200966972	22	27136852	NC	0.032202	1.000000
rs6005154	22	27141605	NC	-0.048446	0.483169
rs1015067	22	27149053	NC	0.048774	1.000000
rs5761730	22	27152775	NC	0.151015	0.480260
rs67292771	22	27153246	NC	0.025767	0.000000
GSA-rs5761732	22	27153785	NC	-0.144087	0.501155
GSA-rs78476966	22	27159657	NC	0.025438	0.015001
rs6005159	22	27159832	NC	-0.066042	0.480035
rs1476034	22	27161035	NC	0.011639	0.976130
rs11703244	22	27161589	NC	-0.014006	0.512598
GSA-rs80151504	22	27163014	NC	-0.020722	0.979927
rs4820706	22	27167348	NC	-0.006380	1.000000
rs5761743	22	27170725	NC	-0.039721	0.000000
GSA-rs73415934	22	27172360	NC	0.043246	1.000000
rs5761748	22	27177355	NC	0.009066	0.494077
GSA-rs74756528	22	27179871	NC	0.087764	0.010303
rs73415948	22	27180156	NC	-0.004737	1.000000
rs5761749	22	27180392	NC	-0.131315	0.496482
GSA-rs79482918	22	27182656	NC	-0.032434	0.001987
GSA-rs117503488	22	27186310	NC	-0.110936	0.486711
GSA-rs9608520	22	27188868	NC	0.133122	0.991035
GSA-rs2285155	22	27189536	NC	-0.059219	0.503839
rs713752	22	27189774	NC	-0.025990	0.000000
rs737774	22	27190734	NC	0.018221	0.978581
rs4822799	22	27191942	NC	0.049330	0.498267
rs72617274	22	27195261	NC	-0.007418	0.485655
GSA-rs62223037	22	27197034	NC	-0.022761	0.987129
rs4822801	22	27198719	NC	0.065588	0.502107
rs9608521	22	27199237	NC	0.128461	0.004689
rs5752420	22	27205534	NC	0.052839	0.506998
rs1476033	22	27206289	NC	0.058607	0.000000
GSA-rs12170701	22	27210131	NC	0.016137	0.505539
rs12157601	22	27211083	NC	-0.066011	0.505596
rs2227187	22	27211572	NC	0.034562	0.507176
rs6005189	22	27213199	NC	-0.051898	0.008806
rs5761771	22	27213968	NC	0.014323	0.987137
rs720914	22	27219881	NC	0.007458	1.000000
rs13054025	22	27222059	NC	-0.031309	0.494047
GSA-rs10483128	22	27222694	NC	0.081465	0.000000
GSA-rs11090455	22	27223656	NC	-0.055683	0.494667
rs5761776	22	27227219	NC	-0.053757	0.998305
rs5761777	22	27227454	NC	0.005413	0.492119
rs6005198	22	27230983	NC	-0.020066	0.482374
GSA-rs75866554	22	27231303	NC	-0.005761	1.000000
rs136504	22	27236439	NC	0.129193	0.977842
GSA-rs716153	22	27240175	NC	-0.101824	0.506595
rs7284543	22	27240456	NC	-0.041274	0.994628
GSA-rs16982905	22	27242407	NC	-0.001192	0.527301
rs136519	22	27243234	NC	-0.090488	1.000000
GSA-rs117129281	22	27244809	NC	0.082941	0.499397
rs136526	22	27245137	NC	-0.061792	1.000000
rs136531	22	27245485	NC	-0.076696	0.985261
GSA-rs118086397	22	27248484	NC	-0.017567	0.505731
GSA-rs73167457	22	27251046	NC	-0.049294	0.516306
GSA-rs10483129	22	27258789	NC	-0.004620	0.000000
GSA-rs117051882	22	27263317	NC	0.004237	0.495385
rs9306428	22	27264282	NC	-0.010380	0.005585
rs5761797	22	27264880	NC	0.054826	1.000000
rs9613280	22	27268535	NC	-0.000190	0.000000
GSA-rs11913436	22	27273064	NC	0.049388	0.500769
rs9608535	22	27274720	NC	0.017001	0.000000
GSA-rs113176204	22	27274880	NC	-0.187684	0.002584
GSA-rs4822810	22	27277683	NC	0.019590	0.003459
rs4242	22	27284022	NC	0.126786	0.485188
rs5752435	22	27287323	NC	0.094590	0.980620
rs5997136	22	27296460	NC	-0.027228	0.487922
GSA-rs13058632	22	27299692	NC	0.050001	0.000478
rs4820717	22	27300463	NC	-0.083143	0.502788
rs1071957	22	27301137	NC	-0.045753	0.506901
GSA-rs117032058	22	27303200	NC	0.067030	0.000000
rs6005232	22	27305180	NC	0.100844	0.499482
rs11704127	22	27305781	NC	0.022178	0.509688
GSA-rs117355313	22	27306502	NC	0.021469	0.999845
GSA-rs76209731	22	27310310	NC	0.011333	0.490719
rs9613297	22	27314016	NC	-0.009614	0.494288
GSA-rs6005236	22	27320093	NC	0.030254	0.508961
rs5997146	22	27325416	NC	0.012608	0.505655
exm2273055	22	27328787	NC	-0.098839	0.000000
rs5752447	22	27331206	NC	0.140097	0.010477
GSA-rs117432314	22	27333147	NC	-0.042846	0.996778
rs2001134	22	27337048	NC	0.105859	0.505007
GSA-rs117744983	22	27338017	NC	0.038368	0.485121
rs739256	22	27339184	NC	-0.029155	0.523521
rs57166078	22	27341095	NC	0.008759	0.501048
GSA-rs16983208	22	27343107	NC	0.065045	0.488249
GSA-rs73410542	22	27343369	NC	-0.079600	0.486338
GSA-rs5761863	22	27348456	NC	-0.157718	0.490786
rs9613305	22	27349849	NC	0.016011	0.503400
rs5752452	22	27350567	NC	0.075239	0.000000
GSA-rs75346095	22	27353319	NC	0.034843	0.997258
GSA-rs5761868	22	27355277	NC	-0.024651	1.000000
rs763136	22	27355348	NC	0.043099	0.489314
GSA-rs5752454	22	27361417	NC	-0.004374	0.497111
rs5761877	22	27361465	NC	0.058662	0.506267
rs5761884	22	27369770	NC	-0.132065	1.000000
rs9613315	22	27372397	NC	0.009353	0.498729
GSA-rs5752459	22	27373934	NC	0.031298	0.018546
rs6005255	22	27376910	NC	0.008006	1.000000
rs7289738	22	27379830	NC	-0.045724	1.000000
GSA-rs2157465	22	27381346	NC	0.012013	0.997131
GSA-rs117576819	22	27383227	NC	-0.087516	0.506159
GSA-rs74531784	22	27384411	NC	0.094276	0.515839
GSA-rs74523482	22	27385471	NC	0.056552	0.000000
GSA-rs117737849	22	27385618	NC	-0.099969	1.000000
rs5761894	22	27388110	NC	0.133643	0.994178
rs743959	22	27389201	NC	-0.019776	1.000000
GSA-rs117442269	22	27394612	NC	-0.038613	0.494757
rs6005260	22	27394843	NC	0.035823	0.980902
rs73882514	22	27395324	NC	0.051963	0.994343
rs8137218	22	27395937	NC	-0.054943	0.003436
GSA-rs117927378	22	27399100	NC	0.122849	0.515297
rs56102329	22	27405928	NC	-0.049361	0.007435
rs2516090	22	27406436	NC	-0.042669	0.986133
rs12159895	22	27406501	NC	-0.054537	0.000000
rs9613340	22	27406912	NC	0.109186	0.496185
GSA-rs134913	22	27413509	NC	0.053420	0.000000
GSA-rs16983396	22	27416197	NC	-0.065577	0.501892
GSA-rs17343778	22	27419239	NC	-0.030509	0.479916
GSA-rs114559	22	27420113	NC	-0.042978	0.990525
rs74536568	22	27424579	NC	-0.101291	0.498454
rs134932	22	27425365	NC	0.022010	0.501242
rs9620654	22	27430724	NC	0.009880	0.987900
rs742002	22	27435086	NC	0.014271	0.980945
rs17428730	22	27435450	NC	-0.051619	0.000000
GSA-rs760526	22	27435577	NC	-0.094170	0.536107
GSA-rs116531902	22	27437755	NC	-0.020731	1.000000
rs1157613	22	27438359	NC	0.110028	0.505419
rs5752472	22	27438543	NC	-0.065753	0.486252
rs973902	22	27440326	NC	0.067273	0.494717
rs3091387	22	27441379	NC	-0.030357	0.501660
rs713706	22	27443484	NC	0.068823	0.498148
GSA-rs35283268	22	27444509	NC	-0.019688	0.006178
GSA-rs60393690	22	27444609	NC	0.067319	0.999781
rs13053916	22	27460810	NC	0.006981	0.998989
rs5752476	22	27461803	NC	-0.055954	1.000000
rs56234606	22	27463700	NC	-0.000829	0.491356
rs5761940	22	27470329	NC	-0.084833	0.492595
rs4822843	22	27471525	NC	0.000442	0.498942
rs16983592	22	27473169	NC	0.009862	0.995657
GSA-rs8140194	22	27481176	NC	-0.006568	0.022015
GSA-rs76976452	22	27481970	NC	-0.078523	0.508450
rs1883117	22	27482638	NC	0.044338	0.519336
rs10854797	22	27485111	NC	0.018812	0.488407
rs760529	22	27485345	NC	-0.080496	1.000000
rs115249322	22	27487640	NC	-0.107588	0.994372
rs4822848	22	27487815	NC	0.109085	1.000000
rs5761954	22	27489102	NC	0.003176	0.504816
rs5761960	22	27491363	NC	-0.002199	0.492378
rs5761962	22	27492463	NC	-0.008014	1.000000
GSA-rs9625138	22	27493601	NC	-0.158889	0.496494
rs73880414	22	27497182	NC	0.031394	0.491846
rs5761974	22	27497704	NC	-0.081744	0.509167
rs5752490	22	27499784	NC	0.024871	0.017936
GSA-rs57544677	22	27499878	NC	-0.010330	0.496154
GSA-rs78952095	22	27501497	NC	0.089564	0.497606
rs8142849	22	27502783	NC	-0.023225	0.988805
GSA-rs7364181	22	27511707	NC	0.052273	0.997191
rs5761993	22	27512383	NC	0.008754	0.499838
rs16983756	22	27520665	NC	-0.080581	0.496699
rs56020504	22	27520769	NC	0.020766	0.501434
rs134944	22	27521114	NC	0.126622	0.997018
GSA-rs7291526	22	27521818	NC	-0.094255	0.492098
rs738152	22	27522430	NC	-0.094959	0.503688
rs1003704	22	27527005	NC	-0.079594	0.000000
rs9613383	22	27532926	NC	0.049540	1.000000
GSA-rs148180098	22	27534117	NC	-0.086341	0.996812
GSA-rs74903581	22	27534520	NC	-0.015225	0.516513
GSA-rs59614553	22	27536125	NC	0.019078	1.000000
GSA-rs134958	22	27536275	NC	0.144753	1.000000
GSA-rs113558614	22	27543843	NC	-0.020749	0.492107
rs6005312	22	27548374	NC	0.046162	0.525728
rs6005315	22	27550639	NC	0.047739	0.503533
rs9625160	22	27552631	NC	0.017024	0.507060
GSA-rs10427939	22	27553126	NC	0.005976	0.993791
rs9620665	22	27557030	NC	-0.001457	1.000000
rs17433244	22	27557349	NC	-0.059066	0.480097
GSA-rs117586828	22	27557779	NC	0.027029	0.007061
rs134967	22	27557929	NC	0.031666	0.987100
rs9625168	22	27559540	NC	0.080210	0.000000
rs77572739	22	27559701	NC	0.051606	0.000000
rs7287230	22	27559902	NC	-0.143451	0.510577
rs738156	22	27561500	NC	0.069365	1.000000
GSA-rs2342398	22	27561952	NC	-0.154643	1.000000
rs77570866	22	27562937	NC	-0.034344	0.000056
rs9625170	22	27563274	NC	-0.071148	0.510746
GSA-rs150479866	22	27563565	NC	0.013427	0.003416
rs9625172	22	27565531	NC	-0.129444	0.000000
GSA-rs760523	22	27565958	NC	0.016155	0.000870
GSA-rs2090615	22	27566382	NC	-0.068490	1.000000
rs117601748	22	27567120	NC	-0.031491	0.993512
GSA-rs17433761	22	27567244	NC	-0.003244	1.000000
rs13056281	22	27571639	NC	0.090687	0.494076
GSA-rs9613392	22	27575927	NC	-0.024320	1.000000
GSA-rs77296339	22	27576391	NC	0.038254	0.998529
GSA-rs147545700	22	27583397	NC	0.096370	0.512663
rs8143105	22	27584291	NC	-0.020691	0.000325
rs2342401	22	27587001	NC	0.067311	0.000000
GSA-rs117920541	22	27588590	NC	0.049806	0.022089
rs5762023	22	27591348	NC	-0.010881	0.986389
GSA-rs117960813	22	27592937	NC	-0.038603	0.509882
GSA-rs77577528	22	27600211	NC	-0.004280	0.519134
rs559474	22	27603908	NC	0.033120	0.007844
rs474758	22	27610995	NC	-0.095786	0.978187
rs75572116	22	27611054	NC	0.037465	0.997767
GSA-rs570412	22	27614526	NC	0.021738	0.489836
GSA-rs113890451	22	27616270	NC	0.036641	0.021584
rs5997198	22	27616993	NC	0.078767	0.997605
GSA-rs715562	22	27617895	NC	-0.021857	0.021099
rs75860721	22	27620995	NC	-0.029186	0.487652
rs75972762	22	27621252	NC	0.067193	0.504283
GSA-rs117789922	22	27626877	NC	-0.023268	0.976631
GSA-rs77445257	22	27627392	NC	-0.049461	0.000000
rs498789	22	27627416	NC	-0.016693	0.502015
rs575783	22	27628728	NC	0.022260	0.000000
GSA-rs116958332	22	27632675	NC	0.122466	0.499672
rs5762042	22	27636606	NC	-0.063338	0.486743
rs9625187	22	27638662	NC	0.044716	0.504890
GSA-rs190240198	22	27641031	NC	0.097877	0.514075
rs566039	22	27642581	NC	0.054131	0.000000
GSA-rs57894223	22	27644589	NC	0.055751	0.984093
rs738488	22	27647504	NC	0.041859	0.000000
GSA-rs134783	22	27651715	NC	-0.044117	0.521149
rs134785	22	27652289	NC	-0.109756	0.483278
rs134788	22	27653252	NC	-0.039530	0.000924
rs73153914	22	27655025	NC	0.018333	0.000000
rs79137	22	27657507	NC	0.021718	0.000000
rs518350	22	27657544	NC	0.006658	0.006905
rs116570450	22	27657550	NC	-0.041852	0.502991
rs5997206	22	27659743	NC	0.098072	0.483017
rs6005350	22	27660348	NC	-0.025058	0.000000
GSA-rs472985	22	27660487	NC	-0.047652	0.000000
rs932299	22	27661009	NC	-0.048284	0.489540
rs5762049	22	27662213	NC	0.026284	0.006064
GSA-rs6005353	22	27662460	NC	-0.045242	0.003226
rs134794	22	27668370	NC	-0.057784	0.501982
GSA-rs73153949	22	27673865	NC	-0.014779	0.000000
rs134810	22	27674832	NC	-0.132398	1.000000
GSA-rs9625197	22	27676577	NC	0.070297	0.976130
GSA-rs713704	22	27680780	NC	0.000348	0.987017
rs13058656	22	27681410	NC	0.064085	0.467952
rs7293113	22	27682627	NC	0.099405	0.998096
rs134815	22	27684158	NC	0.041913	0.512322
GSA-rs78471449	22	27687672	NC	-0.062937	0.007829
rs8136576	22	27689956	NC	-0.059012	0.008655
rs768784	22	27690377	NC	-0.038353	1.000000
GSA-rs117039602	22	27693774	NC	0.030633	0.493363
rs5762059	22	27694867	NC	0.004300	0.515256
rs11705104	22	27696194	NC	0.099497	0.483336
rs9625200	22	27700318	NC	0.006252	0.994372
GSA-rs79136	22	27701317	NC	0.061387	0.000000
rs543981	22	27712996	NC	0.001212	0.485805
rs1607498	22	27715209	NC	0.023755	0.490358
rs980078	22	27715760	NC	-0.000139	0.500500
GSA-rs150050032	22	27719339	NC	-0.105395	0.475990
GSA-rs13056654	22	27719834	NC	-0.046815	0.494032
GSA-rs77824277	22	27726472	NC	-0.036852	0.494592
rs12628937	22	27728405	NC	0.067817	0.512483
rs545614	22	27729548	NC	-0.059973	1.000000
rs490362	22	27731470	NC	0.065887	0.000000
rs9608600	22	27732598	NC	0.040108	0.505511
rs8136465	22	27733540	NC	0.004234	0.024828
GSA-rs1121442	22	27737024	NC	-0.042033	1.000000
GSA-rs849357	22	27742732	NC	-0.056468	0.000000
GSA-rs55727276	22	27746401	NC	0.140925	0.491657
rs569626	22	27747270	NC	-0.146202	0.018559
rs7511351	22	27748742	NC	0.081897	0.493874
GSA-rs117282515	22	27749010	NC	-0.090127	0.507459
rs5997228	22	27754802	NC	-0.011659	0.478672
GSA-rs2142619	22	27756300	NC	-0.084358	1.000000
rs5752526	22	27757114	NC	-0.052865	1.000000
GSA-rs73883143	22	27762454	NC	-0.015082	0.495279
GSA-rs117425765	22	27764258	NC	0.078514	0.000000
rs9613438	22	27766758	NC	-0.011022	0.477714
GSA-rs76161898	22	27777552	NC	0.023400	0.507451
GSA-rs1006433	22	27778268	NC	0.018414	0.488257
rs9620688	22	27779122	NC	0.051025	0.491321
rs6005413	22	27781783	NC	0.004907	0.005852
rs6005414	22	27783185	NC	0.070440	0.000000
GSA-rs738502	22	27784837	NC	0.004849	0.464380
rs136923	22	27785809	NC	0.010522	0.498406
GSA-rs136926	22	27786725	NC	-0.035765	0.507059
GSA-rs117774785	22	27786950	NC	0.014132	0.990264
rs60129675	22	27787622	NC	-0.066632	0.510145
GSA-rs75950407	22	27787906	NC	0.031486	0.506017
GSA-rs78825018	22	27788460	NC	-0.010219	1.000000
GSA-rs5762111	22	27789634	NC	0.010254	0.000000
rs12627862	22	27793289	NC	0.109607	0.000000
rs5762112	22	27793641	NC	0.033627	0.501891
GSA-rs5762114	22	27794842	NC	-0.021563	0.000000
rs136929	22	27796866	NC	-0.015971	1.000000
GSA-rs75418297	22	27798982	NC	-0.009473	1.000000
rs136944	22	27804019	NC	0.108342	0.504054
GSA-22:27805137	22	27805137	NC	0.031946	0.494681
GSA-rs136947	22	27805463	NC	-0.074927	0.491841
GSA-rs79556	22	27814314	NC	0.012624	0.505926
GSA-rs9625225	22	27815426	NC	0.033868	0.484050
rs127190	22	27816514	NC	-0.013774	0.508197
rs733164	22	27816784	NC	0.040721	0.000000
rs6005427	22	27817300	NC	0.097633	0.503181
GSA-rs13055229	22	27819250	NC	0.156542	0.502256
rs56035550	22	27820156	NC	0.002189	0.006290
rs4140448	22	27820751	NC	-0.058971	0.521593
GSA-rs79106317	22	27823827	NC	-0.071146	0.485331
rs2207361	22	27825804	NC	0.000209	0.990731
GSA-rs17448487	22	27829108	NC	-0.006652	0.517144
rs9306440	22	27831342	NC	-0.016290	0.008078
rs13058149	22	27831347	NC	0.034172	0.512676
rs1884134	22	27831650	NC	-0.111355	1.000000
GSA-rs117653743	22	27831965	NC	0.014539	0.489781
GSA-rs117537977	22	27835627	NC	0.047724	1.000000
GSA-rs10222263	22	27838849	NC	0.032546	0.491073
GSA-rs117612035	22	27839161	NC	0.016139	0.501524
GSA-rs35050644	22	27840037	NC	0.113649	0.000000
GSA-rs16984688	22	27843494	NC	-0.020992	0.985899
rs9620697	22	27846802	NC	-0.028581	0.985440
rs5762151	22	27847318	NC	-0.002374	0.482902
GSA-rs9620698	22	27847393	NC	0.077311	0.000000
GSA-rs76080202	22	27847401	NC	-0.033433	0.492315
rs6005451	22	27852183	NC	-0.027714	0.523300
rs73158493	22	27854724	NC	0.032945	0.991380
rs5752551	22	27857717	NC	0.123660	0.000000
rs73158499	22	27861369	NC	-0.033171	0.519851
rs5752554	22	27862808	NC	-0.090695	0.000000
rs5762168	22	27864048	NC	-0.060391	0.000000
rs16986845	22	27866472	NC	0.013186	0.505956
rs5762182	22	27876939	NC	0.028072	0.520808
rs12484788	22	27878619	NC	-0.073895	1.000000
GSA-rs1884132	22	27878857	NC	0.005025	0.977110
GSA-rs11913002	22	27886736	NC	-0.061326	1.000000
GSA-rs55970456	22	27891410	NC	0.104738	0.989226
rs926833	22	27894675	NC	-0.106869	0.000000
GSA-rs5762209	22	27895825	NC	0.077968	0.489681
rs6005480	22	27898321	NC	0.012588	0.499172
rs17465171	22	27899464	NC	0.114260	0.490259
rs5762213	22	27899867	NC	0.116917	0.499582
rs4820763	22	27900025	NC	-0.018315	0.008253
rs738566	22	27900961	NC	0.048165	0.496435
rs738565	22	27901804	NC	0.032757	0.505293
rs7284384	22	27903116	NC	0.009816	0.990244
GSA-rs742942	22	27905428	NC	-0.044944	0.501180
GSA-rs8141487	22	27905762	NC	-0.050177	0.518528
rs737384	22	27913012	NC	0.048299	0.498941
rs4419326	22	27913532	NC	0.096281	0.987277
rs16984925	22	27914576	NC	0.159269	1.000000
rs62236568	22	27915705	NC	0.013850	1.000000
rs8136304	22	27917070	NC	0.036198	0.498321
rs9620701	22	27918710	NC	0.076667	0.986947
rs61376987	22	27920038	NC	-0.055851	0.506007
rs6005498	22	27920961	NC	-0.025196	0.013250
rs8140407	22	27923635	NC	0.028195	0.995623
GSA-rs75292981	22	27923644	NC	0.095719	0.497834
rs16984937	22	27924906	NC	0.011101	0.504983
rs5762235	22	27925288	NC	0.099579	0.501578
rs137147	22	27931842	NC	-0.124179	0.000000
rs5762239	22	27932079	NC	0.032649	0.974925
GSA-rs926936	22	27934709	NC	-0.045290	0.497479
GSA-rs6005503	22	27935369	NC	-0.022298	0.000000
GSA-rs6005504	22	27937681	NC	0.104703	0.488765
rs16985013	22	27944404	NC	0.030081	0.522210
GSA-rs11703793	22	27946507	NC	-0.042560	0.507865
rs910545	22	27946986	NC	0.047993	0.485958
rs8137926	22	27948878	NC	0.080055	0.999686
rs4822907	22	27953418	NC	-0.026927	0.021573
rs4822908	22	27953716	NC	-0.047946	0.986909
GSA-rs116950499	22	27953924	NC	0.101451	1.000000
rs960613	22	27957965	NC	-0.120646	0.496136
GSA-rs34957067	22	27965330	NC	0.018320	0.000051
rs5762255	22	27966655	NC	-0.034837	0.504517
GSA-rs4822913	22	27967966	NC	0.031387	0.486886
GSA-rs5762258	22	27970444	NC	0.036614	0.487096
rs762064	22	27974819	NC	-0.046482	0.500909
rs6005518	22	27977011	NC	-0.056017	0.503535
rs9625275	22	27979102	NC	-0.004206	0.996817
rs5762263	22	27980876	NC	-0.182728	0.510341
rs12483847	22	27985473	NC	-0.029506	0.497367
rs7287557	22	27988228	NC	0.059194	1.000000
rs12169489	22	27988234	NC	0.022504	1.000000
rs9613476	22	27989777	NC	0.067554	0.480877
GSA-rs12485080	22	27994183	NC	0.025626	1.000000
rs735848	22	27997290	NC	0.020050	1.000000
rs9613480	22	28004494	NC	0.051256	0.000000
rs9613481	22	28005082	NC	0.171250	0.508268
rs9613483	22	28005495	NC	0.004407	1.000000
rs12160358	22	28016068	NC	-0.071565	1.000000
rs9613492	22	28016289	NC	-0.070996	0.474188
rs9608633	22	28019060	NC	-0.007854	0.000000
rs133980	22	28022728	NC	-0.075132	0.486303
GSA-rs117623535	22	28025519	NC	-0.001312	0.000000
rs16985179	22	28029538	NC	-0.070991	0.000000
rs133999	22	28030650	NC	-0.058986	0.501689
rs16986928	22	28034964	NC	-0.027788	0.496393
GSA-rs117683266	22	28036418	NC	0.045226	0.003209
GSA-rs116954745	22	28040054	NC	-0.060441	0.015658
rs16985255	22	28041883	NC	-0.041928	0.996418
GSA-rs55926944	22	28046516	NC	-0.009174	0.494888
rs9613504	22	28050390	NC	-0.002455	0.507677
GSA-rs134032	22	28050517	NC	-0.016610	0.487622
GSA-rs141371196	22	28051433	NC	0.022533	0.005179
GSA-rs5752606	22	28053874	NC	0.082594	0.977603
GSA-rs181048202	22	28056207	NC	0.037904	0.000000
GSA-rs9620716	22	28058655	NC	0.044496	0.000000
GSA-rs186577414	22	28062509	NC	0.029550	0.004825
GSA-rs134071	22	28062787	NC	-0.023137	0.990824
rs134083	22	28065480	NC	0.001288	1.000000
rs73162382	22	28069659	NC	-0.087231	0.978588
GSA-rs73162383	22	28069802	NC	0.012373	0.000000
rs134099	22	28071675	NC	0.033963	0.497037
rs17384972	22	28072029	NC	0.111579	0.492145
GSA-rs715559	22	28075879	NC	0.002872	0.511000
rs134116	22	28082093	NC	0.051799	0.975900
GSA-rs75232099	22	28085792	NC	-0.053518	0.982185
rs134128	22	28090374	NC	0.110391	1.000000
GSA-rs79849446	22	28094751	NC	-0.003093	0.988569
GSA-rs1885364	22	28094845	NC	-0.001431	0.487247
rs77250638	22	28096820	NC	0.132195	0.996933
exm2261199	22	28096963	NC	-0.071541	0.000000
rs5762321	22	28098110	NC	-0.113688	0.005756
GSA-rs73164414	22	28099042	NC	0.065848	0.029489
rs9608643	22	28101366	NC	0.068929	0.508793
rs5762324	22	28101614	NC	-0.013197	0.513016
rs1885363	22	28101703	NC	0.087164	0.995998
rs4820773	22	28102627	NC	-0.036487	0.483280
rs1569950	22	28103259	NC	-0.060057	0.986479
rs11090507	22	28105851	NC	-0.012129	0.989539
GSA-rs117884976	22	28107887	NC	-0.129634	0.999374
rs9625309	22	28110965	NC	-0.019689	0.486280
rs77028169	22	28114971	NC	0.118910	0.992895
GSA-rs80220843	22	28115498	NC	0.078582	0.987378
rs73164445	22	28118307	NC	0.054813	0.000000
GSA-rs73164449	22	28119559	NC	0.153769	0.509292
rs78422325	22	28127758	NC	0.002120	1.000000
rs134131	22	28128858	NC	-0.007145	0.000000
GSA-rs62235597	22	28129521	NC	-0.071986	0.000000
GSA-rs112702714	22	28129613	NC	-0.005670	0.490103
GSA-rs76237353	22	28133403	NC	-0.062560	0.495173
rs5752628	22	28135297	NC	0.041852	0.507966
rs5752629	22	28136728	NC	-0.008957	0.485949
rs6005605	22	28141301	NC	0.006523	0.492360
GSA-rs41277849	22	28145327	NC	-0.136239	0.000000
GSA-rs41277851	22	28146277	NC	-0.082556	0.997967
GSA-rs45583937	22	28146735	NC	0.008379	0.010808
GSA-rs12233370	22	28147189	NC	-0.052681	1.000000
rs45603340	22	28147477	NC	0.057831	0.992733
rs7289065	22	28149693	NC	-0.051436	0.497769
rs2267107	22	28152601	NC	0.024421	0.988483
rs2106150	22	28152639	NC	-0.088427	0.508861
rs2267113	22	28155404	NC	0.004368	0.496143
rs3819658	22	28160074	NC	0.132110	0.460814
GSA-rs74851938	22	28161931	NC	0.012960	0.985912
rs4820777	22	28163994	NC	0.039799	0.008843
rs8142823	22	28171510	NC	0.033830	0.502117
rs2073780	22	28175162	NC	0.072148	0.483125
GSA-rs45512704	22	28178514	NC	-0.053976	0.490126
rs382819	22	28181436	NC	0.083866	0.498042
rs424345	22	28182510	NC	-0.065155	1.000000
GSA-rs45443199	22	28183653	NC	-0.188359	1.000000
rs12166473	22	28185452	NC	0.041083	0.489824
GSA-rs13055370	22	28189171	NC	0.027198	1.000000
rs45571543	22	28191895	NC	-0.037779	0.000000
rs201879268	22	28193807	NC	-0.050165	0.486992
rs45473596	22	28194749	NC	-0.064795	0.501029
rs200030766	22	28196476	NC	-0.037788	0.500191
rs8136754	22	28197815	NC	-0.076710	0.503912
rs11704207	22	28208794	NC	-0.044602	0.509186
GSA-rs117447690	22	28209867	NC	-0.062175	0.980873
rs5997320	22	28270372	NC	-0.028366	0.010440
GSA-rs118096969	22	28281348	NC	-0.106526	0.000000
rs1016495	22	28288136	NC	0.094563	0.000000
GSA-rs2267126	22	28288310	NC	0.051527	0.515799
GSA-rs2143180	22	28298336	NC	0.045048	0.003103
GSA-rs35866626	22	28299705	NC	-0.036529	0.000000
GSA-rs17480971	22	28311543	NC	-0.024143	0.505730
GSA-rs79830144	22	28333183	NC	0.028967	0.484521
GSA-rs117718780	22	28335603	NC	0.010779	0.497602
GSA-rs73166759	22	28341895	NC	-0.080855	0.992775
GSA-rs113221608	22	28350807	NC	0.014931	0.983113
rs7292859	22	28368266	NC	-0.084719	0.992801
GSA-rs470097	22	28373744	NC	-0.034480	0.996468
GSA-rs2294819	22	28374461	NC	0.001804	0.011628
GSA-rs41277943	22	28377908	NC	0.024288	0.996529
rs5762430	22	28378472	NC	0.027894	0.000000
GSA-rs17482652	22	28378998	NC	-0.100902	0.987351
GSA-rs75173815	22	28394985	NC	-0.112200	0.990980
rs61744141	22	28397505	NC	-0.056952	0.007012
GSA-rs35098100	22	28406222	NC	0.047600	1.000000
GSA-rs16985903	22	28422777	NC	-0.002649	0.492796
GSA-rs17483998	22	28426321	NC	0.053209	1.000000
rs73880377	22	28444431	NC	0.106528	0.508931
rs79037983	22	28459665	NC	0.012443	0.015064
GSA-rs117058256	22	28459871	NC	-0.010653	0.996602
GSA-rs118067492	22	28477048	NC	0.020159	0.518686
GSA-rs74604668	22	28498525	NC	0.082728	0.000000
GSA-rs77885044	22	28501414	NC	-0.135250	0.998048
GSA-rs73166793	22	28508895	NC	-0.022468	0.482200
GSA-rs17407481	22	28537490	NC	0.075539	0.486402
rs2064360	22	28541350	NC	0.039937	0.486067
GSA-rs117963967	22	28546311	NC	-0.026950	0.008947
rs5762497	22	28546346	NC	-0.149391	0.491130
GSA-rs117267414	22	28570450	NC	0.003665	1.000000
rs5762511	22	28575543	NC	-0.028610	1.000000
rs7284814	22	28583738	NC	0.054055	0.492414
GSA-rs117436126	22	28605145	NC	-0.092979	0.000000
GSA-rs191767899	22	28613947	NC	0.007690	0.994794
GSA-rs149588501	22	28620222	NC	0.031655	0.000000
rs34637076	22	28620687	NC	0.017662	0.503114
rs134178	22	28625291	NC	0.109086	0.997856
GSA-rs9613584	22	28652769	NC	0.055897	0.000000
GSA-rs117786444	22	28669296	NC	0.096575	0.504579
GSA-rs76453822	22	28672798	NC	0.031333	1.000000
GSA-rs74385072	22	28691677	NC	-0.035981	0.013466
rs5762549	22	28693496	NC	-0.076444	1.000000
GSA-rs6005757	22	28714205	NC	-0.066013	0.492707
GSA-rs117963935	22	28737499	NC	-0.076984	1.000000
GSA-rs75552099	22	28740064	NC	0.048602	0.000000
GSA-rs9613597	22	28742156	NC	-0.031988	0.007019
GSA-rs35313550	22	28769172	NC	0.106220	0.485035
GSA-rs134529	22	28781758	NC	0.060185	0.512973
GSA-rs5997363	22	28794069	NC	-0.041755	1.000000
GSA-rs13054496	22	28800401	NC	-0.002682	1.000000
GSA-rs117075190	22	28819454	NC	0.049138	0.491118
GSA-rs16986438	22	28841049	NC	-0.142302	1.000000
GSA-rs117010837	22	28847723	NC	-0.042104	0.501526
GSA-rs35286648	22	28861979	NC	0.004087	1.000000
GSA-rs117166491	22	28869010	NC	0.060401	0.481296
GSA-rs695318	22	28882973	NC	-0.001068	0.017372
rs74720230	22	28894879	NC	-0.078282	0.506202
GSA-rs117790963	22	28910679	NC	0.008901	0.989435
rs695709	22	28912855	NC	-0.040570	0.010934
GSA-rs118074551	22	28915176	NC	0.079690	0.509618
rs9620804	22	28919200	NC	-0.007914	0.005729
GSA-rs2144922	22	28923317	NC	0.052366	0.478441
GSA-rs13056776	22	28972465	NC	-0.132797	0.003823
GSA-rs16986544	22	28995694	NC	-0.075315	0.521521
GSA-rs75873242	22	28997273	NC	0.046849	1.000000
GSA-rs77884683	22	29039167	NC	0.003691	0.000000
GSA-rs117577667	22	29056152	NC	-0.032037	0.000000
seq-rs200432447	22	29083962	NC	-0.019561	0.494403
rs137853011	22	29091207	NC	-0.019709	0.015475
seq-rs587780192	22	29095917	NC	0.031371	0.993653
rs1547014	22	29100711	NC	-0.034106	0.506992
rs111724290	22	29101636	NC	0.002908	1.000000
CHEK2-chr22-29105993	22	29105993	NC	0.073683	0.000000
seq-rs730881687	22	29106048	NC	0.066901	0.000000
GSA-rs1884816	22	29106733	NC	-0.096619	0.986215
rs16986640	22	29108112	NC	0.014976	0.511203
GSA-rs17882704	22	29108695	NC	0.019179	0.000000
rs4822983	22	29115066	NC	-0.023754	0.500783
rs200451612	22	29115403	NC	-0.021268	0.505865
rs137853010	22	29121016	NC	0.030677	1.000000
rs72552322	22	29121058	NC	-0.064525	0.521858
seq-rs730881701	22	29121266	NC	-0.013323	0.471478
rs738722	22	29130012	NC	0.041072	0.012824
rs1033667	22	29130300	NC	0.025606	0.997204
GSA-rs116925750	22	29132393	NC	0.054452	0.505524
rs5762764	22	29132990	NC	0.002035	0.004343
rs5997389	22	29134719	NC	-0.099743	0.000010
rs116568199	22	29138115	NC	-0.005963	0.983851
rs5752792	22	29153759	NC	0.032592	0.002185
rs6005861	22	29154237	NC	-0.138801	1.000000
rs6005863	22	29156448	NC	-0.019312	0.006676
rs6005868	22	29165766	NC	-0.038274	0.515171
GSA-rs5762788	22	29174770	NC	-0.118927	0.500813
GSA-rs77099742	22	29182169	NC	0.105461	0.000000
rs56119508	22	29182795	NC	-0.075667	0.000527
rs2239815	22	29192670	NC	0.026144	0.491026
22:29196512	22	29196512	NC	0.050659	0.000000
rs2269577	22	29196757	NC	-0.127960	0.523410
GSA-rs149608812	22	29196769	NC	0.066903	1.000000
GSA-rs6005893	22	29199790	NC	0.092039	0.486347
rs59025667	22	29227672	NC	0.001682	0.507673
GSA-rs6005907	22	29227971	NC	0.051541	0.494977
GSA-rs75568974	22	29231383	NC	-0.080223	0.492640
GSA-rs116079686	22	29236395	NC	0.026397	0.001411
GSA-rs76205571	22	29236402	NC	-0.082942	0.988248
GSA-rs74542537	22	29261685	NC	0.100965	1.000000
GSA-rs62235754	22	29277895	NC	0.040654	0.000000
rs5762879	22	29286180	NC	-0.078707	1.000000
GSA-rs62235757	22	29299100	NC	0.040871	0.504060
rs16986825	22	29300306	NC	-0.000844	0.505394
GSA-rs132541	22	29307158	NC	0.022109	0.000000
exm2273056	22	29318724	NC	0.054175	1.000000
GSA-rs17517292	22	29342963	NC	-0.043459	0.498293
rs5762912	22	29351030	NC	-0.000346	0.015780
GSA-rs13056576	22	29351381	NC	0.007655	1.000000
rs13055470	22	29371761	NC	-0.120270	0.511023
GSA-rs117898841	22	29376972	NC	-0.050103	0.000000
rs5762930	22	29378708	NC	0.036262	0.506171
GSA-rs4823000	22	29379891	NC	0.073259	0.502502
GSA-rs12628368	22	29383927	NC	-0.052243	0.483858
rs5762942	22	29390049	NC	0.126084	0.005949
rs5752851	22	29398459	NC	-0.053550	0.509854
GSA-rs76590496	22	29406609	NC	-0.100372	0.514910
GSA-rs115134039	22	29413019	NC	-0.071235	0.496240
rs9613777	22	29420482	NC	-0.089498	0.536984
GSA-rs8137391	22	29422227	NC	0.008499	0.013788
GSA-rs73882433	22	29422855	NC	-0.027964	1.000000
GSA-rs73882442	22	29430848	NC	-0.028361	0.994328
rs2294239	22	29449477	NC	-0.040902	0.501718
rs4823006	22	29451671	NC	0.163835	0.013176
rs3178915	22	29453027	NC	0.045418	0.496570
rs6005975	22	29454477	NC	-0.036826	1.000000
rs41281607	22	29456467	NC	-0.001218	0.494810
rs35968360	22	29456671	NC	0.101982	1.000000
rs9625679	22	29456699	NC	-0.104815	0.485719
rs6005977	22	29456733	NC	-0.004812	0.000661
GSA-rs186685575	22	29457550	NC	-0.108447	0.000240
rs134560	22	29458845	NC	-0.043361	0.482829
rs134566	22	29463089	NC	0.003128	0.515169
rs5762981	22	29480954	NC	0.091358	0.488953
rs5752865	22	29489001	NC	-0.080499	0.509054
GSA-rs1540900	22	29490148	NC	-0.023732	0.510815
rs10483154	22	29492258	NC	-0.090998	0.000940
GSA-rs12628787	22	29495373	NC	-0.038569	0.505629
GSA-rs73154236	22	29498137	NC	-0.056556	0.476274
GSA-rs17443950	22	29508504	NC	-0.040655	0.995981
rs61751700	22	29517463	NC	-0.045649	0.502599
rs132268	22	29520410	NC	0.014127	0.479379
GSA-rs79246010	22	29523124	NC	0.086848	0.500960
rs132274	22	29525126	NC	0.059149	0.509098
GSA-rs56062615	22	29531712	NC	-0.119705	0.000888
rs146078397	22	29534659	NC	-0.050801	0.986763
GSA-rs5763001	22	29536549	NC	-0.016434	0.500725
rs713728	22	29538468	NC	-0.102703	0.507833
GSA-rs78460344	22	29541697	NC	0.028257	0.485922
GSA-rs3884934	22	29544839	NC	-0.141826	0.004342
rs730517	22	29550379	NC	-0.068692	0.998765
GSA-rs116967489	22	29552276	NC	0.089134	0.995852
GSA-rs17451544	22	29553039	NC	-0.071836	0.503139
rs132304	22	29556739	NC	-0.081194	1.000000
rs132314	22	29561826	NC	0.097121	1.000000
rs60307207	22	29588634	NC	-0.026730	1.000000
GSA-rs132358	22	29596992	NC	-0.030639	0.505099
GSA-rs113501992	22	29597315	NC	-0.061745	1.000000
GSA-rs13055209	22	29599170	NC	-0.041307	0.519216
exm2268436	22	29602971	NC	-0.076078	1.000000
GSA-rs132369	22	29603611	NC	0.009161	0.487672
rs132370	22	29603796	NC	-0.015613	0.000000
rs12628475	22	29606907	NC	-0.018433	0.001774
GSA-rs375210858	22	29620385	NC	0.040105	0.016050
rs132390	22	29621477	NC	-0.018470	0.000000
rs713992	22	29625911	NC	0.039288	0.491565
GSA-rs78858203	22	29625946	NC	0.046684	0.997588
rs139996840	22	29627111	NC	0.009559	0.503811
GSA-rs76176511	22	29630269	NC	0.028389	0.503619
rs3950176	22	29630337	NC	-0.090494	0.500406
rs713886	22	29630564	NC	-0.092850	0.004661
GSA-rs79704889	22	29636110	NC	-0.001583	0.490380
GSA-rs6006075	22	29640019	NC	-0.038602	0.514370
GSA-rs117971927	22	29640845	NC	0.014274	0.502424
rs5752890	22	29642365	NC	-0.023917	0.520345
rs2744465	22	29653611	NC	0.089647	0.514543
GSA-rs138870856	22	29656431	NC	-0.122294	0.988374
rs141666277	22	29656905	NC	-0.002789	0.509741
chr22-29659823	22	29659823	NC	-0.020141	0.977761
GSA-rs117950019	22	29666174	NC	0.116749	0.993080
GSA-rs11703595	22	29685163	NC	0.069198	0.031656
GSA-rs117497222	22	29685831	NC	0.044948	0.024818
rs41311143	22	29693915	NC	0.068606	0.509841
rs2518683	22	29695929	NC	0.063142	0.000000
GSA-rs58026214	22	29702135	NC	0.020667	0.516031
GSA-rs13056977	22	29710360	NC	0.070107	0.990076
GSA-rs78492681	22	29716768	NC	0.019587	0.007923
rs5763140	22	29718321	NC	-0.009627	0.003370
GSA-rs117242792	22	29720083	NC	-0.015237	0.485862
rs148564390	22	29735065	NC	0.016452	0.996861
GSA-rs11702983	22	29737071	NC	-0.013626	0.491237
rs8140836	22	29748859	NC	-0.032692	0.496858
GSA-rs2267136	22	29767925	NC	0.088626	0.995033
GSA-rs118082661	22	29772423	NC	0.068281	0.007019
rs174775	22	29791234	NC	-0.018880	0.496398
rs8141229	22	29794913	NC	0.008195	0.992143
rs2283857	22	29797373	NC	0.058048	0.981151
GSA-rs117062078	22	29797743	NC	-0.067732	0.015692
rs71329479	22	29805162	NC	-0.000897	0.507717
GSA-rs2018515	22	29818854	NC	-0.060132	0.520344
GSA-rs117876558	22	29823860	NC	-0.026043	0.484041
GSA-rs6006148	22	29827256	NC	-0.039447	0.490137
chr22-29835150	22	29835150	NC	0.084193	0.996853
chr22-29837599	22	29837599	NC	0.014874	0.510533
rs13054354	22	29840180	NC	-0.037679	0.475686
rs4823038	22	29844314	NC	0.044308	0.496315
GSA-rs8135208	22	29845921	NC	-0.030801	0.003634
GSA-rs13053817	22	29847722	NC	-0.078765	0.509499
GSA-rs17523060	22	29850959	NC	-0.108149	0.995542
GSA-rs11703287	22	29851002	NC	0.014206	0.486264
GSA-rs9608772	22	29852594	NC	-0.002010	0.000000
rs7289240	22	29854959	NC	0.118662	0.497900
rs165649	22	29874250	NC	0.002226	0.000000
GSA-rs57986874	22	29880261	NC	0.034318	0.971075
GSA-rs165602	22	29886043	NC	-0.017025	0.014697
rs138156220	22	29886230	NC	0.000446	0.000000
rs4333024	22	29889201	NC	0.045977	0.521031
rs5763275	22	29891925	NC	0.002992	0.483173
GSA-rs73156595	22	29898728	NC	0.010812	0.984254
rs5763284	22	29899724	NC	0.063137	0.496076
rs5752933	22	29902192	NC	-0.064666	0.000000
rs76322387	22	29913033	NC	-0.026771	0.497440
rs35832657	22	29913278	NC	-0.052204	0.987298
GSA-rs4823044	22	29924825	NC	0.064074	0.494263
rs56066153	22	29927243	NC	-0.067162	0.000000
rs79004872	22	29939414	NC	-0.058272	0.003323
GSA-rs74916285	22	29955623	NC	-0.037591	0.525855
rs1058642	22	29957570	NC	-0.039636	0.015760
GSA-rs76637042	22	29967630	NC	0.090904	0.500255
GSA-rs146079589	22	29971431	NC	-0.055400	0.000000
GSA-rs71640299	22	29977229	NC	0.177813	0.995438
rs9613972	22	29981324	NC	0.104617	0.001710
GSA-rs9620910	22	29989913	NC	-0.096000	0.504411
rs2245194	22	30048182	NC	0.036151	0.000000
GSA-rs149129654	22	30058754	NC	0.026793	0.524015
GSA-rs117296787	22	30062452	NC	-0.039411	0.995805
rs7291645	22	30079213	NC	-0.057597	0.992737
GSA-rs117089825	22	30089766	NC	0.011091	0.480968
GSA-rs12628506	22	30108660	NC	-0.036260	0.006567
GSA-rs186809522	22	30110038	NC	0.054512	0.000000
rs9614037	22	30121285	NC	-0.112365	0.509011
rs2232903	22	30127367	NC	-0.015315	0.471810
GSA-rs17554391	22	30139377	NC	-0.134501	1.000000
rs131278	22	30155113	NC	0.006020	0.978833
GSA-rs76013375	22	30163526	NC	-0.047305	0.506748
chr22-30163597	22	30163597	NC	-0.033325	0.492600
GSA-rs12158466	22	30164511	NC	0.058205	0.981213
GSA-rs118125772	22	30175163	NC	-0.042305	0.505804
GSA-rs61736786	22	30189642	NC	0.022351	0.483807
GSA-rs9620923	22	30192483	NC	0.001911	0.000000
rs34833047	22	30197031	NC	0.031798	0.480414
rs4823054	22	30198025	NC	-0.031325	0.005826
GSA-rs2057881	22	30208543	NC	-0.033135	0.980689
GSA-rs17711508	22	30220834	NC	0.034079	0.014056
rs1894473	22	30221201	NC	-0.074140	0.000000
GSA-rs7285800	22	30222678	NC	0.048860	0.998508
GSA-rs112670477	22	30223584	NC	-0.122152	0.000000
rs34802688	22	30228268	NC	0.020288	0.001192
rs4820821	22	30240575	NC	-0.022700	0.008469
rs77356598	22	30311198	NC	0.041972	0.502283
GSA-rs5763604	22	30312091	NC	-0.106260	0.000000
GSA-rs9625885	22	30315173	NC	-0.030731	1.000000
GSA-rs117423591	22	30317477	NC	0.059548	0.502462
GSA-rs144881126	22	30318076	NC	0.006703	0.480819
GSA-rs117760358	22	30331577	NC	0.028284	0.490828
rs36600	22	30337586	NC	-0.000441	0.501582
GSA-rs141687939	22	30355838	NC	-0.005000	0.501317
rs73162767	22	30360781	NC	0.007280	0.508809
GSA-rs117528977	22	30374414	NC	0.014153	1.000000
rs5763662	22	30378703	NC	0.126843	0.000000
rs41162	22	30408710	NC	-0.122190	1.000000
GSA-rs41163	22	30411462	NC	0.021964	0.003178
rs41164	22	30412465	NC	0.154180	0.501389
rs184789735	22	30415938	NC	0.130750	0.512539
GSA-rs61737780	22	30415983	NC	-0.046493	0.489334
rs41170	22	30421066	NC	-0.093192	0.000000
GSA-rs10212055	22	30422414	NC	0.028734	0.983167
rs2285645	22	30422708	NC	-0.030313	0.015080
chr22:30423460	22	30423460	NC	-0.018370	0.006122
GSA-rs41176	22	30432403	NC	0.003302	0.017398
rs41178	22	30440533	NC	0.004885	0.989821
GSA-rs2010916	22	30441219	NC	-0.019512	0.501099
GSA-rs78989133	22	30467773	NC	0.082348	0.990005
GSA-rs117920337	22	30473712	NC	-0.009968	0.504594
GSA-rs757026	22	30474310	NC	0.043364	0.479216
rs2412970	22	30486826	NC	-0.096552	0.000000
GSA-rs34150968	22	30489945	NC	-0.029543	0.513536
rs2412971	22	30494371	NC	0.020331	0.000000
GSA-rs185154372	22	30517476	NC	0.037124	0.010575
chr22-30517715	22	30517715	NC	0.046592	0.000000
rs1468177	22	30544559	NC	0.083665	0.488631
GSA-rs117977244	22	30557267	NC	0.018723	0.513241
rs11090600	22	30557278	NC	0.015303	0.507634
rs5753037	22	30581722	NC	0.096642	0.005076
GSA-rs73164754	22	30586761	NC	-0.000930	0.990746
GSA-rs117342979	22	30595806	NC	0.097435	0.018247
GSA-rs9614157	22	30597810	NC	-0.070158	0.000000
GSA-rs77464740	22	30602105	NC	0.051046	0.997765
rs9614164	22	30606986	NC	0.007475	0.986724
rs73881408	22	30611005	NC	0.036713	0.510653
rs9606702	22	30611088	NC	0.035724	0.000000
GSA-rs117382002	22	30617227	NC	-0.133393	0.501182
GSA-rs8135148	22	30618648	NC	0.021796	1.000000
rs9606703	22	30620360	NC	-0.166591	0.000000
GSA-rs143112602	22	30627635	NC	-0.003521	0.012604
GSA-rs144317390	22	30629289	NC	-0.013352	0.501068
GSA-rs8136774	22	30638664	NC	-0.079193	0.528108
rs41281637	22	30639993	NC	0.094784	0.504100
GSA-rs737921	22	30640214	NC	-0.017004	0.510409
rs41282467	22	30641339	NC	-0.066507	1.000000
exm2261205	22	30647657	NC	0.022465	1.000000
GSA-rs78239728	22	30650983	NC	-0.045612	1.000000
rs75292940	22	30656268	NC	-0.020528	0.996838
rs7289095	22	30658722	NC	0.040702	1.000000
rs1476576	22	30660517	NC	0.064014	0.002529
rs148386625	22	30661028	NC	0.023404	0.498968
rs877549	22	30672420	NC	-0.018103	0.508395
rs4473498	22	30673368	NC	0.008221	0.004584
rs2108093	22	30679387	NC	-0.060041	0.507621
GSA-rs9608865	22	30682767	NC	-0.064965	0.514062
rs61730760	22	30688488	NC	-0.054895	0.001445
GSA-rs2097919	22	30691631	NC	0.165422	1.000000
GSA-rs117873737	22	30694998	NC	0.065237	0.000000
GSA-rs73168603	22	30695372	NC	-0.016479	1.000000
GSA-rs78364627	22	30702551	NC	0.112984	0.988447
GSA-rs76345075	22	30714123	NC	-0.058404	0.488674
GSA-rs2041199	22	30732236	NC	0.008967	0.516845
GSA-rs5753081	22	30740653	NC	0.021344	0.996550
GSA-rs117237368	22	30745204	NC	0.067923	0.000000
GSA-rs146589352	22	30749230	NC	-0.083628	1.000000
GSA-rs376401060	22	30753834	NC	-0.047339	1.000000
GSA-rs9606721	22	30762035	NC	0.042725	0.513880
GSA-rs41281643	22	30762178	NC	-0.076466	0.984100
GSA-rs117593119	22	30763735	NC	-0.087237	0.500201
rs116038577	22	30766439	NC	-0.066108	0.502286
rs1002189	22	30771458	NC	-0.111513	1.000000
GSA-rs117900841	22	30775120	NC	-0.017357	0.501473
GSA-rs117174875	22	30783659	NC	-0.006736	0.509189
rs5997637	22	30794950	NC	-0.026767	0.506996
rs142009018	22	30803114	NC	0.025301	0.000000
chr22-30806644	22	30806644	NC	0.015229	0.505421
GSA-rs9606726	22	30823250	NC	0.001025	0.503589
GSA-rs116910366	22	30830773	NC	-0.137159	0.489652
rs1009337	22	30833372	NC	-0.013351	0.986842
GSA-rs5753137	22	30836313	NC	0.057986	0.997126
GSA-rs117518660	22	30842190	NC	-0.028310	0.511645
GSA-rs116966156	22	30842264	NC	0.006102	0.523091
rs4820848	22	30843495	NC	0.017420	0.497657
GSA-rs75330889	22	30846783	NC	0.047259	0.992991
GSA-rs370496037	22	30846972	NC	0.003003	0.494969
GSA-rs9608930	22	30851610	NC	-0.022522	0.997768
rs5753158	22	30855697	NC	-0.047839	0.988529
rs192622540	22	30860869	NC	0.134933	0.504998
GSA-rs115278158	22	30864655	NC	-0.079069	0.991110
GSA-rs114438349	22	30866053	NC	0.040992	0.491282
chr22-30867936	22	30867936	NC	0.034084	0.511122
GSA-rs58845493	22	30868349	NC	0.031676	0.515780
rs11705494	22	30868599	NC	-0.012147	0.000000
GSA-rs1124827	22	30869336	NC	0.047669	0.000000
chr22-30886119	22	30886119	NC	-0.090079	0.500308
rs142674998	22	30886214	NC	-0.006023	1.000000
rs75052363	22	30886271	NC	-0.010247	0.507708
GSA-rs76073588	22	30887555	NC	-0.078227	0.004273
GSA-rs61741444	22	30887919	NC	-0.042743	1.000000
rs145618105	22	30888505	NC	-0.068119	0.493550
GSA-rs73168672	22	30889646	NC	0.023646	0.012513
GSA-rs77679347	22	30891300	NC	0.144892	0.000000
rs139482909	22	30891749	NC	0.044961	0.000000
rs933339	22	30905491	NC	0.057384	0.492346
GSA-rs117039473	22	30920120	NC	0.027212	0.494792
chr22-30928697	22	30928697	NC	0.081469	1.000000
GSA-rs75426385	22	30928956	NC	0.058676	0.514144
rs4820864	22	30929905	NC	0.083063	0.501112
rs118116676	22	30934885	NC	0.146150	0.000000
GSA-rs6518702	22	30948752	NC	-0.026160	0.028876
rs139452633	22	30951208	NC	0.057470	1.000000
GSA-rs55674628	22	30953280	NC	-0.131525	0.500764
rs12628608	22	30955907	NC	-0.102020	0.501394
rs4149488	22	30957832	NC	-0.045863	0.004558
GSA-rs117490731	22	30958789	NC	0.000224	0.502982
GSA-rs117512566	22	30961646	NC	0.172494	0.015417
rs42938	22	30965757	NC	0.015581	0.491847
GSA-rs139398770	22	30966176	NC	0.054713	0.484274
GSA-rs117156758	22	30968752	NC	-0.102503	0.494281
GSA-rs34123894	22	30975861	NC	-0.090843	0.007709
GSA-rs79483185	22	30980914	NC	-0.044049	1.000000
GSA-rs7364237	22	30980922	NC	0.030665	0.978665
rs4820018	22	30986172	NC	0.051637	0.502303
rs13053923	22	30988382	NC	-0.008885	0.518377
rs11912615	22	30989492	NC	-0.068716	0.510944
GSA-rs9621039	22	30990141	NC	0.048092	1.000000
GSA-rs7285863	22	30991124	NC	-0.069590	0.000000
rs16988828	22	31003561	NC	-0.003652	0.490654
rs9606756	22	31006860	NC	-0.103038	0.465626
rs35915865	22	31008867	NC	0.037322	0.000000
GSA-rs73396379	22	31009752	NC	-0.051806	0.507699
rs200303429	22	31010408	NC	0.126362	0.502066
rs142791153	22	31010431	NC	-0.058752	0.500867
rs201925682	22	31010455	NC	-0.031029	0.000000
rs146009793	22	31010462	NC	-0.003472	0.500430
rs35838082	22	31011350	NC	0.060402	0.992993
rs5749135	22	31011906	NC	-0.011555	1.000000
rs2283873	22	31013296	NC	-0.007596	0.006265
GSA-rs4820888	22	31017322	NC	0.005679	0.524505
rs1131603	22	31018975	NC	0.099115	0.472474
rs4820889	22	31019044	NC	-0.165183	0.991620
rs9306264	22	31024934	NC	-0.072090	0.497848
GSA-rs8136373	22	31032881	NC	0.066215	0.000000
GSA-rs55846646	22	31042592	NC	-0.068416	0.000000
rs5994328	22	31046587	NC	0.077781	0.009829
GSA-rs9609033	22	31047681	NC	0.046648	0.001981
GSA-rs144801484	22	31050264	NC	0.050834	1.000000
GSA-rs117841102	22	31051168	NC	-0.019389	0.000000
chr22-31059951	22	31059951	NC	-0.042965	0.518881
exm2261206	22	31061283	NC	0.076500	0.991573
rs2007846	22	31065067	NC	-0.027615	0.010442
GSA-rs9606764	22	31067427	NC	-0.117052	0.000000
GSA-rs117690957	22	31068865	NC	-0.049338	0.479136
rs6518711	22	31071354	NC	-0.190053	0.509345
GSA-rs117053403	22	31077232	NC	-0.054810	0.506734
GSA-rs79856312	22	31091305	NC	0.068531	0.479976
rs11089471	22	31113828	NC	-0.017448	0.000000
GSA-rs9606769	22	31114911	NC	0.091748	0.488732
rs136369	22	31123292	NC	-0.029578	0.990239
GSA-rs73154638	22	31137512	NC	-0.003811	0.003045
GSA-rs926340	22	31139318	NC	-0.033027	0.475130
rs5753303	22	31139653	NC	-0.042706	0.491316
rs9609077	22	31153162	NC	-0.009905	0.017504
GSA-rs79208254	22	31154422	NC	-0.008370	0.989987
GSA-rs62235900	22	31170608	NC	-0.025042	0.518339
rs136273	22	31195775	NC	0.079002	0.521323
rs136262	22	31198037	NC	-0.007708	0.499934
rs136230	22	31214382	NC	-0.015047	0.501901
rs742205	22	31223456	NC	0.018086	0.996008
GSA-rs5753338	22	31227901	NC	-0.050307	1.000000
rs136217	22	31232074	NC	0.044075	0.511165
rs7287540	22	31233875	NC	-0.006784	0.510582
GSA-rs9621114	22	31249202	NC	-0.043832	1.000000
rs2413001	22	31249333	NC	0.059885	1.000000
GSA-rs5753350	22	31256066	NC	0.145881	0.520219
rs8142410	22	31256367	NC	0.001412	0.988440
rs4577391	22	31256584	NC	-0.061179	0.501105
GSA-rs2413004	22	31258967	NC	-0.011047	0.510454
rs9609128	22	31259530	NC	-0.023047	0.010608
rs5753356	22	31261107	NC	-0.193699	0.497578
GSA-rs9619144	22	31261888	NC	0.008549	0.996603
rs2301816	22	31266546	NC	0.080032	0.503602
rs2285917	22	31268091	NC	0.067756	1.000000
rs112446420	22	31268556	NC	-0.176248	0.979460
GSA-rs41282553	22	31286928	NC	0.036933	0.498105
rs11089481	22	31288769	NC	-0.108969	1.000000
rs34240867	22	31289891	NC	0.049101	0.525235
GSA-22:31291597	22	31291597	NC	-0.073072	0.000000
GSA-rs117150960	22	31295004	NC	-0.207116	0.488135
rs5749191	22	31295082	NC	-0.002407	0.524785
GSA-rs118130276	22	31303401	NC	0.028562	0.000000
GSA-rs71331269	22	31317710	NC	-0.184185	0.507710
GSA-rs73156729	22	31319187	NC	-0.028365	0.000000
GSA-rs150861994	22	31321492	NC	-0.013017	0.014034
rs1003480	22	31346752	NC	-0.087341	0.494171
GSA-rs117314603	22	31353354	NC	0.055305	0.996581
GSA-rs77364173	22	31363699	NC	0.006974	0.512991
GSA-rs118027159	22	31370043	NC	-0.016045	0.513658
GSA-rs8137612	22	31381741	NC	-0.024744	0.508070
rs5753425	22	31410356	NC	-0.127393	0.494881
rs7287510	22	31432613	NC	-0.066338	0.011655
GSA-rs73156766	22	31435650	NC	0.057598	1.000000
GSA-rs79502375	22	31451194	NC	-0.057106	0.484116
rs7285683	22	31459194	NC	-0.002653	0.483479
rs737930	22	31459255	NC	0.036901	0.012585
rs188312885	22	31484930	NC	-0.038368	0.474000
rs114164619	22	31487354	NC	-0.071330	0.000000
rs143097953	22	31487679	NC	-0.049476	0.501823
rs5997872	22	31491332	NC	-0.040363	0.000560
rs11705137	22	31501788	NC	-0.048513	0.512966
chr22-31501915	22	31501915	NC	-0.038319	0.017530
GSA-rs76873368	22	31507866	NC	0.022021	0.516811
GSA-rs76041881	22	31514545	NC	-0.048881	0.494421
rs2240432	22	31521404	NC	0.085994	0.000000
chr22-31521708	22	31521708	NC	-0.020389	0.992879
rs5753469	22	31526811	NC	0.050187	1.000000
GSA-rs9621198	22	31532567	NC	-0.147047	0.000000
rs142563030	22	31532702	NC	0.008925	0.000000
rs199793977	22	31532894	NC	0.000237	0.518775
rs2232183	22	31532960	NC	-0.041041	0.510104
rs142353712	22	31536232	NC	-0.025210	0.000000
GSA-rs3761430	22	31538002	NC	0.047858	0.511562
rs2413030	22	31546951	NC	-0.007082	0.494545
rs4820946	22	31551160	NC	-0.002819	0.494179
GSA-rs740229	22	31553510	NC	0.002021	0.004569
GSA-rs76873698	22	31554764	NC	0.128673	0.494304
GSA-rs76732632	22	31555512	NC	0.039497	0.002015
rs5994376	22	31563555	NC	-0.051539	0.019102
GSA-rs189212917	22	31572415	NC	0.029262	0.001890
GSA-rs79419741	22	31575749	NC	0.010821	0.000433
GSA-rs75951213	22	31588870	NC	-0.003731	0.489253
rs3208937	22	31602139	NC	0.110445	0.000000
GSA-rs35108022	22	31603465	NC	0.093167	0.499343
GSA-rs143633004	22	31608618	NC	-0.001222	0.521490
GSA-rs5749237	22	31618958	NC	0.040396	0.013811
GSA-rs5997917	22	31621792	NC	0.079221	0.512930
GSA-rs2106294	22	31645759	NC	-0.022451	0.505589
GSA-rs2413043	22	31648576	NC	0.027070	0.019165
GSA-rs79850371	22	31653885	NC	0.050108	0.488068
GSA-rs34930775	22	31658205	NC	0.052502	0.487712
chr22-31658603	22	31658603	NC	0.006157	0.000890
rs7285773	22	31665044	NC	0.032482	0.497781
rs2413045	22	31665862	NC	0.025867	0.000000
rs5997937	22	31673859	NC	0.056304	1.000000
GSA-rs147775868	22	31675662	NC	-0.053832	1.000000
GSA-rs1858821	22	31676454	NC	-0.089989	0.000000
GSA-rs74946037	22	31681368	NC	0.039212	0.497741
GSA-rs11089495	22	31685129	NC	0.017211	0.491781
GSA-rs41307239	22	31688249	NC	-0.034090	0.520776
rs9619183	22	31688583	NC	0.014145	0.501089
GSA-rs62239378	22	31699702	NC	0.030431	0.019335
GSA-rs139829417	22	31701184	NC	-0.091669	1.000000
GSA-rs34128648	22	31729557	NC	-0.113156	0.008982
rs34623833	22	31733556	NC	-0.017547	1.000000
chr22-31743437	22	31743437	NC	-0.046971	0.495538
GSA-rs12157806	22	31748126	NC	-0.016800	0.489905
GSA-rs35351984	22	31753376	NC	-0.054525	0.001628
GSA-rs7290752	22	31784399	NC	0.076973	0.487626
rs5997988	22	31838085	NC	0.091071	0.000000
rs17821048	22	31838469	NC	-0.069653	0.493400
rs146239944	22	31840638	NC	-0.011854	1.000000
GSA-rs16989638	22	31850607	NC	0.030134	0.002416
rs5753632	22	31863097	NC	0.007810	0.000000
GSA-rs17833819	22	31864941	NC	-0.098292	0.491685
rs11544091	22	31867903	NC	-0.020708	0.511620
GSA-rs141278764	22	31888007	NC	0.087750	0.995772
chr22-31904240	22	31904240	NC	-0.068587	0.010157
chr22-31942938	22	31942938	NC	0.000376	0.530539
GSA-rs16989753	22	31946282	NC	-0.039556	0.993798
GSA-rs189621917	22	31966051	NC	-0.032317	0.000000
rs16989291	22	31971282	NC	-0.055497	0.481413
chr22-31976260	22	31976260	NC	0.044973	0.002244
rs140987552	22	31979911	NC	0.051180	0.999610
rs1018490	22	31996625	NC	-0.054920	0.494057
rs6518752	22	31999127	NC	-0.000741	0.511904
GSA-rs8142346	22	32000872	NC	-0.006512	1.000000
chr22-32000873	22	32000873	NC	0.114720	0.494408
chr22-32003968	22	32003968	NC	-0.026814	0.985397
GSA-rs117683198	22	32005929	NC	0.005844	0.520652
rs9621295	22	32007153	NC	-0.013310	0.005375
chr22-32007810	22	32007810	NC	-0.024191	0.481150
GSA-rs55735011	22	32014161	NC	0.093459	0.491364
rs183406976	22	32019741	NC	0.143069	0.000000
GSA-rs192185952	22	32020180	NC	0.080056	1.000000
GSA-rs148680467	22	32023359	NC	0.076595	0.013892
rs11703808	22	32024980	NC	-0.023796	1.000000
GSA-rs12627933	22	32027449	NC	0.095222	0.996739
GSA-rs34103525	22	32044166	NC	-0.164338	0.506461
GSA-rs760908	22	32057501	NC	-0.141354	0.492359
GSA-rs16985133	22	32059436	NC	-0.027891	0.478505
GSA-rs1076674	22	32069433	NC	0.019712	0.984965
chr22-32072800	22	32072800	NC	0.016000	0.000000
GSA-rs9619224	22	32075899	NC	-0.179438	1.000000
rs6518754	22	32097775	NC	0.098926	0.504868
GSA-rs117161023	22	32099218	NC	-0.096368	0.478444
GSA-rs117989687	22	32104196	NC	0.081150	0.486065
GSA-rs16989427	22	32108475	NC	-0.013965	0.487059
rs141951516	22	32109581	NC	0.006568	0.491837
chr22-32109810	22	32109810	NC	0.046423	1.000000
GSA-rs140079	22	32110943	NC	0.051014	0.001190
GSA-rs117343825	22	32110988	NC	0.061259	0.998765
GSA-rs117519233	22	32113164	NC	0.004461	0.486002
rs112531886	22	32113269	NC	-0.027172	0.521193
rs112425519	22	32125521	NC	0.038093	0.000000
GSA-rs117415555	22	32145436	NC	-0.033487	0.000000
rs5998115	22	32151704	NC	0.056264	1.000000
GSA-rs73162142	22	32161567	NC	0.023319	0.513948
GSA-rs5753783	22	32175993	NC	0.107597	1.000000
GSA-rs117060288	22	32176540	NC	-0.000211	0.000000
GSA-rs117367634	22	32176704	NC	-0.042798	1.000000
rs187334123	22	32193632	NC	0.039412	0.011150
GSA-rs41311139	22	32200849	NC	-0.013449	0.500226
GSA-rs5998135	22	32205632	NC	0.028453	0.996250
GSA-rs149401731	22	32208399	NC	-0.035198	0.503582
rs181347577	22	32218692	NC	0.092362	0.985116
rs9606878	22	32220680	NC	0.010340	1.000000
GSA-rs5994434	22	32229649	NC	0.021610	0.001415
rs16989535	22	32229931	NC	-0.018153	0.000000
GSA-rs76541329	22	32230414	NC	-0.115573	1.000000
GSA-rs73162162	22	32232288	NC	-0.050285	0.014062
rs200841588	22	32232979	NC	0.011519	0.000000
GSA-rs118001924	22	32239739	NC	0.095100	0.000000
exm2261209	22	32263131	NC	0.030844	0.000000
rs1012068	22	32265903	NC	0.022984	0.515742
rs76409488	22	32266275	NC	-0.074027	1.000000
GSA-rs61731662	22	32266603	NC	0.011894	0.004265
rs200653339	22	32270378	NC	0.029108	1.000000
chr22-32275515	22	32275515	NC	-0.063507	0.495173
rs9621357	22	32275852	NC	-0.007453	0.511228
GSA-rs74279068	22	32287059	NC	-0.019354	0.521585
GSA-rs61516580	22	32294050	NC	0.014272	0.005859
rs5998165	22	32296000	NC	0.076161	0.495194
rs146449468	22	32302045	NC	0.001727	0.489046
GSA-rs74729600	22	32306245	NC	-0.106053	0.998847
rs5994451	22	32323511	NC	0.196259	0.978812
chr22-32334069	22	32334069	NC	-0.003261	1.000000
rs34154902	22	32335594	NC	0.099755	0.003935
rs3747158	22	32342976	NC	0.102557	0.999465
rs62240614	22	32364809	NC	-0.029170	0.494715
GSA-rs77424625	22	32370628	NC	0.052865	0.493059
rs17745316	22	32446805	NC	-0.110788	0.993272
GSA-rs117592915	22	32446856	NC	0.095868	1.000000
GSA-rs73162201	22	32452928	NC	-0.029443	0.017267
rs739009	22	32467651	NC	0.077354	0.502587
GSA-rs77312284	22	32470850	NC	-0.057073	0.508207
rs149749339	22	32473980	NC	0.083120	1.000000
rs4821037	22	32484201	NC	0.108525	0.499719
rs139555428	22	32492278	NC	-0.077183	0.000000
GSA-rs77843215	22	32500485	NC	0.142807	0.000000
rs17683807	22	32508004	NC	-0.035764	0.006107
rs9609427	22	32509440	NC	0.064702	1.000000
GSA-rs79038424	22	32528603	NC	-0.056282	1.000000
chr22-32545761	22	32545761	NC	0.049058	0.488280
GSA-rs76993883	22	32546126	NC	-0.013294	0.000000
chr22-32546978	22	32546978	NC	0.115301	0.508575
GSA-rs77647541	22	32552840	NC	-0.026383	0.499599
rs5998267	22	32554985	NC	-0.042207	1.000000
GSA-rs74958599	22	32557200	NC	0.050480	0.010317
rs8139657	22	32559835	NC	-0.024393	0.487943
GSA-rs12158564	22	32561588	NC	-0.052244	0.992409
rs136410	22	32574274	NC	0.064405	1.000000
rs55726571	22	32577520	NC	-0.065534	0.985948
rs136429	22	32579559	NC	0.059781	0.496888
rs136432	22	32580030	NC	-0.002151	0.511942
rs115898714	22	32581841	NC	-0.077545	0.481574
chr22-32587271	22	32587271	NC	0.070299	0.496064
GSA-rs9621401	22	32587348	NC	0.064573	0.005608
rs136478	22	32589023	NC	0.022141	0.012991
rs108211	22	32590449	NC	-0.077068	1.000000
GSA-rs73164026	22	32599642	NC	-0.011371	0.529259
GSA-rs713766	22	32606790	NC	-0.029286	0.486468
rs738203	22	32607074	NC	-0.053755	0.500190
rs2179064	22	32611236	NC	-0.164627	0.994445
rs12168696	22	32611862	NC	0.028585	0.508714
GSA-rs35413610	22	32615293	NC	0.029053	0.983151
GSA-rs76548786	22	32615811	NC	-0.027920	0.503615
rs73164039	22	32616870	NC	-0.075499	0.000000
GSA-rs143255157	22	32620724	NC	0.124837	0.014696
rs2179065	22	32624603	NC	0.095258	0.494066
rs2068209	22	32626908	NC	-0.019294	0.515880
GSA-rs35777893	22	32628357	NC	0.070135	0.506513
GSA-rs62239049	22	32628900	NC	0.041438	0.000000
chr22-32630946	22	32630946	NC	0.125076	0.512392
rs5994502	22	32632543	NC	-0.130421	0.530869
rs7289147	22	32633733	NC	0.033806	0.996239
GSA-rs7291681	22	32636089	NC	0.034600	0.515255
GSA-rs2294210	22	32640087	NC	0.100932	0.492338
GSA-rs76819573	22	32641892	NC	-0.083973	0.484452
rs2235168	22	32649431	NC	0.078287	0.010050
GSA-rs2235171	22	32650200	NC	-0.094522	0.496148
rs12169024	22	32651262	NC	0.102063	0.997881
rs16990065	22	32651306	NC	0.048834	0.499856
GSA-rs5994515	22	32655284	NC	-0.021956	0.528907
rs5998354	22	32656177	NC	0.099007	1.000000
rs5998359	22	32658620	NC	-0.059557	0.483207
rs56240204	22	32662384	NC	-0.054628	0.000000
rs10439908	22	32664241	NC	-0.001309	0.496621
GSA-rs5998364	22	32664612	NC	-0.012492	0.003206
GSA-rs12158434	22	32665507	NC	0.078668	0.000000
rs7290281	22	32666003	NC	0.064557	0.501229
rs4821041	22	32666627	NC	0.044302	0.503326
GSA-rs62241071	22	32666945	NC	-0.053653	0.992479
rs5753904	22	32667507	NC	-0.057621	0.500838
rs5753905	22	32668008	NC	0.018966	0.506788
GSA-rs74829750	22	32668904	NC	-0.002894	0.990530
GSA-rs62241072	22	32669044	NC	-0.125668	0.507868
rs11703509	22	32670765	NC	-0.088086	0.507785
GSA-rs75794907	22	32673200	NC	0.058547	1.000000
GSA-rs111602284	22	32675303	NC	-0.104458	0.527153
GSA-rs5749366	22	32679381	NC	-0.032002	1.000000
rs11089541	22	32679804	NC	-0.104247	0.477634
GSA-rs16990106	22	32683073	NC	0.085033	0.493134
rs28479043	22	32704752	NC	-0.072247	0.999104
GSA-rs76821034	22	32705515	NC	0.179269	0.012831
GSA-rs117852429	22	32707019	NC	-0.068341	0.000000
rs80065875	22	32712863	NC	0.025533	0.000000
rs5753968	22	32716956	NC	0.047240	0.505764
GSA-rs73166321	22	32717930	NC	-0.015469	0.000000
rs11704384	22	32719337	NC	-0.015653	0.498379
GSA-rs117799899	22	32719612	NC	0.023339	0.499501
rs16990207	22	32722207	NC	-0.071197	0.000000
rs2281032	22	32722963	NC	-0.026323	0.000000
rs66889006	22	32723038	NC	0.001168	0.516757
rs77165390	22	32723723	NC	0.050435	0.027173
GSA-rs80337063	22	32724253	NC	-0.056646	1.000000
rs5753981	22	32724611	NC	-0.033546	0.482901
rs2014137	22	32728966	NC	0.133822	0.990427
rs2076040	22	32729530	NC	0.050842	0.000000
GSA-rs112290541	22	32730830	NC	-0.000604	0.490594
rs5753991	22	32738182	NC	-0.041420	0.981507
rs5994550	22	32738469	NC	0.033383	0.997360
GSA-rs117686507	22	32739638	NC	-0.057372	0.510253
rs4343557	22	32744045	NC	-0.026142	0.008266
rs67967684	22	32747253	NC	0.090988	0.006610
rs12158983	22	32748873	NC	0.097711	1.000000
GSA-rs77461830	22	32750036	NC	0.052227	0.514291
GSA-rs57606003	22	32754232	NC	-0.010167	1.000000
GSA-rs16987625	22	32754306	NC	0.061267	0.000000
GSA-rs5754012	22	32755659	NC	-0.061691	0.000000
GSA-rs56317784	22	32756101	NC	-0.041658	0.510034
GSA-rs112985865	22	32757167	NC	0.046453	0.000000
GSA-rs74684401	22	32763112	NC	0.132786	0.485080
GSA-rs713620	22	32763523	NC	-0.060701	0.985821
GSA-rs11089560	22	32770087	NC	-0.022449	0.497335
GSA-rs5994560	22	32772712	NC	0.021544	0.000000
rs738268	22	32773266	NC	-0.080447	0.000000
GSA-rs45561934	22	32773382	NC	-0.006431	0.482246
GSA-rs144824927	22	32773493	NC	-0.024178	0.490791
rs7288975	22	32774472	NC	-0.006349	0.515931
GSA-rs12484512	22	32779131	NC	0.046259	1.000000
GSA-rs117491818	22	32779501	NC	-0.145057	0.523358
rs56923835	22	32785078	NC	0.100300	1.000000
GSA-rs79545976	22	32787802	NC	0.030822	0.508392
rs2294311	22	32793269	NC	-0.009813	0.991901
GSA-rs5749429	22	32803289	NC	0.017817	0.000000
rs9609537	22	32807769	NC	0.065139	0.000000
rs2049948	22	32808355	NC	0.006582	0.983508
GSA-rs742096	22	32809223	NC	-0.079505	0.498109
rs5998478	22	32811952	NC	0.068605	1.000000
rs73170318	22	32813600	NC	-0.038972	0.483113
rs722693	22	32814532	NC	-0.077859	0.490845
GSA-rs56252916	22	32818916	NC	0.065502	0.500750
GSA-rs117167553	22	32821648	NC	0.007057	0.492522
rs1543320	22	32823071	NC	-0.046359	0.486859
GSA-rs5749435	22	32823132	NC	0.043777	0.015909
GSA-rs16990445	22	32827586	NC	0.028441	1.000000
rs6518776	22	32830958	NC	-0.141173	0.994788
GSA-rs2076051	22	32831809	NC	-0.046263	0.004851
rs2076054	22	32832874	NC	0.080609	0.000000
GSA-rs74279750	22	32835943	NC	0.020281	0.509367
rs11704027	22	32836684	NC	0.022674	0.001372
rs2179166	22	32838376	NC	0.104622	0.017562
rs5998492	22	32838494	NC	-0.122462	0.000000
GSA-rs76006752	22	32842083	NC	0.001603	0.484705
rs7289943	22	32848703	NC	0.053873	0.000000
rs12628214	22	32850800	NC	0.031119	0.509348
GSA-rs73404930	22	32852855	NC	0.061861	0.507064
rs5998498	22	32853948	NC	0.043100	0.511721
GSA-rs1109363	22	32856516	NC	-0.034142	0.996610
rs760657	22	32857285	NC	-0.025849	0.995406
rs5998500	22	32859702	NC	0.066240	0.520251
GSA-rs117445809	22	32862027	NC	-0.001037	0.000000
rs9606958	22	32864879	NC	-0.011194	0.487766
rs5998504	22	32865604	NC	0.014218	0.014267
rs7291067	22	32873496	NC	0.037955	0.498445
GSA-rs41311141	22	32880006	NC	0.070497	1.000000
rs61730783	22	32880067	NC	-0.034875	0.000000
rs5749446	22	32880585	NC	-0.057953	0.998791
rs3788448	22	32882808	NC	-0.001344	0.007116
GSA-rs77881174	22	32894025	NC	0.003677	0.505116
GSA-rs117881779	22	32911747	NC	-0.120284	0.002354
rs2097312	22	32912277	NC	-0.136642	0.000000
rs150768274	22	32914312	NC	0.124408	0.484791
GSA-rs78835794	22	32921325	NC	-0.006104	0.997309
GSA-rs130452	22	32922125	NC	-0.018538	0.500717
GSA-rs117513935	22	32923673	NC	0.147640	0.503448
rs130456	22	32925170	NC	0.104765	0.986195
rs130459	22	32926413	NC	0.015343	0.484748
rs762909	22	32930568	NC	0.010889	0.000000
GSA-rs5754137	22	32935425	NC	0.139495	1.000000
GSA-rs73172131	22	32937112	NC	-0.087380	0.493459
rs117775223	22	32937292	NC	0.054830	1.000000
rs2710376	22	32944027	NC	-0.005781	0.489714
GSA-rs13057046	22	32946884	NC	-0.061195	0.505561
GSA-rs76765788	22	32947487	NC	0.004346	0.000000
rs74279759	22	32950839	NC	-0.064761	0.000000
GSA-rs9606982	22	32951827	NC	-0.028724	0.518483
rs2157189	22	32952012	NC	0.076649	0.000000
GSA-rs74504327	22	32954314	NC	-0.000366	0.504489
rs147461566	22	32956862	NC	0.042159	0.000000
GSA-rs743762	22	32959350	NC	-0.024324	0.489327
rs1016740	22	32963983	NC	-0.008089	0.508448
rs5998545	22	32968093	NC	0.096040	0.507999
rs11089577	22	32969167	NC	0.004958	0.497232
GSA-rs117817258	22	32969388	NC	0.083033	1.000000
rs17700302	22	32971498	NC	0.021007	0.491793
rs1962222	22	32971900	NC	-0.040627	0.499968
rs79184817	22	32978804	NC	0.056920	0.000000
rs131047	22	32980147	NC	-0.004125	0.000000
GSA-rs2858737	22	32980676	NC	0.008210	0.483669
rs131048	22	32981332	NC	-0.087945	1.000000
GSA-rs35118742	22	32982433	NC	-0.072021	0.003456
GSA-rs41490546	22	32989033	NC	0.075362	0.002556
GSA-rs61441850	22	32990228	NC	0.099513	0.000000
rs8142270	22	32990273	NC	-0.053972	0.492243
rs16990808	22	32994093	NC	0.002862	0.500223
rs74349262	22	32994224	NC	0.061048	0.512234
rs5998551	22	32995751	NC	-0.029626	0.474464
GSA-rs5998552	22	32995957	NC	-0.139421	0.500344
GSA-rs2858738	22	32998019	NC	-0.005047	0.000069
rs113964080	22	33000440	NC	0.074198	0.000062
GSA-rs16990830	22	33001199	NC	0.009748	0.995626
rs74872692	22	33001359	NC	0.000064	0.000000
rs2710357	22	33001708	NC	-0.009723	0.518406
GSA-rs9784225	22	33001950	NC	0.069290	0.520976
rs73154345	22	33006279	NC	0.000505	0.502696
rs5749471	22	33006503	NC	-0.025280	0.489986
rs60966625	22	33007142	NC	0.056060	0.492844
GSA-rs75019831	22	33007706	NC	-0.021502	0.994498
rs2051568	22	33025155	NC	0.078807	0.515364
GSA-rs7511209	22	33030026	NC	-0.042264	0.495314
GSA-rs117913131	22	33040513	NC	0.042165	0.000000
rs131067	22	33044995	NC	0.060286	0.492318
rs131068	22	33045395	NC	0.009751	1.000000
rs62234573	22	33045573	NC	0.110716	0.470120
rs743758	22	33045619	NC	0.030766	0.505734
rs5749480	22	33047706	NC	0.111324	0.001781
seq-rs4821083	22	33056341	NC	0.037533	1.000000
seq-rs2413143	22	33056859	NC	0.011614	0.513309
Seq-rs5749482	22	33059665	NC	0.072450	0.492541
rs199514849	22	33062231	NC	-0.029565	0.509182
rs201617498	22	33063726	NC	-0.079403	0.990055
GSA-rs114417675	22	33069689	NC	0.005558	0.017711
GSA-rs200480968	22	33074351	NC	0.014160	0.000000
GSA-rs115537417	22	33074506	NC	0.036695	0.489863
rs16991028	22	33095075	NC	0.005900	0.000000
rs5998590	22	33097662	NC	0.013504	0.988483
rs34223312	22	33102413	NC	-0.048463	0.506755
GSA-rs5754221	22	33103455	NC	0.037691	0.000000
GSA-rs5754227	22	33105817	NC	0.070836	0.000000
GSA-rs56247309	22	33110597	NC	0.036320	0.514092
rs73156418	22	33110986	NC	-0.086190	0.511342
GSA-rs145565405	22	33114815	NC	-0.064840	0.000000
rs743742	22	33116314	NC	-0.012610	0.991425
GSA-rs9619302	22	33117736	NC	0.024242	0.506795
rs5754232	22	33118048	NC	0.062972	0.507980
rs4821089	22	33118165	NC	-0.031399	0.004773
rs2008206	22	33124633	NC	0.068904	0.533608
rs9621546	22	33130898	NC	0.005937	0.498355
GSA-rs76285417	22	33131673	NC	-0.061813	1.000000
rs5754240	22	33132579	NC	0.037842	0.504107
GSA-rs77444040	22	33133216	NC	-0.062337	0.000000
rs62234590	22	33135514	NC	-0.009944	0.493507
rs5754243	22	33138682	NC	0.008765	0.000000
GSA-rs73156453	22	33139757	NC	-0.051182	0.503825
rs5994617	22	33142908	NC	-0.078848	0.991510
GSA-rs73156459	22	33146241	NC	-0.127524	0.996985
GSA-rs34843069	22	33147773	NC	-0.100455	0.495777
rs5994618	22	33151639	NC	0.002820	1.000000
rs5998620	22	33152977	NC	0.029492	0.505333
GSA-rs71313140	22	33158058	NC	0.076084	0.978751
rs4821099	22	33159636	NC	0.045705	0.502035
GSA-rs117524034	22	33160751	NC	0.087490	0.506543
GSA-rs117584916	22	33161627	NC	-0.112542	0.000000
rs130527	22	33163549	NC	0.093284	0.499228
GSA-rs117679254	22	33164873	NC	-0.012187	1.000000
GSA-rs61048961	22	33173596	NC	-0.047890	0.507218
rs17503	22	33173944	NC	-0.089760	0.994524
rs8142758	22	33174766	NC	0.000714	0.496262
GSA-rs16991182	22	33177192	NC	-0.052872	0.540864
rs3788507	22	33179223	NC	0.044248	0.497575
GSA-rs7290713	22	33188545	NC	0.047629	0.005704
rs5754289	22	33192544	NC	-0.047468	1.000000
GSA-rs5749516	22	33205757	NC	0.091610	0.000000
rs738992	22	33210005	NC	0.008736	0.496430
GSA-rs117055529	22	33211050	NC	0.074914	0.505189
rs242087	22	33219899	NC	0.173852	0.000000
GSA-rs117475847	22	33225732	NC	0.011712	0.499156
rs242076	22	33229830	NC	0.039569	0.492930
GSA-rs116959820	22	33234880	NC	-0.015704	0.501106
rs135029	22	33240290	NC	0.027327	0.497864
GSA-rs1427377	22	33247859	NC	-0.013995	1.000000
rs2283885	22	33248902	NC	-0.022698	0.500769
rs9609643	22	33251059	NC	-0.080167	0.518244
GSA-rs140989943	22	33257397	NC	0.105027	0.498285
rs11704123	22	33270222	NC	0.013141	0.000000
rs5754322	22	33272699	NC	-0.105988	0.987795
GSA-rs4437061	22	33273870	NC	-0.049578	0.482118
GSA-rs137500	22	33276686	NC	0.006862	0.501329
rs241900	22	33279237	NC	0.043054	0.493524
GSA-rs112552500	22	33280453	NC	-0.045630	0.475428
rs62234167	22	33281502	NC	0.003448	0.976127
rs137509	22	33284221	NC	-0.024399	0.014018
rs62234169	22	33286798	NC	0.012588	0.000000
rs715555	22	33288875	NC	0.022100	1.000000
GSA-rs58381381	22	33289510	NC	0.059138	0.009331
rs137518	22	33291742	NC	-0.010305	0.499860
GSA-rs137521	22	33292689	NC	0.028710	1.000000
GSA-rs4525790	22	33298616	NC	-0.024270	0.505471
rs137541	22	33305108	NC	-0.046325	0.514698
rs9621594	22	33312387	NC	-0.044874	0.998167
GSA-rs118084928	22	33327519	NC	0.021976	0.504136
GSA-rs137552	22	33328381	NC	-0.056211	0.488469
GSA-rs77159665	22	33328805	NC	0.011062	0.487740
GSA-rs118117769	22	33330335	NC	-0.039833	0.489322
GSA-rs114700096	22	33350798	NC	0.006189	0.000000
rs2081727	22	33366051	NC	0.005524	0.493913
rs241710	22	33381222	NC	-0.014259	1.000000
GSA-rs133932	22	33394092	NC	-0.009701	0.000000
GSA-rs117798020	22	33395071	NC	-0.031582	1.000000
rs133937	22	33395851	NC	0.084223	1.000000
rs145594072	22	33402604	NC	0.049686	0.000000
rs9609680	22	33408519	NC	0.041581	0.488808
rs5998693	22	33411326	NC	0.059973	0.026079
GSA-rs470008	22	33411446	NC	-0.078911	0.000000
GSA-rs78029473	22	33412520	NC	-0.130649	0.491609
GSA-rs12159195	22	33417607	NC	-0.072609	1.000000
rs133968	22	33422506	NC	0.044317	1.000000
rs9609686	22	33430734	NC	0.033425	0.003478
GSA-rs112577565	22	33437578	NC	-0.151483	0.497688
GSA-rs75409784	22	33441876	NC	0.054517	0.985184
GSA-rs16991717	22	33445757	NC	-0.059831	0.999010
GSA-rs117352804	22	33447328	NC	-0.003886	0.013075
rs2413163	22	33447946	NC	-0.088381	0.512677
GSA-rs73164308	22	33452626	NC	0.057994	0.000000
rs5754399	22	33453422	NC	0.069246	0.989680
GSA-rs9609700	22	33462254	NC	-0.014539	0.993155
GSA-rs13053449	22	33462739	NC	-0.011623	0.515334
rs9607009	22	33463222	NC	0.003668	0.499374
rs12484648	22	33465640	NC	0.045508	0.014758
rs9621631	22	33467057	NC	0.045009	0.005440
rs8142672	22	33469031	NC	-0.020335	0.518627
GSA-rs75957958	22	33470948	NC	-0.100299	0.014486
GSA-rs7290466	22	33473566	NC	-0.030048	0.509013
GSA-rs73164324	22	33478194	NC	-0.021332	0.000000
rs137297	22	33502167	NC	0.024768	0.517328
GSA-rs16991789	22	33504108	NC	-0.052456	0.976613
GSA-rs75766422	22	33508006	NC	-0.093629	0.497795
rs137304	22	33508318	NC	0.060537	0.000000
rs9609713	22	33510161	NC	-0.036797	0.000000
rs5994673	22	33511194	NC	-0.057826	0.513394
rs137307	22	33512106	NC	0.064637	0.498082
rs16991802	22	33512743	NC	0.016722	0.485466
rs137309	22	33514133	NC	0.031249	1.000000
rs11704565	22	33515087	NC	-0.003384	0.000000
rs10154506	22	33517666	NC	0.037129	0.000000
rs137326	22	33523109	NC	-0.008013	0.000000
rs77454334	22	33523221	NC	-0.102279	1.000000
rs137343	22	33527405	NC	-0.158032	0.005095
rs16991851	22	33531406	NC	0.010169	0.010620
GSA-rs12484905	22	33533165	NC	0.023300	1.000000
GSA-rs2899201	22	33535376	NC	0.025106	0.004241
GSA-rs142651052	22	33546519	NC	0.084278	0.489107
rs1894487	22	33556550	NC	-0.008595	0.503640
GSA-rs62232857	22	33559108	NC	0.045204	0.476234
GSA-rs9609728	22	33561625	NC	0.061024	0.515674
GSA-rs117041748	22	33563455	NC	0.019776	0.000000
rs916244	22	33563878	NC	0.010286	0.997392
rs5994685	22	33565203	NC	0.038285	0.000000
GSA-rs118141134	22	33570845	NC	-0.013114	1.000000
rs7289448	22	33589432	NC	0.067026	0.484805
GSA-rs73881993	22	33592362	NC	0.038945	0.478062
GSA-rs117939117	22	33594683	NC	0.038774	0.019662
GSA-rs76436945	22	33609311	NC	0.029953	0.501929
GSA-rs116907235	22	33612126	NC	-0.047213	0.508173
GSA-rs137466	22	33617882	NC	0.140744	0.501270
GSA-rs116910985	22	33617929	NC	0.011456	0.520607
rs5998822	22	33628586	NC	0.005598	1.000000
GSA-rs117149295	22	33635267	NC	0.009401	0.495867
GSA-rs4141436	22	33637087	NC	0.023466	0.994378
rs5749583	22	33637381	NC	-0.002077	0.487915
rs8140859	22	33650045	NC	-0.059890	1.000000
rs7286135	22	33656156	NC	-0.026096	1.000000
GSA-rs78318013	22	33656603	NC	0.049271	0.001440
rs5994706	22	33659787	NC	-0.066863	0.505366
GSA-rs117946433	22	33668456	NC	-0.031841	0.993978
GSA-rs16992036	22	33670206	NC	0.134154	0.000000
GSA-rs79223970	22	33672085	NC	-0.026890	0.016255
GSA-rs147997439	22	33672688	NC	0.102705	0.490837
rs1046166	22	33673125	NC	0.016146	0.985355
rs113802410	22	33694613	NC	-0.083747	0.481921
GSA-rs77125923	22	33700965	NC	-0.177025	0.023797
rs9609757	22	33701527	NC	-0.015596	0.988785
GSA-rs12160591	22	33703156	NC	-0.001043	0.514042
GSA-rs73166244	22	33706945	NC	0.040255	0.020098
GSA-rs79473513	22	33726911	NC	-0.031755	0.481664
rs2283889	22	33728035	NC	-0.012037	1.000000
GSA-rs73401440	22	33729399	NC	-0.222415	0.013288
rs5998876	22	33729763	NC	0.006353	0.511556
GSA-rs5998881	22	33730575	NC	0.019853	0.021339
GSA-rs5998882	22	33730608	NC	0.028632	0.995855
rs200603479	22	33733678	NC	-0.041009	0.483342
rs74431614	22	33734152	NC	-0.001034	0.002980
GSA-rs117902709	22	33738709	NC	-0.056262	0.508484
rs4401302	22	33740860	NC	-0.137371	0.008652
rs2142550	22	33743341	NC	-0.050432	1.000000
rs4820102	22	33751062	NC	0.090458	0.999270
GSA-rs5749607	22	33758173	NC	-0.018304	0.000000
GSA-rs112584087	22	33764669	NC	-0.027504	0.004272
rs9607038	22	33776882	NC	0.170218	0.987386
GSA-rs16992221	22	33777684	NC	0.057263	0.505289
seq-rs398124181	22	33777934	NC	0.056679	0.496398
GSA-rs116963584	22	33787184	NC	-0.114714	0.485430
rs2283904	22	33800119	NC	-0.070486	0.503280
GSA-rs74739479	22	33802257	NC	-0.023965	1.000000
rs117531661	22	33804893	NC	0.037618	1.000000
rs7287710	22	33807636	NC	-0.090004	0.520117
rs16992290	22	33811494	NC	-0.006405	0.983766
rs2267204	22	33816222	NC	-0.004636	0.000000
seq-rs76035097	22	33817219	NC	0.034831	0.478295
GSA-rs5998938	22	33820640	NC	0.001183	0.994062
rs724776	22	33826566	NC	-0.024414	0.489839
GSA-rs117954898	22	33826743	NC	-0.043662	0.002186
GSA-rs73166278	22	33828432	NC	0.005010	0.506350
rs760541	22	33831448	NC	-0.055110	0.000000
rs713740	22	33832735	NC	0.053966	0.494497
GSA-rs8136468	22	33840615	NC	-0.133814	0.510184
rs5754553	22	33842671	NC	-0.035255	1.000000
rs16992351	22	33843452	NC	0.006951	0.497047
GSA-rs112161767	22	33843956	NC	0.102909	0.509769
rs7284478	22	33845817	NC	0.143116	0.493208
rs5754558	22	33848010	NC	0.001195	0.000000
rs5754560	22	33848370	NC	0.018573	0.994099
GSA-rs147911245	22	33870884	NC	0.130301	0.000000
rs5749617	22	33875161	NC	-0.141406	0.488974
rs739026	22	33890629	NC	0.065896	0.030396
rs9306279	22	33893601	NC	0.027040	0.489604
rs73168505	22	33900964	NC	-0.026628	0.507543
GSA-rs2267222	22	33904754	NC	0.066617	0.504277
rs74580954	22	33916477	NC	0.031480	0.990919
GSA-rs192600202	22	33919903	NC	-0.081161	1.000000
rs28650128	22	33924787	NC	-0.086401	0.989966
rs5754597	22	33932624	NC	-0.127239	0.983413
rs2283911	22	33941163	NC	0.079341	1.000000
GSA-rs5994774	22	33945678	NC	-0.035776	0.491953
GSA-rs77655891	22	33949704	NC	0.016331	0.000000
rs762058	22	33950537	NC	0.062950	0.497428
rs5999012	22	33954321	NC	0.017573	0.508959
GSA-rs139003089	22	33962732	NC	-0.115740	0.016735
rs5754611	22	33962949	NC	0.081823	0.506299
rs3819662	22	33965497	NC	-0.055774	0.008220
GSA-rs9619358	22	33967686	NC	-0.003642	1.000000
GSA-rs80159209	22	33979353	NC	0.008188	1.000000
GSA-rs73168556	22	33983411	NC	-0.143501	1.000000
rs20301	22	33983594	NC	-0.040961	0.498233
GSA-rs130423	22	33984394	NC	0.049565	0.011923
GSA-rs9609838	22	33992584	NC	0.005119	0.008815
GSA-rs117342842	22	33996191	NC	0.130425	0.000000
rs695504	22	34000230	NC	0.051603	1.000000
GSA-rs77923846	22	34004270	NC	-0.013262	0.487022
GSA-rs79022411	22	34005555	NC	0.068023	0.000000
rs9306281	22	34013807	NC	-0.020558	0.000000
rs240590	22	34021876	NC	0.093741	0.485382
GSA-rs117818422	22	34022024	NC	0.018007	0.501621
GSA-rs86487	22	34022284	NC	0.078013	0.974476
GSA-rs117886697	22	34031711	NC	-0.018584	1.000000
GSA-rs36104592	22	34045644	NC	0.002775	0.996437
rs5754630	22	34047793	NC	-0.043063	0.973959
GSA-rs73168601	22	34049393	NC	0.048273	1.000000
GSA-rs240343	22	34053443	NC	-0.033569	0.007282
rs240353	22	34061053	NC	-0.125098	0.993204
rs13055437	22	34061215	NC	0.158796	1.000000
GSA-rs5754632	22	34061221	NC	0.002670	0.019167
GSA-rs240358	22	34066384	NC	-0.006788	0.496771
GSA-rs2267250	22	34067054	NC	-0.054373	0.498561
GSA-rs60018166	22	34068825	NC	-0.043838	1.000000
rs4821173	22	34070821	NC	0.043143	0.518926
GSA-rs5999051	22	34071663	NC	-0.013418	0.985869
rs17733474	22	34077047	NC	0.042343	0.498584
rs5999058	22	34079989	NC	-0.012341	0.991755
rs2016485	22	34086416	NC	-0.004823	0.502308
rs240073	22	34086494	NC	0.137004	0.990374
GSA-rs117438669	22	34089863	NC	-0.001072	0.505182
rs7285897	22	34090440	NC	-0.025806	0.483421
rs73170527	22	34092189	NC	-0.049496	0.501286
rs240080	22	34096135	NC	0.001810	0.998871
rs2283933	22	34098342	NC	0.044802	0.486710
GSA-rs116919510	22	34103188	NC	-0.069399	0.011995
GSA-rs11704291	22	34103264	NC	0.021436	1.000000
rs8142640	22	34108174	NC	0.095004	0.512472
GSA-rs62225399	22	34109454	NC	-0.052908	0.507013
GSA-rs1979254	22	34110028	NC	-0.150367	0.491678
GSA-rs78148531	22	34113347	NC	-0.101570	0.496043
GSA-rs74649057	22	34117355	NC	0.049609	0.498769
rs79064313	22	34119032	NC	0.035915	0.526734
GSA-rs78979622	22	34119682	NC	-0.022869	0.509015
rs2283934	22	34133896	NC	0.072380	0.502082
rs239330	22	34135007	NC	-0.054014	0.508944
rs183516365	22	34144122	NC	0.014982	1.000000
rs5999084	22	34144823	NC	0.111106	0.005466
GSA-rs116318797	22	34145542	NC	-0.026064	0.511634
rs491508	22	34152899	NC	0.079559	0.000000
rs478038	22	34153395	NC	-0.000609	1.000000
rs482565	22	34153853	NC	0.018453	0.962275
GSA-rs2283940	22	34154020	NC	0.040621	0.503521
GSA-rs1008501	22	34154285	NC	0.022765	0.489372
GSA-rs73170575	22	34155838	NC	-0.052374	0.488639
GSA-rs238857	22	34156544	NC	-0.066557	0.511099
rs446869	22	34161718	NC	0.040067	0.505698
rs28374	22	34166139	NC	0.093798	0.000000
GSA-rs75911645	22	34167296	NC	-0.133736	0.494172
GSA-rs238865	22	34169292	NC	-0.091858	0.010044
rs454398	22	34171993	NC	0.041187	0.992024
rs686137	22	34172588	NC	-0.030435	0.477045
GSA-rs73170585	22	34176109	NC	-0.066614	0.473572
GSA-rs117049039	22	34179621	NC	-0.099646	0.479425
GSA-rs11705320	22	34187093	NC	0.104392	0.516292
rs62225450	22	34196332	NC	-0.029992	1.000000
GSA-rs5754683	22	34202493	NC	-0.010160	0.496805
GSA-rs1018786	22	34206039	NC	-0.028085	0.015701
rs16993070	22	34207052	NC	-0.169749	1.000000
GSA-rs76297586	22	34208551	NC	0.038453	0.987003
GSA-rs118089314	22	34210843	NC	0.042660	0.495633
GSA-rs77152715	22	34210917	NC	0.114734	0.497611
GSA-rs16993089	22	34212201	NC	0.001319	0.013275
rs4821185	22	34215828	NC	-0.040883	0.502835
rs9621774	22	34218171	NC	0.048025	0.992621
rs5999113	22	34218798	NC	-0.009660	0.508758
GSA-rs2267296	22	34219939	NC	-0.007122	0.503856
rs3819671	22	34226685	NC	-0.044777	0.478103
GSA-rs75251240	22	34234855	NC	-0.098443	0.007409
GSA-rs2253085	22	34245401	NC	-0.069345	0.502423
rs2267306	22	34247794	NC	0.037181	0.491345
rs1009385	22	34249434	NC	0.054149	0.000360
rs764025	22	34249717	NC	-0.023432	1.000000
GSA-rs78301074	22	34258472	NC	0.054266	1.000000
rs1009730	22	34260738	NC	-0.016455	0.493338
rs75915473	22	34267987	NC	0.064958	0.993451
rs5754734	22	34270693	NC	0.005859	0.506069
GSA-rs75348684	22	34271409	NC	0.056020	0.000000
rs61040607	22	34272509	NC	-0.006846	0.021002
rs7287612	22	34277434	NC	0.028864	0.006331
GSA-rs117614152	22	34279596	NC	-0.111859	0.017682
GSA-rs2213360	22	34291750	NC	-0.009727	0.986376
GSA-rs9607089	22	34294069	NC	-0.025816	0.499507
rs2267314	22	34295410	NC	-0.000491	0.531206
GSA-rs62225071	22	34298354	NC	0.015212	0.000000
rs35122921	22	34300734	NC	0.015282	1.000000
GSA-rs117636421	22	34302336	NC	0.044898	0.510928
GSA-rs115021528	22	34304283	NC	0.036305	0.001077
GSA-rs73154565	22	34306502	NC	0.159948	1.000000
rs2267327	22	34315577	NC	0.005173	0.000000
rs12628949	22	34320457	NC	0.004369	0.002980
GSA-rs5999144	22	34322368	NC	-0.027790	0.000000
GSA-rs137890002	22	34323287	NC	0.004543	0.000537
GSA-rs73154578	22	34325547	NC	-0.059114	0.489966
rs7284214	22	34326399	NC	-0.046733	0.994253
rs4820125	22	34332195	NC	0.043062	0.001149
GSA-rs76817235	22	34336250	NC	0.093753	0.497350
GSA-rs8135664	22	34337020	NC	0.054644	1.000000
rs5999160	22	34354273	NC	-0.005965	0.014034
rs5754772	22	34357236	NC	-0.012501	0.008849
rs9609893	22	34359717	NC	0.088423	0.505316
GSA-rs9621823	22	34361770	NC	-0.021908	0.494496
GSA-rs75879424	22	34368674	NC	-0.104269	0.509514
GSA-rs2066894	22	34389955	NC	0.005698	1.000000
rs4820127	22	34395171	NC	0.175643	0.013992
rs20065	22	34400253	NC	-0.025914	0.014005
GSA-rs9609905	22	34400890	NC	-0.046982	0.503284
GSA-rs117670753	22	34411707	NC	-0.012223	0.020935
rs5749711	22	34411714	NC	-0.031365	0.000000
GSA-rs1002622	22	34412897	NC	-0.030678	0.493764
rs242885	22	34423169	NC	0.007021	0.487924
GSA-rs75138165	22	34437237	NC	0.020925	0.498146
GSA-rs117100571	22	34454537	NC	-0.074889	0.507119
GSA-rs9609935	22	34458847	NC	0.006134	0.491582
GSA-rs111363401	22	34460730	NC	-0.215278	0.529314
rs1495664	22	34466882	NC	0.091101	0.000000
rs35482368	22	34469447	NC	-0.001624	0.507028
rs73412905	22	34474370	NC	-0.098357	0.519138
rs2213325	22	34474560	NC	-0.032754	1.000000
GSA-rs5994839	22	34484181	NC	0.047186	0.498721
GSA-rs57208417	22	34486857	NC	0.102178	0.000000
GSA-rs80019988	22	34493647	NC	0.030741	0.994212
GSA-rs117114797	22	34507140	NC	-0.056988	0.987517
GSA-rs74825783	22	34509709	NC	-0.076418	1.000000
rs243001	22	34514810	NC	0.010769	0.515308
rs210804	22	34519226	NC	-0.045641	0.013664
GSA-rs117511034	22	34523555	NC	-0.079302	0.499425
GSA-rs55734830	22	34523560	NC	-0.037044	1.000000
GSA-rs73884366	22	34525115	NC	-0.018670	0.494811
GSA-rs73155955	22	34536720	NC	0.044354	0.507945
rs4820135	22	34537450	NC	-0.038158	0.000000
rs202318	22	34545788	NC	-0.089766	0.498494
rs113757848	22	34545881	NC	-0.051780	0.000000
GSA-rs72620421	22	34550083	NC	0.089538	0.996695
rs387332	22	34550905	NC	-0.075285	0.000000
GSA-rs117001792	22	34551061	NC	0.049022	0.987426
GSA-rs118098513	22	34553443	NC	0.080141	1.000000
rs12485116	22	34560376	NC	0.008585	0.501442
GSA-rs805	22	34562299	NC	0.017924	0.000000
GSA-rs149839190	22	34570681	NC	0.013672	1.000000
GSA-rs73155975	22	34574038	NC	0.068979	0.497648
rs28488746	22	34582279	NC	0.037294	0.491791
rs9619407	22	34589966	NC	-0.047230	1.000000
GSA-rs16993739	22	34603597	NC	0.027719	0.516114
GSA-rs73158209	22	34605946	NC	-0.050850	0.500318
GSA-rs17750048	22	34620442	NC	0.001826	0.993676
GSA-rs141668555	22	34621964	NC	0.020701	0.489934
GSA-rs61576961	22	34624564	NC	-0.110046	0.506113
GSA-rs5754915	22	34640618	NC	-0.008839	0.001671
GSA-rs5999265	22	34654148	NC	-0.065978	0.988123
GSA-rs144770313	22	34657069	NC	0.085739	1.000000
rs5999273	22	34668311	NC	-0.068955	0.505634
rs1489889	22	34668330	NC	-0.068290	0.494928
GSA-rs75522975	22	34672001	NC	0.032778	1.000000
rs202916	22	34681163	NC	-0.044026	0.484035
rs77032654	22	34682265	NC	0.087747	0.000000
GSA-rs73158227	22	34687670	NC	0.058673	0.998655
GSA-rs62229383	22	34689189	NC	0.055240	0.498055
GSA-rs74607744	22	34694532	NC	0.106800	0.507219
GSA-rs76069891	22	34698408	NC	0.121765	0.987696
GSA-rs16993879	22	34708649	NC	-0.007687	0.492681
rs116952230	22	34719475	NC	-0.034309	0.515138
GSA-rs137960681	22	34723559	NC	0.008439	0.518971
GSA-rs118047770	22	34731553	NC	-0.032380	0.989103
GSA-rs435788	22	34735373	NC	-0.001859	0.464770
GSA-rs79200805	22	34735732	NC	0.106484	0.016379
rs116347652	22	34741985	NC	-0.167275	0.521341
GSA-rs169467	22	34745198	NC	0.097370	0.500639
GSA-rs117942242	22	34746805	NC	0.047928	1.000000
GSA-rs75404604	22	34750997	NC	-0.066933	1.000000
GSA-rs74386978	22	34751133	NC	0.033220	0.000000
rs130958	22	34772326	NC	-0.038064	0.994871
GSA-rs7289740	22	34773031	NC	-0.004632	0.505352
rs79169662	22	34775367	NC	0.046347	0.523044
GSA-rs34188027	22	34787677	NC	0.009906	0.490336
rs62230979	22	34797119	NC	0.063864	0.019781
rs567800	22	34798245	NC	0.011208	0.506125
rs5755023	22	34799261	NC	0.005247	0.494267
rs9619442	22	34802671	NC	-0.007952	0.511926
rs11089669	22	34803550	NC	-0.025831	0.508885
GSA-rs5755038	22	34811838	NC	-0.024975	0.508927
rs1459025	22	34812333	NC	-0.095542	0.000000
rs8136825	22	34815889	NC	0.103395	0.511422
rs4821256	22	34817038	NC	-0.034536	0.011733
rs1005285	22	34828825	NC	-0.028832	0.519891
rs112308716	22	34832739	NC	0.068401	0.475581
GSA-rs1380148	22	34842677	NC	0.042154	0.509051
GSA-rs74809596	22	34846202	NC	-0.007076	0.000000
rs11913296	22	34846352	NC	0.032522	0.489062
GSA-rs17824280	22	34847299	NC	0.059393	0.503743
GSA-rs2017523	22	34848550	NC	0.069939	0.993317
rs1459037	22	34851133	NC	-0.049424	0.481936
GSA-rs73160346	22	34869455	NC	-0.075835	1.000000
rs9607149	22	34898423	NC	-0.014763	0.989990
rs743726	22	34903156	NC	0.110407	1.000000
GSA-rs117003882	22	34911380	NC	-0.033249	0.475052
GSA-rs16994296	22	34918250	NC	0.051836	0.495181
rs2223271	22	34920388	NC	-0.018932	0.985622
rs8135889	22	34926457	NC	0.030705	0.503420
GSA-rs76039265	22	34929202	NC	0.062237	1.000000
rs2413241	22	34934348	NC	0.038731	0.511475
GSA-rs74548106	22	34936608	NC	0.011556	0.497769
rs5755093	22	34940942	NC	-0.012081	0.000000
GSA-rs76412680	22	34962560	NC	-0.009338	0.003785
GSA-rs79089830	22	34963722	NC	0.085046	0.498903
rs4821264	22	34977907	NC	-0.005276	0.483924
GSA-rs77392743	22	34985127	NC	-0.093994	0.508681
rs5749887	22	34985195	NC	0.072557	0.006530
rs9621974	22	34988887	NC	-0.088353	0.518229
GSA-rs12159812	22	34990465	NC	-0.023843	0.512681
GSA-rs5999462	22	35001232	NC	0.015916	1.000000
GSA-rs75317049	22	35001433	NC	0.091902	0.002318
GSA-rs77703510	22	35001774	NC	0.100630	0.015759
GSA-rs117019075	22	35003222	NC	-0.124329	0.488377
rs2008588	22	35027585	NC	0.101184	0.000000
rs5755167	22	35027996	NC	-0.013337	0.012005
GSA-rs5999481	22	35031598	NC	0.002893	0.016733
rs5755174	22	35033249	NC	0.063078	0.999653
GSA-rs5749912	22	35036942	NC	0.044238	0.019217
rs16994484	22	35039035	NC	0.013966	0.499762
GSA-rs16994504	22	35047216	NC	-0.050589	0.502343
GSA-rs16994510	22	35048291	NC	-0.026959	1.000000
GSA-rs117858247	22	35055905	NC	0.082458	1.000000
GSA-rs5755200	22	35057629	NC	0.032615	0.501879
GSA-rs5999503	22	35092473	NC	0.018356	0.510632
GSA-rs4464372	22	35095967	NC	0.007623	0.489098
rs112211069	22	35098555	NC	-0.075497	0.521921
GSA-rs17772681	22	35108876	NC	0.055196	0.486569
GSA-rs118136083	22	35109337	NC	0.007598	0.986606
rs4552280	22	35131487	NC	-0.000879	1.000000
GSA-rs118022016	22	35140389	NC	-0.082925	0.495006
GSA-rs117180471	22	35147080	NC	-0.017140	0.978375
GSA-rs117925008	22	35151151	NC	0.115938	1.000000
GSA-rs117983151	22	35151714	NC	-0.064733	0.000000
rs137260	22	35157380	NC	-0.082805	0.490549
GSA-rs149476257	22	35158586	NC	0.055440	1.000000
GSA-rs117748658	22	35166424	NC	0.070437	0.000000
GSA-rs117601797	22	35168581	NC	-0.067095	0.488549
GSA-rs5994992	22	35170796	NC	-0.023559	0.491221
rs137280	22	35171071	NC	-0.037981	0.000000
GSA-rs117921466	22	35173016	NC	-0.011282	0.507047
GSA-rs34125559	22	35192087	NC	0.039912	0.486205
rs1028342	22	35202015	NC	0.144492	0.484827
GSA-rs1028343	22	35202152	NC	-0.085441	0.011426
GSA-rs117127489	22	35209406	NC	0.004333	0.003163
GSA-rs73164191	22	35211032	NC	-0.022146	0.489798
GSA-rs5755319	22	35211173	NC	0.077163	0.509785
rs16994824	22	35224378	NC	-0.053541	0.500668
GSA-rs12159254	22	35225787	NC	0.021460	1.000000
rs742296	22	35238768	NC	0.130948	0.988015
rs6518912	22	35250911	NC	-0.033263	0.494572
GSA-rs5749982	22	35258961	NC	-0.026723	0.476708
GSA-rs5999603	22	35272702	NC	0.062304	0.015880
GSA-rs8139897	22	35292292	NC	0.002851	0.502664
GSA-rs75482202	22	35296277	NC	0.066313	0.023011
rs5755407	22	35298506	NC	-0.062127	0.491789
rs1573674	22	35301788	NC	0.017381	0.533426
GSA-rs5755409	22	35309065	NC	0.142626	0.000000
GSA-rs117649015	22	35317012	NC	0.061615	0.507413
GSA-rs149959934	22	35328916	NC	0.067576	0.506566
rs17702926	22	35330410	NC	-0.019281	0.997981
rs5999636	22	35331041	NC	-0.059952	1.000000
rs5755436	22	35337195	NC	0.020276	0.000000
rs4256058	22	35339383	NC	0.113474	0.996418
rs5755445	22	35342654	NC	-0.003055	1.000000
rs5750007	22	35347360	NC	0.000502	0.511633
GSA-rs117163221	22	35347797	NC	-0.031141	0.484136
rs5755451	22	35349368	NC	-0.071719	1.000000
rs12167710	22	35352397	NC	0.005049	0.988108
rs8137046	22	35353262	NC	0.098962	1.000000
rs1013513	22	35353740	NC	0.036640	1.000000
rs3859840	22	35359702	NC	-0.019849	0.008426
rs9610179	22	35360057	NC	-0.072165	1.000000
GSA-rs9610180	22	35360118	NC	0.033351	0.518711
GSA-rs78400796	22	35360419	NC	-0.066676	1.000000
rs12160261	22	35366055	NC	0.044247	0.500139
GSA-rs4821334	22	35370103	NC	-0.039911	0.000000
rs9619497	22	35371248	NC	0.035086	0.003804
GSA-rs5755470	22	35371444	NC	-0.050919	1.000000
GSA-rs73166090	22	35372628	NC	-0.015995	0.485568
GSA-rs5755472	22	35373807	NC	0.008334	0.000000
rs4541330	22	35375665	NC	0.044791	0.480776
rs73166096	22	35378256	NC	-0.085631	0.497714
rs5755486	22	35386401	NC	-0.119026	0.002432
rs5750023	22	35395550	NC	0.007437	0.497085
GSA-rs76592472	22	35398125	NC	0.019378	0.984636
rs62243115	22	35400639	NC	0.058478	1.000000
rs62243117	22	35406283	NC	0.092159	0.502885
rs5999675	22	35408124	NC	-0.091387	0.501002
rs73882994	22	35410898	NC	-0.021105	0.004474
rs5750031	22	35413447	NC	0.008873	0.496336
rs5750033	22	35414017	NC	-0.125341	0.007877
GSA-rs5755525	22	35419169	NC	-0.060832	0.011021
GSA-rs5755535	22	35429977	NC	-0.034950	0.465169
GSA-rs117405443	22	35430897	NC	-0.030567	0.503836
rs1080045	22	35433821	NC	-0.083576	0.000638
rs9622106	22	35436793	NC	0.090317	0.007400
rs5999687	22	35440082	NC	0.101525	0.014921
GSA-rs80097772	22	35441637	NC	0.030321	0.003865
rs5755544	22	35443419	NC	-0.001995	0.493653
rs5750041	22	35444010	NC	0.010775	1.000000
GSA-rs78283013	22	35444362	NC	-0.054508	0.000000
GSA-rs5999690	22	35450940	NC	0.054796	0.479988
GSA-rs118137268	22	35472266	NC	0.003783	0.516047
rs5750056	22	35474058	NC	-0.078119	0.491966
GSA-rs7510980	22	35474647	NC	0.011888	0.474062
GSA-rs117112372	22	35475457	NC	-0.013722	0.513090
rs8140287	22	35478529	NC	0.009031	0.993833
chr22-35478663	22	35478663	NC	-0.063928	0.508161
chr22-35480394	22	35480394	NC	-0.005283	0.000000
chr22-35480442	22	35480442	NC	0.049305	1.000000
rs61735502	22	35481493	NC	0.029130	1.000000
rs11089728	22	35492313	NC	-0.013315	0.002733
rs73168082	22	35498652	NC	-0.177064	1.000000
GSA-rs9622142	22	35499256	NC	0.113024	0.990673
rs134198	22	35505610	NC	0.069054	0.503474
rs5995062	22	35507831	NC	-0.002338	0.000000
rs28581	22	35513951	NC	-0.139707	0.515827
rs5750060	22	35516556	NC	0.060112	0.999022
GSA-rs80187279	22	35522108	NC	0.187328	1.000000
rs9610221	22	35533126	NC	0.019618	0.000000
GSA-rs16995370	22	35537036	NC	-0.024064	0.482257
rs5999742	22	35540423	NC	-0.029595	0.501333
rs5999743	22	35540602	NC	0.058632	0.506828
GSA-rs9610224	22	35541191	NC	-0.047682	0.500243
GSA-rs2413301	22	35543391	NC	-0.033445	0.000000
GSA-rs116973367	22	35554537	NC	0.035717	0.475663
rs7288245	22	35577382	NC	-0.110774	0.986235
GSA-rs62243533	22	35579481	NC	0.005074	0.503403
rs134432	22	35588844	NC	-0.051130	0.488416
GSA-rs118001361	22	35615574	NC	0.028129	0.001696
rs9622162	22	35615960	NC	0.030186	0.496186
GSA-rs9622164	22	35616077	NC	0.033280	0.486080
rs2103642	22	35631590	NC	-0.017580	0.511060
GSA-rs1053593	22	35660875	NC	0.080185	0.497458
exm2273062	22	35663523	NC	0.025919	0.993125
rs2272790	22	35680095	NC	0.037603	0.991011
GSA-rs73170193	22	35699103	NC	0.155674	0.982748
GSA-rs13057416	22	35704080	NC	-0.112182	0.514802
rs112823782	22	35707588	NC	-0.123285	0.988518
rs138777	22	35711098	NC	0.038120	1.000000
GSA-rs138780	22	35712553	NC	0.054459	0.000000
rs10483190	22	35722011	NC	0.125976	0.985544
rs4466	22	35723831	NC	0.056018	0.977568
rs35352978	22	35726376	NC	0.020136	0.000000
GSA-rs13055137	22	35727976	NC	0.010398	0.505639
rs138786	22	35728466	NC	0.046338	0.505893
rs5999797	22	35731175	NC	0.065112	0.505673
rs4467	22	35731245	NC	-0.095773	0.509732
GSA-rs138794	22	35733654	NC	-0.033784	0.493528
chr22-35741717	22	35741717	NC	0.037240	0.510755
rs114628428	22	35742762	NC	-0.109019	0.490683
GSA-rs79861874	22	35758019	NC	0.084187	0.998894
rs4359744	22	35761650	NC	-0.032716	0.003769
GSA-rs17882950	22	35774920	NC	-0.095626	0.510654
rs4820192	22	35777984	NC	-0.034683	0.500455
rs199554283	22	35779124	NC	-0.004740	0.489788
rs77672261	22	35779162	NC	0.069155	1.000000
rs141730669	22	35782786	NC	-0.035648	0.010277
GSA-rs75125910	22	35786659	NC	0.012898	0.997312
rs148193694	22	35789560	NC	-0.067809	0.493795
rs743811	22	35792974	NC	-0.027541	0.494266
rs743815	22	35797333	NC	-0.007206	0.494907
GSA-rs4645747	22	35798935	NC	-0.022875	0.999945
rs12170872	22	35799487	NC	0.066017	0.509358
rs140426201	22	35799525	NC	-0.006147	0.995357
rs142715814	22	35802675	NC	-0.080898	1.000000
rs183229097	22	35804479	NC	-0.049408	0.985510
GSA-rs133414	22	35805720	NC	0.149131	1.000000
GSA-rs4645774	22	35805870	NC	-0.071120	0.486912
rs199849804	22	35808550	NC	0.057389	0.496969
rs2071740	22	35814215	NC	0.102651	0.000000
rs199544487	22	35815980	NC	-0.002933	1.000000
rs133431	22	35817597	NC	-0.003298	0.511884
rs133433	22	35818398	NC	-0.088373	0.000000
GSA-rs28676939	22	35836634	NC	-0.070466	0.538841
GSA-rs116859443	22	35843799	NC	-0.011983	0.998508
GSA-rs76972169	22	35844298	NC	-0.075345	0.000000
rs28535885	22	35851976	NC	-0.081967	0.000000
GSA-rs78841212	22	35864572	NC	0.011729	0.503563
rs28708905	22	35865844	NC	0.024834	0.000000
GSA-rs117054179	22	35868337	NC	-0.081006	1.000000
rs73154026	22	35879081	NC	-0.185117	0.997941
GSA-rs118075321	22	35879139	NC	0.059500	1.000000
GSA-rs117626002	22	35882281	NC	0.011987	0.505055
GSA-rs28707161	22	35882725	NC	0.003640	0.499946
GSA-rs77512881	22	35885798	NC	-0.017871	0.506496
rs9622202	22	35890112	NC	-0.039752	0.002031
rs5995106	22	35892277	NC	-0.031391	0.476893
rs909704	22	35899384	NC	-0.080954	0.007208
rs5999851	22	35905067	NC	-0.101611	0.488154
GSA-rs117694251	22	35911044	NC	0.020566	0.481258
rs9610308	22	35915388	NC	0.030055	0.498016
rs713968	22	35917546	NC	-0.087415	0.506157
rs5999858	22	35921936	NC	0.022184	0.500803
rs9607271	22	35923409	NC	0.012556	0.497251
rs12158108	22	35924115	NC	-0.041956	0.502131
rs9622222	22	35933578	NC	-0.054881	0.000000
GSA-rs76475935	22	35933613	NC	-0.167809	0.011627
rs5750112	22	35938381	NC	0.091628	0.506447
rs4820197	22	35939369	NC	-0.085910	0.493869
GSA-rs8137058	22	35944774	NC	0.071021	0.481340
rs6518958	22	35949334	NC	-0.090685	1.000000
rs13054394	22	35950648	NC	0.119719	0.002045
GSA-rs112449613	22	35956126	NC	-0.032200	0.523603
rs738368	22	35962060	NC	0.038085	0.502624
GSA-rs117371455	22	35966607	NC	-0.058702	0.979843
rs2064145	22	35970554	NC	0.067861	0.011401
rs5750120	22	35975792	NC	-0.124539	0.996062
rs4820204	22	35978615	NC	-0.049999	0.489247
rs8137488	22	35981447	NC	-0.070316	0.484264
GSA-rs12628385	22	35982589	NC	-0.074491	0.487116
rs738370	22	35982672	NC	0.022334	0.509875
rs738371	22	35983242	NC	0.057232	0.022361
rs74277032	22	35987001	NC	0.109282	1.000000
rs73154082	22	35990653	NC	0.050696	1.000000
rs4821419	22	35993783	NC	0.013017	0.988026
GSA-rs9607278	22	35996272	NC	0.086353	0.012097
GSA-rs45446591	22	36002985	NC	-0.512588	0.000000
rs5755790	22	36006732	NC	-0.574898	1.000000
GSA-rs45492203	22	36014553	NC	-0.489825	1.000000
rs4497964	22	36022702	NC	-0.472498	0.996690
GSA-rs13057359	22	36026268	NC	-0.527064	0.989658
GSA-rs55841632	22	36027062	NC	-0.393752	0.009074
rs117032777	22	36027241	NC	-0.501892	0.011739
rs17722827	22	36030165	NC	-0.582134	1.000000
rs5750141	22	36034983	NC	-0.425289	1.000000
rs5999908	22	36040164	NC	-0.507625	0.000000
rs5755821	22	36041650	NC	-0.466832	0.008311
rs112979011	22	36044352	NC	-0.493579	0.975976
GSA-rs77311828	22	36044487	NC	-0.397958	0.000000
GSA-rs5995134	22	36052321	NC	-0.570189	0.991333
GSA-rs5755828	22	36053342	NC	-0.599003	0.007389
rs5750146	22	36056728	NC	-0.500658	0.000000
GSA-rs117706555	22	36063884	NC	-0.445490	0.011063
GSA-rs8139187	22	36071537	NC	-0.541835	1.000000
GSA-rs5755867	22	36074043	NC	-0.535285	0.986718
GSA-rs62233611	22	36085208	NC	-0.529270	0.000000
rs5750154	22	36087286	NC	-0.598640	1.000000
rs5995155	22	36102700	NC	-0.491596	0.993962
GSA-rs117371213	22	36107321	NC	-0.619665	0.000898
GSA-rs76439581	22	36109570	NC	-0.565511	1.000000
GSA-rs117696654	22	36112965	NC	-0.473552	1.000000
chr22-36116702	22	36116702	NC	-0.516637	0.000000
rs2009169	22	36117892	NC	-0.391453	0.023345
chr22-36122458	22	36122458	NC	-0.367292	0.998930
rs73155887	22	36122724	NC	-0.438538	0.000000
rs5750164	22	36125876	NC	-0.381048	1.000000
GSA-rs74510800	22	36127324	NC	-0.604934	0.970447
GSA-rs117722987	22	36128062	NC	-0.608852	0.000000
rs7291883	22	36128931	NC	-0.570597	0.000000
rs2024642	22	36130557	NC	-0.488665	0.012647
rs9610342	22	36130577	NC	-0.499779	1.000000
rs5999999	22	36134426	NC	-0.539543	0.997159
GSA-rs74779819	22	36140474	NC	-0.571725	0.985745
GSA-rs62232589	22	36164773	NC	-0.569172	0.000000
GSA-rs116896918	22	36170990	NC	-0.476249	0.986856
GSA-rs9622285	22	36175768	NC	-0.416285	0.000000
GSA-22:36180826	22	36180826	NC	-0.605902	0.000000
GSA-rs78036802	22	36198350	NC	-0.582593	0.015771
GSA-rs117778487	22	36220446	NC	-0.484498	1.000000
rs6000010	22	36222469	NC	-0.554481	0.984308
rs2051579	22	36231357	NC	-0.382586	0.019026
rs5755960	22	36233761	NC	-0.375620	0.007325
GSA-rs117090422	22	36242779	NC	-0.425562	0.007693
GSA-rs73161707	22	36283665	NC	-0.479305	0.983225
rs6000026	22	36288320	NC	-0.495884	1.000000
rs5755990	22	36306594	NC	-0.475417	1.000000
GSA-rs76880662	22	36321663	NC	-0.501080	0.001157
GSA-rs117301363	22	36322921	NC	-0.612152	0.004315
GSA-rs75048125	22	36342905	NC	-0.549898	1.000000
rs5756012	22	36347646	NC	-0.514915	0.005233
GSA-rs2899258	22	36355358	NC	-0.508980	1.000000
GSA-rs143977609	22	36365901	NC	-0.396853	1.000000
GSA-rs117388783	22	36369287	NC	-0.493291	1.000000
GSA-rs76570802	22	36375913	NC	-0.500021	0.000000
GSA-rs118133888	22	36377903	NC	-0.488848	0.000000
GSA-rs16985542	22	36403785	NC	-0.022885	0.511968
rs6000059	22	36409990	NC	-0.062711	1.000000
GSA-rs79398316	22	36414359	NC	0.026929	0.502692
rs5756047	22	36425725	NC	0.043049	0.505419
rs5995190	22	36433664	NC	0.022732	0.509495
rs5995192	22	36433816	NC	-0.102208	0.485441
exm2268438	22	36443705	NC	-0.049103	0.498631
GSA-rs118014526	22	36459301	NC	0.020130	1.000000
GSA-rs117962129	22	36467031	NC	0.047206	0.511190
rs4369966	22	36490485	NC	0.030751	0.494046
GSA-rs9607308	22	36491506	NC	-0.043801	1.000000
GSA-rs117355685	22	36498598	NC	-0.042378	0.507718
rs878847	22	36500899	NC	0.024546	0.497739
rs12169898	22	36506188	NC	-0.021919	0.494791
GSA-rs6000135	22	36512983	NC	0.084774	1.000000
rs2413380	22	36519040	NC	-0.055500	0.017466
GSA-rs111697839	22	36526011	NC	-0.004483	0.991349
rs132612	22	36528895	NC	-0.035111	0.993441
rs61731692	22	36537725	NC	-0.027223	0.000000
rs80575	22	36539754	NC	0.013386	0.016635
rs4821459	22	36542498	NC	-0.057054	0.506085
GSA-rs2032518	22	36545661	NC	0.016333	0.493564
GSA-rs77082320	22	36546358	NC	0.015193	0.520937
GSA-rs149537646	22	36555896	NC	-0.036685	0.504664
rs45577431	22	36556698	NC	-0.127237	0.505159
chr22-36556768	22	36556768	NC	0.056620	0.494449
rs132653	22	36556823	NC	0.027840	0.003197
rs148885226	22	36556836	NC	-0.071091	0.494475
rs132655	22	36557550	NC	0.027280	0.500953
GSA-rs12185878	22	36570688	NC	-0.061152	0.000000
rs35321789	22	36570890	NC	-0.005800	0.499247
rs2269594	22	36576171	NC	0.060280	0.501609
rs5995235	22	36577942	NC	0.081404	0.000000
GSA-rs2239831	22	36583084	NC	0.083690	0.480351
GSA-rs9619593	22	36588489	NC	0.149544	0.015862
GSA-rs6000177	22	36592731	NC	0.145142	0.483657
rs111993715	22	36592855	NC	-0.005316	0.490301
rs6000179	22	36594371	NC	-0.034877	0.488909
chr22-36595375	22	36595375	NC	-0.077304	0.499664
chr22-36595608	22	36595608	NC	-0.111112	0.000000
rs9610445	22	36597744	NC	0.049559	0.498774
rs132736	22	36598058	NC	0.022662	0.000000
rs12170983	22	36598790	NC	-0.086554	0.506782
GSA-rs6000189	22	36600814	NC	0.035588	0.492050
rs6518994	22	36601057	NC	0.035767	0.509705
rs132745	22	36605331	NC	-0.028460	0.497554
rs9610448	22	36608205	NC	-0.008126	0.025668
GSA-rs5995259	22	36611863	NC	-0.058199	0.515093
GSA-rs7284481	22	36615069	NC	-0.024579	0.000166
rs4821469	22	36616445	NC	-0.030601	1.000000
GSA-rs77010523	22	36616857	NC	-0.007240	0.996330
GSA-rs143412466	22	36618432	NC	-0.011241	1.000000
rs11703398	22	36620961	NC	-0.026741	0.501980
rs11704037	22	36621216	NC	-0.010100	0.997905
rs129607	22	36622906	NC	0.033062	0.492715
rs7285167	22	36623920	NC	-0.056400	0.016619
chr22-36623932	22	36623932	NC	-0.092632	0.005872
chr22-36624005	22	36624005	NC	-0.087708	0.497205
rs201222628	22	36624123	NC	-0.013108	0.000000
rs118097350	22	36624231	NC	0.068989	0.011520
GSA-rs56230516	22	36626762	NC	0.129867	0.000000
rs74865964	22	36632643	NC	0.091270	0.492022
rs1557534	22	36633225	NC	-0.019755	0.486993
GSA-rs112266636	22	36633861	NC	0.157112	0.509763
rs2001195	22	36635032	NC	0.064288	1.000000
rs1974458	22	36635445	NC	0.048597	0.487603
GSA-rs5756113	22	36640533	NC	0.044100	0.502830
rs62233823	22	36641792	NC	-0.011729	0.509555
GSA-rs78736759	22	36643730	NC	-0.096810	1.000000
rs9610467	22	36649574	NC	-0.050722	0.490357
GSA-rs9610468	22	36650956	NC	-0.003219	0.992197
rs136148	22	36652931	NC	0.103073	0.015492
rs116280906	22	36653986	NC	0.047794	0.000000
GSA-rs136159	22	36657023	NC	-0.013266	0.011774
GSA-rs129423	22	36657329	NC	0.098421	0.000000
GSA-rs713929	22	36657596	NC	0.014322	0.510220
rs713753	22	36658534	NC	0.040917	0.502038
GSA-rs80424	22	36659299	NC	-0.117125	0.998538
GSA-rs136165	22	36659571	NC	-0.066444	0.502098
GSA-rs28480494	22	36661152	NC	0.108269	0.487720
rs2239785	22	36661330	NC	0.053943	0.501134
rs148296684	22	36661354	NC	-0.023798	0.020327
GSA-rs136174	22	36661536	NC	0.030364	0.010547
GSA-rs136175	22	36661566	NC	-0.071358	0.999774
GSA-rs136176	22	36661646	NC	0.020837	0.010333
chr22-36661649	22	36661649	NC	0.031037	1.000000
rs136177	22	36661842	NC	-0.088282	0.990701
rs73885319	22	36661906	NC	0.051119	0.509757
chr22-36662068	22	36662068	NC	0.009954	0.011722
GSA-rs66473469	22	36662654	NC	-0.025732	1.000000
rs136178	22	36664339	NC	0.052643	0.512831
rs136180	22	36665538	NC	-0.118719	0.505486
GSA-rs56277602	22	36668760	NC	-0.061537	0.003060
rs3959632	22	36668884	NC	0.018252	0.500854
rs767855	22	36672295	NC	-0.027178	0.007868
GSA-rs73405712	22	36673639	NC	-0.143434	0.505442
GSA-rs117372965	22	36674199	NC	-0.009760	0.996408
rs2481	22	36677400	NC	-0.046492	0.498836
rs145139708	22	36681327	NC	-0.084419	0.013675
rs2071734	22	36682706	NC	0.062479	0.995796
rs199722926	22	36684817	NC	0.068376	0.014068
rs75883300	22	36685483	NC	-0.066334	0.509450
rs200616409	22	36688226	NC	-0.017816	0.000000
rs201269631	22	36689506	NC	-0.067070	1.000000
chr22-36690278	22	36690278	NC	0.097689	0.000000
rs200732002	22	36691016	NC	-0.031908	0.988374
GSA-rs16996648	22	36692752	NC	0.019899	0.508648
GSA-rs59922723	22	36693922	NC	-0.034584	0.506068
GSA-rs117734021	22	36696777	NC	-0.048609	0.482232
rs1002246	22	36714659	NC	0.027424	0.499690
rs1005570	22	36715274	NC	-0.023215	0.001809
rs5756157	22	36723697	NC	0.117693	1.000000
GSA-rs8143119	22	36727551	NC	-0.062981	0.517993
rs150313549	22	36745049	NC	0.005633	0.993025
rs147122501	22	36745146	NC	0.008560	0.005918
GSA-rs145409763	22	36748399	NC	0.008340	0.000000
rs5756164	22	36748993	NC	0.060490	0.023869
rs11089788	22	36751101	NC	-0.229815	1.000000
rs117283436	22	36753803	NC	-0.047467	0.999830
GSA-rs75142495	22	36763048	NC	-0.099035	1.000000
rs6000262	22	36770038	NC	-0.014980	0.474365
GSA-rs111936411	22	36776099	NC	-0.000746	1.000000
rs9610498	22	36777739	NC	0.004817	1.000000
rs75136417	22	36777803	NC	0.016276	0.000000
GSA-rs974103	22	36781217	NC	0.014206	0.506285
GSA-rs79013767	22	36782759	NC	0.050216	0.998142
rs2092165	22	36795584	NC	0.024051	0.976350
rs9610510	22	36804282	NC	-0.158512	1.000000
GSA-rs75614414	22	36813201	NC	-0.043652	0.496741
rs28547571	22	36831704	NC	-0.027408	0.016657
GSA-rs73169606	22	36837065	NC	-0.071244	0.504541
GSA-rs139943	22	36847253	NC	0.054074	0.502231
rs80201620	22	36852003	NC	0.032053	0.000000
GSA-rs118079741	22	36852471	NC	0.011072	0.498812
rs75416875	22	36855147	NC	-0.043479	0.003951
GSA-rs62229966	22	36855763	NC	-0.028545	1.000000
rs139996	22	36861320	NC	0.115084	0.489613
rs12159290	22	36865604	NC	-0.124181	0.000000
GSA-rs12159080	22	36865622	NC	0.074709	0.000000
rs5756202	22	36870845	NC	-0.038454	0.509388
GSA-rs138148862	22	36871714	NC	-0.098982	1.000000
rs150850412	22	36872818	NC	0.020450	0.502649
rs3747163	22	36885026	NC	0.098112	0.512123
rs5756214	22	36888066	NC	0.146540	0.009309
GSA-rs73169658	22	36889116	NC	-0.023209	0.000271
GSA-rs35417644	22	36892369	NC	-0.015121	0.000000
rs5756223	22	36897427	NC	0.103925	0.492139
rs2277841	22	36900271	NC	-0.013934	0.000000
rs9610522	22	36900812	NC	-0.023558	0.002591
rs11704715	22	36906173	NC	-0.099120	1.000000
GSA-rs62230001	22	36912074	NC	0.032903	0.493379
GSA-rs62230008	22	36917349	NC	-0.032422	0.496472
GSA-rs143180024	22	36920319	NC	0.017951	0.000000
GSA-rs76328101	22	36922262	NC	-0.083109	0.000000
rs6000294	22	36923158	NC	0.019101	0.520307
rs6000299	22	36923499	NC	-0.015506	0.986502
rs9680657	22	36926927	NC	-0.068793	1.000000
GSA-rs79593534	22	36926979	NC	-0.061905	0.496176
rs8142845	22	36939236	NC	-0.071589	0.997328
rs5750269	22	36941065	NC	-0.018948	0.480811
GSA-rs111996826	22	36941503	NC	-0.040572	0.000000
rs2049974	22	36942323	NC	-0.013666	1.000000
GSA-rs117107524	22	36953965	NC	0.038530	0.499874
rs66704836	22	36954605	NC	0.013358	0.999624
GSA-rs73169699	22	36963065	NC	-0.024022	1.000000
rs1569488	22	36965284	NC	0.045601	0.004855
rs5995311	22	36969134	NC	-0.039597	0.509045
rs2267341	22	36976975	NC	0.088172	0.488314
rs73171810	22	36978260	NC	0.117542	0.996443
GSA-rs17735341	22	36979808	NC	-0.041413	0.992718
rs4820242	22	36982675	NC	-0.092434	0.498265
rs9622424	22	36984307	NC	-0.069465	0.499110
GSA-rs16997001	22	36984918	NC	-0.000096	0.495647
rs2283981	22	36986092	NC	0.054855	0.501272
rs2283985	22	36988654	NC	-0.033620	0.487874
rs4821506	22	36994063	NC	0.035406	1.000000
GSA-rs117558925	22	36996189	NC	0.084251	0.488108
GSA-rs11704051	22	37002064	NC	0.049737	0.006775
rs4821512	22	37013694	NC	-0.000756	0.000000
GSA-rs58301447	22	37017246	NC	-0.041856	0.516050
rs2283996	22	37022532	NC	-0.045629	0.474456
rs738974	22	37025274	NC	-0.033526	0.499178
GSA-rs131829	22	37027467	NC	-0.002123	1.000000
GSA-rs9622436	22	37032163	NC	-0.046817	0.006486
GSA-rs74454868	22	37078176	NC	-0.047902	0.502969
rs2284017	22	37096927	NC	-0.064883	0.496312
rs2267361	22	37100260	NC	0.100772	0.988243
GSA-rs5756300	22	37103563	NC	-0.078717	0.013258
GSA-rs11705610	22	37104419	NC	-0.049280	0.508547
rs5756316	22	37114970	NC	-0.113834	0.507144
rs715541	22	37116098	NC	-0.067342	0.010234
rs77929979	22	37122455	NC	-0.048943	0.501793
GSA-rs117436097	22	37122724	NC	0.012392	0.485336
GSA-rs79378768	22	37123295	NC	-0.091787	1.000000
rs738521	22	37124298	NC	-0.008502	1.000000
GSA-rs78420329	22	37126789	NC	-0.107515	0.487821
GSA-rs117670011	22	37129340	NC	0.055210	1.000000
rs129333	22	37153289	NC	-0.013437	0.000000
rs118095726	22	37154413	NC	-0.098678	0.000000
rs5750306	22	37170915	NC	0.072100	0.000000
GSA-rs34172130	22	37181778	NC	-0.074650	0.499783
GSA-rs76594382	22	37193502	NC	-0.023740	0.008445
rs9610583	22	37193986	NC	-0.059272	1.000000
GSA-rs4820250	22	37197530	NC	0.045651	0.519967
rs2022068	22	37199806	NC	0.124981	0.000000
rs4820254	22	37206341	NC	-0.004797	0.998214
GSA-rs739031	22	37208149	NC	0.020499	0.002733
rs2269511	22	37210656	NC	-0.032039	1.000000
GSA-rs79274387	22	37211803	NC	0.014535	0.998162
GSA-rs11913267	22	37212154	NC	-0.073354	0.498627
GSA-rs117997132	22	37215827	NC	-0.142807	0.487500
GSA-rs73156268	22	37217354	NC	0.070536	0.000000
GSA-rs5995347	22	37222929	NC	0.077972	0.514086
GSA-rs58952608	22	37224160	NC	0.049777	0.000000
rs5756365	22	37228277	NC	-0.056265	0.478595
GSA-rs117684358	22	37229503	NC	-0.009874	0.000302
rs4821540	22	37241788	NC	-0.038014	0.023685
rs6000449	22	37251377	NC	-0.106264	0.994819
rs10854693	22	37252010	NC	-0.114101	1.000000
rs11914104	22	37252618	NC	0.043623	1.000000
rs11089806	22	37256262	NC	0.023478	0.010782
rs1883112	22	37256846	NC	-0.026405	0.006947
rs34421414	22	37257712	NC	-0.034306	0.025412
rs4821544	22	37258503	NC	0.044434	0.495183
rs741998	22	37258844	NC	0.018962	0.000000
GSA-rs73158117	22	37259534	NC	0.094465	0.491016
rs143532979	22	37261015	NC	-0.091335	0.008854
GSA-rs34320195	22	37262753	NC	0.002532	0.528201
rs760519	22	37263706	NC	0.006895	0.014535
rs729749	22	37263846	NC	-0.019544	0.481242
rs34756754	22	37265314	NC	-0.020550	1.000000
rs150103256	22	37267701	NC	-0.025190	0.000000
rs2072712	22	37271802	NC	-0.057073	0.000000
chr22-37271875	22	37271875	NC	0.092161	0.512832
GSA-rs117276515	22	37274943	NC	0.021792	0.000000
rs5756379	22	37275904	NC	0.058406	0.012305
rs5750326	22	37276285	NC	0.026973	0.000000
GSA-rs117586588	22	37276622	NC	-0.080610	0.998655
GSA-rs113133371	22	37277701	NC	0.050184	1.000000
GSA-rs62229094	22	37279156	NC	0.064452	0.517633
GSA-rs2413429	22	37289869	NC	0.103598	1.000000
GSA-rs75218287	22	37291789	NC	-0.007580	0.000000
GSA-rs117414417	22	37293910	NC	0.029802	0.998125
GSA-rs5756390	22	37296129	NC	-0.066121	0.016254
GSA-rs17749156	22	37296596	NC	-0.052669	0.008557
GSA-rs742000	22	37296672	NC	-0.000124	0.501462
GSA-rs16997492	22	37307865	NC	-0.069134	0.503049
GSA-rs4821558	22	37308785	NC	0.018237	0.517277
rs2075726	22	37310046	NC	-0.139751	0.997979
rs60175411	22	37311858	NC	-0.046234	0.498147
GSA-rs77121843	22	37314600	NC	0.046677	1.000000
rs41280007	22	37317914	NC	-0.047419	0.001923
rs2284031	22	37321080	NC	0.051614	0.000000
rs17811365	22	37322820	NC	-0.052502	1.000000
rs909486	22	37323988	NC	0.175579	1.000000
GSA-rs74701298	22	37324740	NC	-0.051102	0.497367
rs115081583	22	37325227	NC	0.024930	0.510868
chr22-37325715	22	37325715	NC	-0.126728	0.000000
GSA-rs16846	22	37325833	NC	0.116886	0.501689
GSA-rs117805308	22	37326794	NC	0.079074	1.000000
GSA-rs6000494	22	37327707	NC	-0.099816	0.000000
GSA-rs117511880	22	37328051	NC	-0.027730	0.504742
rs2075936	22	37328751	NC	0.020356	0.521195
GSA-rs73158160	22	37329339	NC	-0.074138	0.493897
rs1534882	22	37329545	NC	0.028729	0.510847
GSA-rs1801122	22	37333657	NC	0.097838	0.503917
GSA-rs16997517	22	37333936	NC	0.054971	1.000000
rs6000495	22	37334953	NC	0.056137	0.513107
rs1803	22	37335326	NC	-0.002047	0.985397
rs131843	22	37337409	NC	-0.053580	0.032903
rs13055341	22	37337772	NC	0.007390	0.988302
rs2093381	22	37340429	NC	0.039385	0.475238
rs131849	22	37342719	NC	-0.015602	0.505555
rs58489539	22	37343210	NC	0.050419	0.985539
GSA-rs117957496	22	37343442	NC	-0.020058	0.523355
rs6000503	22	37345312	NC	0.117223	0.007581
GSA-rs118114199	22	37347009	NC	-0.045902	0.005031
GSA-rs62229118	22	37348019	NC	0.030725	0.990920
rs6000507	22	37353226	NC	0.036998	0.000000
rs12165584	22	37359961	NC	-0.004646	0.497773
rs73407859	22	37360416	NC	0.071001	1.000000
GSA-rs8142548	22	37365039	NC	-0.019223	0.999171
GSA-rs75908076	22	37365352	NC	0.047314	0.506602
rs2858237	22	37367928	NC	-0.016913	0.499978
rs5756432	22	37371109	NC	-0.055319	0.006544
rs5756437	22	37375668	NC	0.005714	0.996787
GSA-rs75143407	22	37383241	NC	-0.111550	0.501615
GSA-rs62230764	22	37386108	NC	-0.088637	0.990257
rs713829	22	37386920	NC	-0.100849	0.496250
rs9610624	22	37387257	NC	0.027183	0.989559
chr22-37397876	22	37397876	NC	0.013587	0.517687
chr22-37398072	22	37398072	NC	0.017368	1.000000
chr22-37398102	22	37398102	NC	-0.028395	1.000000
rs5756477	22	37407527	NC	-0.010648	0.013789
GSA-rs5750370	22	37412967	NC	0.154343	0.522950
rs5756489	22	37417197	NC	-0.016430	0.009108
GSA-rs117329814	22	37417326	NC	0.044210	0.003080
rs5756492	22	37424991	NC	-0.042708	0.005981
rs135167	22	37429129	NC	-0.023702	0.490136
GSA-rs25095	22	37434028	NC	0.088979	0.022409
GSA-rs74417775	22	37437172	NC	-0.003959	1.000000
GSA-rs117470369	22	37442255	NC	0.027830	0.000000
GSA-rs143231972	22	37453378	NC	0.031061	0.009160
GSA-rs183345487	22	37454132	NC	-0.033461	0.997147
GSA-rs117217366	22	37454236	NC	-0.072729	0.000000
GSA-rs78029853	22	37455874	NC	0.007520	0.501060
rs139105452	22	37462173	NC	-0.023377	0.508925
GSA-rs73160046	22	37462813	NC	0.023440	0.490096
rs855791	22	37462936	NC	-0.084454	0.528691
rs76970337	22	37467001	NC	0.042637	0.509952
rs5756504	22	37467270	NC	-0.109849	0.529964
rs4820268	22	37469591	NC	0.056284	0.017036
rs2413450	22	37470224	NC	-0.003456	0.990708
GSA-rs79816125	22	37470640	NC	0.017311	0.000000
GSA-rs117576908	22	37471208	NC	-0.024845	0.004387
rs201080354	22	37471300	NC	-0.140360	0.995980
rs9610643	22	37471385	NC	-0.041829	0.976498
rs16990291	22	37474667	NC	0.047963	0.480241
rs2246092	22	37479628	NC	-0.158115	0.505170
GSA-rs9607411	22	37479864	NC	-0.095537	0.000000
rs2111833	22	37480797	NC	-0.132556	1.000000
rs116092750	22	37492078	NC	-0.051230	0.487890
rs116310349	22	37492129	NC	-0.101177	0.517513
rs145073875	22	37492731	NC	0.070890	0.481799
rs113803353	22	37494485	NC	-0.120158	1.000000
rs9619658	22	37496847	NC	-0.072837	0.000000
rs4140589	22	37499019	NC	0.040151	0.493029
rs228909	22	37500643	NC	0.043818	0.003658
rs228916	22	37505552	NC	0.149798	0.000000
rs11914132	22	37509087	NC	0.091565	0.473491
rs926331	22	37510072	NC	0.040304	0.509242
rs5995385	22	37519864	NC	-0.021847	0.493969
rs181177639	22	37524483	NC	-0.013125	0.518018
rs228942	22	37524619	NC	-0.022866	0.490595
GSA-rs80051711	22	37524990	NC	-0.045898	0.503226
GSA-rs77540048	22	37525044	NC	0.057466	0.492416
rs228947	22	37526529	NC	-0.010265	0.992460
GSA-rs78940252	22	37529432	NC	-0.059258	0.000000
rs3218295	22	37533068	NC	-0.027209	0.500521
rs2284033	22	37534034	NC	0.033618	0.471768
rs2281094	22	37535471	NC	-0.001194	0.024063
rs228962	22	37535494	NC	-0.061199	0.991344
rs149508414	22	37538521	NC	0.079237	0.494984
rs1003694	22	37539128	NC	0.097546	1.000000
rs3218261	22	37543156	NC	0.051135	0.998147
rs228976	22	37543173	NC	-0.033281	0.500338
GSA-rs3218254	22	37544536	NC	-0.046741	0.522259
rs3218253	22	37544810	NC	-0.019786	0.495703
rs228979	22	37544931	NC	-0.085744	0.502760
rs78995863	22	37547987	NC	0.059597	0.508732
rs743777	22	37551607	NC	-0.008667	0.010759
rs4821592	22	37558279	NC	-0.097633	0.000000
rs2051582	22	37558356	NC	0.060112	0.984968
rs16997851	22	37560170	NC	-0.041972	0.518634
rs5750385	22	37560751	NC	0.077861	0.511882
rs36124857	22	37565492	NC	-0.075939	0.490024
rs12167757	22	37567490	NC	-0.062541	0.001133
rs5756536	22	37570845	NC	-0.091182	0.000000
GSA-rs76206423	22	37572236	NC	0.054275	1.000000
rs17812681	22	37578388	NC	-0.050925	0.520869
rs229519	22	37578579	NC	0.089323	0.497938
rs229527	22	37581485	NC	-0.021752	0.521958
GSA-rs62235064	22	37586018	NC	0.010863	0.000000
rs229535	22	37588566	NC	0.111797	0.031558
rs229541	22	37591318	NC	0.091827	0.501653
GSA-rs5756553	22	37591807	NC	0.075789	0.499905
rs64547	22	37592504	NC	0.098562	0.499472
GSA-rs76101325	22	37596679	NC	0.054006	0.484502
rs5756562	22	37611807	NC	0.001306	0.498127
rs762921	22	37612042	NC	-0.044165	1.000000
rs13053175	22	37613309	NC	-0.066181	0.000000
rs933222	22	37618637	NC	0.008799	0.478135
rs9610672	22	37619021	NC	0.073910	0.000000
rs9610685	22	37630318	NC	0.034557	1.000000
GSA-rs55644139	22	37631358	NC	0.021209	0.994460
GSA-rs80269564	22	37632295	NC	-0.040385	0.493434
rs13058338	22	37632770	NC	0.068547	0.498441
rs2284038	22	37635055	NC	-0.027985	0.993311
rs2213430	22	37638960	NC	0.112186	0.000000
exm2264743	22	37640673	NC	0.068155	1.000000
rs5995407	22	37641440	NC	0.079181	1.000000
rs9610688	22	37643464	NC	-0.078603	0.990867
GSA-rs739043	22	37645230	NC	-0.013490	0.000000
GSA-rs75169631	22	37649529	NC	0.055625	0.514049
rs8139798	22	37660255	NC	-0.103807	0.493707
GSA-rs73161899	22	37660702	NC	-0.029355	0.013437
rs5750402	22	37661288	NC	-0.033204	0.502711
rs9610698	22	37669321	NC	-0.011346	0.503711
rs739036	22	37671677	NC	-0.010644	0.490612
rs730422	22	37671896	NC	-0.128586	0.013609
rs7284821	22	37673781	NC	-0.055446	0.000000
GSA-rs73884193	22	37673788	NC	-0.066274	0.005122
rs727048	22	37677892	NC	-0.056004	0.498851
rs8141057	22	37677949	NC	0.073405	0.486530
GSA-rs76639480	22	37678531	NC	0.054519	0.482548
rs3213557	22	37678565	NC	0.118084	0.511271
GSA-rs117935465	22	37686902	NC	0.088677	0.500333
GSA-rs116959384	22	37696570	NC	-0.143979	0.482536
GSA-rs56016561	22	37698667	NC	-0.043385	0.000000
rs2239822	22	37699377	NC	-0.023780	0.994337
GSA-rs56272035	22	37703957	NC	0.088496	0.005871
rs2284051	22	37710569	NC	0.110550	0.497995
GSA-rs112420895	22	37713048	NC	0.002723	0.502835
rs5750410	22	37715105	NC	0.045386	0.989001
rs5995416	22	37719004	NC	-0.159389	0.509501
rs9610713	22	37728491	NC	0.156613	0.511697
GSA-rs9610716	22	37731438	NC	0.015847	0.989272
GSA-rs148298143	22	37733159	NC	0.102710	0.506364
rs5750423	22	37734452	NC	-0.000239	0.986009
GSA-rs117214702	22	37737276	NC	-0.035428	0.519354
GSA-rs4821633	22	37738621	NC	-0.032179	0.506347
rs6000679	22	37740853	NC	-0.003542	0.515774
rs4821638	22	37751698	NC	-0.070616	0.487431
rs4821643	22	37752981	NC	0.019662	0.505361
GSA-rs57181655	22	37754246	NC	-0.093500	0.510372
rs5756648	22	37755214	NC	0.085910	0.000543
rs6000687	22	37755223	NC	0.010370	1.000000
GSA-rs77218314	22	37755323	NC	-0.008971	0.494531
GSA-rs77946771	22	37756431	NC	0.101437	0.974261
rs61011905	22	37761743	NC	0.015917	0.503597
rs4821651	22	37761813	NC	-0.026310	0.001802
rs5756654	22	37763862	NC	0.085592	0.515246
GSA-rs6000694	22	37766088	NC	-0.027321	0.000000
rs2071856	22	37770630	NC	0.061805	0.499712
rs4821653	22	37771985	NC	-0.146893	0.498248
rs8141881	22	37777031	NC	-0.039712	1.000000
rs6000708	22	37789106	NC	0.050133	0.498502
rs6000711	22	37792590	NC	-0.014573	1.000000
rs7285729	22	37793408	NC	-0.065202	0.003884
rs5756666	22	37797697	NC	0.102834	0.000000
rs8139356	22	37806276	NC	0.060920	0.506182
rs71328610	22	37806962	NC	-0.029056	0.520700
GSA-rs916317	22	37809655	NC	0.023217	0.002301
GSA-rs11705648	22	37812495	NC	-0.026586	0.991259
rs9610749	22	37812911	NC	-0.009565	0.000000
GSA-rs6000727	22	37818011	NC	-0.010067	0.026374
GSA-rs9622621	22	37820415	NC	0.022423	0.000000
GSA-rs133705	22	37836819	NC	-0.066894	0.000000
rs2097455	22	37843239	NC	0.003763	0.994273
GSA-rs7289181	22	37843741	NC	0.041988	0.497507
rs112747175	22	37845116	NC	0.041230	0.000000
rs6000741	22	37849017	NC	0.000725	0.505865
rs75296635	22	37852174	NC	-0.115652	0.000000
GSA-rs116891130	22	37858354	NC	0.015910	0.008142
rs8192548	22	37866063	NC	-0.070310	0.510984
chr22-37876233	22	37876233	NC	0.012884	0.021597
GSA-rs41280029	22	37886629	NC	0.080483	0.526510
GSA-rs190162662	22	37887018	NC	0.025317	1.000000
rs74843098	22	37899804	NC	-0.101067	0.481564
rs5750446	22	37902926	NC	-0.094207	0.991096
rs2235334	22	37904251	NC	0.052446	0.000000
exm2268439	22	37905173	NC	0.101648	0.000000
rs8140025	22	37910395	NC	0.020302	0.016113
rs2103577	22	37910612	NC	0.020726	0.488844
GSA-rs56249362	22	37910713	NC	0.084191	0.000000
rs73416266	22	37913936	NC	-0.029525	0.982993
GSA-rs7287804	22	37915100	NC	0.034455	1.000000
rs6000762	22	37918472	NC	0.029636	0.484081
rs1534913	22	37918672	NC	-0.033961	0.001513
rs9607469	22	37919267	NC	-0.011095	0.996925
GSA-rs6000764	22	37920097	NC	-0.051791	0.000000
rs1079982	22	37929759	NC	0.098984	0.987185
rs77740651	22	37942412	NC	0.047651	0.505577
rs8137687	22	37943299	NC	0.070576	0.494061
rs5995460	22	37951451	NC	-0.041824	0.499773
GSA-rs73166459	22	37951581	NC	0.031628	0.494476
rs2235336	22	37958268	NC	-0.046654	0.505551
rs8139004	22	37961120	NC	0.000104	0.506295
GSA-rs111307192	22	37962740	NC	-0.185145	0.508326
chr22-37962779	22	37962779	NC	-0.009731	0.975387
rs117181617	22	37966686	NC	-0.172224	1.000000
rs188420751	22	37966689	NC	0.018105	0.500048
GSA-rs77346233	22	37968063	NC	0.078139	0.518751
GSA-rs73418196	22	37968265	NC	-0.041031	0.501917
rs5756736	22	37970189	NC	0.086547	1.000000
GSA-rs79101909	22	37973153	NC	0.064987	0.000000
GSA-rs9622641	22	37973296	NC	-0.036002	0.000000
rs12167061	22	37977481	NC	-0.029903	1.000000
GSA-rs147582712	22	37981995	NC	0.085676	1.000000
GSA-rs12157904	22	37982012	NC	0.035532	0.478258
GSA-rs142606751	22	37985387	NC	-0.042988	0.510939
rs3761442	22	38003070	NC	-0.076848	0.496223
GSA-rs117906809	22	38004362	NC	-0.044099	0.514882
rs146936287	22	38016825	NC	-0.035681	1.000000
GSA-rs140112498	22	38026059	NC	0.082655	0.492405
rs149928566	22	38039746	NC	-0.006834	1.000000
GSA-rs62235995	22	38040097	NC	0.105032	0.506467
GSA-rs62235996	22	38041015	NC	-0.042002	0.002156
GSA-rs118183308	22	38044341	NC	0.044569	1.000000
chr22-38046109	22	38046109	NC	-0.081955	1.000000
GSA-rs118133095	22	38054580	NC	-0.076750	0.000020
rs78974622	22	38059925	NC	-0.015791	0.988288
rs140970741	22	38061816	NC	0.016621	0.990708
GSA-rs41283237	22	38062589	NC	0.090103	0.485409
rs13057866	22	38069622	NC	-0.053258	0.992144
chr22-38073026	22	38073026	NC	-0.043628	0.993362
rs62236674	22	38077935	NC	0.008244	0.000000
rs5756763	22	38079239	NC	0.037686	1.000000
rs145024039	22	38086725	NC	0.027170	0.000000
GSA-rs117826239	22	38088643	NC	-0.138234	0.982845
rs12158556	22	38093169	NC	-0.016381	0.512032
rs5750476	22	38096470	NC	-0.056648	1.000000
rs147691840	22	38106473	NC	0.033914	0.014752
rs144634857	22	38109353	NC	-0.081842	0.027411
rs5750482	22	38117943	NC	-0.158317	0.000000
chr22-38119602	22	38119602	NC	0.016039	0.998640
GSA-rs41296243	22	38121040	NC	0.050768	0.505557
rs9610841	22	38121152	NC	-0.029370	0.000000
chr22-38121637	22	38121637	NC	0.017073	0.002276
rs200665858	22	38122252	NC	0.024608	0.001011
rs34066624	22	38129388	NC	0.019311	0.499739
chr22-38130853	22	38130853	NC	-0.071946	0.974008
chr22-38131357	22	38131357	NC	0.013648	0.983690
GSA-rs79355847	22	38135319	NC	-0.045110	0.478062
GSA-rs117262262	22	38136546	NC	0.000603	0.000000
GSA-rs191602285	22	38147018	NC	0.019428	0.000568
GSA-rs8139381	22	38151516	NC	-0.017548	1.000000
rs150426001	22	38151606	NC	0.045401	0.000660
rs183941928	22	38153696	NC	0.008675	0.494908
GSA-rs76574030	22	38163722	NC	0.022326	0.996056
rs200313246	22	38165091	NC	0.107725	0.498050
rs138139146	22	38165269	NC	0.066433	0.500878
rs61737841	22	38167706	NC	-0.067138	0.983128
GSA-rs1047326	22	38170046	NC	-0.016302	0.495297
rs5756813	22	38175477	NC	0.066683	1.000000
GSA-rs150373699	22	38177768	NC	-0.006888	1.000000
GSA-rs2285178	22	38205989	NC	0.027008	0.512940
rs182422563	22	38206124	NC	-0.058411	0.497523
chr22-38209369	22	38209369	NC	-0.083010	0.495322
GSA-rs17856459	22	38212624	NC	-0.038889	0.508008
GSA-rs117194465	22	38216579	NC	-0.144293	0.994234
GSA-rs146808747	22	38226158	NC	0.075025	0.485360
GSA-rs75571797	22	38228802	NC	-0.067049	1.000000
rs9466	22	38273749	NC	0.036854	0.494773
GSA-rs114758702	22	38278741	NC	0.091493	0.524149
rs5995515	22	38306671	NC	-0.151087	0.985080
GSA-rs74832565	22	38306893	NC	0.118599	1.000000
GSA-rs143910997	22	38321806	NC	0.067908	0.501961
rs2272829	22	38323700	NC	0.140864	0.014429
chr22-38327834	22	38327834	NC	0.011223	0.498995
GSA-rs34834842	22	38328597	NC	0.069925	0.512098
GSA-rs41274544	22	38339298	NC	-0.084721	0.000000
GSA-rs190002656	22	38350450	NC	0.091940	0.000000
GSA-rs139866	22	38354684	NC	0.074655	0.513912
rs12170378	22	38382304	NC	-0.067627	1.000000
GSA-rs118166169	22	38383890	NC	-0.081076	1.000000
GSA-rs74646975	22	38386876	NC	-0.033087	1.000000
GSA-rs13053900	22	38388217	NC	0.027227	0.011004
GSA-rs56276156	22	38392662	NC	-0.068218	0.489119
GSA-rs34975952	22	38402311	NC	0.078215	0.481337
chr22-38422011	22	38422011	NC	-0.037500	0.006951
GSA-rs75359613	22	38423264	NC	-0.063492	0.517343
rs4821732	22	38446872	NC	-0.001355	0.492998
rs742395	22	38447444	NC	0.068867	0.499993
rs6000987	22	38448732	NC	0.138173	0.490745
rs713729	22	38455469	NC	-0.048765	1.000000
rs3952	22	38456598	NC	-0.065649	0.031045
rs738443	22	38458681	NC	-0.053149	1.000000
GSA-rs35706623	22	38459430	NC	0.029020	0.998869
rs2076369	22	38463652	NC	0.018709	0.000000
GSA-rs117229343	22	38464090	NC	-0.021098	0.504843
rs201758961	22	38468504	NC	-0.043192	0.510036
rs187455529	22	38474406	NC	-0.003823	0.000000
rs8135665	22	38476276	NC	-0.018527	0.995185
chr22-38482443	22	38482443	NC	-0.018625	0.487823
rs142001534	22	38483171	NC	-0.079316	0.511345
rs132930	22	38487029	NC	0.130210	0.005720
chr22-38493186	22	38493186	NC	-0.114173	0.479219
rs4339048	22	38495011	NC	-0.051834	0.490230
GSA-rs6001004	22	38500270	NC	0.017914	1.000000
rs4821738	22	38500480	NC	-0.057251	0.000000
GSA-rs5750536	22	38501333	NC	-0.088017	0.986278
rs6001009	22	38505356	NC	-0.091482	0.530453
seq-rs587784350	22	38508554	NC	-0.140670	0.000000
seq-rs587784349	22	38508572	NC	0.073371	0.506011
rs2076114	22	38509439	NC	-0.032359	0.001221
seq-rs587784347	22	38509568	NC	0.024667	0.985748
seq-rs587784339	22	38511665	NC	-0.008340	0.000000
rs149712244	22	38512162	NC	0.034221	0.018864
rs370691849	22	38516896	NC	-0.027350	0.000000
seq-rs797045888	22	38522458	NC	-0.026739	0.000000
GSA-rs11570690	22	38526090	NC	0.039516	0.487230
rs2076118	22	38529500	NC	0.090154	0.511498
GSA-rs191314194	22	38531680	NC	0.092661	0.510643
GSA-rs738317	22	38533089	NC	0.051276	0.512229
rs2284063	22	38544298	NC	0.085186	0.524802
chr22-38544556	22	38544556	NC	-0.034047	0.007746
GSA-rs132944	22	38548516	NC	-0.032907	0.484194
GSA-rs12485185	22	38560836	NC	-0.008234	0.518005
rs132966	22	38561562	NC	0.006762	0.982307
GSA-rs132975	22	38562258	NC	-0.020316	0.490759
rs132986	22	38563548	NC	0.113863	0.003452
rs11570606	22	38565247	NC	-0.025749	0.512482
rs200075782	22	38565325	NC	0.071292	0.514563
rs2267369	22	38565347	NC	-0.047323	0.000000
rs73154425	22	38572672	NC	-0.063132	0.000000
GSA-rs57976789	22	38583466	NC	0.058128	0.510286
GSA-rs2267373	22	38600542	NC	0.068649	1.000000
rs5756972	22	38604803	NC	-0.068039	1.000000
GSA-rs112322038	22	38605927	NC	0.006288	0.514739
rs6001054	22	38614095	NC	0.017858	0.001340
rs76865118	22	38614472	NC	-0.011280	0.483849
rs11089873	22	38614933	NC	0.023846	0.484730
GSA-rs117888066	22	38622471	NC	-0.000771	0.010156
GSA-rs61737782	22	38627339	NC	0.050223	1.000000
GSA-rs117666793	22	38627429	NC	0.008904	0.495062
rs7289126	22	38628306	NC	0.051172	0.000000
GSA-rs118054321	22	38628643	NC	0.066316	1.000000
GSA-rs116921347	22	38633145	NC	0.075923	0.000000
GSA-rs148707198	22	38635244	NC	0.100521	0.506464
rs76599369	22	38636795	NC	0.113680	0.001432
rs6001064	22	38638071	NC	-0.101056	0.505015
GSA-rs16998847	22	38646900	NC	0.067261	0.500087
GSA-rs117146111	22	38652531	NC	0.080308	0.000000
GSA-rs9610927	22	38653689	NC	0.031572	0.000000
GSA-rs138709534	22	38653851	NC	0.000396	0.509270
GSA-rs41456252	22	38653875	NC	0.001659	0.494292
rs12485196	22	38662396	NC	-0.015009	0.502174
GSA-rs117647189	22	38665319	NC	0.034017	0.012041
GSA-rs75343559	22	38671786	NC	0.117214	0.509433
rs17753394	22	38678387	NC	0.113324	0.501340
rs135737	22	38680361	NC	-0.062377	0.520847
rs6001084	22	38681644	NC	-0.081981	0.015288
GSA-rs117975500	22	38690899	NC	0.014232	1.000000
rs3890379	22	38692380	NC	-0.113719	0.018477
GSA-rs117885773	22	38693520	NC	-0.066718	0.496481
chr22-38694199	22	38694199	NC	0.053330	0.993578
rs1534891	22	38695099	NC	0.012807	0.522232
GSA-rs183680512	22	38699334	NC	-0.033484	0.491891
rs6001093	22	38701393	NC	0.075772	0.000000
rs135757	22	38703653	NC	-0.038014	1.000000
rs1997644	22	38715222	NC	0.081543	0.514997
GSA-rs5750592	22	38725141	NC	0.033760	0.010233
GSA-rs75735715	22	38740101	NC	-0.066612	1.000000
rs57485857	22	38746745	NC	-0.069398	0.005973
GSA-rs9619738	22	38747922	NC	-0.007463	0.990399
rs5995572	22	38753311	NC	-0.028225	0.507618
GSA-rs186082313	22	38777738	NC	0.044237	0.990985
GSA-rs17826547	22	38778965	NC	-0.094145	0.497421
rs138366	22	38789936	NC	0.059053	0.484837
GSA-rs196109	22	38791832	NC	-0.228749	1.000000
GSA-rs115129205	22	38795842	NC	0.001067	0.502529
rs6001117	22	38796813	NC	-0.121853	0.024991
GSA-rs196103	22	38804536	NC	0.134636	1.000000
rs138392	22	38807144	NC	0.028521	0.492143
GSA-rs196114	22	38811111	NC	0.039472	0.000000
rs4343562	22	38819457	NC	-0.030390	0.504940
rs743942	22	38819613	NC	-0.008841	0.000000
GSA-rs105154	22	38823895	NC	0.050364	1.000000
GSA-rs60910684	22	38825689	NC	-0.041484	0.504653
rs11704277	22	38826799	NC	0.034501	0.991015
GSA-rs35699918	22	38832096	NC	0.095250	0.004794
GSA-rs2267386	22	38832112	NC	0.030980	0.513857
rs196074	22	38832512	NC	-0.080584	0.513138
rs9607538	22	38841703	NC	-0.154766	0.001737
GSA-rs117100284	22	38852429	NC	0.015154	1.000000
GSA-rs13353387	22	38864835	NC	0.011334	0.500578
GSA-rs9610964	22	38865221	NC	0.020740	0.511173
GSA-rs5995580	22	38865863	NC	-0.023805	0.476366
rs62228894	22	38868143	NC	-0.165081	1.000000
GSA-rs13055883	22	38901526	NC	-0.015878	0.998586
GSA-rs9622823	22	38912665	NC	0.052482	0.517054
GSA-rs62228905	22	38921214	NC	0.004805	0.992551
GSA-rs8140235	22	38922579	NC	0.012662	0.002764
GSA-rs117655316	22	38932631	NC	0.007717	0.009760
GSA-rs73157142	22	38933740	NC	0.040969	0.516857
rs58396845	22	38945975	NC	-0.076088	0.515105
GSA-rs11570402	22	38951615	NC	-0.063253	0.503112
GSA-rs189709641	22	38953862	NC	0.036795	1.000000
GSA-rs143598013	22	38957563	NC	-0.053847	0.502078
GSA-rs11570392	22	38958260	NC	-0.049275	1.000000
GSA-rs149068240	22	38967786	NC	-0.097494	0.486235
rs75136621	22	38976135	NC	0.052861	0.489211
chr22-38978866	22	38978866	NC	0.009380	0.010632
GSA-rs112861194	22	38979154	NC	-0.011966	0.986431
GSA-rs16999109	22	38982031	NC	0.069984	0.519480
rs5757162	22	38993370	NC	-0.047654	0.000000
rs73157156	22	39003414	NC	0.092993	0.990487
rs79091541	22	39007401	NC	-0.046056	0.989118
GSA-rs117707622	22	39015244	NC	-0.091110	0.980748
rs5995598	22	39016403	NC	-0.012414	0.525366
GSA-rs80294953	22	39017893	NC	-0.049245	1.000000
GSA-rs12166403	22	39022553	NC	0.013475	0.995870
GSA-rs9610989	22	39032252	NC	0.037125	0.478132
GSA-rs16999173	22	39034786	NC	-0.013834	0.493386
GSA-rs13054225	22	39046854	NC	0.101760	0.014922
rs139609678	22	39066934	NC	0.024305	1.000000
rs143403345	22	39067128	NC	0.130279	0.493363
GSA-rs62230028	22	39082412	NC	0.013424	0.502912
GSA-rs143129875	22	39087007	NC	-0.034029	0.989691
GSA-rs147073203	22	39090350	NC	0.042123	1.000000
GSA-rs77711238	22	39094562	NC	0.015546	0.505572
GSA-rs2072800	22	39095987	NC	-0.114934	0.995197
exm2268440	22	39100128	NC	-0.023595	0.002609
GSA-rs41280833	22	39100646	NC	0.094552	0.507140
GSA-rs11703159	22	39101338	NC	-0.044699	0.000000
GSA-rs5757256	22	39110218	NC	-0.053025	0.490299
rs74867304	22	39119397	NC	0.011012	0.004991
GSA-rs116963077	22	39120162	NC	-0.079721	0.011276
GSA-rs181456575	22	39121079	NC	0.057008	0.504846
rs16999301	22	39125529	NC	0.043295	0.494806
rs75211829	22	39125549	NC	-0.019258	0.501975
rs76681049	22	39135933	NC	-0.042201	0.482003
GSA-rs139004902	22	39137513	NC	0.057373	0.998578
rs138708	22	39138332	NC	-0.022148	0.995093
GSA-rs188815884	22	39138538	NC	0.013009	0.978839
chr22-39146897	22	39146897	NC	-0.047813	0.511664
chr22-39147056	22	39147056	NC	0.012210	0.000000
GSA-rs79483980	22	39150993	NC	-0.032623	0.999803
GSA-rs77592206	22	39163362	NC	-0.073132	0.509033
rs5757277	22	39163856	NC	-0.036522	0.516293
GSA-rs12329952	22	39168596	NC	-0.006122	0.492612
rs5757279	22	39168987	NC	0.072484	0.488460
rs4821823	22	39172286	NC	-0.000243	0.000000
GSA-rs76400811	22	39176518	NC	-0.032522	0.487813
rs760482	22	39178701	NC	0.057710	0.001762
GSA-rs117102707	22	39181795	NC	0.006971	0.478306
GSA-rs78684519	22	39195645	NC	-0.030773	1.000000
rs8140217	22	39218001	NC	-0.088637	0.508552
rs4821839	22	39227793	NC	0.049428	0.000000
GSA-rs118016777	22	39228572	NC	-0.017837	1.000000
GSA-rs78110441	22	39230707	NC	0.073991	0.003726
GSA-rs117388559	22	39231066	NC	-0.035642	0.000500
GSA-rs3817727	22	39231168	NC	0.056359	0.503014
rs2103514	22	39232459	NC	-0.040983	0.000000
GSA-rs113002198	22	39232506	NC	-0.004553	0.003062
rs11705574	22	39243709	NC	0.145977	0.494349
rs13053505	22	39245618	NC	0.125263	0.000000
rs76535024	22	39246716	NC	0.062971	0.000000
rs12628185	22	39248549	NC	0.071323	0.000000
GSA-rs79169291	22	39254513	NC	-0.105582	0.505064
rs5757312	22	39255591	NC	-0.034929	0.000000
GSA-rs78145519	22	39255957	NC	-0.080341	0.000000
GSA-rs117326730	22	39265385	NC	-0.029606	0.000915
rs760481	22	39268785	NC	-0.112288	0.501176
GSA-rs80350486	22	39276060	NC	0.068053	0.999817
GSA-rs11705118	22	39276845	NC	0.059994	0.005045
GSA-rs77065598	22	39287468	NC	0.016701	0.507893
rs5750695	22	39291257	NC	-0.021146	0.959095
GSA-rs132513	22	39291626	NC	-0.030190	1.000000
rs7286632	22	39298776	NC	0.047974	1.000000
rs5757362	22	39306080	NC	0.039327	0.511354
rs5757366	22	39306784	NC	0.016809	0.503921
GSA-rs62228837	22	39319033	NC	-0.141055	0.490603
rs5757373	22	39320828	NC	-0.113477	0.515585
rs7288049	22	39332229	NC	-0.155213	0.504530
rs1014971	22	39332623	NC	0.046197	0.001910
rs5757387	22	39333340	NC	0.091208	0.010682
rs9808867	22	39333937	NC	-0.040146	1.000000
rs67536239	22	39340670	NC	0.017697	0.486742
rs7289653	22	39343083	NC	0.136874	1.000000
rs5750715	22	39343916	NC	0.014735	0.986172
rs5757402	22	39350072	NC	0.057944	0.471590
GSA-rs55935155	22	39352175	NC	0.028021	0.504461
rs78997815	22	39353184	NC	0.071189	0.000000
chr22-39353712	22	39353712	NC	-0.070894	0.524807
rs4365560	22	39355109	NC	-0.082660	0.508136
rs12628403	22	39358037	NC	-0.072640	0.488093
chr22-39380228	22	39380228	NC	0.014909	0.990214
chr22-39380237	22	39380237	NC	-0.070052	0.487905
chr22-39385557	22	39385557	NC	-0.008499	0.499999
GSA-rs201281859	22	39387888	NC	-0.054687	0.991958
rs11089916	22	39392250	NC	0.043251	0.000000
rs6001363	22	39392480	NC	-0.004347	1.000000
GSA-rs56192335	22	39405806	NC	0.024353	0.014301
rs6001376	22	39407399	NC	0.004475	0.000000
rs1969643	22	39413668	NC	-0.081641	0.520730
GSA-rs117814205	22	39425328	NC	0.071285	0.513143
rs147329876	22	39441434	NC	0.030383	0.513805
rs2076101	22	39445554	NC	0.016698	0.487323
rs5757459	22	39467803	NC	-0.018745	1.000000
GSA-rs76924887	22	39474635	NC	0.005395	0.503100
rs3736685	22	39477391	NC	0.023708	0.485588
GSA-rs8177832	22	39477566	NC	0.015989	0.498686
GSA-rs73161559	22	39485921	NC	-0.066726	0.018140
exm2273063	22	39493294	NC	-0.036908	0.007476
GSA-rs67878612	22	39493898	NC	0.036091	0.509272
rs78724870	22	39497549	NC	0.091876	0.000000
rs139316	22	39499763	NC	0.062526	1.000000
GSA-rs6001442	22	39506976	NC	-0.088945	0.000000
GSA-rs79477683	22	39507014	NC	-0.045901	0.506336
GSA-rs76722179	22	39507337	NC	-0.018249	0.490698
rs738469	22	39510995	NC	0.039864	0.509827
GSA-rs117305379	22	39514163	NC	-0.029262	0.495436
rs80051801	22	39519154	NC	0.141566	0.993076
rs139371	22	39519196	NC	0.118064	0.497777
rs139372	22	39519780	NC	0.043969	0.003544
rs79501	22	39522940	NC	0.012489	0.508483
GSA-rs6001449	22	39526063	NC	-0.008442	1.000000
GSA-rs34963492	22	39527884	NC	-0.025089	0.495443
GSA-rs55779697	22	39529817	NC	-0.050046	0.000000
rs714016	22	39532554	NC	-0.001563	0.992089
GSA-rs62228283	22	39540803	NC	-0.073096	0.528402
rs877529	22	39542292	NC	0.014490	0.999023
rs12158877	22	39549426	NC	-0.040106	0.988934
rs59680031	22	39565547	NC	0.069678	0.000000
GSA-rs59517128	22	39567613	NC	0.111616	0.996897
rs7288775	22	39568585	NC	0.074237	0.000000
GSA-rs111538856	22	39571918	NC	0.089769	0.516337
rs76152274	22	39572598	NC	-0.051803	0.000000
rs7287160	22	39573724	NC	0.138182	0.000000
GSA-rs76651515	22	39574124	NC	-0.042714	0.004069
rs5757510	22	39575322	NC	-0.144561	0.000000
rs34379659	22	39575873	NC	0.011375	0.494016
rs5995693	22	39582668	NC	-0.034907	0.991130
GSA-rs6001491	22	39594740	NC	-0.016068	1.000000
rs4821872	22	39600651	NC	-0.028132	1.000000
rs1977103	22	39601990	NC	-0.006589	0.000000
rs5757558	22	39605158	NC	-0.059457	1.000000
rs75132039	22	39609131	NC	0.024616	0.984657
GSA-rs111871433	22	39618289	NC	0.121810	1.000000
GSA-rs9611112	22	39620002	NC	0.081861	0.000000
GSA-rs73163486	22	39622096	NC	0.033286	0.492908
rs4990914	22	39622711	NC	-0.022891	0.000658
rs148252800	22	39631786	NC	-0.000860	0.512096
rs5750781	22	39634434	NC	-0.028147	0.485315
GSA-rs56229619	22	39646422	NC	-0.030481	0.001592
GSA-rs9619805	22	39650356	NC	0.098584	0.502866
rs116624188	22	39657056	NC	-0.084499	0.009248
rs2413583	22	39659773	NC	-0.123231	0.503333
rs742403	22	39660190	NC	0.165916	0.486565
rs17000920	22	39661087	NC	0.004024	0.000000
rs5757593	22	39668922	NC	0.037220	0.000000
rs968451	22	39670851	NC	0.076528	0.483905
rs79290	22	39685832	NC	-0.135067	0.486856
rs17304621	22	39690791	NC	0.007177	1.000000
rs137602	22	39693408	NC	0.001155	0.508386
GSA-rs118026751	22	39699465	NC	-0.011874	0.517113
GSA-rs9607631	22	39703314	NC	-0.000048	1.000000
rs5757611	22	39708357	NC	0.032078	1.000000
GSA-rs141236265	22	39708965	NC	0.066913	0.991157
rs2076124	22	39709605	NC	0.114484	0.982293
GSA-rs185447229	22	39710237	NC	0.073066	1.000000
rs146588057	22	39712916	NC	0.093228	0.003667
GSA-rs150475506	22	39726754	NC	-0.032503	0.020751
GSA-rs114556035	22	39734647	NC	0.062016	0.008131
GSA-rs117458132	22	39738379	NC	-0.084950	1.000000
rs137684	22	39738725	NC	-0.183387	0.001220
rs137686	22	39739638	NC	-0.005841	0.000000
rs909685	22	39747671	NC	0.008706	0.490367
rs11705183	22	39748371	NC	-0.058885	1.000000
GSA-rs73167316	22	39762311	NC	-0.036972	0.496876
GSA-rs16985820	22	39764554	NC	-0.045979	0.994704
GSA-rs80181382	22	39771114	NC	-0.015692	1.000000
chr22-39773662	22	39773662	NC	0.094189	1.000000
GSA-rs6519190	22	39774525	NC	-0.061580	1.000000
rs193159582	22	39777788	NC	-0.045007	0.000000
rs1010169	22	39778167	NC	-0.018266	0.012011
GSA-rs41274557	22	39780819	NC	0.037048	0.499828
rs34026806	22	39798127	NC	-0.026866	0.995902
GSA-rs34463037	22	39800050	NC	-0.043666	0.996927
GSA-22:39801266	22	39801266	NC	0.031388	0.493010
rs201220872	22	39811645	NC	-0.047132	0.000000
rs140879164	22	39814746	NC	0.046885	0.033183
rs34288773	22	39822889	NC	0.040570	0.493948
rs5750820	22	39825322	NC	-0.073177	0.501934
rs118074217	22	39826049	NC	0.049770	0.484753
GSA-rs182587258	22	39830560	NC	0.049848	0.506217
GSA-rs5750825	22	39831278	NC	-0.068921	0.492177
rs4821897	22	39835587	NC	-0.064273	1.000000
rs5757678	22	39843409	NC	0.084958	0.507557
GSA-rs75264309	22	39846367	NC	0.032132	0.511188
rs5757683	22	39850174	NC	-0.144818	0.014850
rs909674	22	39859169	NC	0.010429	0.000000
rs760715	22	39862343	NC	-0.009274	0.000000
rs1003538	22	39872707	NC	0.125910	0.482525
rs2899319	22	39874314	NC	0.078242	0.492644
rs4821901	22	39875966	NC	0.032578	0.501597
GSA-rs117086217	22	39876838	NC	-0.097239	0.508209
rs73885230	22	39877087	NC	-0.055968	0.991615
rs11704159	22	39877556	NC	0.066501	0.508410
rs17001167	22	39881140	NC	0.016908	0.031094
rs1033415	22	39888774	NC	-0.104733	0.000000
rs2294360	22	39897792	NC	0.023122	0.507293
rs4821905	22	39906610	NC	-0.055734	1.000000
rs116266824	22	39908255	NC	-0.051316	0.495359
rs2232088	22	39908419	NC	-0.007946	0.493407
rs138446352	22	39909600	NC	-0.021530	0.508015
rs2232091	22	39909726	NC	0.040000	0.986771
GSA-rs76044976	22	39911144	NC	0.121128	1.000000
GSA-rs11703406	22	39912969	NC	-0.134046	0.014975
rs710192	22	39913420	NC	0.059420	0.000000
GSA-rs117826659	22	39919408	NC	-0.002999	0.509579
GSA-rs189914844	22	39936135	NC	-0.062043	0.007699
rs5757715	22	39941154	NC	0.112818	0.011927
GSA-rs9623016	22	39941935	NC	0.024397	0.507758
rs5757721	22	39947574	NC	0.072548	0.991415
rs2413599	22	39952098	NC	-0.012129	0.492147
GSA-rs78140321	22	39952197	NC	0.120200	0.977983
GSA-rs114876190	22	39972070	NC	0.024897	1.000000
rs3788556	22	39972162	NC	-0.067165	0.990796
rs132572	22	39978039	NC	-0.133924	0.986308
GSA-rs132575	22	39982721	NC	-0.012253	0.499545
GSA-rs73169364	22	39982756	NC	0.066126	1.000000
GSA-rs118028480	22	39988178	NC	0.035244	0.993142
rs2413602	22	39989216	NC	0.082156	0.000000
rs5750854	22	39990775	NC	-0.106710	0.000000
GSA-rs35874709	22	39991692	NC	0.017640	0.000000
GSA-rs713767	22	39997710	NC	0.013611	0.010906
rs5995756	22	40000313	NC	-0.068161	0.508720
GSA-rs116872141	22	40001759	NC	-0.003702	0.507339
GSA-rs9611204	22	40010383	NC	0.029718	0.499580
rs3788568	22	40011273	NC	-0.084168	0.005668
GSA-rs148301600	22	40014769	NC	-0.051929	0.501291
GSA-rs114624981	22	40025446	NC	0.037995	0.986020
GSA-rs117803091	22	40029845	NC	-0.035008	0.511582
GSA-rs76470176	22	40031771	NC	-0.086820	0.512216
GSA-rs136816	22	40033247	NC	0.014766	0.000000
rs59986512	22	40037051	NC	0.015761	0.997023
rs136829	22	40046176	NC	0.010174	0.492324
rs136832	22	40046538	NC	0.028158	0.499352
GSA-rs8140214	22	40049185	NC	-0.003522	0.489489
chr22:40057308	22	40057308	NC	-0.055183	0.016984
rs376169293	22	40060768	NC	-0.009082	0.484937
rs136855	22	40061683	NC	-0.094629	0.027634
GSA-22:40062795	22	40062795	NC	-0.044595	0.505937
rs8141262	22	40066958	NC	0.022154	0.015797
rs5750870	22	40067640	NC	0.022883	0.496330
rs5750871	22	40069449	NC	0.073183	0.492031
GSA-rs56656729	22	40075733	NC	-0.004796	0.002046
GSA-rs58439755	22	40075948	NC	-0.069143	0.000000
GSA-rs5757772	22	40079407	NC	0.027647	0.512517
rs3747179	22	40083730	NC	-0.057659	0.490279
GSA-rs144296010	22	40086560	NC	-0.022931	0.984200
rs5757777	22	40092864	NC	0.037449	0.514769
rs11704241	22	40102918	NC	-0.028245	0.496879
rs10427810	22	40111623	NC	-0.023765	1.000000
GSA-rs146425869	22	40111811	NC	-0.040290	0.006891
GSA-rs74985600	22	40116547	NC	-0.110468	0.496008
GSA-rs9611212	22	40118460	NC	0.010139	0.000000
rs78929060	22	40122607	NC	-0.009684	0.996315
GSA-rs193210955	22	40126026	NC	-0.056499	0.978311
rs73888146	22	40131030	NC	0.093891	0.524313
rs4597643	22	40145841	NC	0.038772	0.014025
GSA-rs12170853	22	40146186	NC	-0.057012	0.494241
GSA-rs117492549	22	40146285	NC	0.210982	0.499073
GSA-rs77105266	22	40158228	NC	0.104004	1.000000
rs6001679	22	40169926	NC	-0.030604	0.994478
GSA-rs112089227	22	40204329	NC	-0.080138	0.007325
GSA-rs117811619	22	40207399	NC	-0.047710	0.495603
GSA-rs6001687	22	40213280	NC	-0.013238	0.993202
GSA-rs116909307	22	40218102	NC	0.029278	0.514276
rs137953	22	40288385	NC	0.099775	0.012154
GSA-rs117796012	22	40293487	NC	-0.006053	1.000000
GSA-rs137972	22	40311879	NC	-0.077150	0.000000
GSA-rs137979	22	40322684	NC	0.105738	0.989294
rs137980	22	40325161	NC	-0.001716	0.025906
GSA-rs117475298	22	40326509	NC	0.028667	0.995084
GSA-rs137991	22	40340775	NC	0.022007	0.981951
rs3021213	22	40351438	NC	-0.017323	0.000000
GSA-rs9611234	22	40357667	NC	-0.108602	1.000000
GSA-rs2958667	22	40363433	NC	-0.001022	0.492240
rs2284078	22	40363778	NC	0.100149	0.000000
rs56057810	22	40365361	NC	-0.140178	0.982782
GSA-rs117854879	22	40369367	NC	-0.007480	0.011040
rs78753200	22	40376381	NC	-0.122940	0.487096
rs7285507	22	40388308	NC	0.036774	0.498839
GSA-rs117615867	22	40390173	NC	-0.075569	0.504699
rs62230283	22	40400735	NC	-0.106848	0.991678
GSA-rs117741951	22	40403113	NC	-0.038173	1.000000
GSA-rs117571052	22	40403988	NC	-0.060754	0.000000
GSA-rs73165022	22	40404116	NC	0.024638	0.508009
rs116438980	22	40415988	NC	0.047662	0.515633
chr22-40416013	22	40416013	NC	0.078332	0.494886
rs115818503	22	40417794	NC	-0.031464	0.500621
rs41276305	22	40417943	NC	-0.053489	0.499865
rs9623117	22	40452119	NC	-0.123310	0.492667
GSA-rs144573696	22	40466495	NC	0.210916	0.495505
GSA-rs118176772	22	40476546	NC	-0.067091	0.019589
GSA-rs116894924	22	40477813	NC	0.066876	0.509833
GSA-rs12166639	22	40478222	NC	0.032766	1.000000
GSA-rs7292838	22	40479448	NC	0.064087	0.503865
rs6001762	22	40495473	NC	0.037166	0.011996
GSA-rs713639	22	40507282	NC	0.113724	0.492537
exm2264744	22	40526472	NC	0.067664	0.001788
GSA-rs117093907	22	40528393	NC	0.056895	0.006525
GSA-rs117941537	22	40538762	NC	0.020304	1.000000
GSA-rs62236803	22	40549383	NC	0.056931	0.507808
rs9611280	22	40552119	NC	-0.062190	0.487773
rs11089975	22	40562227	NC	0.096216	0.491496
GSA-rs369318562	22	40578455	NC	-0.128348	0.510683
GSA-rs62236841	22	40592458	NC	0.065046	0.000000
rs8138982	22	40610398	NC	0.068282	0.999524
rs28722029	22	40611012	NC	-0.053646	0.495859
rs138027	22	40616112	NC	-0.005115	0.480965
GSA-rs1894588	22	40629980	NC	0.077791	0.000000
GSA-rs78239359	22	40648972	NC	0.154838	0.993562
rs12484776	22	40652873	NC	0.051072	0.484582
rs12628051	22	40654276	NC	0.078505	0.004411
chr22-40662440	22	40662440	NC	-0.029899	0.999095
rs188361271	22	40662585	NC	0.033755	0.483048
rs143708410	22	40662984	NC	0.038807	0.975492
GSA-rs17001776	22	40670894	NC	0.054415	0.479924
GSA-rs73165088	22	40673525	NC	-0.030254	0.005433
GSA-rs150350432	22	40674621	NC	-0.009702	0.516713
rs192239190	22	40676092	NC	-0.018874	0.480863
GSA-rs139909	22	40697581	NC	-0.027824	1.000000
GSA-rs117747299	22	40698362	NC	0.146252	0.989246
GSA-rs13057958	22	40725149	NC	0.057334	0.000000
GSA-rs77895566	22	40734860	NC	0.007931	1.000000
GSA-rs12484697	22	40736472	NC	0.113695	0.967295
GSA-rs192703567	22	40738280	NC	-0.025703	0.503664
GSA-rs117820381	22	40738486	NC	-0.118235	1.000000
GSA-rs751367	22	40741520	NC	-0.059972	0.990179
rs143083947	22	40742567	NC	-0.065431	0.498082
rs374259530	22	40746022	NC	-0.004816	0.508728
seq-rs750614500	22	40754953	NC	-0.035650	1.000000
rs28941471	22	40754954	NC	-0.021332	0.517387
rs148411623	22	40755001	NC	0.056715	0.999380
rs181252862	22	40757292	NC	-0.057286	0.000000
seq-rs202064195	22	40757582	NC	0.041997	0.013023
rs17001863	22	40759308	NC	0.026446	0.000000
seq-rs796052247	22	40760306	NC	-0.007874	0.517311
seq-rs763542069	22	40760365	NC	0.044250	0.981770
seq-rs554254383	22	40760980	NC	-0.063461	0.482228
GSA-rs76075068	22	40770353	NC	0.062169	0.508445
GSA-rs28676471	22	40775481	NC	-0.017824	0.483863
rs9611338	22	40797647	NC	0.041076	0.501921
rs760700	22	40800071	NC	0.095704	0.018757
GSA-rs760701	22	40800518	NC	-0.025771	0.504568
rs201332923	22	40802189	NC	-0.054259	1.000000
GSA-rs186166271	22	40802893	NC	0.017944	0.525773
exm2261229	22	40803186	NC	0.005125	0.014099
rs202162334	22	40804844	NC	0.012034	0.020843
GSA-rs6001904	22	40810951	NC	0.067295	0.000000
GSA-rs78875171	22	40813931	NC	0.059344	0.513596
rs201944805	22	40814431	NC	0.027038	1.000000
rs145316385	22	40814461	NC	0.025868	1.000000
rs74347558	22	40814988	NC	0.006586	0.993053
rs201134748	22	40815034	NC	0.062486	0.009966
rs78093737	22	40819629	NC	0.034237	0.491291
GSA-rs116971651	22	40823284	NC	0.077331	0.510111
rs6001911	22	40825193	NC	-0.177091	0.506742
chr22-40825538	22	40825538	NC	-0.008349	0.000000
rs199952280	22	40825765	NC	0.052466	0.998537
GSA-rs75075962	22	40831256	NC	0.117707	0.981879
rs4507196	22	40849704	NC	0.082866	0.515314
GSA-rs56253436	22	40855131	NC	0.015187	0.000000
GSA-rs57948569	22	40858693	NC	-0.055741	1.000000
rs6001930	22	40876234	NC	0.010149	0.496702
GSA-rs190403080	22	40885023	NC	0.073275	1.000000
GSA-rs9611367	22	40914949	NC	-0.017162	0.005910
GSA-rs118014095	22	40919160	NC	-0.035904	0.499234
GSA-rs116974822	22	40919417	NC	-0.010513	0.498796
GSA-rs73169024	22	40952799	NC	0.130629	0.489737
GSA-rs149173803	22	40958071	NC	-0.093495	0.000000
GSA-rs9607732	22	40990077	NC	-0.051256	0.992668
GSA-rs80270068	22	40999221	NC	-0.081105	0.500655
GSA-rs133033	22	41002252	NC	-0.072707	0.480503
GSA-rs117294683	22	41009015	NC	0.075452	0.019586
GSA-rs76204748	22	41009391	NC	-0.010842	0.988916
rs133047	22	41027819	NC	0.089904	0.992373
GSA-rs76653253	22	41038054	NC	0.017527	1.000000
rs12159200	22	41042091	NC	0.029689	0.497096
rs7292804	22	41047556	NC	0.086334	0.984685
GSA-rs117871311	22	41054954	NC	-0.018136	0.506560
GSA-rs73171018	22	41061691	NC	0.073729	0.501141
GSA-rs133073	22	41075695	NC	-0.085746	1.000000
rs45439291	22	41077613	NC	0.022973	0.000000
rs133074	22	41078473	NC	0.139025	0.494863
rs9611386	22	41078533	NC	-0.015267	0.986401
GSA-rs133076	22	41081561	NC	0.003317	0.000337
rs6002043	22	41104224	NC	0.059383	0.485989
GSA-rs77582394	22	41110066	NC	0.015858	0.000000
rs17344701	22	41132402	NC	-0.046062	0.497515
GSA-rs78985466	22	41135189	NC	-0.067197	1.000000
GSA-rs9611406	22	41138784	NC	-0.052847	0.498624
GSA-rs1884276	22	41143019	NC	-0.117268	0.001332
GSA-rs111774685	22	41149047	NC	-0.055015	0.000000
rs2038339	22	41149865	NC	0.058591	0.001329
rs11806	22	41166135	NC	0.114711	0.487244
rs2076674	22	41170063	NC	-0.017179	0.000000
GSA-rs117147580	22	41193771	NC	-0.019679	0.500172
GSA-rs117487309	22	41195082	NC	0.101908	0.004234
rs12628488	22	41204323	NC	-0.008439	0.992101
GSA-rs74770429	22	41210141	NC	-0.050033	0.495750
GSA-rs62237004	22	41230003	NC	0.013912	0.499007
GSA-rs78115184	22	41240651	NC	-0.008391	0.498823
chr22-41257275	22	41257275	NC	-0.096190	1.000000
rs2269619	22	41257877	NC	-0.018743	0.502819
GSA-rs6002182	22	41258144	NC	-0.027900	0.000000
GSA-rs62237039	22	41264541	NC	-0.103419	0.994467
rs138352	22	41268925	NC	-0.109346	0.999771
GSA-rs138354	22	41272143	NC	-0.073723	0.010779
chr22-41278058	22	41278058	NC	0.119722	0.986410
GSA-rs2073121	22	41282116	NC	0.031916	0.498095
GSA-rs1005402	22	41291730	NC	-0.027764	1.000000
GSA-rs34710289	22	41298977	NC	0.040123	0.004486
rs186524609	22	41320390	NC	-0.068456	1.000000
rs146023695	22	41322392	NC	0.010906	0.511492
GSA-rs117912353	22	41346645	NC	-0.007823	0.005368
GSA-rs111736209	22	41351180	NC	0.043325	1.000000
GSA-rs117990764	22	41386788	NC	0.000069	0.000000
GSA-rs78909142	22	41389334	NC	0.041557	0.507048
rs62237051	22	41408991	NC	0.104055	0.990747
rs4821981	22	41415644	NC	-0.017944	0.000000
GSA-rs117428413	22	41424903	NC	-0.083318	1.000000
rs4820425	22	41431342	NC	-0.036495	1.000000
GSA-rs117234572	22	41437796	NC	-0.063112	1.000000
rs4821995	22	41461836	NC	-0.053972	0.979885
GSA-rs62238688	22	41469714	NC	0.045013	0.512549
GSA-rs116856246	22	41500750	NC	-0.116151	0.492451
rs9611497	22	41507400	NC	-0.007560	0.507728
GSA-rs35531014	22	41532025	NC	-0.051082	0.000000
GSA-rs17002308	22	41536452	NC	0.001946	0.504459
GSA-rs79187507	22	41540984	NC	0.032577	0.500089
rs61756764	22	41542780	NC	0.015123	0.000729
rs148884710	22	41546158	NC	0.002343	0.004917
GSA-rs2076577	22	41568480	NC	0.006810	0.508053
GSA-rs73176628	22	41572541	NC	0.052858	0.001833
GSA-rs139438	22	41605639	NC	0.088284	0.492872
rs3818003	22	41609690	NC	0.039832	0.491345
GSA-rs112391039	22	41610240	NC	-0.001561	0.973402
rs139480	22	41626663	NC	0.035736	0.000000
rs9619954	22	41631250	NC	-0.009007	0.004586
rs9619955	22	41631282	NC	0.040123	0.000000
rs139130242	22	41632497	NC	-0.065490	0.491064
rs1953	22	41641984	NC	-0.020367	0.998501
GSA-rs9611526	22	41642411	NC	0.026110	0.000000
GSA-rs17002382	22	41647303	NC	0.030971	0.006762
GSA-rs180753516	22	41648808	NC	-0.028927	0.008233
GSA-rs2229753	22	41654030	NC	0.022226	0.980301
chr22-41654049	22	41654049	NC	-0.117789	0.991172
rs139513	22	41655058	NC	-0.022087	0.013602
GSA-rs6002301	22	41655340	NC	0.094525	1.000000
rs2235852	22	41661154	NC	-0.052041	0.005885
GSA-rs117716410	22	41703510	NC	0.034738	0.000000
GSA-rs73176670	22	41719248	NC	-0.012450	0.495684
GSA-rs9607793	22	41736090	NC	-0.158327	0.000000
rs1883828	22	41739370	NC	0.006438	0.000000
rs75005031	22	41747576	NC	-0.035606	0.503580
rs12484074	22	41752747	NC	0.007470	0.519233
rs28638318	22	41753059	NC	0.028562	0.493447
rs4822024	22	41757647	NC	0.147017	0.009376
rs5751086	22	41768862	NC	-0.061308	0.496320
GSA-rs116434743	22	41783206	NC	-0.062690	0.500825
rs9611577	22	41793090	NC	0.034442	1.000000
GSA-rs78500963	22	41797846	NC	0.040144	0.492780
rs2899345	22	41815609	NC	-0.084743	1.000000
rs5758350	22	41831267	NC	-0.011015	0.498877
GSA-rs41276319	22	41831322	NC	0.079371	0.000000
GSA-rs2011790	22	41835452	NC	-0.071757	0.506668
GSA-rs11704973	22	41849430	NC	-0.125649	0.008744
GSA-rs111452936	22	41856785	NC	0.160460	0.000000
GSA-rs78851025	22	41878367	NC	-0.076316	0.515117
exm2268441	22	41880770	NC	0.102455	1.000000
GSA-rs9607809	22	41888112	NC	0.066543	0.501510
GSA-rs5751117	22	41900439	NC	-0.066367	0.000000
rs141772938	22	41903841	NC	-0.098192	1.000000
GSA-rs76120255	22	41906827	NC	-0.026962	0.509363
rs141878785	22	41911805	NC	0.000245	0.002614
seq-rs2006715	22	41919850	NC	-0.045027	0.505439
GSA-rs62236521	22	41923121	NC	-0.036958	0.000000
rs375761361	22	41923953	NC	-0.066016	0.987880
chr22-41939769	22	41939769	NC	0.021433	1.000000
GSA-rs9611610	22	41949259	NC	-0.025994	0.497810
rs147762501	22	41973452	NC	0.089027	0.485512
chr22-41980548	22	41980548	NC	0.007700	0.015961
GSA-rs143715682	22	41985797	NC	0.055399	0.505686
rs7291704	22	42008031	NC	0.096600	0.000000
GSA-rs17002517	22	42012457	NC	-0.038548	0.519120
GSA-rs28384701	22	42016526	NC	-0.044092	0.511682
rs5758397	22	42019251	NC	-0.114072	0.009235
GSA-rs28741110	22	42023714	NC	-0.027415	0.018869
rs73161324	22	42038786	NC	0.096973	1.000000
GSA-rs78392319	22	42043970	NC	0.010171	0.987523
GSA-rs28384783	22	42058592	NC	0.036529	0.497310
GSA-rs739134	22	42089623	NC	-0.010944	0.497268
rs2839716	22	42089659	NC	0.002923	0.501576
GSA-rs73161347	22	42091063	NC	-0.049339	0.491139
GSA-rs147348682	22	42095658	NC	-0.011915	0.000000
GSA-rs118172140	22	42119065	NC	0.025612	0.497200
GSA-rs78712535	22	42126821	NC	-0.018145	0.493850
GSA-rs78339304	22	42142393	NC	0.168210	1.000000
GSA-rs8135192	22	42142725	NC	-0.041651	0.500691
GSA-rs17449595	22	42144372	NC	0.091586	0.004737
GSA-rs79634727	22	42151926	NC	-0.062822	0.488435
rs17377643	22	42152988	NC	-0.013915	1.000000
GSA-rs713988	22	42159072	NC	0.052385	1.000000
GSA-rs117206252	22	42167358	NC	0.056317	0.997189
rs73163330	22	42177317	NC	-0.020752	0.485894
GSA-rs738247	22	42190309	NC	-0.031912	0.028496
rs75338000	22	42191844	NC	-0.032128	0.005046
rs139568	22	42210985	NC	-0.029404	1.000000
rs7292894	22	42214719	NC	-0.068429	1.000000
GSA-rs17378709	22	42223410	NC	-0.019534	0.000000
GSA-rs113193963	22	42230472	NC	0.013845	0.487378
rs9607850	22	42235352	NC	0.033978	0.497033
rs2267439	22	42237769	NC	-0.015483	1.000000
GSA-rs117634052	22	42240378	NC	-0.105009	0.989611
rs80094991	22	42248289	NC	-0.024479	0.000000
GSA-rs375131126	22	42250802	NC	0.134321	0.491319
rs9607852	22	42258272	NC	0.028913	0.511649
rs133290	22	42267605	NC	-0.058415	0.993004
rs2229439	22	42271363	NC	0.093330	0.974098
rs142520642	22	42276792	NC	0.068469	0.990474
rs2229440	22	42276825	NC	-0.032969	0.003478
rs5751174	22	42280135	NC	0.105610	0.512544
rs9623468	22	42281294	NC	-0.046703	0.000000
rs1052717	22	42281429	NC	-0.058399	0.000000
rs17002737	22	42282012	NC	-0.072417	0.501407
rs2267443	22	42287454	NC	0.101179	0.000000
rs200341971	22	42290857	NC	-0.038253	0.509605
rs200865732	22	42294757	NC	0.046233	0.002587
GSA-rs117728734	22	42295992	NC	0.090393	0.502815
chr22-42296381	22	42296381	NC	-0.121331	0.013020
rs149314298	22	42299116	NC	-0.010244	0.527421
rs61756766	22	42321451	NC	-0.006645	0.516040
rs67516067	22	42335970	NC	0.103254	0.008077
rs10483213	22	42339525	NC	-0.079352	0.485045
GSA-rs1023500	22	42340844	NC	0.020921	0.504415
rs8140869	22	42344297	NC	0.001210	0.000000
rs5996094	22	42347060	NC	0.014068	0.000430
GSA-rs62240996	22	42354389	NC	0.007897	0.501170
GSA-rs77350866	22	42364432	NC	-0.109843	0.487134
rs5751191	22	42370991	NC	0.155619	0.013210
GSA-rs118061137	22	42374985	NC	-0.014864	0.504654
rs2269665	22	42377878	NC	0.086893	0.498814
rs5751194	22	42379813	NC	-0.067691	0.000000
GSA-rs112204402	22	42381703	NC	0.022777	0.513453
GSA-rs133299	22	42388841	NC	0.086254	0.489850
GSA-rs133302	22	42391176	NC	0.079604	0.513099
GSA-rs55758879	22	42392091	NC	-0.048903	0.989119
rs1062753	22	42392811	NC	0.046626	0.497847
GSA-rs133333	22	42412365	NC	-0.040693	0.000538
rs5758550	22	42412711	NC	0.050841	0.000000
GSA-rs117242066	22	42428104	NC	-0.002509	0.000000
GSA-rs147771475	22	42433887	NC	0.112304	0.977992
GSA-rs78036465	22	42445174	NC	-0.089725	0.001549
GSA-rs5751208	22	42446215	NC	-0.016613	0.474893
GSA-rs5758563	22	42448761	NC	-0.043390	0.000000
GSA-rs11703233	22	42454587	NC	0.045101	0.480422
rs121434529	22	42457056	NC	-0.033761	1.000000
chr22-42458950	22	42458950	NC	0.043875	0.004814
rs201294991	22	42461804	NC	-0.012142	0.990580
GSA-rs73167109	22	42464645	NC	0.147339	0.516905
chr22-42473986	22	42473986	NC	0.021326	0.000000
chr22-42474049	22	42474049	NC	0.053614	0.000000
GSA-rs62238591	22	42480007	NC	-0.071736	0.481444
rs113437301	22	42482252	NC	-0.143466	0.025042
rs6002616	22	42504679	NC	0.080285	0.000000
GSA-rs5751216	22	42508937	NC	-0.043968	0.007978
rs79292917	22	42523854	NC	-0.081707	0.503626
seq-rs5030867	22	42523858	NC	0.174617	0.496106
rs61736512	22	42525134	NC	0.088001	0.491017
rs1135823	22	42525176	NC	0.042505	0.493192
rs1081003	22	42525756	NC	-0.074169	1.000000
chr22-42525772:rs28371706	22	42525772	NC	0.104231	0.008158
rs138100349	22	42526712	NC	0.030134	0.498001
rs72549358	22	42526775	NC	0.048197	1.000000
rs1080989	22	42527793	NC	0.000310	1.000000
rs1080983	22	42528568	NC	-0.021838	0.488123
rs28360521	22	42528976	NC	-0.014018	0.000229
GSA-22:42539385	22	42539385	NC	-0.122492	0.499010
chr22-42540297	22	42540297	NC	0.005567	0.000000
rs5751229	22	42545221	NC	-0.037754	0.488343
rs6519313	22	42552875	NC	-0.024129	0.015870
GSA-rs4453786	22	42563308	NC	-0.043207	0.505048
rs9306356	22	42567090	NC	-0.048335	0.000000
GSA-rs5758632	22	42578054	NC	0.002242	0.484143
GSA-rs73169115	22	42583871	NC	-0.016835	0.513448
GSA-rs117965774	22	42593624	NC	-0.043732	0.474413
chr22-42605862	22	42605862	NC	0.021866	0.486406
GSA-rs17386314	22	42612296	NC	0.066952	0.494209
GSA-rs932376	22	42614362	NC	-0.080614	0.481437
rs56906457	22	42628335	NC	0.046520	0.992005
GSA-rs78870601	22	42630772	NC	0.097406	0.485757
rs4822099	22	42659964	NC	-0.039688	0.991394
rs134874	22	42661144	NC	-0.037084	1.000000
GSA-rs134875	22	42661935	NC	0.024632	0.000000
GSA-rs134882	22	42670965	NC	-0.095552	0.009337
GSA-rs143432784	22	42677324	NC	0.023985	0.992589
rs134904	22	42685537	NC	-0.028812	0.509839
rs9611766	22	42688639	NC	0.048404	0.511085
GSA-rs112585007	22	42690000	NC	-0.041845	0.514696
GSA-rs5758701	22	42690262	NC	-0.008669	0.487965
rs9623554	22	42692339	NC	-0.078124	0.987735
rs6002674	22	42694220	NC	-0.024400	0.014570
rs8137939	22	42696005	NC	-0.006942	0.016492
GSA-rs4822104	22	42698800	NC	0.110329	1.000000
rs8138069	22	42727231	NC	-0.063180	0.016190
rs739150	22	42728168	NC	-0.007950	0.512598
GSA-rs79527556	22	42730837	NC	0.051691	0.020275
rs79463777	22	42733021	NC	0.077507	0.999083
GSA-rs57892117	22	42733867	NC	-0.087175	0.013662
rs7285654	22	42737789	NC	0.040811	0.007637
rs9620039	22	42738766	NC	-0.057329	0.493374
GSA-rs6002695	22	42742451	NC	0.049368	0.999426
rs2157294	22	42750618	NC	0.143747	0.490499
GSA-rs73435512	22	42758726	NC	-0.068226	0.518367
GSA-rs116900029	22	42761285	NC	0.052247	0.500668
GSA-rs9623572	22	42772101	NC	0.008135	0.994572
GSA-rs9611784	22	42773732	NC	0.009671	0.499650
GSA-rs73435518	22	42773943	NC	-0.008590	0.506541
rs11090090	22	42777621	NC	0.050527	0.006554
GSA-rs73173004	22	42784944	NC	0.042837	0.987081
GSA-rs117199695	22	42787471	NC	0.015100	0.020896
GSA-rs113685239	22	42789950	NC	-0.025179	1.000000
rs17003024	22	42793122	NC	-0.104581	0.001236
GSA-rs76257850	22	42812820	NC	-0.022375	0.007790
rs8139063	22	42813753	NC	0.089486	1.000000
GSA-rs28405495	22	42817792	NC	0.098437	0.490667
GSA-rs192249179	22	42826710	NC	0.076099	0.997536
GSA-rs55896880	22	42832748	NC	0.001065	0.520610
rs5758731	22	42855277	NC	0.041825	0.500474
GSA-rs62239665	22	42855719	NC	0.080526	0.502096
rs5996168	22	42862481	NC	-0.069976	0.017987
rs2839705	22	42866614	NC	-0.044413	0.000000
rs6002745	22	42871115	NC	-0.007388	0.009709
GSA-rs112709268	22	42875373	NC	-0.007208	0.481585
rs4822135	22	42876604	NC	0.038428	1.000000
rs5758756	22	42884997	NC	-0.031750	0.505112
GSA-rs146723886	22	42914033	NC	-0.038174	0.519213
GSA-rs141049505	22	42915843	NC	-0.032033	0.000000
GSA-rs117060806	22	42941519	NC	-0.016571	0.505201
GSA-rs117885227	22	42959624	NC	-0.046414	0.990727
rs200238208	22	42962330	NC	0.030657	1.000000
chr22-42968452	22	42968452	NC	-0.057944	0.000000
GSA-rs183456205	22	42969911	NC	-0.143505	0.507815
GSA-rs137058	22	42970680	NC	0.040307	1.000000
rs137085	22	42981138	NC	0.003623	1.000000
rs144152039	22	42995724	NC	0.073221	0.982200
GSA-rs373221123	22	42997627	NC	0.010426	0.000000
GSA-rs113513063	22	42998902	NC	0.022888	0.515749
rs61744232	22	43010821	NC	-0.033216	0.499010
rs76458556	22	43015795	NC	-0.008568	0.486402
rs137126	22	43019252	NC	-0.061404	0.502832
GSA-rs8190457	22	43020234	NC	-0.001868	0.992288
GSA-rs34103809	22	43021954	NC	0.038074	0.508938
chr22-43023680	22	43023680	NC	0.055570	0.024199
GSA-rs8190441	22	43024701	NC	0.025564	0.022753
rs121965007	22	43027437	NC	-0.015552	0.485021
rs8190377	22	43044149	NC	-0.019637	0.483598
rs5758837	22	43049014	NC	0.010347	0.014527
GSA-rs148760589	22	43058398	NC	-0.021972	0.501488
rs130328	22	43061482	NC	-0.027724	0.006150
GSA-rs111911231	22	43062797	NC	0.044436	0.499106
rs130334	22	43066531	NC	-0.033918	0.493721
GSA-rs62238287	22	43071309	NC	-0.045409	0.502394
GSA-rs145925808	22	43076708	NC	0.043678	1.000000
GSA-rs130347	22	43076809	NC	-0.042509	0.000000
JHU_22.43088412	22	43088413	NC	-0.003997	1.000000
rs3747193	22	43088463	NC	0.139532	0.517866
22:43088927-GA	22	43088927	NC	0.023550	0.000000
rs9623659	22	43088971	NC	0.063514	0.525309
22:43088972-GA	22	43088972	NC	0.041198	0.510926
exm1614514	22	43089044	NC	-0.011429	0.484758
22:43089066-CA	22	43089066	NC	-0.047908	0.514135
22:43089164-CT	22	43089164	NC	0.121680	0.482859
22:43089281-CT	22	43089281	NC	-0.049103	1.000000
22:43089354-GA	22	43089354	NC	0.047804	0.000000
22:43089762-GA	22	43089762	NC	0.024609	0.496282
exm1614556	22	43089849	NC	-0.103690	0.499556
rs3788594	22	43090249	NC	0.105557	0.508851
rs5758871	22	43095600	NC	-0.072609	0.000000
JHU_22.43096506	22	43096507	NC	-0.193306	1.000000
JHU_22.43096594	22	43096595	NC	0.011874	0.006102
rs5751341	22	43097551	NC	0.115156	0.000000
JHU_22.43098309	22	43098310	NC	-0.028642	0.983313
GSA-rs73174925	22	43099621	NC	0.030953	0.001081
GSA-rs28992193	22	43099957	NC	0.060544	0.991071
JHU_22.43100132	22	43100133	NC	0.028667	0.518363
JHU_22.43100701	22	43100702	NC	-0.153637	0.994153
JHU_22.43100785	22	43100786	NC	-0.002233	0.994808
JHU_22.43100855	22	43100856	NC	0.001480	0.507663
rs7285550	22	43103684	NC	-0.103173	0.000000
rs5758894	22	43110919	NC	0.079608	0.501474
22:43112475-C-T	22	43112475	NC	0.086981	0.995509
rs738527	22	43112961	NC	0.068158	0.996794
rs9623671	22	43113434	NC	-0.027100	0.000000
JHU_22.43114155	22	43114156	NC	0.075930	1.000000
rs73427300	22	43114204	NC	-0.152035	0.483255
rs5758896	22	43115576	NC	0.028663	1.000000
rs12166331	22	43121426	NC	-0.039238	0.512484
rs9607931	22	43122720	NC	-0.003895	0.501873
GSA-rs75737464	22	43126236	NC	-0.009381	0.501120
GSA-rs9611869	22	43135731	NC	0.010914	1.000000
GSA-rs9611875	22	43153807	NC	0.103617	0.493080
rs9611876	22	43155357	NC	-0.079955	0.002885
rs9611883	22	43158867	NC	0.032191	0.979154
rs56360850	22	43159368	NC	0.048166	0.999014
rs5758925	22	43161405	NC	0.059725	0.990928
rs2413716	22	43162952	NC	-0.064812	0.486952
rs6002950	22	43165866	NC	0.053530	0.997185
GSA-rs148823036	22	43174578	NC	-0.056847	0.524036
rs5758935	22	43175821	NC	0.072551	0.492597
GSA-rs4822199	22	43178043	NC	-0.031926	0.986560
GSA-rs8140100	22	43187236	NC	0.068257	0.502814
rs4820484	22	43188309	NC	0.039096	0.000000
GSA-rs11551619	22	43195109	NC	0.123274	1.000000
rs5758948	22	43195296	NC	-0.045008	0.505720
GSA-rs5758951	22	43197034	NC	0.003821	0.006134
rs35498349	22	43203086	NC	0.035165	0.510152
GSA-rs117585418	22	43212635	NC	0.024487	0.000000
rs144427016	22	43213187	NC	-0.000930	0.001365
rs17003362	22	43217080	NC	0.064709	0.491756
GSA-rs9607957	22	43218397	NC	-0.044678	0.012734
rs5758962	22	43225174	NC	0.021682	0.498074
GSA-rs5758972	22	43232973	NC	-0.012843	0.495728
GSA-rs78960244	22	43255049	NC	-0.152225	1.000000
GSA-rs141956945	22	43273219	NC	0.049140	0.017995
chr22-43275082	22	43275082	NC	0.096412	0.998353
GSA-rs117551605	22	43298426	NC	0.035074	0.000000
GSA-rs9623713	22	43303882	NC	-0.020652	0.006579
GSA-rs17003413	22	43313954	NC	-0.092339	1.000000
rs2284093	22	43325352	NC	-0.077212	0.997435
rs738387	22	43329819	NC	-0.125590	0.493064
GSA-rs118112833	22	43331540	NC	0.036168	0.000000
GSA-rs75910415	22	43339467	NC	0.137982	0.513232
GSA-rs112051070	22	43341718	NC	-0.058284	0.996122
rs5759052	22	43342723	NC	0.062528	0.512092
GSA-rs151215238	22	43343890	NC	0.003729	0.503924
GSA-rs71329167	22	43346878	NC	-0.047298	1.000000
GSA-rs74823263	22	43347699	NC	-0.068241	0.985720
GSA-rs1569507	22	43356699	NC	0.013873	0.987271
GSA-rs62231618	22	43371787	NC	0.029866	0.998712
rs5759070	22	43375701	NC	0.122156	0.990530
GSA-rs3819678	22	43386716	NC	0.038812	0.001231
rs2413739	22	43397036	NC	-0.011786	0.485252
rs5759095	22	43411887	NC	0.032847	0.482636
GSA-rs3091364	22	43414330	NC	0.016449	0.015060
GSA-rs118178599	22	43414728	NC	0.003479	0.016868
rs5759097	22	43415116	NC	0.032770	1.000000
rs13057591	22	43415581	NC	-0.027862	0.493073
rs12484214	22	43419385	NC	0.164819	0.003732
rs5751416	22	43432826	NC	-0.088428	0.514312
GSA-rs7349054	22	43439296	NC	-0.020911	0.991081
rs5759111	22	43442599	NC	-0.004769	0.485137
rs2076160	22	43448117	NC	0.017739	0.493076
GSA-rs9611993	22	43456450	NC	0.110659	0.495282
rs5996262	22	43458018	NC	-0.035850	0.489785
GSA-rs56168056	22	43465063	NC	0.014896	0.506170
rs2076154	22	43465529	NC	-0.010942	1.000000
rs2076156	22	43466217	NC	0.042177	0.529611
rs5759143	22	43473662	NC	-0.052863	0.000000
rs10427660	22	43475508	NC	-0.074523	0.517851
GSA-rs5751429	22	43478509	NC	0.128399	0.000000
GSA-rs62231654	22	43481948	NC	0.003853	0.000000
rs8141749	22	43483242	NC	-0.053233	0.483779
GSA-rs76850054	22	43486745	NC	-0.027761	0.000000
rs6003065	22	43500003	NC	-0.035296	0.976352
rs5759167	22	43500212	NC	-0.005153	1.000000
GSA-rs74867164	22	43513244	NC	0.143582	1.000000
rs5751436	22	43514187	NC	0.075643	0.489537
rs4988389	22	43515339	NC	0.024182	1.000000
rs742136	22	43518822	NC	0.085833	0.498250
GSA-rs11090143	22	43520105	NC	0.016617	0.000000
rs2072855	22	43533515	NC	0.009588	0.505120
GSA-rs9612015	22	43540174	NC	-0.030778	1.000000
GSA-rs72619546	22	43542792	NC	0.009575	1.000000
GSA-rs739092	22	43544823	NC	-0.023678	1.000000
rs138908	22	43548155	NC	0.083336	0.003205
rs5759197	22	43550149	NC	-0.143611	1.000000
rs762960	22	43551052	NC	-0.058158	1.000000
rs138915	22	43556316	NC	0.093504	0.494897
rs199899658	22	43557085	NC	0.005978	0.498055
GSA-rs6971	22	43558926	NC	0.007833	1.000000
rs6972	22	43558972	NC	0.027541	0.001690
rs80411	22	43561675	NC	-0.036738	0.000000
GSA-rs17514783	22	43562247	NC	0.147091	0.027871
GSA-rs5759205	22	43566559	NC	-0.034270	0.000000
GSA-rs117663029	22	43568096	NC	-0.047315	0.000000
seq-rs34074034	22	43568512	NC	0.093391	0.509705
rs762953	22	43570068	NC	0.132631	0.481795
rs6003097	22	43572180	NC	-0.048997	0.499749
GSA-rs77808662	22	43574090	NC	0.026468	0.497917
GSA-rs112366138	22	43575129	NC	-0.008603	0.508264
rs2071724	22	43577048	NC	0.016204	0.995972
rs75572484	22	43577307	NC	0.002071	0.993581
rs138960	22	43585305	NC	-0.033153	1.000000
GSA-rs112727859	22	43586327	NC	-0.009458	0.498882
rs138974	22	43594138	NC	0.092400	0.503624
GSA-rs138983	22	43599917	NC	0.068334	0.486522
GSA-rs34782724	22	43605127	NC	0.039761	0.998554
GSA-rs117267143	22	43605708	NC	0.010435	0.499981
GSA-rs113386696	22	43607868	NC	-0.027790	0.476677
GSA-rs35738631	22	43609197	NC	0.139721	1.000000
rs138994	22	43610808	NC	0.004584	0.500660
GSA-rs56221413	22	43610867	NC	0.024545	1.000000
rs73163949	22	43613252	NC	0.061266	0.994115
rs12053796	22	43614099	NC	-0.044438	0.491732
rs5759219	22	43614601	NC	-0.022903	0.002228
GSA-rs138997	22	43615005	NC	0.124688	0.510478
rs58377227	22	43618192	NC	0.078997	0.004208
rs148458324	22	43618695	NC	-0.094663	0.515208
GSA-rs6003114	22	43619200	NC	-0.000408	1.000000
rs139006	22	43619631	NC	-0.018106	0.027483
rs73886454	22	43622819	NC	-0.044488	0.487895
rs139013	22	43624305	NC	-0.042994	0.492770
rs9620126	22	43629518	NC	0.015420	0.524713
GSA-rs113834836	22	43631736	NC	0.024061	0.508925
GSA-rs139021	22	43632100	NC	-0.070144	0.487301
rs8137393	22	43633977	NC	-0.004333	0.483052
rs6003121	22	43635549	NC	0.060678	0.521349
rs75761381	22	43636729	NC	0.142116	0.490040
GSA-rs739094	22	43639989	NC	0.011098	0.485734
GSA-rs5759225	22	43640728	NC	-0.113655	0.501350
rs11705577	22	43645133	NC	-0.019950	0.484605
GSA-rs62232089	22	43646613	NC	0.050842	0.016890
GSA-rs8140084	22	43646647	NC	0.069808	0.505534
rs762950	22	43647870	NC	0.007643	0.491761
GSA-rs5751454	22	43649715	NC	-0.072649	0.016205
rs139028	22	43650729	NC	0.019890	0.499879
GSA-rs17003573	22	43650988	NC	-0.008975	0.512995
rs139030	22	43653625	NC	-0.021024	0.504597
rs5751457	22	43655427	NC	0.017295	0.489347
rs59766248	22	43657040	NC	0.020738	0.511291
rs5751462	22	43661080	NC	-0.006592	0.506609
rs5759238	22	43662468	NC	-0.154382	0.017767
rs878734	22	43663734	NC	-0.081845	1.000000
rs139035	22	43664665	NC	-0.064153	0.013660
GSA-rs139037	22	43667423	NC	-0.008875	0.491085
GSA-rs7291800	22	43673471	NC	-0.086214	1.000000
rs5759250	22	43673800	NC	0.138951	1.000000
GSA-rs59052863	22	43678135	NC	-0.115726	1.000000
rs5759256	22	43680239	NC	0.009700	0.000000
GSA-rs74511791	22	43681537	NC	0.027560	1.000000
GSA-rs117250968	22	43682503	NC	-0.000174	0.999996
rs5759258	22	43684257	NC	0.017306	0.513255
rs7290575	22	43685657	NC	-0.001840	0.499550
GSA-rs75327112	22	43688504	NC	0.087020	0.000000
GSA-rs5759267	22	43696688	NC	-0.013683	0.501233
rs2269668	22	43699774	NC	0.053622	0.500034
rs2269670	22	43700013	NC	-0.117628	0.483300
GSA-rs5759273	22	43701218	NC	-0.036793	0.000000
rs17003642	22	43704192	NC	-0.092051	0.506392
rs17003643	22	43705185	NC	-0.034620	0.483824
rs11704418	22	43705678	NC	-0.053589	0.513415
rs3213584	22	43716324	NC	0.014741	1.000000
GSA-rs75142160	22	43717635	NC	-0.038013	0.505516
GSA-rs74924289	22	43721994	NC	0.037763	0.000000
rs77888863	22	43729172	NC	0.032348	0.499146
rs41307223	22	43735185	NC	-0.011557	0.484743
rs5759291	22	43736392	NC	0.050587	0.000000
GSA-rs7293117	22	43742379	NC	-0.010783	0.978039
GSA-rs73166132	22	43754675	NC	0.115401	1.000000
GSA-rs5759305	22	43755827	NC	-0.029925	0.005311
rs57639948	22	43760031	NC	0.068362	0.034665
rs80083088	22	43761203	NC	0.104856	0.997131
GSA-rs6003177	22	43768298	NC	0.101916	0.980612
rs1555242	22	43779867	NC	-0.010629	0.995016
GSA-rs761740	22	43781850	NC	0.018730	0.504483
GSA-rs117664014	22	43781881	NC	0.040500	0.993287
rs743029	22	43782937	NC	-0.015917	0.980082
GSA-rs73166158	22	43787437	NC	0.095588	0.981882
rs74529832	22	43798373	NC	-0.017010	0.483590
rs112455927	22	43805095	NC	-0.142595	0.000000
GSA-rs11090160	22	43805809	NC	0.018501	0.990783
GSA-rs6003190	22	43810009	NC	-0.025454	0.003951
GSA-rs73166186	22	43812896	NC	0.077005	0.495061
rs4822289	22	43823014	NC	-0.051817	0.020816
GSA-rs739019	22	43825979	NC	-0.059045	0.998566
GSA-rs12158832	22	43826783	NC	-0.026298	0.000000
rs135071	22	43830353	NC	-0.077573	0.998582
GSA-rs62234092	22	43830910	NC	-0.123751	0.994999
rs182725627	22	43831058	NC	-0.029479	0.024926
rs135068	22	43832845	NC	-0.109543	0.006993
rs135062	22	43834820	NC	-0.088913	1.000000
GSA-rs74622997	22	43840982	NC	-0.081213	0.502701
exm2273066	22	43843065	NC	-0.028530	0.489738
rs135044	22	43845708	NC	-0.044214	1.000000
GSA-rs20195	22	43857328	NC	-0.063804	0.495018
rs76970628	22	43860845	NC	0.012466	0.003699
GSA-rs8138794	22	43866756	NC	0.031103	0.981232
GSA-rs6003217	22	43870800	NC	0.090269	1.000000
rs75142394	22	43872810	NC	-0.034527	0.524343
rs8143131	22	43876153	NC	0.041547	1.000000
rs2024631	22	43877096	NC	-0.105664	0.487792
rs150980659	22	43886854	NC	0.028475	0.506072
rs141075713	22	43894599	NC	0.013300	0.012692
rs28608705	22	43897310	NC	0.122176	0.997320
GSA-rs112035174	22	43897433	NC	-0.028314	0.512025
rs28711226	22	43898650	NC	-0.174871	0.986671
rs28501581	22	43900259	NC	-0.064046	0.491496
rs62638146	22	43900524	NC	0.041974	0.011034
rs117727854	22	43900530	NC	0.049916	0.000000
GSA-rs116923938	22	43903769	NC	-0.003816	0.489597
GSA-rs8140898	22	43907291	NC	0.073614	0.503244
GSA-rs117585796	22	43924609	NC	0.003871	0.012507
chr22-43926729	22	43926729	NC	0.089580	0.008939
chr22-43926845	22	43926845	NC	-0.011245	0.505230
GSA-rs736621	22	43927320	NC	0.107908	0.502963
GSA-rs143158205	22	43931236	NC	-0.027418	0.013185
GSA-rs61995891	22	43936117	NC	0.058175	0.511199
rs77935335	22	43936383	NC	0.014917	0.995092
GSA-rs79909850	22	43949009	NC	0.091015	0.000000
GSA-rs34955597	22	43950853	NC	0.028163	1.000000
GSA-rs74525878	22	43956566	NC	-0.089697	0.000000
rs9614382	22	43976396	NC	0.100847	0.502104
GSA-rs8138190	22	43985334	NC	-0.114875	0.502147
GSA-rs9614453	22	43998724	NC	-0.011634	1.000000
rs735234	22	44000711	NC	0.074286	0.502932
GSA-rs117851770	22	44012172	NC	-0.009115	0.494258
GSA-rs9626001	22	44012951	NC	-0.009790	0.000167
rs143713526	22	44022493	NC	-0.016080	0.983101
rs35376417	22	44028085	NC	0.106807	0.521680
GSA-rs137731	22	44031042	NC	0.004353	0.009859
GSA-rs75912267	22	44042383	NC	0.093640	0.497802
rs115638616	22	44083002	NC	0.004491	0.481517
GSA-rs117462097	22	44090333	NC	0.003056	0.999024
GSA-rs78773889	22	44092683	NC	-0.012192	1.000000
GSA-rs767249	22	44113813	NC	-0.155457	0.008249
rs5764236	22	44114861	NC	-0.066171	0.503930
GSA-rs190656289	22	44127255	NC	0.062251	0.000000
GSA-rs9625942	22	44129156	NC	0.038667	0.000000
GSA-rs79422722	22	44138332	NC	-0.041844	0.007549
GSA-rs73174361	22	44143638	NC	-0.024214	1.000000
GSA-rs66525552	22	44147012	NC	0.030258	0.518529
GSA-rs16990981	22	44151656	NC	0.018739	0.500342
rs146421624	22	44168935	NC	-0.068125	0.000000
GSA-rs2187887	22	44169426	NC	0.031307	0.509943
rs5764296	22	44181312	NC	0.029878	0.000000
rs9968041	22	44183913	NC	-0.031077	0.994018
GSA-rs9614188	22	44194393	NC	-0.093819	0.022032
GSA-rs5764309	22	44195654	NC	-0.022869	0.000000
GSA-rs9614274	22	44196183	NC	0.144156	1.000000
GSA-rs6006551	22	44205880	NC	0.059035	0.494353
GSA-rs117098145	22	44212184	NC	0.053670	0.489049
rs138056	22	44220673	NC	-0.059398	0.992078
GSA-rs74840344	22	44222744	NC	0.003674	0.999949
GSA-rs138060	22	44222807	NC	0.044746	0.504494
GSA-rs112497718	22	44227025	NC	0.033033	1.000000
rs2285159	22	44228367	NC	-0.005216	0.000000
GSA-rs118143044	22	44236168	NC	-0.067943	0.504307
GSA-rs9614191	22	44238974	NC	-0.092995	0.007839
rs80628	22	44245179	NC	0.023103	0.986464
rs7284196	22	44257833	NC	0.000891	0.497133
GSA-rs117222100	22	44273276	NC	0.073388	0.510886
GSA-rs129655	22	44274202	NC	0.018554	0.505630
rs181818400	22	44280150	NC	0.018142	0.528447
rs149836456	22	44280193	NC	0.118440	0.473517
rs141704319	22	44282243	NC	-0.064705	0.007756
rs739231	22	44282276	NC	0.118043	0.993134
rs139512427	22	44282368	NC	-0.086084	1.000000
GSA-rs2401203	22	44284854	NC	-0.100099	0.465323
GSA-rs62621223	22	44285258	NC	0.084684	0.990932
GSA-rs62226145	22	44285428	NC	0.143450	0.000000
GSA-rs713964	22	44286531	NC	0.048030	0.983357
rs367895146	22	44287051	NC	0.117431	0.013720
rs743936	22	44290315	NC	-0.059473	0.000000
rs77101796	22	44293787	NC	-0.034369	0.491209
GSA-rs5764394	22	44293814	NC	-0.145937	0.495847
rs6006570	22	44298499	NC	0.012747	1.000000
rs4823103	22	44304419	NC	0.087003	0.507503
GSA-rs9614194	22	44305065	NC	0.048407	0.000000
rs5764023	22	44305218	NC	0.078791	0.498421
GSA-rs9626055	22	44318244	NC	0.025271	0.978986
chr22-44322876	22	44322876	NC	0.023702	1.000000
chr22-44322910	22	44322910	NC	-0.084009	0.000000
rs79118505	22	44322936	NC	-0.034381	0.526332
rs2076212	22	44322970	NC	-0.025461	0.523171
GSA-rs117414666	22	44326204	NC	-0.077397	0.504320
GSA-rs9625963	22	44327219	NC	0.057342	0.991324
rs1883350	22	44328043	NC	0.015830	1.000000
rs190477302	22	44328870	NC	0.102579	0.488847
rs115531341	22	44328950	NC	0.057031	0.510656
rs2281135	22	44332570	NC	0.061623	0.510528
rs2896019	22	44333694	NC	-0.049490	0.000000
rs144233415	22	44335885	NC	-0.026307	0.513076
GSA-rs2294915	22	44340904	NC	0.063978	0.984976
GSA-rs76015644	22	44355693	NC	-0.055838	0.510248
rs117826724	22	44360001	NC	0.113647	1.000000
rs2073082	22	44360007	NC	-0.060476	0.505361
GSA-rs932430	22	44368741	NC	0.030226	1.000000
rs738492	22	44370336	NC	-0.095507	0.513323
rs61473277	22	44371406	NC	-0.036961	0.008449
chr22-44371983	22	44371983	NC	-0.107308	0.509884
GSA-rs117721198	22	44378368	NC	-0.049885	0.488615
rs8418	22	44379838	NC	-0.014416	0.499712
GSA-rs17580791	22	44388281	NC	-0.090820	0.504071
rs3827386	22	44389392	NC	0.065363	0.027726
rs2281298	22	44391234	NC	-0.047227	0.000000
GSA-rs2073080	22	44394402	NC	-0.043112	1.000000
GSA-rs2281292	22	44395389	NC	-0.025251	0.495443
rs6006610	22	44399761	NC	-0.039078	0.487287
rs16991328	22	44404484	NC	0.037334	0.512022
rs9614308	22	44404522	NC	-0.111911	0.008392
rs5764058	22	44410173	NC	-0.021919	0.999897
GSA-rs11912129	22	44411804	NC	0.167118	1.000000
rs9614313	22	44411910	NC	-0.051085	1.000000
rs114704228	22	44412635	NC	-0.026602	0.505652
rs8142117	22	44416429	NC	-0.043558	0.001142
GSA-rs74427758	22	44417927	NC	0.035019	0.991579
rs135114	22	44417970	NC	-0.046390	0.000000
rs7289308	22	44418039	NC	0.007138	0.502093
rs5764467	22	44418444	NC	-0.011940	0.000000
GSA-rs2267592	22	44421563	NC	0.021209	0.482090
rs6006622	22	44424108	NC	0.023672	0.021069
GSA-rs117803375	22	44425836	NC	-0.089188	1.000000
rs2267595	22	44427251	NC	-0.024050	0.499981
rs2246843	22	44427967	NC	-0.008699	1.000000
rs5764066	22	44435552	NC	-0.016873	0.000000
rs72619557	22	44448402	NC	0.002480	0.510297
rs1004529	22	44452318	NC	-0.025994	0.502558
rs12168526	22	44456692	NC	-0.111557	1.000000
rs67447085	22	44456841	NC	0.049388	0.531605
rs130311	22	44466550	NC	0.038086	0.000000
GSA-rs117342927	22	44467446	NC	-0.037592	0.506997
rs73181227	22	44467676	NC	0.024039	0.000000
GSA-rs79330384	22	44472281	NC	0.024485	0.013177
GSA-rs11705487	22	44474024	NC	-0.069540	0.505213
rs738482	22	44480397	NC	-0.003406	0.978390
GSA-rs78366367	22	44488632	NC	0.058437	0.016276
rs1983609	22	44489868	NC	-0.052956	0.991970
rs738479	22	44489896	NC	-0.079827	0.003842
rs12169088	22	44494466	NC	-0.024927	0.002132
GSA-rs8137149	22	44494527	NC	0.006034	0.474959
rs56194750	22	44495953	NC	-0.003411	0.505489
rs8140244	22	44496917	NC	0.025112	0.996660
GSA-rs9614326	22	44499343	NC	-0.027193	0.003593
GSA-rs79263841	22	44499859	NC	-0.095398	1.000000
rs6006486	22	44503633	NC	0.002633	0.002128
GSA-rs6006488	22	44506233	NC	-0.048727	0.509654
GSA-rs112067135	22	44511918	NC	0.035721	0.519056
GSA-rs742550	22	44515711	NC	0.014433	0.512379
GSA-rs6006665	22	44517438	NC	0.027620	1.000000
rs7291712	22	44517889	NC	-0.046493	0.005433
rs1535009	22	44522312	NC	0.033598	1.000000
rs9614202	22	44524638	NC	0.006489	0.491174
GSA-rs75617873	22	44526105	NC	0.032494	0.005017
rs9625985	22	44530201	NC	0.017280	1.000000
rs2267614	22	44530420	NC	0.063020	0.000000
rs742404	22	44542873	NC	-0.011702	0.990640
rs5764558	22	44544028	NC	-0.062224	0.000000
rs139072	22	44554779	NC	-0.084913	0.507463
rs139090	22	44562756	NC	-0.019810	0.019075
rs77288331	22	44563678	NC	-0.066401	0.488513
GSA-rs139099	22	44566226	NC	-0.083019	0.495803
GSA-rs139101	22	44566906	NC	0.022996	0.497348
rs9614207	22	44567435	NC	0.030057	0.000000
rs139110	22	44571828	NC	0.092719	0.466773
rs9614362	22	44572578	NC	-0.066538	0.020363
rs3747208	22	44575868	NC	-0.021737	0.503523
rs139124	22	44576132	NC	-0.063891	0.000000
rs6006693	22	44581549	NC	0.012425	0.005169
rs79478	22	44582499	NC	0.209994	0.489586
rs139133	22	44582820	NC	-0.048999	0.018474
rs932381	22	44589008	NC	-0.097610	0.000000
chr22-44592248	22	44592248	NC	-0.017571	0.000000
GSA-rs16991639	22	44595239	NC	-0.099181	0.005535
rs470111	22	44595591	NC	-0.012229	0.505605
rs139164	22	44598088	NC	0.076509	0.498258
rs139167	22	44598692	NC	-0.018582	1.000000
chr22-44602262	22	44602262	NC	0.017868	0.499961
rs909850	22	44614313	NC	-0.026973	0.481803
GSA-rs755944	22	44614363	NC	-0.008506	0.484520
rs713927	22	44615218	NC	0.034128	0.000000
rs139240	22	44617864	NC	0.111061	0.502232
rs11703924	22	44623871	NC	-0.103587	0.000000
GSA-rs139265	22	44628068	NC	-0.039459	0.985986
GSA-rs117073572	22	44633619	NC	0.077352	0.016146
rs9614390	22	44634211	NC	0.071614	0.998528
GSA-rs5764659	22	44646105	NC	0.026534	0.525169
GSA-rs5764148	22	44646119	NC	0.112317	0.015123
GSA-rs16991714	22	44649665	NC	0.024205	0.000000
GSA-rs77782627	22	44653054	NC	-0.103188	0.486602
GSA-rs117549213	22	44654646	NC	-0.013331	0.506122
GSA-rs135427	22	44657628	NC	-0.016569	0.493130
rs113870793	22	44661641	NC	-0.035690	0.493830
GSA-rs117833833	22	44663209	NC	-0.030859	0.474769
GSA-rs112151230	22	44664764	NC	-0.089510	1.000000
rs135420	22	44664866	NC	-0.045903	0.000000
rs55746438	22	44671960	NC	0.046324	0.002559
rs135400	22	44677081	NC	-0.013342	0.014432
GSA-rs135396	22	44677647	NC	-0.094839	0.508165
rs135391	22	44679762	NC	0.056774	0.536272
GSA-rs76877800	22	44682737	NC	0.032085	1.000000
rs9614422	22	44684979	NC	0.050235	0.004674
rs8136994	22	44685618	NC	0.046393	1.000000
GSA-rs75196408	22	44686967	NC	0.122136	0.504458
GSA-rs73165813	22	44687571	NC	0.047676	0.971975
rs7289182	22	44692540	NC	-0.013081	0.500821
rs3935378	22	44695088	NC	-0.073611	0.000000
GSA-rs62226817	22	44695739	NC	-0.133549	0.484553
rs12162773	22	44698909	NC	0.007034	0.501063
GSA-rs3935524	22	44700267	NC	-0.043815	0.991680
rs7511423	22	44701372	NC	-0.023326	0.000000
GSA-rs76267418	22	44701906	NC	-0.065872	0.000000
rs7510953	22	44703234	NC	0.024941	0.997939
GSA-rs12162783	22	44703774	NC	0.108870	1.000000
rs12163376	22	44705095	NC	-0.121403	0.496205
GSA-rs117475466	22	44706649	NC	0.059792	0.496341
rs12158741	22	44706814	NC	0.062227	0.503650
rs1130274	22	44710758	NC	-0.081271	0.521728
rs73888999	22	44714544	NC	-0.123186	0.000000
rs68062760	22	44715032	NC	-0.033923	0.004750
rs73434505	22	44715451	NC	-0.053374	0.984721
GSA-rs116806648	22	44717751	NC	-0.035851	0.506602
rs34255233	22	44723069	NC	0.017718	0.495912
rs34420568	22	44723271	NC	0.041779	0.473683
GSA-rs117386044	22	44723542	NC	-0.025192	0.504605
GSA-rs117032738	22	44734901	NC	0.025917	0.000000
GSA-rs9614891	22	44737646	NC	-0.116427	0.999988
rs111554526	22	44739592	NC	-0.061442	0.002287
GSA-rs11090718	22	44740406	NC	-0.017603	1.000000
GSA-rs74464138	22	44740415	NC	0.083631	1.000000
rs5765896	22	44744080	NC	0.101023	0.486656
rs7284718	22	44744453	NC	-0.088889	0.000000
rs5766088	22	44745694	NC	-0.035376	0.489483
GSA-rs116925001	22	44745765	NC	-0.007000	0.013009
GSA-rs77866744	22	44745963	NC	0.014247	0.494303
rs743864	22	44747100	NC	0.027598	0.516557
rs8139097	22	44747334	NC	0.016672	0.493560
GSA-rs80296798	22	44747800	NC	0.068091	1.000000
rs5764718	22	44751158	NC	-0.079597	1.000000
rs2013512	22	44753351	NC	0.085052	0.012062
GSA-rs71330746	22	44754444	NC	0.001615	0.000000
rs11705079	22	44754963	NC	0.043600	0.487893
GSA-rs2014530	22	44757071	NC	-0.050056	0.516576
GSA-rs76498283	22	44758421	NC	0.062498	0.496886
rs8138173	22	44760039	NC	0.034114	0.502651
rs1557553	22	44760984	NC	-0.059691	0.000000
GSA-rs58662916	22	44761314	NC	0.006432	0.502924
rs143763029	22	44761529	NC	0.145305	0.006096
rs1557554	22	44763277	NC	-0.080910	0.000000
rs5764924	22	44763651	NC	-0.062611	0.036462
rs5764925	22	44763799	NC	0.061664	0.991244
GSA-rs116950775	22	44764343	NC	0.028831	0.002154
GSA-rs2097443	22	44768559	NC	0.074041	0.000000
GSA-rs4823353	22	44769535	NC	-0.033598	0.016645
rs62228630	22	44770316	NC	-0.128983	0.000000
rs1041887	22	44771763	NC	0.023456	1.000000
GSA-rs117238564	22	44773183	NC	0.065169	0.000000
rs135890	22	44774868	NC	-0.009644	1.000000
rs62228632	22	44775847	NC	0.121361	0.014098
GSA-rs9626550	22	44776964	NC	0.023346	0.496171
rs4426	22	44778354	NC	0.159664	0.490393
rs2071815	22	44778738	NC	0.050193	0.004580
GSA-rs1041890	22	44779501	NC	-0.034914	0.499801
GSA-rs117429554	22	44780843	NC	-0.066174	0.000000
rs135905	22	44784847	NC	-0.182591	0.505309
rs13055798	22	44787383	NC	-0.038842	0.000000
rs5766061	22	44788714	NC	0.002598	1.000000
GSA-rs2187828	22	44790471	NC	-0.002572	0.509264
rs916294	22	44791343	NC	-0.103816	0.018853
rs35449812	22	44792065	NC	-0.039581	0.514378
rs13058072	22	44792128	NC	0.040619	0.505453
GSA-rs117822775	22	44793300	NC	0.015457	0.507558
rs135914	22	44795895	NC	0.098507	0.996407
rs713888	22	44797723	NC	-0.042701	0.000000
rs5766249	22	44803722	NC	0.003915	0.510362
rs135920	22	44803990	NC	0.021292	0.005050
rs135924	22	44807473	NC	0.030394	0.979784
rs135925	22	44807977	NC	-0.023482	0.495819
rs135938	22	44812036	NC	0.059015	0.002248
rs35536840	22	44818780	NC	0.005847	0.000000
rs135970	22	44824399	NC	0.133838	0.985226
rs115020852	22	44826561	NC	0.009718	1.000000
GSA-rs79354586	22	44827204	NC	0.137515	0.493838
rs135976	22	44828077	NC	-0.009777	0.485345
GSA-rs58198963	22	44833655	NC	-0.011369	0.000000
rs8135880	22	44834292	NC	-0.063166	0.999592
rs8139046	22	44834394	NC	-0.030750	1.000000
rs19994	22	44836139	NC	0.023265	0.000000
GSA-rs114370433	22	44840030	NC	0.044732	0.508682
rs133795	22	44842354	NC	-0.057871	0.000000
GSA-rs117771526	22	44843171	NC	-0.004532	0.502118
GSA-rs8136951	22	44869030	NC	0.036358	1.000000
GSA-rs117843471	22	44875600	NC	-0.022882	0.000000
GSA-rs74279820	22	44875959	NC	0.090788	0.000000
rs12628484	22	44881837	NC	0.117149	0.007321
GSA-rs6007154	22	44881968	NC	0.103340	0.000000
GSA-rs6006809	22	44886297	NC	0.051828	0.497791
GSA-rs149192147	22	44886854	NC	-0.073139	0.505632
GSA-rs62231468	22	44888397	NC	0.004072	0.495287
rs131162	22	44892058	NC	-0.020637	1.000000
GSA-rs73169708	22	44903465	NC	-0.128618	0.489877
rs5764884	22	44922843	NC	0.047507	0.990904
GSA-rs11702972	22	44924394	NC	-0.053883	0.496153
rs4823237	22	44926599	NC	0.023245	0.487379
GSA-rs62228389	22	44932250	NC	0.066787	0.000000
rs11704450	22	44933114	NC	0.005067	0.492054
rs2076096	22	44933987	NC	-0.012977	0.478985
GSA-rs876232	22	44934539	NC	-0.071576	0.000000
rs11912553	22	44942507	NC	-0.055519	0.995618
rs2349623	22	44943401	NC	-0.097578	1.000000
rs138593	22	44965320	NC	0.028881	0.000000
rs4453	22	44968170	NC	0.074931	0.486903
rs115455098	22	44972159	NC	0.036844	0.480964
rs2349633	22	44973723	NC	0.034343	0.003821
rs2349634	22	44973739	NC	-0.002369	0.989956
rs138601	22	44975213	NC	0.169284	0.009133
GSA-rs76834294	22	44979441	NC	0.058307	0.502813
rs138614	22	44980838	NC	0.052724	0.989101
rs138616	22	44980963	NC	0.004856	0.006301
GSA-rs11913146	22	44981992	NC	0.065640	0.000000
rs9614827	22	44996319	NC	0.084695	0.484023
rs4422244	22	45003748	NC	0.047781	0.011569
GSA-rs73171550	22	45004364	NC	0.060615	0.482049
rs965027	22	45005361	NC	0.165962	0.495062
rs6007211	22	45007348	NC	0.104116	0.993307
GSA-rs78745626	22	45011401	NC	-0.077446	1.000000
rs4823246	22	45011761	NC	-0.019674	0.491557
rs9614840	22	45012097	NC	-0.073923	0.499101
rs114675065	22	45012570	NC	0.073420	1.000000
rs12484755	22	45017526	NC	0.018876	0.492273
GSA-rs12170682	22	45022668	NC	0.103737	1.000000
GSA-rs117228312	22	45024282	NC	0.046703	0.493902
GSA-rs57706163	22	45026573	NC	0.011529	0.503361
rs136890	22	45044681	NC	0.038685	0.503169
GSA-rs6007232	22	45046319	NC	-0.009947	0.000000
rs136899	22	45048253	NC	-0.066462	0.467674
rs9614866	22	45052844	NC	-0.090800	0.479743
rs5765880	22	45055741	NC	0.098325	0.505453
rs136904	22	45057826	NC	-0.184586	0.007661
rs73416538	22	45067165	NC	-0.102069	0.484637
GSA-rs12484158	22	45069235	NC	-0.021997	0.006908
rs136920	22	45071679	NC	-0.044962	0.000000
GSA-rs79507698	22	45073039	NC	-0.099315	0.513469
rs9614872	22	45074565	NC	0.030434	0.000000
GSA-rs117587153	22	45075116	NC	-0.043931	0.991513
GSA-rs9626513	22	45075303	NC	0.006350	0.985260
rs763213	22	45075738	NC	-0.007953	0.487431
GSA-rs9626515	22	45075871	NC	-0.055656	0.503531
GSA-rs34504565	22	45078443	NC	-0.027146	0.997220
GSA-rs5765900	22	45078454	NC	0.038224	1.000000
GSA-rs7285102	22	45083619	NC	0.050483	0.000000
GSA-rs140531353	22	45088305	NC	0.120361	0.990018
GSA-rs12169466	22	45088880	NC	0.103529	0.000000
rs4823364	22	45090008	NC	-0.092054	0.503979
GSA-rs74666121	22	45091748	NC	0.011973	0.482586
rs74958718	22	45095466	NC	0.150412	0.994161
rs9614882	22	45095527	NC	-0.049562	1.000000
rs73891743	22	45095654	NC	0.078792	0.995653
rs5764965	22	45097815	NC	-0.006017	0.484595
rs873724	22	45109027	NC	0.124669	0.004394
rs2097535	22	45109666	NC	0.031523	0.000000
GSA-rs75115283	22	45111398	NC	0.014444	0.503699
GSA-rs9614563	22	45114672	NC	0.072979	0.487827
GSA-rs9614888	22	45115000	NC	-0.030993	0.017683
rs5765930	22	45115579	NC	0.092001	0.011491
rs17601899	22	45116127	NC	0.028145	1.000000
GSA-rs73173636	22	45117395	NC	0.065999	0.000000
rs1476049	22	45118533	NC	0.020154	1.000000
rs2269571	22	45123084	NC	0.129129	0.517539
rs3761481	22	45124846	NC	-0.076567	0.490547
GSA-rs73173644	22	45125680	NC	-0.087860	0.492002
rs114892135	22	45129531	NC	-0.064330	0.496507
rs132405	22	45130428	NC	0.084595	0.520945
GSA-rs75368138	22	45134981	NC	-0.002523	0.502983
GSA-rs3747221	22	45139506	NC	0.049267	1.000000
GSA-rs117339841	22	45139569	NC	-0.065386	1.000000
GSA-rs76308520	22	45142816	NC	0.008706	0.017450
rs116056464	22	45144268	NC	-0.016441	0.515148
rs4372	22	45149541	NC	0.012345	0.995252
rs5765956	22	45150659	NC	-0.015298	1.000000
GSA-rs112380053	22	45151106	NC	0.012671	0.503416
GSA-rs132448	22	45154502	NC	0.018438	0.000000
GSA-rs186101564	22	45155509	NC	0.052157	0.510014
GSA-rs117447696	22	45156143	NC	0.043993	1.000000
rs132453	22	45157608	NC	-0.092443	0.003254
GSA-rs112852059	22	45158714	NC	0.011737	0.005217
rs56970873	22	45160622	NC	0.066818	0.516499
rs132462	22	45163228	NC	0.014304	0.506528
GSA-rs75186072	22	45165408	NC	0.101871	0.501911
rs6007284	22	45169167	NC	0.062989	1.000000
rs132470	22	45169376	NC	0.043058	0.989215
rs6007285	22	45169471	NC	0.079924	1.000000
rs132472	22	45170122	NC	0.011311	0.000000
GSA-rs4823376	22	45171729	NC	-0.017162	0.493317
rs132479	22	45173060	NC	0.014993	0.981980
rs6007287	22	45176861	NC	-0.043309	0.475676
rs4499536	22	45177112	NC	0.035487	0.000051
GSA-rs1557559	22	45177118	NC	-0.036395	0.007518
rs11705445	22	45178823	NC	0.071974	0.496230
rs2349849	22	45179647	NC	-0.062584	0.015223
GSA-rs5766005	22	45180554	NC	0.034753	0.498371
GSA-rs117972570	22	45180663	NC	-0.009438	0.502866
rs16992796	22	45183014	NC	0.043550	0.491242
rs17532423	22	45187679	NC	0.122268	0.008044
rs877666	22	45188601	NC	-0.025215	1.000000
rs5766029	22	45189299	NC	-0.088063	0.512166
rs9626245	22	45192621	NC	-0.122743	0.504449
rs1001728	22	45192660	NC	0.048621	0.013786
rs75104861	22	45194424	NC	0.072470	0.503595
GSA-rs55877906	22	45194632	NC	0.019465	0.003191
GSA-rs1076933	22	45198494	NC	0.237417	0.502752
GSA-rs10222313	22	45202328	NC	0.112459	0.509269
GSA-rs149680585	22	45208159	NC	-0.042778	0.997020
rs2071758	22	45210666	NC	0.018445	0.000000
rs13053938	22	45216340	NC	-0.072769	1.000000
GSA-rs78585553	22	45216899	NC	0.027527	0.015582
rs136661	22	45217779	NC	-0.080453	0.506843
rs55849456	22	45218339	NC	-0.020588	0.999575
rs6007308	22	45220994	NC	-0.050234	0.990477
rs9614576	22	45225297	NC	-0.030348	0.504010
rs144172455	22	45225826	NC	-0.047883	0.008467
GSA-rs12168414	22	45234658	NC	0.019425	0.489809
rs8138412	22	45237092	NC	-0.086689	1.000000
chr22-45241216	22	45241216	NC	-0.088283	0.979846
GSA-rs136680	22	45242474	NC	-0.000416	0.019909
rs5766099	22	45245359	NC	-0.012597	0.499834
rs5765056	22	45248283	NC	-0.067678	0.999012
GSA-rs77112416	22	45248580	NC	0.034030	0.000000
rs5765057	22	45248971	NC	-0.025818	0.524337
GSA-rs5766113	22	45251423	NC	0.049960	0.498229
rs4823397	22	45253112	NC	-0.014980	0.482981
rs6007331	22	45253464	NC	-0.031548	0.997280
rs73176182	22	45253718	NC	0.041671	0.491056
rs7293197	22	45253839	NC	0.009564	1.000000
rs59455021	22	45256418	NC	-0.001354	0.000000
GSA-rs117976437	22	45259044	NC	-0.049827	0.997489
rs8136460	22	45260929	NC	-0.030983	0.505241
GSA-rs77164366	22	45271266	NC	-0.009428	0.494336
rs3747226	22	45279529	NC	0.030387	1.000000
rs61739200	22	45283971	NC	-0.101232	0.000000
rs12157651	22	45286318	NC	-0.043603	1.000000
GSA-rs80157630	22	45286357	NC	-0.034297	0.544135
GSA-rs117824015	22	45292126	NC	0.059774	0.500125
rs933233	22	45308878	NC	-0.133992	0.000000
rs138308961	22	45312474	NC	-0.014666	0.495077
rs79141386	22	45313694	NC	0.043119	0.495663
rs4823418	22	45315232	NC	-0.056037	0.512284
rs4823262	22	45318725	NC	0.015603	0.000060
rs4823421	22	45319317	NC	0.091692	0.505949
rs762977	22	45322493	NC	0.045880	0.510983
rs136684	22	45322792	NC	-0.023753	0.003212
GSA-rs745460	22	45326141	NC	0.029360	0.000000
rs4514991	22	45330934	NC	-0.008400	0.007287
rs5766209	22	45331817	NC	-0.064419	0.524647
GSA-rs181400736	22	45332417	NC	0.000220	0.000000
rs5766213	22	45333182	NC	0.070308	0.488135
rs129447	22	45337145	NC	-0.050123	0.506030
GSA-rs2349864	22	45339209	NC	0.099803	1.000000
GSA-rs111618908	22	45341279	NC	0.028958	0.491877
rs6006911	22	45345833	NC	0.059033	0.974720
rs16993202	22	45353413	NC	-0.100412	0.008649
rs2350224	22	45354918	NC	0.009001	0.000000
GSA-rs117178489	22	45386997	NC	-0.046365	0.999633
rs6007404	22	45388501	NC	0.009744	1.000000
rs78770253	22	45395342	NC	0.066199	0.525627
rs761673	22	45395468	NC	-0.062151	0.993304
rs761676	22	45397507	NC	-0.060260	0.495310
rs6006914	22	45397719	NC	0.055950	0.511013
GSA-rs117603629	22	45406566	NC	0.009317	1.000000
rs5766289	22	45408177	NC	0.043210	0.000000
rs131992	22	45409136	NC	0.086808	1.000000
rs5766305	22	45415412	NC	-0.036734	0.980270
GSA-rs5766306	22	45415430	NC	0.088572	0.018800
rs132005	22	45415832	NC	0.009069	1.000000
rs738544	22	45415847	NC	-0.046092	0.000000
rs132007	22	45416349	NC	0.015229	0.521297
rs1005617	22	45421242	NC	0.092404	0.001492
rs132011	22	45421536	NC	0.019330	0.484182
GSA-rs117680337	22	45426220	NC	-0.011145	0.497356
rs132034	22	45431455	NC	0.007605	0.496918
rs6007414	22	45431796	NC	-0.026090	0.994682
rs132039	22	45435202	NC	-0.087890	0.000000
rs5766358	22	45441442	NC	-0.031544	0.013765
rs738548	22	45443845	NC	-0.087432	0.000000
GSA-rs78441172	22	45447052	NC	-0.105682	0.480394
rs2013581	22	45449273	NC	0.008233	0.993576
rs140572	22	45451727	NC	-0.030427	0.000000
GSA-rs132075	22	45453731	NC	-0.112799	0.501546
GSA-rs111226774	22	45454918	NC	0.066717	0.484996
rs66474843	22	45456900	NC	-0.047290	0.006093
GSA-rs13053621	22	45457915	NC	-0.076031	1.000000
rs9614601	22	45458558	NC	0.160592	0.013235
rs5766384	22	45458827	NC	0.010190	0.493238
GSA-rs74739849	22	45461071	NC	0.042698	1.000000
rs79985279	22	45463797	NC	-0.029406	1.000000
rs2057114	22	45465068	NC	0.074943	1.000000
GSA-rs62231069	22	45469482	NC	-0.048252	0.484013
rs35712616	22	45469983	NC	-0.059259	0.500817
rs6007443	22	45471360	NC	0.143610	0.012468
rs8136226	22	45472574	NC	-0.006079	0.509719
GSA-rs6006926	22	45475332	NC	-0.082261	0.499597
GSA-rs17628824	22	45475874	NC	-0.009309	0.512288
GSA-rs5765163	22	45484509	NC	-0.017639	1.000000
rs6007447	22	45491007	NC	0.017082	0.489402
rs5766414	22	45491630	NC	0.020103	0.490173
rs4358236	22	45497395	NC	-0.004809	0.991871
rs5766421	22	45501151	NC	-0.036814	1.000000
rs9615025	22	45503517	NC	0.006534	0.508234
GSA-rs73167223	22	45505755	NC	-0.041367	0.487572
rs6007455	22	45513168	NC	-0.019720	1.000000
GSA-rs55836719	22	45518762	NC	0.016782	0.511846
rs723553	22	45518890	NC	-0.040711	0.488367
rs6006941	22	45523391	NC	-0.068123	0.012257
rs9306489	22	45525484	NC	0.053891	0.000000
rs7290824	22	45527815	NC	0.001965	0.998501
rs547698	22	45527845	NC	-0.058368	0.512141
rs132813	22	45528073	NC	-0.046976	0.515860
rs132817	22	45532666	NC	0.085068	0.502297
GSA-rs117397985	22	45558525	NC	0.013288	0.492429
rs5766503	22	45566360	NC	0.111154	0.995101
rs132874	22	45566843	NC	0.104808	0.491592
GSA-rs132878	22	45567067	NC	0.172847	0.000000
GSA-rs8135904	22	45568419	NC	0.044984	0.496352
GSA-rs2075952	22	45579502	NC	0.054762	0.510287
rs226516	22	45584396	NC	0.015240	1.000000
rs7456	22	45588248	NC	0.083526	0.992066
rs1125398	22	45589490	NC	0.011388	0.000000
rs41278911	22	45590899	NC	0.081818	0.487468
GSA-rs76353358	22	45592354	NC	-0.036696	0.475643
rs2235160	22	45596506	NC	0.056494	0.998388
rs5766536	22	45602407	NC	-0.065795	0.504193
chr22-45608002	22	45608002	NC	-0.104115	0.485588
GSA-rs75464288	22	45609416	NC	-0.113935	0.993642
rs6007503	22	45610373	NC	0.030647	1.000000
GSA-rs5766564	22	45622351	NC	-0.067164	0.478978
GSA-rs58721007	22	45623487	NC	0.032683	0.495820
GSA-rs145790542	22	45623759	NC	-0.021004	0.496041
rs9615075	22	45629572	NC	-0.008809	0.515918
rs2294196	22	45630662	NC	0.001733	0.000000
GSA-rs8136284	22	45642157	NC	-0.119586	0.496127
rs60829688	22	45644825	NC	-0.003764	0.006622
rs5766592	22	45645469	NC	0.137969	0.000000
rs6006959	22	45648846	NC	-0.033575	0.501923
rs6007529	22	45651045	NC	0.112743	1.000000
rs6007552	22	45660094	NC	0.063134	0.508707
GSA-rs184220282	22	45660616	NC	0.053359	0.528294
rs2350625	22	45663043	NC	-0.011037	0.010319
rs6006973	22	45665663	NC	-0.017794	0.488824
GSA-rs117404891	22	45670133	NC	-0.034305	0.509041
rs5765242	22	45671343	NC	0.022947	0.990254
rs2742648	22	45672574	NC	-0.021391	0.000000
GSA-rs77049647	22	45674199	NC	0.050510	0.487063
GSA-rs76645083	22	45675375	NC	-0.132296	0.024931
rs2742624	22	45676678	NC	0.006231	0.503967
rs2742630	22	45680473	NC	-0.080328	1.000000
GSA-rs9626671	22	45682334	NC	-0.016569	0.499898
rs9306493	22	45682425	NC	0.029580	1.000000
rs2673087	22	45682975	NC	-0.088250	0.995096
22:45683205	22	45683205	NC	-0.025434	0.002925
rs147609981	22	45684998	NC	0.029398	0.973401
GSA-rs111723166	22	45685149	NC	-0.002484	1.000000
rs3788643	22	45686090	NC	0.015888	0.501556
rs16993800	22	45690462	NC	-0.014643	0.502356
rs4823458	22	45693828	NC	0.006289	0.510094
rs104664	22	45711854	NC	-0.022425	0.489977
GSA-rs7285172	22	45726345	NC	0.038127	0.515264
rs2350629	22	45731050	NC	0.012710	1.000000
rs3827392	22	45734931	NC	0.031680	0.504880
GSA-rs140383625	22	45738072	NC	0.023513	0.015070
GSA-rs76584200	22	45742512	NC	-0.069567	0.486235
GSA-rs77223685	22	45752299	NC	0.055587	0.500568
chr22-45765939	22	45765939	NC	0.047488	0.987427
GSA-rs136604	22	45789743	NC	0.114003	1.000000
GSA-rs59823491	22	45794280	NC	0.071372	0.999882
GSA-rs117892067	22	45804887	NC	-0.060406	0.497746
rs114380830	22	45811431	NC	0.007161	0.005408
chr22-45813479	22	45813479	NC	0.014803	0.029230
rs12172195	22	45813687	NC	-0.050745	0.992718
GSA-rs117786136	22	45814977	NC	0.025972	0.501201
rs5765340	22	45817800	NC	0.024501	0.498282
GSA-rs142579982	22	45821917	NC	-0.033822	1.000000
rs1022479	22	45822347	NC	-0.007750	0.018392
chr22-45826804	22	45826804	NC	0.035966	0.485210
chr22-45828237	22	45828237	NC	-0.083777	0.000000
GSA-rs80042866	22	45830187	NC	-0.069787	0.000411
rs5765364	22	45836722	NC	-0.081153	0.510268
GSA-rs5765370	22	45838156	NC	-0.006934	1.000000
rs6006753	22	45846472	NC	-0.028610	0.988815
GSA-rs73889958	22	45851175	NC	-0.009267	0.491090
rs60852449	22	45853963	NC	-0.059586	0.004196
rs34400920	22	45856865	NC	0.025190	0.503155
rs73441275	22	45858097	NC	-0.069291	0.486086
rs5764742	22	45864459	NC	-0.106059	0.494791
rs7290896	22	45871468	NC	0.002289	0.010936
rs5765397	22	45878984	NC	0.000334	0.504230
GSA-rs9614474	22	45879644	NC	-0.042903	0.524047
rs5765401	22	45881315	NC	0.021664	0.014383
rs6006756	22	45884487	NC	-0.063812	0.486768
rs5765425	22	45892433	NC	0.027016	1.000000
GSA-rs117938903	22	45894098	NC	0.037499	0.008242
rs28436897	22	45903132	NC	-0.017991	0.995524
GSA-rs73171291	22	45904019	NC	-0.002242	0.525372
GSA-rs74764103	22	45905373	NC	0.156858	1.000000
rs713896	22	45908895	NC	0.093501	0.000025
rs2238810	22	45912376	NC	0.032250	0.491870
chr22-45913562	22	45913562	NC	0.009155	0.491724
GSA-rs11702909	22	45914051	NC	0.098271	0.002635
rs136723	22	45916679	NC	-0.082794	0.499731
GSA-rs13053630	22	45922063	NC	-0.064686	0.512292
rs7287670	22	45926585	NC	0.094387	0.493654
rs136741	22	45928660	NC	-0.014645	0.496687
GSA-rs79513756	22	45929427	NC	-0.036529	0.489798
rs9682	22	45937149	NC	0.052371	0.001169
rs5765463	22	45942726	NC	-0.012076	0.000000
rs5764781	22	45943677	NC	-0.064370	1.000000
rs151076402	22	45946495	NC	0.057332	0.000000
GSA-rs118001978	22	45959439	NC	-0.081588	0.483359
rs743931	22	45959540	NC	0.052167	0.486022
rs739215	22	45967526	NC	0.120221	0.012097
GSA-rs13057220	22	45969722	NC	-0.026568	0.499876
rs200901023	22	45970414	NC	0.046568	0.502824
rs2071868	22	45970957	NC	-0.050857	0.484359
rs134822	22	45971158	NC	-0.017631	0.013297
rs3788654	22	45971490	NC	0.088068	1.000000
rs4415	22	45971880	NC	-0.076733	0.989254
rs4416	22	45972017	NC	0.105576	0.499485
rs143377110	22	45972941	NC	0.043064	0.000000
rs5765490	22	45974913	NC	0.036151	0.002358
GSA-rs73173337	22	45978925	NC	0.007675	1.000000
rs3788658	22	45980298	NC	-0.026399	0.009228
GSA-rs79930833	22	45985371	NC	-0.067569	0.498055
rs7292820	22	45986536	NC	0.094161	0.989007
rs3788669	22	45989581	NC	-0.074553	0.012434
rs5765523	22	45992149	NC	-0.093169	0.996894
GSA-rs17649376	22	45993743	NC	-0.041549	0.000000
GSA-rs3788673	22	45994189	NC	-0.095725	0.491805
GSA-rs13268	22	45996298	NC	0.134882	0.488004
rs16994329	22	45997852	NC	-0.059396	0.506789
GSA-rs117509940	22	46002177	NC	0.081745	0.504481
GSA-rs78339110	22	46002688	NC	-0.014715	0.509209
GSA-rs78098381	22	46005170	NC	-0.010610	0.509793
rs17564843	22	46009063	NC	0.025384	0.500464
GSA-rs116888451	22	46010621	NC	-0.042361	0.998169
GSA-rs73886444	22	46013824	NC	-0.040485	0.500890
rs5765545	22	46022046	NC	0.057879	0.002149
GSA-rs9614494	22	46023645	NC	0.000646	0.500903
GSA-rs113799639	22	46026992	NC	-0.146024	0.987143
GSA-rs117701482	22	46031344	NC	0.020174	0.007940
rs16994390	22	46035521	NC	-0.017306	0.017763
rs2301449	22	46038908	NC	0.064392	0.014426
GSA-rs12168655	22	46044479	NC	0.027197	0.474359
GSA-rs79559969	22	46045856	NC	0.040986	0.000000
GSA-rs79371209	22	46049288	NC	0.018261	0.503820
GSA-rs111271344	22	46069687	NC	0.011640	1.000000
GSA-rs55882179	22	46070249	NC	-0.008739	0.504908
GSA-rs78985624	22	46078549	NC	-0.010260	0.001129
GSA-rs117040129	22	46080620	NC	0.055082	0.000000
GSA-rs74485548	22	46084828	NC	-0.042832	0.481292
GSA-rs78689861	22	46094850	NC	0.139913	0.007826
rs199766375	22	46096174	NC	-0.036775	0.498220
GSA-rs74861871	22	46096862	NC	0.089248	0.502004
rs5765585	22	46107508	NC	0.044172	0.509994
GSA-rs117989001	22	46126927	NC	0.031428	0.518769
GSA-rs117615085	22	46144326	NC	-0.021004	0.010519
GSA-rs34876313	22	46144520	NC	-0.018376	0.499139
GSA-rs111884888	22	46151322	NC	0.137275	0.000000
rs6007155	22	46154366	NC	0.070120	0.516491
GSA-rs73173391	22	46164098	NC	0.017663	0.002172
GSA-rs73173392	22	46172288	NC	0.002546	1.000000
rs135991	22	46174057	NC	0.030989	0.000000
GSA-rs79917314	22	46177845	NC	0.113092	0.521296
GSA-rs191805253	22	46178253	NC	-0.035542	1.000000
GSA-rs117989805	22	46185280	NC	-0.091576	0.493049
rs136007	22	46194973	NC	-0.047692	0.009281
GSA-rs56232057	22	46196189	NC	0.102271	0.505897
GSA-rs183599326	22	46202164	NC	0.041802	0.504597
rs61289397	22	46206515	NC	-0.092824	0.010581
GSA-rs190548125	22	46225985	NC	-0.092508	0.490537
rs763010	22	46235105	NC	0.076249	0.489717
rs1023470	22	46235677	NC	0.008512	0.521264
GSA-rs34402219	22	46237230	NC	0.043717	0.492608
rs140014542	22	46238930	NC	-0.047261	0.003045
rs11704609	22	46251927	NC	-0.075010	0.014311
rs136033	22	46255004	NC	-0.066050	0.967886
rs5765681	22	46259060	NC	0.055038	0.514369
rs136037	22	46259880	NC	-0.048885	1.000000
GSA-rs136042	22	46261909	NC	0.032509	0.504143
GSA-rs136051	22	46266331	NC	-0.127395	0.000000
rs112090150	22	46270236	NC	-0.013756	0.480802
GSA-rs74507317	22	46273902	NC	0.019223	0.527903
rs74677197	22	46274399	NC	-0.083592	0.520430
rs28561624	22	46281667	NC	-0.136480	0.007245
GSA-rs73886526	22	46290571	NC	0.135255	0.029316
GSA-rs73175030	22	46292650	NC	0.136579	0.000000
GSA-rs73450279	22	46292939	NC	-0.056408	0.986857
rs28587491	22	46293746	NC	0.006050	0.000000
rs28480017	22	46294704	NC	0.012452	1.000000
rs9777732	22	46297609	NC	0.007404	1.000000
GSA-rs10453443	22	46298649	NC	0.041912	0.996626
rs73452309	22	46302035	NC	0.051059	0.512155
GSA-rs151319987	22	46303266	NC	0.156450	1.000000
rs9286457	22	46304440	NC	0.000733	0.993348
GSA-rs117551517	22	46307335	NC	0.034569	1.000000
GSA-rs76895390	22	46310967	NC	0.078623	0.492437
rs28421618	22	46313215	NC	0.073468	0.985481
GSA-rs112963801	22	46313688	NC	-0.023903	1.000000
rs113343186	22	46316508	NC	0.039777	0.992880
rs111885193	22	46318462	NC	0.059366	0.000000
GSA-rs9286452	22	46320275	NC	0.059910	0.989928
GSA-rs79233925	22	46323861	NC	0.058210	0.000269
rs56398559	22	46324492	NC	0.122346	0.492737
GSA-rs28755830	22	46324957	NC	-0.022113	0.000000
GSA-rs75832228	22	46325021	NC	-0.112037	1.000000
GSA-rs184823118	22	46325353	NC	0.061033	0.504714
GSA-rs75662824	22	46325996	NC	-0.023410	0.497948
GSA-rs76104782	22	46330601	NC	-0.020244	1.000000
rs9330790	22	46334234	NC	-0.021022	0.000000
rs56115219	22	46338556	NC	0.042889	1.000000
GSA-rs10448589	22	46339118	NC	0.025354	0.998161
rs10448592	22	46346121	NC	0.118661	0.510465
rs10448600	22	46347922	NC	0.028352	1.000000
GSA-rs28446149	22	46348143	NC	-0.076630	0.987349
GSA-rs28668243	22	46348913	NC	-0.044731	0.000000
GSA-rs75725186	22	46351350	NC	-0.051652	0.001995
rs113538971	22	46353286	NC	-0.009522	0.013597
rs10448585	22	46356554	NC	0.035818	0.989702
rs10448606	22	46360083	NC	-0.050249	0.501242
rs10453441	22	46363739	NC	-0.064526	0.494767
rs9330813	22	46364161	NC	-0.031778	0.512601
rs28615830	22	46365501	NC	-0.117090	0.000000
GSA-rs74912875	22	46365928	NC	0.064450	0.000000
rs10453460	22	46366165	NC	0.066443	0.000000
GSA-rs113951080	22	46378575	NC	-0.063350	0.493275
GSA-rs118176697	22	46379353	NC	-0.046905	0.476521
rs35877437	22	46385917	NC	0.099184	0.002211
GSA-rs112022355	22	46387296	NC	-0.033797	0.491185
GSA-rs28419158	22	46391695	NC	-0.014940	0.493370
rs28562363	22	46391888	NC	0.103375	1.000000
rs4077498	22	46394928	NC	0.031279	0.501987
rs113953187	22	46400764	NC	0.025835	0.496016
rs28685663	22	46403383	NC	0.025390	0.486254
GSA-rs116990915	22	46407865	NC	-0.057600	0.000000
GSA-rs79665205	22	46411918	NC	-0.090273	0.000000
GSA-rs193238077	22	46414380	NC	0.063228	0.509206
rs6519955	22	46421842	NC	0.034932	1.000000
GSA-rs78211501	22	46422922	NC	-0.012059	0.994097
rs9626908	22	46428306	NC	-0.048306	1.000000
rs59929908	22	46447714	NC	0.098109	0.515982
GSA-rs117930260	22	46448488	NC	-0.043134	1.000000
rs7292297	22	46458123	NC	-0.046311	0.499906
rs7291412	22	46459132	NC	0.009788	0.000000
GSA-rs77910960	22	46461934	NC	0.080416	0.515288
GSA-rs73888761	22	46470291	NC	0.033170	0.992186
rs35245641	22	46473845	NC	-0.077226	0.489350
rs11913069	22	46475878	NC	0.117822	0.490808
GSA-rs62228098	22	46477858	NC	-0.066223	1.000000
GSA-rs9616084	22	46480602	NC	-0.072299	0.505022
rs9626891	22	46482948	NC	-0.052744	0.000000
rs12160757	22	46486508	NC	0.046572	0.491174
rs910923	22	46487902	NC	0.018169	0.507236
rs11702999	22	46490826	NC	-0.035842	1.000000
GSA-rs77251783	22	46496056	NC	0.008717	0.999199
chr22-46499106	22	46499106	NC	-0.179547	0.505872
chr22-46505816	22	46505816	NC	-0.062317	0.526105
rs56367023	22	46513536	NC	0.042631	0.486513
rs5768763	22	46520955	NC	0.053537	0.496945
GSA-rs77623192	22	46525009	NC	0.100630	0.515448
GSA-rs117621208	22	46525414	NC	-0.031695	0.989031
GSA-rs12628025	22	46529619	NC	0.025423	0.496917
rs135550	22	46553234	NC	-0.018295	0.507408
GSA-rs135549	22	46553308	NC	0.013822	1.000000
rs135543	22	46555321	NC	-0.094238	0.496120
rs9626730	22	46562183	NC	-0.067471	0.015830
GSA-rs117057849	22	46564547	NC	0.015535	1.000000
rs881740	22	46567388	NC	-0.007395	1.000000
GSA-rs117691119	22	46574646	NC	-0.049482	0.000000
GSA-rs118147297	22	46582072	NC	0.002350	0.512801
rs4253712	22	46595035	NC	-0.073497	0.993399
rs4823613	22	46598307	NC	0.000053	1.000000
rs4253728	22	46610067	NC	0.109817	0.000000
rs4253730	22	46610409	NC	-0.064395	1.000000
rs1800206	22	46614274	NC	-0.113760	0.024491
rs6007662	22	46621045	NC	-0.075675	0.009923
GSA-rs73177040	22	46625638	NC	0.113685	1.000000
rs1042311	22	46627780	NC	-0.009724	1.000000
rs4253778	22	46630634	NC	0.101552	1.000000
rs182181094	22	46631192	NC	0.009087	0.502762
GSA-rs55774449	22	46632875	NC	-0.019359	0.501607
rs61748935	22	46644177	NC	0.031792	0.504689
GSA-rs4508712	22	46652959	NC	0.011109	0.042389
chr22-46653681	22	46653681	NC	0.007954	0.504866
chr22-46654185	22	46654185	NC	0.020040	0.015705
rs143126011	22	46654628	NC	-0.016728	0.496819
GSA-rs41302599	22	46657308	NC	0.047741	0.516770
chr22-46658624	22	46658624	NC	0.079361	0.017481
GSA-rs117135869	22	46664412	NC	0.026552	0.477502
GSA-rs62226994	22	46665209	NC	-0.099678	1.000000
rs35883013	22	46681141	NC	0.092718	1.000000
GSA-rs8142248	22	46684906	NC	0.072907	0.990797
GSA-rs76688525	22	46699857	NC	0.044674	0.000000
GSA-rs79334853	22	46714748	NC	-0.051856	0.532945
exm2268444	22	46722256	NC	0.022583	0.009093
rs11090865	22	46731689	NC	-0.026046	0.985009
rs138044544	22	46739182	NC	-0.074769	1.000000
rs144586525	22	46742350	NC	-0.055549	0.491828
rs201749101	22	46746319	NC	0.032142	0.000000
GSA-rs114058457	22	46748481	NC	-0.028210	0.009169
GSA-rs12166377	22	46756315	NC	-0.020622	0.499200
rs144722111	22	46760109	NC	-0.030320	0.984313
rs201509338	22	46760121	NC	0.088214	0.502011
rs118156355	22	46761221	NC	0.030751	0.007763
GSA-rs56325154	22	46762360	NC	0.126624	1.000000
rs138303327	22	46762970	NC	0.017578	0.512935
rs75983687	22	46762988	NC	-0.039528	1.000000
rs201155196	22	46765644	NC	0.035294	0.497625
rs200072284	22	46773053	NC	0.002728	0.510808
rs147639520	22	46776707	NC	-0.094441	0.496394
rs140996267	22	46780446	NC	0.060297	0.000000
rs6007897	22	46780521	NC	0.022475	0.000000
rs4044210	22	46786315	NC	-0.060918	0.479610
GSA-rs6008793	22	46787434	NC	0.080301	0.498273
rs138703288	22	46790142	NC	-0.031822	0.000000
rs144122307	22	46793621	NC	-0.076012	1.000000
GSA-rs79453499	22	46794819	NC	0.090630	0.000000
GSA-rs6520011	22	46797331	NC	-0.180705	1.000000
GSA-rs117664381	22	46799957	NC	-0.068371	0.484917
GSA-rs11704506	22	46805772	NC	-0.040615	0.500668
GSA-rs118015765	22	46813134	NC	-0.086859	0.496603
GSA-rs117562354	22	46813336	NC	-0.099631	0.506551
rs11703127	22	46817423	NC	0.023417	0.005749
GSA-rs74756314	22	46823558	NC	0.002136	0.528851
GSA-rs73890425	22	46823952	NC	-0.125506	1.000000
GSA-rs7288371	22	46825043	NC	0.062932	1.000000
GSA-rs6008822	22	46827038	NC	-0.105229	0.487496
GSA-rs56126954	22	46827609	NC	0.029078	0.514596
GSA-rs77717991	22	46829422	NC	-0.027034	0.000000
GSA-rs62227005	22	46829927	NC	-0.065793	0.001622
GSA-rs117310355	22	46831590	NC	0.073006	0.521642
GSA-rs6008826	22	46831965	NC	-0.011006	0.993616
GSA-rs4823810	22	46835000	NC	0.010693	0.000000
rs9616008	22	46835338	NC	-0.132627	0.000000
rs8137581	22	46835558	NC	-0.011881	1.000000
rs73177083	22	46837508	NC	0.005529	0.514787
rs874827	22	46846881	NC	0.074529	0.495680
rs6008833	22	46847579	NC	-0.141275	0.488780
rs760991	22	46854398	NC	-0.078858	0.000000
GSA-rs8139196	22	46854651	NC	-0.070537	0.999115
GSA-rs8138156	22	46855322	NC	0.051808	0.474486
rs8139582	22	46857558	NC	0.017290	0.500362
GSA-rs75094022	22	46858432	NC	-0.044875	0.506349
rs5768788	22	46858687	NC	0.047840	0.503215
rs11914038	22	46858809	NC	-0.011625	0.515221
rs6008842	22	46860063	NC	0.031725	0.506506
GSA-rs6008858	22	46867968	NC	-0.049124	0.513085
rs3788705	22	46869059	NC	-0.001233	0.506837
rs35973286	22	46869457	NC	0.084355	1.000000
GSA-rs78522011	22	46870068	NC	-0.028311	1.000000
rs6520023	22	46873011	NC	0.026362	0.485612
rs28474716	22	46873345	NC	0.019880	0.000878
GSA-rs118127983	22	46876773	NC	0.009609	0.011745
GSA-rs188671195	22	46879277	NC	0.130535	0.999446
GSA-rs80253568	22	46883221	NC	0.123078	1.000000
GSA-rs117259753	22	46883693	NC	0.048510	0.491435
rs9616019	22	46886036	NC	-0.075463	1.000000
rs12628943	22	46890899	NC	-0.058220	0.519058
rs10211986	22	46896834	NC	0.082448	0.000000
rs9616028	22	46898454	NC	0.124932	0.486235
rs5768857	22	46900462	NC	0.059548	0.995008
rs6008880	22	46905066	NC	-0.012084	0.522855
rs5768864	22	46906098	NC	-0.017856	0.984852
GSA-rs78804481	22	46909662	NC	-0.055460	1.000000
GSA-rs77068715	22	46910763	NC	0.109574	1.000000
GSA-rs3827411	22	46912974	NC	0.084610	0.475821
rs3827412	22	46913478	NC	-0.122239	0.005733
GSA-rs73888541	22	46914145	NC	0.089598	0.492184
GSA-rs9615375	22	46915621	NC	-0.057992	0.981354
rs5768880	22	46916960	NC	-0.001214	0.005062
rs5767240	22	46919906	NC	-0.078893	0.500153
GSA-rs5768892	22	46921858	NC	-0.008647	0.484583
rs713917	22	46922611	NC	0.032839	0.992798
rs5767244	22	46924254	NC	0.086646	0.506652
rs4823561	22	46929692	NC	0.048674	0.013204
rs148349145	22	46929899	NC	-0.100755	0.505791
rs61737811	22	46930013	NC	-0.072921	0.517205
rs201855257	22	46930205	NC	-0.026223	0.505028
rs146508060	22	46930589	NC	0.016410	1.000000
rs142220741	22	46930927	NC	0.118092	0.491109
rs41279837	22	46931050	NC	-0.098024	1.000000
rs4823850	22	46931077	NC	-0.080662	0.014813
GSA-rs117345830	22	46936760	NC	-0.075900	0.482991
GSA-rs118085077	22	46939326	NC	0.006474	0.497824
GSA-rs5768935	22	46943554	NC	-0.073478	0.999959
rs9615382	22	46947914	NC	-0.166550	0.495590
rs738240	22	46961278	NC	-0.050620	0.008265
rs5767265	22	46964267	NC	0.109469	0.498518
rs5768964	22	46964740	NC	0.029527	0.520778
rs8138073	22	46969552	NC	-0.068144	0.486184
rs11090889	22	46976557	NC	-0.133656	0.487215
rs12485133	22	46980242	NC	0.119773	0.508247
rs714024	22	47013535	NC	-0.016230	0.996813
rs138492	22	47015444	NC	0.021216	0.002223
rs138481	22	47021203	NC	-0.011041	0.481042
GSA-rs732925	22	47026467	NC	-0.034265	0.498579
rs875559	22	47034838	NC	-0.036852	0.506789
GSA-rs117094395	22	47041692	NC	0.056415	0.498856
rs2542038	22	47059282	NC	-0.088272	0.521590
rs885792	22	47063359	NC	0.072068	0.000000
GSA-rs34212133	22	47070747	NC	0.038616	0.003588
GSA-rs73176536	22	47077006	NC	0.003092	0.491101
rs4823869	22	47081268	NC	0.001168	0.000000
rs801721	22	47081716	NC	-0.024720	0.999241
GSA-rs8143065	22	47082577	NC	0.004862	1.000000
GSA-rs9616098	22	47091231	NC	0.026468	0.515508
rs135676	22	47091321	NC	0.052289	0.999550
GSA-rs78424	22	47093846	NC	-0.034437	0.996857
rs62232615	22	47094937	NC	0.045489	0.995590
GSA-rs13057352	22	47095235	NC	-0.000341	0.019356
rs743035	22	47098969	NC	0.035443	0.000000
rs135698	22	47104011	NC	0.078560	0.483109
rs801728	22	47104306	NC	-0.007117	0.017619
GSA-rs78444025	22	47105302	NC	-0.084564	0.497974
rs135701	22	47106800	NC	0.039827	0.500579
rs6008957	22	47108669	NC	-0.102670	0.505187
GSA-rs9616103	22	47112396	NC	-0.041938	1.000000
GSA-rs117327271	22	47114308	NC	0.035543	0.487584
GSA-rs149080196	22	47114904	NC	0.064247	0.000000
rs9627540	22	47115825	NC	0.035275	0.000000
GSA-rs62232639	22	47137783	NC	0.000442	0.505560
rs761906	22	47138659	NC	-0.018118	0.496109
GSA-22:47141080	22	47141080	NC	-0.154950	1.000000
GSA-rs117051531	22	47142436	NC	0.014556	0.000000
GSA-rs77665308	22	47142950	NC	-0.029003	0.001885
GSA-rs73182605	22	47144956	NC	0.045218	0.000000
rs16995672	22	47146222	NC	-0.024460	0.512983
GSA-rs78601517	22	47150613	NC	0.070242	0.501188
rs5767343	22	47150813	NC	-0.060615	0.504322
rs5769136	22	47156703	NC	0.068206	0.507630
rs801640	22	47159028	NC	0.071570	0.502259
rs12628080	22	47171343	NC	-0.100339	0.480190
rs801628	22	47171456	NC	0.022077	0.487896
GSA-rs5769152	22	47182944	NC	0.029367	0.471005
GSA-rs117245190	22	47183250	NC	-0.104902	0.000000
GSA-rs62233785	22	47190159	NC	0.142267	0.509479
rs974226	22	47230348	NC	0.070055	0.503160
GSA-rs76948592	22	47241711	NC	0.058934	0.020013
rs1984405	22	47249002	NC	0.034044	0.490278
GSA-rs78057761	22	47249424	NC	0.064546	0.000000
GSA-rs117502253	22	47264797	NC	0.060403	1.000000
rs131861	22	47268167	NC	0.082846	0.496436
GSA-rs73891034	22	47272844	NC	-0.028723	1.000000
rs131873	22	47275828	NC	0.084026	0.499822
GSA-rs6009015	22	47276684	NC	0.027942	0.506936
rs362154	22	47278852	NC	-0.026234	0.486176
GSA-rs73184520	22	47282589	NC	-0.026286	0.506265
GSA-rs79173093	22	47287369	NC	0.006827	0.513098
GSA-rs35119670	22	47288232	NC	-0.053291	0.489543
GSA-rs12160779	22	47292254	NC	0.121302	0.503050
GSA-rs6009040	22	47295656	NC	-0.004282	0.499035
rs4823889	22	47296574	NC	-0.081938	0.503736
GSA-rs117964110	22	47297356	NC	-0.000302	0.490355
GSA-rs3891508	22	47297850	NC	0.004857	0.000000
rs5769220	22	47298873	NC	0.006864	0.485487
rs4823890	22	47299533	NC	-0.078088	0.004257
rs867086	22	47300250	NC	0.044313	0.000000
rs5767402	22	47302584	NC	-0.121062	0.493148
rs6009047	22	47304870	NC	-0.012364	0.000000
GSA-rs16995967	22	47308942	NC	-0.010753	0.504798
GSA-rs112370377	22	47308949	NC	0.039797	1.000000
GSA-rs73888455	22	47308974	NC	-0.060067	0.508475
GSA-rs73478582	22	47309019	NC	-0.117455	0.000000
GSA-rs73478584	22	47309290	NC	0.094843	0.000000
GSA-rs16995971	22	47309351	NC	0.102271	0.505605
rs9616165	22	47332082	NC	0.077544	0.993206
GSA-rs56205905	22	47335227	NC	0.114104	0.505408
GSA-rs4823900	22	47335392	NC	-0.029799	0.999099
GSA-rs136068	22	47344209	NC	0.054276	1.000000
GSA-rs76850005	22	47344627	NC	-0.122181	0.497937
GSA-rs116994256	22	47346042	NC	-0.012278	0.008795
rs73890505	22	47349882	NC	-0.126050	0.996713
GSA-rs73186520	22	47350898	NC	-0.088666	0.480142
GSA-rs9616177	22	47351838	NC	0.016765	0.995461
rs136101	22	47363413	NC	-0.037017	0.011890
rs4437	22	47370343	NC	-0.077450	0.492444
rs112648855	22	47371086	NC	-0.014543	0.004622
GSA-rs8142299	22	47374454	NC	-0.011701	1.000000
GSA-rs117449195	22	47381883	NC	-0.102819	0.000000
rs55878044	22	47382150	NC	0.009674	1.000000
GSA-rs143658723	22	47386745	NC	-0.073609	0.503023
GSA-rs75430848	22	47387771	NC	0.002903	0.488110
rs112913638	22	47397600	NC	-0.033305	0.023234
GSA-rs62225117	22	47409522	NC	0.106732	0.000000
rs55641454	22	47410000	NC	0.030205	0.502962
GSA-rs9616197	22	47411246	NC	-0.014889	0.497851
GSA-rs75104550	22	47413392	NC	-0.071664	0.483588
GSA-rs16996168	22	47414062	NC	-0.030306	0.504331
GSA-rs74560453	22	47419938	NC	-0.054185	0.515923
rs131946	22	47422310	NC	0.004738	0.471332
GSA-rs7291161	22	47434170	NC	-0.049182	0.522901
rs5767437	22	47436702	NC	0.024457	0.004179
GSA-rs9615456	22	47439597	NC	0.078409	0.000000
rs4476	22	47440669	NC	-0.057846	0.483752
rs131896	22	47440700	NC	0.021818	0.998461
GSA-22:47444307	22	47444307	NC	-0.053609	1.000000
rs4823588	22	47446867	NC	-0.078858	1.000000
rs16996234	22	47447370	NC	0.059612	0.000000
rs131919	22	47447437	NC	0.082156	0.997832
GSA-rs117941345	22	47450668	NC	0.111353	0.982620
GSA-rs13054137	22	47454130	NC	-0.021613	1.000000
rs86559	22	47454664	NC	-0.049745	0.973421
rs131929	22	47458767	NC	0.037637	0.488288
GSA-rs9615127	22	47464074	NC	0.043103	1.000000
rs739013	22	47471713	NC	-0.006621	0.011140
GSA-rs71313092	22	47476259	NC	0.004935	0.499363
rs4823464	22	47489470	NC	0.087393	0.000000
GSA-rs79285278	22	47492833	NC	0.025695	0.019263
rs9615461	22	47497788	NC	0.053155	0.000000
rs5767494	22	47503584	NC	0.060289	0.000000
GSA-rs78733435	22	47516111	NC	-0.012866	0.007844
GSA-rs80299207	22	47523551	NC	0.063478	0.011472
rs738665	22	47529157	NC	0.023229	0.995382
GSA-rs144351340	22	47530307	NC	0.069515	0.499013
rs5766691	22	47532396	NC	0.006146	0.000000
GSA-rs78096288	22	47535534	NC	0.005154	0.000405
rs56145009	22	47539561	NC	0.056399	0.001859
GSA-rs17175403	22	47541927	NC	-0.016817	0.505259
rs738669	22	47548321	NC	0.083627	0.496340
rs754890	22	47556231	NC	0.125678	0.012222
rs4823603	22	47557638	NC	-0.077959	0.508079
rs4823473	22	47557878	NC	-0.012687	1.000000
GSA-rs34154253	22	47559548	NC	0.076107	1.000000
rs9637352	22	47567319	NC	0.074876	1.000000
rs135363	22	47573107	NC	-0.009211	0.000000
GSA-rs17763384	22	47576867	NC	-0.095582	0.000000
GSA-rs117622751	22	47579038	NC	0.055325	0.979078
GSA-rs117632576	22	47585937	NC	0.063974	0.010334
GSA-rs116985463	22	47592350	NC	0.090533	0.502678
exm2268445	22	47593413	NC	-0.103969	0.000887
GSA-rs6007635	22	47601589	NC	0.098192	0.998253
rs135379	22	47604319	NC	0.081886	0.011859
rs875029	22	47604571	NC	0.010507	1.000000
GSA-rs9626700	22	47609590	NC	0.084357	1.000000
rs9626702	22	47609914	NC	0.018469	0.515515
rs4823617	22	47625244	NC	-0.107493	0.498085
rs8140251	22	47631491	NC	-0.038233	0.012814
GSA-rs73172511	22	47635091	NC	0.033108	0.000000
rs136617	22	47636116	NC	0.142704	0.482802
GSA-rs116900944	22	47643204	NC	0.047356	0.973842
rs8136752	22	47653468	NC	-0.039484	0.490481
rs79083211	22	47653477	NC	-0.154789	0.510517
rs9615482	22	47653549	NC	-0.037424	0.502529
rs4342040	22	47655072	NC	0.024734	0.000000
rs136636	22	47657635	NC	0.068127	0.486685
GSA-rs77576813	22	47668054	NC	0.056445	1.000000
GSA-rs118179232	22	47669548	NC	0.028924	1.000000
rs73887242	22	47671028	NC	-0.012027	0.484749
GSA-rs118077630	22	47671305	NC	-0.018733	0.492321
GSA-rs62225336	22	47673252	NC	-0.047378	0.501961
rs11913251	22	47675263	NC	-0.064164	0.514857
GSA-rs73469736	22	47676867	NC	-0.044033	0.498698
rs766168	22	47679901	NC	-0.059765	0.010911
rs6008118	22	47683805	NC	-0.041810	0.003556
rs2187793	22	47688003	NC	0.024846	0.001778
rs9626993	22	47688227	NC	-0.001625	0.021927
GSA-rs138903421	22	47691892	NC	0.005942	0.494976
GSA-rs184677623	22	47692056	NC	0.147934	0.010811
rs1029311	22	47696868	NC	-0.166576	0.507503
GSA-rs73172554	22	47706426	NC	0.112204	1.000000
rs5766748	22	47709744	NC	0.008384	0.467379
rs5767676	22	47711836	NC	0.033186	0.504564
rs116740211	22	47721410	NC	-0.010424	0.000000
GSA-rs79265174	22	47724889	NC	0.045177	0.504748
rs4823632	22	47735419	NC	0.077892	0.020419
GSA-rs116251692	22	47747733	NC	-0.095664	1.000000
rs6008150	22	47748531	NC	-0.003848	0.000000
GSA-rs61670807	22	47748958	NC	0.028762	1.000000
GSA-rs117718838	22	47756494	NC	0.059012	0.992692
GSA-rs55876127	22	47757237	NC	-0.010374	1.000000
rs2337542	22	47758290	NC	0.080128	0.508136
GSA-rs131853	22	47763158	NC	0.065490	0.498299
GSA-rs73475602	22	47765327	NC	-0.071145	0.014396
rs59039117	22	47765729	NC	-0.131447	0.518156
rs713983	22	47767893	NC	0.016600	0.011687
GSA-rs62225357	22	47770118	NC	-0.070029	1.000000
GSA-rs112887208	22	47777675	NC	0.103328	0.000000
rs9626722	22	47783287	NC	-0.069500	0.000000
GSA-rs76148675	22	47785456	NC	-0.029502	1.000000
rs34214957	22	47788396	NC	-0.051077	0.000000
GSA-rs5767722	22	47788961	NC	-0.042608	0.998019
rs910081	22	47797442	NC	-0.037275	0.479710
GSA-rs77031946	22	47800416	NC	0.087223	0.504827
GSA-rs9615158	22	47817880	NC	-0.025210	0.490018
rs4823482	22	47820668	NC	0.093391	0.999121
rs7287901	22	47823761	NC	0.007252	0.495386
rs73172599	22	47827401	NC	-0.055890	0.995632
rs763031	22	47830777	NC	-0.114530	0.498905
rs2027855	22	47837513	NC	-0.077224	0.000000
rs130872	22	47851349	NC	0.075609	0.010539
GSA-rs929048	22	47851757	NC	0.000119	0.000000
GSA-rs4823645	22	47852481	NC	0.086827	0.520264
GSA-rs76811265	22	47852696	NC	0.073667	1.000000
GSA-rs117162572	22	47853167	NC	-0.001421	0.507385
GSA-rs116961986	22	47857356	NC	-0.024648	0.496529
GSA-rs62225361	22	47861355	NC	0.042604	0.000000
GSA-rs115183643	22	47864743	NC	-0.043231	0.490037
rs6007671	22	47864764	NC	-0.038293	0.988345
GSA-rs117081659	22	47870544	NC	-0.069708	0.494871
GSA-rs73174714	22	47874082	NC	0.022332	1.000000
GSA-rs9615162	22	47875335	NC	-0.009223	0.513125
GSA-rs34476782	22	47876012	NC	-0.035646	0.009487
rs9627057	22	47880162	NC	-0.063988	0.000000
rs146006978	22	47882492	NC	0.025386	0.000000
rs9627062	22	47885425	NC	-0.085708	1.000000
rs1981462	22	47890114	NC	-0.079583	0.527877
GSA-rs16996925	22	47896174	NC	-0.105316	0.019486
GSA-rs9615539	22	47898444	NC	0.037724	0.000773
rs6008239	22	47898585	NC	-0.033040	0.995274
GSA-rs131056	22	47905322	NC	0.017111	0.004025
GSA-rs117787677	22	47931188	NC	-0.019067	0.486846
rs6008250	22	47931216	NC	-0.077564	0.481971
GSA-rs12628793	22	47932395	NC	0.008692	1.000000
rs5767791	22	47937655	NC	-0.038606	0.493156
rs135143	22	47937891	NC	-0.024500	0.000000
rs130481	22	47940908	NC	-0.020128	0.000000
GSA-rs77650614	22	47941280	NC	0.050480	0.499922
GSA-rs118159773	22	47942207	NC	0.060573	0.000443
GSA-rs7288712	22	47942764	NC	0.003097	0.502436
rs10460765	22	47944748	NC	0.002612	0.000000
GSA-rs79829102	22	47946836	NC	-0.062726	1.000000
GSA-rs5767806	22	47950158	NC	-0.132542	0.499173
GSA-rs2064433	22	47957146	NC	0.006373	0.987936
rs6007694	22	47959703	NC	0.095096	0.512207
rs2285093	22	47961708	NC	-0.023226	1.000000
GSA-rs79369357	22	47962574	NC	-0.059103	0.000000
GSA-rs115118	22	47973949	NC	0.002183	0.017992
rs131120	22	47976235	NC	-0.053215	0.985091
GSA-rs117364427	22	47981350	NC	-0.100371	0.491698
rs2337969	22	47983376	NC	-0.007782	0.504770
GSA-rs13056610	22	47983952	NC	0.029651	0.498842
GSA-rs75188320	22	47984014	NC	0.045156	0.009044
rs56813510	22	47986266	NC	0.011777	0.000000
rs5766806	22	47987698	NC	0.005160	0.000000
rs131103	22	47987803	NC	0.164330	0.010164
rs131100	22	47989391	NC	-0.014104	0.488165
GSA-rs78449155	22	47990424	NC	0.038836	0.500386
GSA-rs1858755	22	47993409	NC	0.028395	1.000000
rs6007701	22	47995497	NC	-0.189203	1.000000
GSA-rs75834517	22	47997712	NC	0.012670	1.000000
rs9615171	22	48001879	NC	0.019325	1.000000
rs6008295	22	48008933	NC	-0.047909	0.019895
rs5767834	22	48010698	NC	-0.090330	1.000000
GSA-rs28725442	22	48016110	NC	-0.034179	0.009857
rs5767849	22	48022020	NC	-0.013973	0.486190
GSA-rs9626749	22	48022887	NC	-0.035086	1.000000
GSA-rs117194462	22	48025787	NC	0.034619	0.528744
rs9627093	22	48028984	NC	-0.061037	0.499973
GSA-rs73174771	22	48032189	NC	-0.029799	0.516280
GSA-rs76887417	22	48036950	NC	-0.076948	0.523373
rs113962256	22	48043352	NC	-0.033795	0.000000
GSA-rs17669761	22	48047131	NC	0.009766	0.501773
rs371022	22	48065145	NC	-0.113201	0.487669
rs132125	22	48070614	NC	-0.051795	0.000000
GSA-rs73174785	22	48071492	NC	-0.120947	0.507046
rs61521756	22	48077017	NC	0.010313	0.000000
GSA-rs62227799	22	48084888	NC	-0.079556	1.000000
GSA-rs62227807	22	48093502	NC	0.073687	0.504102
rs397723	22	48112790	NC	-0.021761	0.000000
GSA-rs79046739	22	48120843	NC	0.007927	0.004568
rs9627120	22	48121985	NC	-0.074350	0.018672
GSA-rs74780177	22	48131294	NC	0.012423	0.991221
GSA-rs6008359	22	48132588	NC	0.115326	1.000000
GSA-rs145744511	22	48133557	NC	0.104188	0.504093
rs12158109	22	48138017	NC	0.009976	0.000000
GSA-rs6008372	22	48144783	NC	0.045029	0.000000
rs5767968	22	48145834	NC	0.089942	0.011691
rs6008375	22	48153237	NC	-0.054728	0.511413
GSA-rs2338254	22	48162131	NC	-0.020967	0.506322
GSA-rs73176710	22	48162458	NC	-0.007362	0.000000
GSA-rs11703458	22	48164478	NC	0.007578	0.518589
rs16997552	22	48174656	NC	-0.035435	1.000000
rs878487	22	48177116	NC	-0.011177	0.008247
rs738738	22	48180475	NC	-0.118651	0.510467
GSA-rs7290606	22	48181793	NC	-0.023759	0.000000
rs9626773	22	48182991	NC	0.068911	0.013756
GSA-rs117057152	22	48184082	NC	-0.014945	1.000000
rs117825507	22	48187732	NC	0.030758	1.000000
rs5767992	22	48188253	NC	0.031789	0.498124
rs77876633	22	48193505	NC	0.066608	0.518123
GSA-rs2103954	22	48196529	NC	0.035730	0.513532
rs4823694	22	48202555	NC	-0.014182	0.501403
GSA-rs6008400	22	48207896	NC	-0.056188	0.998642
rs6008402	22	48209939	NC	0.077619	0.508434
rs11703828	22	48212275	NC	0.014835	0.009197
rs6007751	22	48214076	NC	-0.003467	0.490568
GSA-rs118168483	22	48216236	NC	0.017038	0.990215
rs5768015	22	48216602	NC	-0.051119	0.992481
rs4823703	22	48222045	NC	0.081288	0.489377
GSA-rs4823709	22	48225753	NC	0.007648	0.000000
GSA-rs738744	22	48231357	NC	-0.000421	0.514806
rs5766904	22	48237819	NC	0.048005	0.504002
GSA-rs117713082	22	48238803	NC	-0.118424	0.493403
rs11704818	22	48248892	NC	-0.021570	0.513578
GSA-rs150774015	22	48250952	NC	0.009391	0.494652
rs5768088	22	48255862	NC	-0.047959	0.476687
GSA-rs113251484	22	48256537	NC	0.086678	0.992475
rs761917	22	48258293	NC	-0.038459	0.003183
rs2064803	22	48269511	NC	-0.005808	0.992647
rs4823719	22	48274032	NC	0.012487	0.000000
rs4823721	22	48274134	NC	-0.036698	0.007290
rs5768107	22	48281227	NC	-0.055221	1.000000
rs6007757	22	48282594	NC	-0.093561	1.000000
GSA-rs62224237	22	48284296	NC	0.059695	1.000000
GSA-rs738728	22	48285991	NC	-0.008863	0.499157
GSA-rs5768114	22	48287937	NC	0.076239	1.000000
rs738733	22	48295417	NC	-0.009551	0.493879
rs5768148	22	48307904	NC	-0.075029	0.515355
GSA-rs5768149	22	48309365	NC	0.003230	0.000000
GSA-rs12157373	22	48311561	NC	-0.025578	0.508661
rs112432957	22	48312904	NC	-0.044343	0.504187
rs5768156	22	48314463	NC	-0.134207	0.005929
rs6008456	22	48317614	NC	-0.094100	0.520727
rs4990141	22	48318002	NC	-0.063656	0.007943
rs874961	22	48318237	NC	0.050503	0.004716
GSA-rs73182791	22	48319386	NC	-0.008472	0.496321
GSA-rs117663002	22	48320482	NC	0.067589	0.024244
GSA-rs117162349	22	48320652	NC	-0.091912	0.989285
rs9615234	22	48321123	NC	0.023985	0.492028
rs5768178	22	48324344	NC	-0.006642	0.478222
GSA-rs78965479	22	48329533	NC	0.002528	1.000000
rs5768202	22	48334119	NC	-0.023175	0.491468
GSA-rs5766957	22	48336091	NC	0.106345	0.000384
GSA-rs73888015	22	48341265	NC	0.008730	0.501463
rs5766958	22	48343389	NC	-0.074694	0.487388
GSA-rs113212741	22	48345524	NC	0.006838	0.013067
GSA-rs56091638	22	48352440	NC	-0.067720	0.016149
rs4823509	22	48363970	NC	-0.084606	1.000000
rs13055322	22	48365123	NC	0.017883	0.984227
GSA-rs77386801	22	48367070	NC	0.027680	0.489630
rs6008485	22	48371416	NC	0.041159	0.020306
rs5768220	22	48371721	NC	-0.051869	0.513352
rs76192177	22	48371991	NC	0.026765	0.506228
rs9615717	22	48381376	NC	0.008426	1.000000
GSA-rs79669777	22	48387242	NC	0.037900	1.000000
GSA-rs118027103	22	48390279	NC	-0.031799	1.000000
rs9615251	22	48392711	NC	0.017546	0.519154
GSA-rs117336966	22	48393657	NC	0.007416	0.515619
GSA-rs6007780	22	48395782	NC	-0.077049	0.005067
rs9615252	22	48396897	NC	0.048115	0.000000
rs5766971	22	48397852	NC	-0.041922	0.508419
GSA-rs62225670	22	48403186	NC	-0.035670	1.000000
rs6008503	22	48404527	NC	0.023023	1.000000
rs135345	22	48409635	NC	-0.029945	0.992026
GSA-rs117639066	22	48413953	NC	0.055493	0.475892
GSA-rs77730349	22	48421654	NC	0.144458	1.000000
rs743094	22	48434062	NC	-0.037525	0.001614
rs738704	22	48434712	NC	0.021731	1.000000
rs6008523	22	48444881	NC	0.013042	0.008448
rs135264	22	48454693	NC	0.026941	0.006696
rs5768311	22	48457140	NC	0.035828	0.000000
rs9627236	22	48471352	NC	0.048240	1.000000
GSA-rs7284100	22	48473412	NC	0.003070	0.010707
rs135294	22	48477781	NC	-0.038573	0.020755
GSA-rs6008549	22	48478158	NC	0.024550	0.495134
GSA-rs116988783	22	48483057	NC	-0.026394	0.011278
rs11703784	22	48483072	NC	-0.040997	0.004114
GSA-rs117805886	22	48491227	NC	-0.109000	1.000000
rs12172234	22	48492542	NC	0.105659	1.000000
GSA-rs35941134	22	48493463	NC	0.051211	0.010249
rs5768350	22	48494758	NC	-0.007127	0.009825
GSA-rs117403545	22	48495161	NC	0.073987	0.510984
GSA-rs16998356	22	48496616	NC	-0.006801	1.000000
rs9626807	22	48501694	NC	-0.068844	0.000000
GSA-rs117577285	22	48509151	NC	-0.156464	0.495023
rs16998380	22	48510196	NC	-0.014885	0.000000
GSA-rs17625488	22	48510973	NC	0.029584	0.003350
rs16994730	22	48514296	NC	0.011007	0.501138
GSA-rs77850061	22	48514561	NC	-0.116460	0.498278
rs715500	22	48529709	NC	0.033094	0.495780
GSA-rs131127	22	48530770	NC	0.060370	1.000000
GSA-rs73480896	22	48533127	NC	0.070961	1.000000
GSA-rs117969706	22	48534015	NC	-0.034529	0.982180
rs2338671	22	48538763	NC	-0.011139	0.001744
rs34511869	22	48540651	NC	0.065855	0.499726
rs131137	22	48546285	NC	0.094286	0.000000
GSA-rs78191372	22	48548256	NC	-0.048409	0.475271
GSA-rs80128396	22	48557822	NC	-0.009139	0.000000
GSA-rs5768412	22	48567467	NC	-0.014065	0.991168
GSA-rs117210489	22	48580665	NC	0.038675	0.008744
rs926233	22	48587960	NC	-0.057659	0.501765
rs133528	22	48590929	NC	0.052273	0.520559
rs6007812	22	48591245	NC	-0.053351	1.000000
rs133530	22	48591444	NC	0.040257	0.485591
rs12169853	22	48594309	NC	0.039711	0.975353
rs5768434	22	48598852	NC	0.036959	0.009084
GSA-rs12484143	22	48599065	NC	-0.056565	0.504851
GSA-rs5767060	22	48600260	NC	0.068316	0.000000
GSA-rs117657266	22	48602385	NC	0.021878	0.509575
GSA-rs7286079	22	48603295	NC	0.003550	0.486611
rs60349186	22	48605650	NC	0.073044	0.489485
GSA-rs73186731	22	48605975	NC	0.003308	1.000000
rs74507238	22	48607490	NC	0.057732	1.000000
rs76711243	22	48607847	NC	0.075918	0.009523
GSA-rs117670747	22	48609675	NC	0.077350	0.496850
rs9615800	22	48609843	NC	0.045213	0.999929
rs738184	22	48615721	NC	-0.149374	0.510578
rs9615811	22	48617522	NC	0.063142	0.484628
rs5768453	22	48621722	NC	0.042817	0.497189
GSA-rs34204455	22	48622929	NC	0.074585	0.491465
rs2013591	22	48624809	NC	-0.136770	1.000000
rs13054085	22	48630184	NC	-0.033660	0.000000
GSA-rs76884740	22	48631939	NC	-0.035753	0.485359
rs5767072	22	48634223	NC	-0.000967	0.481534
rs5768461	22	48636212	NC	-0.001853	0.998330
rs469999	22	48637056	NC	0.028291	1.000000
rs74278741	22	48642910	NC	-0.003033	0.492128
GSA-rs5768480	22	48645780	NC	0.025571	0.520478
rs4499	22	48646288	NC	-0.022157	0.513226
rs77652610	22	48649223	NC	-0.018563	0.010557
GSA-rs79506914	22	48651368	NC	0.004763	0.001344
GSA-rs73479545	22	48657382	NC	0.075312	0.479781
rs4392	22	48658493	NC	-0.105093	1.000000
GSA-rs34326441	22	48658601	NC	-0.006081	0.987792
GSA-rs74755044	22	48658891	NC	0.101382	0.496972
rs133580	22	48659880	NC	0.036955	0.987881
GSA-rs133584	22	48665415	NC	-0.042220	0.508902
GSA-rs133588	22	48666450	NC	0.036385	0.500047
GSA-rs62226623	22	48667212	NC	0.079327	0.493882
rs6007822	22	48671102	NC	-0.036888	0.000000
rs909502	22	48672302	NC	-0.053239	0.509772
GSA-rs111536152	22	48677603	NC	-0.080246	0.989130
rs35835342	22	48677819	NC	-0.049009	0.488938
GSA-rs76663933	22	48679174	NC	-0.064921	0.995973
rs73169417	22	48684220	NC	-0.033487	0.010260
rs11702956	22	48687076	NC	0.003988	1.000000
rs35679622	22	48689626	NC	-0.057123	0.000000
rs36007025	22	48689786	NC	-0.069920	0.499206
rs133616	22	48691715	NC	0.038607	0.495520
rs28675311	22	48696193	NC	-0.061671	0.493886
rs133620	22	48698117	NC	-0.058993	0.500711
GSA-rs12627978	22	48699609	NC	-0.038764	0.481155
rs4396	22	48701023	NC	-0.033408	1.000000
GSA-rs9615863	22	48701826	NC	-0.096089	0.489274
GSA-rs117789314	22	48705432	NC	-0.055591	0.000000
rs133631	22	48707427	NC	-0.071227	0.990570
rs9615864	22	48708954	NC	-0.053299	0.996016
GSA-rs73169441	22	48713074	NC	0.019993	0.476676
GSA-rs133649	22	48715166	NC	0.043686	0.479457
rs742019	22	48715863	NC	0.068534	1.000000
GSA-rs133651	22	48717026	NC	-0.004418	0.000000
rs6008628	22	48717101	NC	-0.045836	0.506569
GSA-rs9615867	22	48719458	NC	-0.005552	1.000000
rs133658	22	48722383	NC	0.016563	0.972083
GSA-rs9615868	22	48723377	NC	-0.009616	0.484515
rs133662	22	48725114	NC	0.028332	0.513902
GSA-rs74848814	22	48725278	NC	-0.153365	0.488858
GSA-rs75753551	22	48725319	NC	-0.146243	0.518364
GSA-rs909497	22	48726517	NC	-0.114914	0.501468
GSA-rs117863393	22	48728671	NC	0.094466	0.501304
GSA-rs34134485	22	48729670	NC	-0.060549	0.511417
rs6008655	22	48739456	NC	0.053560	0.492502
rs10427669	22	48742097	NC	0.007665	0.000000
GSA-rs73169466	22	48746037	NC	0.142397	0.996889
rs13054685	22	48747116	NC	0.106392	0.000000
rs1883131	22	48749424	NC	-0.108801	1.000000
rs5768555	22	48750445	NC	0.034929	0.506363
GSA-rs2179060	22	48752757	NC	0.108553	0.006513
rs9627314	22	48757897	NC	-0.030972	0.016575
rs5767121	22	48762687	NC	0.104553	0.479437
rs133679	22	48766025	NC	-0.089659	0.516014
rs4823756	22	48766791	NC	-0.078546	0.511130
GSA-rs133693	22	48768431	NC	0.103611	0.993037
GSA-rs116854386	22	48768677	NC	0.050934	1.000000
GSA-rs78239657	22	48782213	NC	0.013841	1.000000
rs73487196	22	48793169	NC	0.025634	0.506664
rs73888588	22	48793192	NC	-0.069688	0.989510
GSA-rs73487197	22	48793605	NC	0.058580	0.481779
GSA-rs58286997	22	48799877	NC	-0.112793	0.019308
GSA-rs117696728	22	48800032	NC	-0.123224	0.496516
GSA-rs130804	22	48801666	NC	-0.130088	0.500592
rs130830	22	48809362	NC	0.025837	0.018586
rs73171414	22	48810817	NC	0.020699	1.000000
rs16998984	22	48811068	NC	0.006511	0.500340
GSA-rs75066394	22	48814168	NC	-0.017833	0.007946
rs6007848	22	48815752	NC	0.042481	1.000000
rs5767136	22	48816766	NC	0.067322	0.528786
rs17707481	22	48818021	NC	0.101023	0.495651
rs6007850	22	48819398	NC	-0.015746	0.498325
GSA-rs76332574	22	48819532	NC	0.063040	0.000000
rs12106638	22	48820023	NC	-0.104859	0.508739
GSA-rs4823768	22	48822390	NC	-0.165528	0.997554
rs7293013	22	48823357	NC	-0.010539	0.004633
rs916268	22	48826019	NC	0.052015	0.007824
GSA-rs75207814	22	48828134	NC	-0.013129	1.000000
GSA-rs77857154	22	48828659	NC	0.067941	0.491203
rs4823535	22	48830958	NC	0.118369	0.513212
GSA-rs73485269	22	48831652	NC	0.026457	0.024528
rs8136255	22	48832904	NC	-0.004786	0.014643
GSA-rs5768620	22	48834199	NC	-0.011959	0.009366
rs78574224	22	48835424	NC	-0.040570	1.000000
rs9627347	22	48836042	NC	-0.025395	0.497690
rs135168	22	48836425	NC	0.010381	0.490676
rs13056560	22	48837867	NC	0.013155	0.002567
rs4823776	22	48838815	NC	0.075830	0.000000
GSA-rs74763425	22	48842959	NC	-0.104481	0.000000
exm2273068	22	48843119	NC	0.080736	0.000000
GSA-rs8140841	22	48844608	NC	-0.007538	0.987500
rs2001078	22	48844751	NC	-0.023172	0.997808
GSA-rs9615893	22	48851078	NC	0.025251	0.505309
GSA-rs12169429	22	48852587	NC	-0.074233	0.511063
GSA-rs76893291	22	48855036	NC	-0.114608	0.000924
rs5768643	22	48855412	NC	-0.061535	0.000000
GSA-rs9627357	22	48857484	NC	0.090103	0.021861
GSA-rs75698695	22	48871294	NC	0.082554	0.984781
GSA-rs76164244	22	48872140	NC	-0.079869	0.488880
rs6008718	22	48872692	NC	-0.091105	1.000000
rs5768657	22	48873919	NC	-0.060068	0.000000
rs11913664	22	48877273	NC	-0.007368	0.997891
rs6007864	22	48883081	NC	-0.064335	0.506917
rs6008735	22	48888351	NC	-0.143680	0.497458
rs5767172	22	48892314	NC	0.070504	0.000488
rs11913116	22	48894613	NC	-0.022145	0.502064
rs10460766	22	48896580	NC	0.030398	0.500560
GSA-rs6008741	22	48897881	NC	-0.033966	0.501210
rs763002	22	48901623	NC	-0.003538	0.000000
rs4823790	22	48903278	NC	0.064996	1.000000
rs133513	22	48908084	NC	0.068604	0.000292
rs133503	22	48911602	NC	-0.043134	1.000000
rs6520007	22	48921733	NC	-0.056726	0.506347
rs916283	22	48928215	NC	-0.029530	0.000000
rs133473	22	48929226	NC	0.057246	0.503929
rs5768709	22	48929569	NC	0.002594	0.521052
rs80517	22	48929867	NC	-0.157136	1.000000
GSA-rs73888446	22	48930780	NC	0.045342	0.494712
GSA-rs73173404	22	48934772	NC	0.015609	0.481719
GSA-rs78011702	22	48940506	NC	0.025935	0.992584
rs9615919	22	48940644	NC	-0.012499	0.996490
rs16999364	22	48941730	NC	0.001703	0.984941
rs16999372	22	48943842	NC	0.044497	0.498496
GSA-rs76141473	22	48949588	NC	-0.027914	0.493159
GSA-rs10483242	22	48958927	NC	-0.040679	0.495312
rs5767194	22	48960409	NC	-0.006645	0.006370
GSA-rs73425926	22	48965771	NC	0.050146	0.012725
rs74755527	22	48970145	NC	0.003501	0.507969
rs5768744	22	48974855	NC	-0.055162	1.000000
GSA-rs73173418	22	48975696	NC	0.025774	0.004265
rs28607216	22	48976795	NC	0.034533	0.000000
rs35442569	22	48977485	NC	-0.079046	0.487122
rs145463015	22	48979600	NC	0.100627	1.000000
GSA-rs35883968	22	48982923	NC	-0.047674	0.492845
rs34282403	22	48984016	NC	0.039302	0.988670
GSA-rs28385606	22	48989851	NC	0.002892	0.504384
rs28670921	22	48990016	NC	0.095178	0.490809
GSA-rs76703344	22	48994925	NC	-0.037767	0.493832
GSA-rs77637002	22	48998731	NC	0.115925	0.510078
rs28540533	22	49003874	NC	-0.084137	1.000000
rs28470428	22	49004138	NC	-0.054590	1.000000
rs28619115	22	49004395	NC	0.194897	0.016903
GSA-rs28660539	22	49008816	NC	0.005291	0.505297
GSA-rs117373929	22	49009460	NC	-0.097745	0.488491
rs73173452	22	49010940	NC	-0.071561	0.484495
rs28480167	22	49011701	NC	0.008813	0.492394
rs28478619	22	49012304	NC	0.078306	1.000000
rs28621643	22	49012662	NC	0.011404	0.000000
GSA-rs28437626	22	49013430	NC	-0.023609	0.490682
rs9617409	22	49019380	NC	0.051957	0.002386
rs1116488	22	49020010	NC	0.103587	0.995604
rs5771622	22	49027446	NC	0.105659	0.507375
GSA-rs116849156	22	49028388	NC	-0.038529	0.511363
rs6010520	22	49028732	NC	0.019691	1.000000
rs12484497	22	49029262	NC	0.014232	0.996084
GSA-rs117604295	22	49033025	NC	0.105463	0.500696
GSA-rs7290651	22	49033984	NC	0.002555	0.507186
GSA-rs73429964	22	49035766	NC	0.127409	0.493265
GSA-rs76500988	22	49036323	NC	0.069249	0.985600
rs761788	22	49039797	NC	0.001137	1.000000
GSA-rs117293902	22	49041016	NC	0.102136	0.000000
rs730147	22	49043912	NC	-0.081052	0.492231
rs9617477	22	49045770	NC	-0.076420	0.992886
rs2337487	22	49048646	NC	-0.105317	0.502182
rs11704388	22	49049468	NC	0.032525	1.000000
rs8142256	22	49050435	NC	0.028120	0.000000
rs11204493	22	49055167	NC	-0.037646	0.514836
rs73891343	22	49056438	NC	-0.052925	0.504124
rs17823579	22	49059226	NC	-0.091000	0.501877
GSA-rs4925431	22	49060976	NC	0.006035	0.006242
rs4925432	22	49060994	NC	0.050437	1.000000
rs77899570	22	49061028	NC	0.165049	0.515151
rs11913836	22	49062315	NC	-0.077440	0.018427
GSA-rs58887993	22	49062369	NC	0.087228	0.524540
GSA-rs9617493	22	49065116	NC	0.047687	0.000856
GSA-rs73175134	22	49065704	NC	-0.092404	0.494519
rs73889542	22	49065939	NC	0.098597	0.000000
rs5771705	22	49065944	NC	-0.067721	0.000000
rs12485086	22	49068081	NC	-0.050748	1.000000
rs9617419	22	49068935	NC	-0.029412	0.512246
rs10483243	22	49069693	NC	-0.012210	0.490733
rs58577646	22	49072727	NC	0.060798	0.969826
rs11912386	22	49076187	NC	0.128525	0.010790
rs132220	22	49076564	NC	0.032899	0.487672
rs73175151	22	49078213	NC	0.046818	0.000000
rs4244607	22	49078382	NC	0.079812	0.001701
rs5771713	22	49080458	NC	-0.067644	0.991261
rs5771716	22	49080775	NC	-0.009975	0.000000
rs13053354	22	49083660	NC	-0.086702	0.987545
rs11204500	22	49085175	NC	-0.203562	0.487411
rs4925435	22	49085205	NC	-0.045142	0.000000
GSA-rs77043864	22	49086346	NC	-0.083077	1.000000
rs7288241	22	49086481	NC	0.030649	0.992754
GSA-rs130129	22	49096694	NC	0.052147	0.000000
rs130132	22	49097331	NC	0.010527	0.000000
rs9617422	22	49099451	NC	0.024350	0.497250
GSA-rs4925446	22	49099888	NC	0.019839	1.000000
GSA-rs132231	22	49102667	NC	-0.076755	0.506793
rs130158	22	49107829	NC	0.057806	0.503041
rs13053451	22	49108592	NC	-0.135340	0.511592
rs130163	22	49109677	NC	0.045672	0.995054
GSA-rs77087614	22	49118535	NC	-0.070725	0.500724
rs130191	22	49118598	NC	0.171114	0.522298
rs130199	22	49120754	NC	-0.037836	0.523093
rs6587310	22	49123661	NC	-0.109030	0.000742
GSA-rs13058052	22	49128427	NC	0.013612	0.000000
GSA-rs7286059	22	49145128	NC	-0.009934	0.498962
GSA-rs117229848	22	49146379	NC	0.017676	0.477702
GSA-rs75154671	22	49150068	NC	0.004690	0.506365
rs13056461	22	49155087	NC	-0.115991	0.506245
rs5771629	22	49157079	NC	-0.006417	0.503885
GSA-rs77756067	22	49158148	NC	0.061869	0.496727
GSA-rs76476178	22	49163067	NC	0.117924	0.993484
rs7286383	22	49163473	NC	0.040883	0.000000
GSA-rs75968298	22	49171081	NC	-0.052779	0.499941
rs5771644	22	49174803	NC	0.010713	1.000000
rs131025	22	49175009	NC	0.013591	0.487320
rs6010527	22	49176220	NC	0.076739	0.010504
rs78492	22	49176977	NC	-0.007148	0.991907
rs17824173	22	49177358	NC	0.041582	0.018526
GSA-rs79806349	22	49178339	NC	0.022864	0.506862
GSA-rs140383675	22	49178786	NC	0.105278	1.000000
rs2337497	22	49179546	NC	-0.024383	0.012446
GSA-rs117567961	22	49179673	NC	-0.051599	1.000000
GSA-rs8136148	22	49189233	NC	-0.110204	0.488182
GSA-rs117458295	22	49191060	NC	0.140559	0.514913
rs16999916	22	49194740	NC	0.072881	0.498497
rs5771851	22	49195316	NC	0.061951	0.010697
rs5771853	22	49195990	NC	0.020757	0.002172
GSA-rs9617458	22	49196699	NC	0.017390	1.000000
GSA-rs58163826	22	49201009	NC	0.055817	0.467230
GSA-rs9617397	22	49201452	NC	-0.109273	0.501485
rs9617464	22	49201704	NC	0.041641	0.501721
GSA-rs5771860	22	49203073	NC	0.004293	0.003921
GSA-rs62225981	22	49203076	NC	0.030328	0.510733
GSA-rs34353439	22	49203159	NC	0.106812	0.499562
rs34407081	22	49203503	NC	-0.002671	0.022503
rs9628553	22	49203679	NC	-0.018125	0.501271
rs5771862	22	49203968	NC	-0.097176	0.509749
rs9617402	22	49205090	NC	0.163463	0.504601
GSA-rs62225983	22	49206565	NC	0.033810	0.000000
rs7288568	22	49209360	NC	0.060871	0.513034
GSA-rs143215324	22	49212470	NC	-0.048638	0.507555
rs7286388	22	49212730	NC	0.007085	0.000000
rs143297251	22	49216289	NC	0.010143	0.986958
GSA-rs80126241	22	49220600	NC	-0.038956	0.515453
rs7511364	22	49220704	NC	0.001160	0.016145
GSA-rs11204487	22	49225538	NC	-0.050564	0.000000
GSA-rs7284992	22	49226374	NC	0.031855	1.000000
GSA-rs28444486	22	49231540	NC	0.013519	0.511324
rs78375305	22	49233543	NC	-0.186066	0.507111
rs28704073	22	49235593	NC	-0.003949	0.004518
rs73179552	22	49241330	NC	0.023935	0.495313
rs28419286	22	49241617	NC	0.032562	0.498213
GSA-rs28375551	22	49241664	NC	-0.013236	0.491609
GSA-rs73179563	22	49261591	NC	0.008235	0.475223
GSA-rs115520670	22	49262021	NC	0.039393	0.519765
rs3935733	22	49262144	NC	-0.111800	0.984867
rs73889859	22	49262255	NC	0.047063	0.000000
rs4076042	22	49262579	NC	0.060375	0.512885
GSA-rs117353787	22	49262584	NC	0.009922	1.000000
GSA-rs116974058	22	49262840	NC	-0.109727	0.526310
rs28451832	22	49263108	NC	-0.050410	0.501656
GSA-rs77293382	22	49263117	NC	-0.067821	0.011354
rs28497237	22	49263192	NC	0.048416	0.500304
rs28578895	22	49264313	NC	0.008164	0.480081
rs28496358	22	49264574	NC	-0.041414	1.000000
rs28538790	22	49264683	NC	0.080306	0.006401
rs35938512	22	49264754	NC	0.021694	0.499641
rs73427900	22	49266666	NC	0.039220	0.479608
GSA-rs77311868	22	49270838	NC	0.006914	0.482012
GSA-rs117445710	22	49272303	NC	-0.073223	0.999654
rs4075230	22	49273804	NC	-0.109019	0.510342
rs80326259	22	49275828	NC	-0.072477	0.019155
GSA-rs3935258	22	49279149	NC	0.097652	0.013201
rs3936054	22	49279277	NC	-0.024661	0.501930
rs28395391	22	49281965	NC	-0.069555	1.000000
GSA-rs76229632	22	49289448	NC	-0.020798	0.487967
rs6009275	22	49294205	NC	-0.149314	1.000000
GSA-rs73179587	22	49295721	NC	-0.073721	0.974479
rs875576	22	49302644	NC	-0.004349	0.503591
rs12171007	22	49302696	NC	0.044853	0.485997
rs6009352	22	49305099	NC	0.097374	0.000000
rs2318399	22	49305789	NC	-0.014807	1.000000
rs56876325	22	49305921	NC	-0.062486	0.000000
rs6009448	22	49313561	NC	-0.062263	1.000000
rs5769415	22	49316305	NC	0.006032	0.000000
rs73179602	22	49318696	NC	-0.029432	0.000000
rs4824005	22	49321780	NC	0.053403	0.000000
GSA-rs73181703	22	49322837	NC	-0.033359	0.999082
rs62225909	22	49325245	NC	0.054955	1.000000
rs73431814	22	49326715	NC	-0.016107	0.001930
rs71314884	22	49330313	NC	0.088750	0.997129
GSA-rs76018071	22	49335065	NC	-0.072434	0.480364
rs12170462	22	49335738	NC	-0.018414	0.495507
GSA-rs12159798	22	49339311	NC	0.045215	0.006885
GSA-rs76866981	22	49340712	NC	0.024045	0.492347
GSA-rs55636250	22	49340866	NC	0.066987	1.000000
GSA-rs78307189	22	49341179	NC	-0.013408	0.009955
rs7284528	22	49341458	NC	0.047878	0.499635
GSA-rs62225940	22	49341733	NC	0.041979	0.008913
GSA-rs5769616	22	49342625	NC	0.028316	0.000000
rs5770398	22	49343781	NC	0.066070	0.975266
rs35673575	22	49344361	NC	-0.052225	0.491050
GSA-rs148870277	22	49347077	NC	0.132830	0.008548
rs116026358	22	49348797	NC	-0.002320	0.494359
rs6009715	22	49351462	NC	0.014344	0.486577
rs7287396	22	49352846	NC	0.109659	0.504225
GSA-rs6009734	22	49353557	NC	-0.035865	0.984709
rs9628063	22	49360424	NC	0.041591	0.490960
GSA-rs73433971	22	49363742	NC	-0.075142	1.000000
rs5770581	22	49364780	NC	-0.162919	0.508594
rs5769705	22	49365356	NC	0.030492	0.499943
rs5769706	22	49365517	NC	0.033043	0.496687
GSA-rs75651092	22	49369775	NC	0.001186	0.507239
rs17824774	22	49369993	NC	0.065506	0.998565
GSA-rs73181796	22	49370365	NC	-0.006849	1.000000
rs5770666	22	49375244	NC	-0.022795	0.021233
GSA-rs62221247	22	49375523	NC	-0.009357	0.505563
rs742976	22	49377893	NC	-0.001855	0.006629
GSA-rs117877573	22	49393541	NC	-0.034992	1.000000
rs62223365	22	49396259	NC	0.018583	0.493941
rs2873699	22	49396512	NC	0.091625	0.500839
rs34189568	22	49398026	NC	-0.058802	0.495639
GSA-rs117084099	22	49403008	NC	-0.001270	0.993560
rs4823966	22	49404049	NC	0.058982	0.015624
GSA-rs2318432	22	49405594	NC	0.102699	0.511922
rs5769796	22	49408735	NC	0.095073	0.497017
rs5769373	22	49411595	NC	-0.028807	0.022406
rs5769381	22	49417110	NC	-0.067061	0.506016
GSA-rs77312977	22	49418050	NC	-0.105438	0.013231
rs12169316	22	49419778	NC	-0.000993	0.510440
GSA-rs12169358	22	49419807	NC	-0.051050	0.503967
rs12170605	22	49419902	NC	-0.000864	0.518962
rs5769385	22	49422075	NC	-0.029855	0.491282
rs5769386	22	49422263	NC	0.101112	0.486222
GSA-rs117270697	22	49422362	NC	0.025143	0.013216
rs4823975	22	49430125	NC	0.053001	0.496199
GSA-rs13055527	22	49433983	NC	-0.035811	0.480848
rs5769389	22	49434131	NC	0.057958	0.000000
GSA-rs113944715	22	49434803	NC	0.076900	1.000000
rs5769843	22	49438550	NC	-0.027688	0.014034
rs5769849	22	49446616	NC	-0.073128	1.000000
rs4823981	22	49448164	NC	0.046315	0.505278
rs5769852	22	49448476	NC	0.087245	0.002108
GSA-rs12628155	22	49450895	NC	0.021470	1.000000
GSA-rs111314200	22	49450949	NC	0.065734	0.484512
rs73183564	22	49451932	NC	0.040288	0.509410
GSA-rs73183565	22	49454022	NC	0.115594	0.000628
rs6009399	22	49459944	NC	0.017678	0.495153
rs4402864	22	49465735	NC	0.057244	0.505397
rs5769393	22	49467831	NC	0.014472	0.000000
rs910308	22	49484533	NC	-0.071518	0.484462
GSA-rs113960506	22	49485723	NC	-0.006519	1.000000
rs926761	22	49486490	NC	-0.061086	0.000000
rs8137626	22	49487114	NC	-0.018232	0.000000
rs12628360	22	49491078	NC	-0.062612	0.503790
rs7292709	22	49492784	NC	-0.062527	0.499870
GSA-rs76192598	22	49494989	NC	-0.089408	0.997403
rs75167430	22	49499223	NC	0.025701	0.006746
rs6009459	22	49504790	NC	0.050926	0.014639
rs80571	22	49504833	NC	-0.005699	1.000000
rs7289310	22	49505505	NC	0.120451	1.000000
GSA-rs76833936	22	49512664	NC	0.046368	0.506214
rs135230	22	49513663	NC	-0.022420	1.000000
GSA-rs86750	22	49514228	NC	-0.007853	0.995156
rs1547426	22	49518724	NC	0.007439	1.000000
GSA-rs11090930	22	49522372	NC	-0.079266	0.000000
GSA-rs12484100	22	49526445	NC	-0.001311	0.015399
GSA-rs80567	22	49529366	NC	0.062674	0.000000
rs739194	22	49529458	NC	0.063352	1.000000
rs135256	22	49530425	NC	0.126762	0.000000
rs6009503	22	49532043	NC	0.143621	0.000000
GSA-rs9627870	22	49533337	NC	0.158300	0.008738
rs4823998	22	49535105	NC	0.007471	0.995998
rs73185576	22	49544961	NC	-0.087558	0.989686
rs5769954	22	49545244	NC	-0.063470	1.000000
rs5769966	22	49552804	NC	0.138859	0.000000
rs5769967	22	49552877	NC	-0.025125	0.506091
rs5769975	22	49557457	NC	-0.077184	0.499439
GSA-rs9616470	22	49558756	NC	-0.145393	0.987038
rs5769440	22	49559242	NC	0.055310	0.985143
rs80078075	22	49559827	NC	-0.021821	0.000000
rs76230687	22	49559888	NC	-0.009575	0.000879
GSA-rs117896431	22	49564068	NC	-0.033243	0.492170
rs76884665	22	49565418	NC	0.071922	0.017010
GSA-rs34540191	22	49565879	NC	-0.016977	0.975493
rs9627883	22	49566426	NC	-0.106586	0.478408
GSA-rs5769985	22	49570399	NC	0.111154	0.490766
rs6009527	22	49570587	NC	0.001288	0.509242
GSA-rs12170052	22	49571596	NC	0.121825	0.521304
rs2318940	22	49573394	NC	-0.034214	0.998099
GSA-rs78974176	22	49573417	NC	-0.078255	0.497227
rs4621267	22	49574991	NC	0.074391	0.976776
rs5769445	22	49578082	NC	0.007710	1.000000
GSA-rs73889940	22	49578486	NC	0.091516	0.000000
rs6009535	22	49580450	NC	0.010319	0.026743
rs6009538	22	49581463	NC	0.059200	0.508988
rs2027840	22	49585153	NC	-0.049958	0.519162
rs940114	22	49589243	NC	0.007722	0.504833
GSA-rs111819340	22	49590045	NC	-0.015181	0.000000
rs739081	22	49591786	NC	0.004927	0.519093
GSA-rs75743466	22	49591992	NC	0.083658	0.527785
rs12628677	22	49592595	NC	-0.030322	0.004593
GSA-rs737832	22	49593847	NC	0.091401	0.000000
GSA-rs111984504	22	49594179	NC	-0.048368	0.495822
GSA-rs11705420	22	49595756	NC	0.126670	0.004742
rs9616496	22	49597244	NC	-0.100965	0.490172
GSA-rs140578869	22	49597914	NC	0.084694	0.504268
GSA-rs2688071	22	49597935	NC	-0.065897	1.000000
rs1107799	22	49602052	NC	-0.127877	0.473454
GSA-rs1076919	22	49603484	NC	0.034808	0.503285
GSA-rs6520091	22	49603693	NC	0.012891	0.493429
GSA-rs140151753	22	49605428	NC	0.018899	0.538554
rs2688173	22	49610157	NC	0.134925	0.983256
rs76564284	22	49614349	NC	0.025545	0.995882
GSA-rs117398593	22	49615418	NC	-0.008741	0.507702
GSA-rs118136011	22	49622767	NC	0.075673	0.000000
rs6009557	22	49625210	NC	0.086975	0.008875
rs77547443	22	49625895	NC	0.047337	0.484534
rs1533926	22	49631217	NC	-0.095086	0.988657
rs762942	22	49634468	NC	0.085191	0.499335
rs762943	22	49634914	NC	0.034130	0.981782
GSA-rs5770112	22	49636259	NC	-0.093950	0.491193
rs16999584	22	49640648	NC	0.005724	1.000000
GSA-rs73173120	22	49642262	NC	-0.022425	0.984694
rs7289031	22	49643618	NC	0.048173	0.481172
rs17180054	22	49649814	NC	0.105173	0.000000
rs5770142	22	49653029	NC	-0.049959	0.504098
rs7291215	22	49656585	NC	-0.015680	0.000000
GSA-rs6009575	22	49657976	NC	-0.012664	0.510327
rs8139745	22	49658337	NC	0.081215	0.000000
GSA-rs8139089	22	49658926	NC	-0.061548	0.477943
rs78066928	22	49658998	NC	-0.038737	0.000000
rs2858648	22	49659547	NC	0.050913	0.514366
rs2177319	22	49659604	NC	0.078468	1.000000
GSA-rs75168966	22	49659772	NC	-0.101940	0.503852
rs1880008	22	49661137	NC	0.010817	0.507608
GSA-rs56041766	22	49663540	NC	-0.016820	0.507888
rs2248965	22	49665638	NC	-0.015347	1.000000
rs1880009	22	49665841	NC	0.071735	0.515589
GSA-rs2858578	22	49666841	NC	-0.025151	0.515195
GSA-rs6520095	22	49668364	NC	-0.036225	0.512826
rs5769520	22	49671776	NC	-0.128877	0.481630
rs2858534	22	49676609	NC	-0.041245	0.507012
rs6009583	22	49677646	NC	0.093316	1.000000
GSA-rs117802941	22	49679865	NC	-0.146080	0.000000
rs2858500	22	49681231	NC	-0.040301	0.000000
rs9627692	22	49684807	NC	0.033881	0.007455
rs977299	22	49685240	NC	0.011889	0.000000
rs7286313	22	49686438	NC	-0.138570	0.517240
GSA-rs13058252	22	49688184	NC	0.050517	0.520184
rs2858509	22	49689312	NC	0.039004	1.000000
GSA-rs762927	22	49691300	NC	0.025610	0.498036
rs6009594	22	49696067	NC	-0.028349	0.008135
GSA-rs2858517	22	49699362	NC	-0.139269	0.000000
GSA-rs117322830	22	49701946	NC	0.016942	0.496253
rs5769554	22	49702017	NC	0.030160	0.000811
GSA-rs34656530	22	49703261	NC	-0.088565	0.007988
GSA-rs73173191	22	49703976	NC	-0.075545	0.509317
rs6009217	22	49708767	NC	0.077989	0.000000
rs11912713	22	49710325	NC	0.030284	0.000000
rs10427793	22	49715710	NC	-0.042067	1.000000
GSA-rs117659079	22	49718544	NC	-0.021741	0.986214
GSA-rs79850777	22	49720737	NC	0.004799	0.001251
rs848756	22	49722925	NC	0.033466	0.983058
GSA-rs5770249	22	49727753	NC	0.096251	1.000000
rs860238	22	49729390	NC	0.059468	0.492842
rs11702899	22	49733217	NC	-0.013344	0.005044
GSA-rs73174810	22	49739725	NC	0.048927	0.000000
GSA-rs708443	22	49740368	NC	0.022490	0.497701
rs848728	22	49740746	NC	0.053125	0.504814
rs848726	22	49741960	NC	-0.022846	0.000000
rs929025	22	49742889	NC	-0.018940	0.488310
rs11914210	22	49743605	NC	0.027075	0.493565
GSA-rs9627980	22	49746231	NC	0.067529	0.500510
rs737844	22	49746915	NC	0.017934	0.986615
rs2177321	22	49751418	NC	-0.093516	0.000000
rs994774	22	49754109	NC	-0.085733	0.496356
rs8138475	22	49754325	NC	0.018520	1.000000
rs877161	22	49757783	NC	-0.114915	0.495632
rs7290667	22	49759734	NC	0.127443	0.000000
rs12484636	22	49764048	NC	-0.093729	0.000000
rs2239777	22	49764893	NC	-0.098044	0.000000
rs12170978	22	49766197	NC	0.040354	0.000000
rs77385887	22	49767024	NC	-0.039104	0.483343
rs5770316	22	49769729	NC	-0.063052	0.009723
GSA-rs13054716	22	49770061	NC	0.071547	0.489104
GSA-rs73442846	22	49774002	NC	-0.060210	1.000000
rs743782	22	49778214	NC	0.100106	0.506744
rs6520112	22	49783907	NC	0.091701	0.007965
rs713997	22	49784591	NC	-0.016135	0.504115
rs5770370	22	49785676	NC	0.079816	1.000000
rs8143098	22	49786016	NC	0.098090	0.501280
rs7291202	22	49788186	NC	0.091674	0.477626
rs5770391	22	49790713	NC	0.027570	1.000000
rs9616608	22	49791853	NC	-0.000977	0.000000
GSA-rs9627719	22	49796800	NC	0.030809	0.009239
rs9306539	22	49797422	NC	-0.000863	0.504070
GSA-rs190660408	22	49798010	NC	-0.021074	0.501516
rs136771	22	49800445	NC	0.011496	0.982387
GSA-rs77283331	22	49800639	NC	0.013610	0.993471
rs12166144	22	49800746	NC	0.018296	1.000000
rs62231860	22	49801770	NC	-0.067650	0.490610
rs136773	22	49802450	NC	0.070892	0.510564
rs6009661	22	49803108	NC	0.027536	0.501208
rs6009663	22	49803587	NC	0.058783	0.491811
GSA-rs35894977	22	49807960	NC	0.022223	0.000000
rs6009674	22	49809716	NC	0.083088	0.484755
rs5770418	22	49812076	NC	0.002452	0.504271
GSA-rs13057116	22	49816283	NC	-0.064391	0.000000
rs7287788	22	49817197	NC	-0.152606	0.008530
GSA-rs140665342	22	49818270	NC	-0.068011	0.496708
rs5770423	22	49818315	NC	0.112657	0.016687
GSA-rs2032482	22	49823026	NC	-0.033292	0.000000
rs136782	22	49823224	NC	-0.021862	0.000000
GSA-rs34156481	22	49823400	NC	-0.105717	0.502813
rs6009680	22	49825733	NC	-0.027109	0.026330
rs7287094	22	49825947	NC	-0.076557	0.000087
rs136790	22	49829118	NC	-0.112787	0.514478
rs6009689	22	49832070	NC	0.033202	0.492316
GSA-rs12159113	22	49832693	NC	0.007663	0.005281
GSA-rs62231918	22	49833933	NC	0.020879	0.499944
rs5770437	22	49836765	NC	-0.009681	1.000000
GSA-rs9616625	22	49837653	NC	0.046414	1.000000
rs1075850	22	49840474	NC	-0.013004	0.000000
rs732641	22	49840983	NC	-0.014279	0.000000
rs8138283	22	49841479	NC	0.098971	0.000000
rs714006	22	49847719	NC	-0.118483	0.000000
rs60271258	22	49847736	NC	-0.072237	0.983167
GSA-rs6009264	22	49848716	NC	0.034910	0.004948
rs760515	22	49849407	NC	-0.006835	0.519239
rs74579996	22	49849834	NC	-0.016757	0.523253
GSA-rs73176909	22	49851802	NC	-0.022041	0.009520
GSA-rs77826050	22	49853431	NC	0.107461	0.497283
rs76886620	22	49854245	NC	0.086882	0.488862
GSA-rs118071569	22	49854803	NC	0.001208	0.491847
GSA-rs12158321	22	49874196	NC	-0.077026	1.000000
rs6009723	22	49876600	NC	0.142549	0.987257
rs75712748	22	49878719	NC	0.027401	0.505143
GSA-rs10427998	22	49882219	NC	-0.028675	1.000000
GSA-rs116863378	22	49883061	NC	-0.085072	0.011882
GSA-rs76726786	22	49888301	NC	0.078477	1.000000
rs9616661	22	49890246	NC	-0.092020	1.000000
GSA-rs80061114	22	49895891	NC	0.038513	0.485093
GSA-rs116876575	22	49899208	NC	0.064476	0.000000
rs11090973	22	49901566	NC	-0.133907	0.506703
GSA-rs117693345	22	49906692	NC	0.013624	0.011916
rs74557471	22	49907424	NC	0.098152	0.500419
GSA-rs76793315	22	49909658	NC	0.083251	0.502518
rs12169586	22	49912350	NC	-0.009170	1.000000
rs10854872	22	49912406	NC	-0.005612	0.499761
rs134461	22	49915815	NC	-0.066971	0.498184
rs134458	22	49916533	NC	0.115275	0.510649
GSA-rs117550993	22	49917098	NC	-0.031148	0.503749
GSA-rs6520124	22	49917935	NC	0.004683	0.023191
GSA-rs73176947	22	49921566	NC	-0.079843	0.000000
rs3810643	22	49924929	NC	0.073431	0.000000
GSA-rs80146006	22	49925841	NC	0.105992	0.485228
rs9627740	22	49926464	NC	0.016821	1.000000
GSA-rs10483248	22	49927745	NC	-0.060630	0.513484
GSA-rs74462673	22	49927924	NC	0.157760	0.494667
exm2273069	22	49928018	NC	-0.017707	1.000000
GSA-rs10483249	22	49928169	NC	-0.000366	0.019176
GSA-rs117204269	22	49929202	NC	0.060209	0.988651
rs135771	22	49937184	NC	0.007685	1.000000
GSA-rs144405648	22	49937914	NC	0.007327	0.013117
GSA-rs135775	22	49939309	NC	0.036900	1.000000
GSA-rs743947	22	49942573	NC	-0.014660	0.502165
rs135793	22	49946905	NC	0.034781	0.986927
GSA-rs135809	22	49950208	NC	-0.007397	0.491971
GSA-rs34120047	22	49963596	NC	-0.060970	0.003042
GSA-rs135846	22	49965048	NC	0.027426	0.509631
rs1008320	22	49968720	NC	-0.021140	0.492534
GSA-rs77747294	22	49977172	NC	-0.075388	0.006824
GSA-rs117082807	22	49977768	NC	0.048689	1.000000
GSA-rs5770568	22	49985339	NC	0.071452	0.989593
GSA-rs117419894	22	49994044	NC	0.055475	1.000000
GSA-rs76052213	22	49996915	NC	0.081437	1.000000
rs9628072	22	50000058	NC	-0.004659	0.489193
GSA-rs73177000	22	50002290	NC	-0.026244	0.000000
rs143000916	22	50014172	NC	-0.020351	0.999801
rs151137991	22	50014219	NC	0.071239	0.505076
GSA-rs77941260	22	50016519	NC	-0.050234	0.983600
rs916362	22	50017234	NC	0.056886	0.000000
rs11705461	22	50021973	NC	0.040085	0.000000
rs6009794	22	50027456	NC	0.023287	0.000000
GSA-rs117580258	22	50030043	NC	-0.072917	0.993625
GSA-rs2071901	22	50034660	NC	0.108108	0.006067
GSA-rs147368314	22	50036206	NC	0.052571	0.000000
GSA-rs75475638	22	50048642	NC	0.046578	0.511916
GSA-rs5770630	22	50058022	NC	-0.119098	0.000000
rs73179148	22	50058635	NC	-0.075506	0.521943
rs739245	22	50066750	NC	0.033902	1.000000
rs5770638	22	50069833	NC	0.070038	0.983434
rs71316554	22	50072710	NC	0.109317	0.027486
rs8135992	22	50073254	NC	-0.025591	0.019184
GSA-rs78994182	22	50073603	NC	-0.053911	0.499067
rs5769725	22	50076099	NC	0.059581	0.985452
rs5770651	22	50077531	NC	0.017047	0.508706
rs760842	22	50079434	NC	-0.069448	0.985841
GSA-rs117000576	22	50083650	NC	0.077911	0.497284
rs11090995	22	50085210	NC	0.053438	0.493554
rs113125752	22	50088272	NC	-0.161016	1.000000
rs738413	22	50092148	NC	-0.055615	0.993019
rs35795505	22	50100581	NC	-0.011980	0.498816
GSA-rs79363272	22	50103845	NC	0.060699	0.985074
GSA-rs111392589	22	50109212	NC	-0.035126	1.000000
rs114815082	22	50110334	NC	0.017525	0.002651
rs12171156	22	50113185	NC	0.033721	0.008424
rs6009845	22	50117191	NC	0.177280	0.000000
GSA-rs62234096	22	50118945	NC	0.069586	0.000000
GSA-rs76160051	22	50119275	NC	0.011756	0.000000
GSA-rs76527509	22	50123003	NC	-0.034628	0.519173
rs139789	22	50124094	NC	-0.054841	0.999750
GSA-rs112599482	22	50129308	NC	0.021741	0.000000
GSA-rs7289670	22	50142299	NC	0.056015	0.001529
rs9616347	22	50145276	NC	-0.065359	0.478843
GSA-rs188079446	22	50147936	NC	-0.035022	0.500232
GSA-rs117438528	22	50151080	NC	0.056210	0.498615
GSA-rs118148725	22	50154629	NC	-0.029949	1.000000
GSA-rs12158007	22	50157112	NC	-0.052136	0.503561
GSA-rs117905061	22	50166642	NC	0.082878	0.014571
rs916418	22	50169205	NC	-0.015688	0.000000
GSA-rs916419	22	50169421	NC	-0.070926	0.496807
rs139630692	22	50181050	NC	0.106578	0.511841
rs138843	22	50183162	NC	0.077210	0.498079
GSA-rs78264894	22	50194348	NC	0.053650	0.508958
rs10427831	22	50202124	NC	0.041509	1.000000
rs147595191	22	50216725	NC	-0.069370	0.511982
GSA-rs117613664	22	50219447	NC	0.084077	0.016303
GSA-rs78279592	22	50222348	NC	0.025183	0.490988
GSA-rs80045995	22	50225761	NC	-0.018433	1.000000
rs58422561	22	50232527	NC	0.080220	0.499156
GSA-rs117482615	22	50240010	NC	0.052101	0.509330
GSA-rs761878	22	50249677	NC	-0.164295	0.500931
GSA-rs75796394	22	50252076	NC	-0.059352	0.009486
GSA-rs372675865	22	50254413	NC	-0.000557	0.508261
GSA-rs117217676	22	50259686	NC	-0.039856	0.006528
rs2295407	22	50260904	NC	-0.075065	0.490844
GSA-rs6009335	22	50266156	NC	-0.023127	0.505234
GSA-rs6009338	22	50273790	NC	-0.070598	0.497354
GSA-rs55748279	22	50277523	NC	0.036637	0.028611
rs151212072	22	50278541	NC	0.007087	0.996386
GSA-rs17001403	22	50281187	NC	-0.004506	0.997252
rs3922872	22	50297888	NC	-0.036826	0.514037
GSA-rs62233155	22	50298118	NC	-0.000185	0.991037
rs121907932	22	50304114	NC	-0.086815	0.484865
rs121907933	22	50304250	NC	0.017812	0.000000
rs149112831	22	50313452	NC	0.104383	0.981602
GSA-rs139946841	22	50314970	NC	0.010117	0.971242
GSA-rs8139422	22	50315363	NC	-0.021573	1.000000
GSA-rs75892493	22	50315726	NC	0.076286	0.020217
rs7410612	22	50317296	NC	-0.123138	1.000000
GSA-rs11912619	22	50317401	NC	0.037991	0.511330
GSA-rs11703995	22	50321290	NC	-0.141848	1.000000
GSA-rs7287579	22	50321623	NC	0.074925	0.507116
GSA-rs28493499	22	50324154	NC	0.025521	0.020866
GSA-rs28434404	22	50324403	NC	0.049092	0.979304
rs28372042	22	50324428	NC	0.004829	1.000000
GSA-rs28652639	22	50330345	NC	-0.044857	0.514932
rs28523661	22	50332324	NC	-0.053256	0.492719
GSA-rs117796274	22	50334870	NC	-0.025662	1.000000
GSA-rs62231868	22	50341729	NC	0.006343	0.504641
GSA-rs73445922	22	50342295	NC	0.028468	0.987029
rs73445933	22	50345080	NC	0.061812	0.000000
GSA-rs73445937	22	50345509	NC	-0.010688	0.482916
rs28479081	22	50345729	NC	0.046228	0.495106
rs28634968	22	50347850	NC	-0.003773	0.498713
GSA-rs28570255	22	50347996	NC	0.067810	0.983931
GSA-rs73891201	22	50350697	NC	-0.102694	0.000000
rs28372448	22	50350971	NC	0.060292	0.509879
rs77981919	22	50351837	NC	0.087801	1.000000
GSA-rs143904075	22	50363413	NC	-0.013011	1.000000
rs141460854	22	50417668	NC	-0.024048	0.520202
rs5771069	22	50435480	NC	-0.104222	0.007717
rs149914294	22	50435827	NC	0.000032	0.498511
GSA-rs9617098	22	50439626	NC	0.035643	0.015356
GSA-rs137862	22	50446550	NC	-0.050480	0.494738
GSA-rs369901019	22	50448050	NC	-0.002060	0.000000
rs713669	22	50451771	NC	0.010585	0.478668
GSA-rs78270429	22	50456312	NC	0.100689	0.484404
rs137878	22	50456791	NC	0.036018	0.991898
rs114396700	22	50458664	NC	-0.078379	0.509104
GSA-rs137885	22	50463231	NC	-0.114694	1.000000
rs73183330	22	50465324	NC	-0.096940	0.511066
GSA-rs115704036	22	50468220	NC	0.050888	0.501367
chr22-50470192	22	50470192	NC	0.021541	0.511870
rs11101958	22	50470516	NC	-0.055382	0.512553
GSA-rs76786083	22	50472838	NC	-0.019273	0.510382
rs56327033	22	50473055	NC	-0.112563	0.498627
GSA-rs1079653	22	50474857	NC	-0.019961	0.482133
rs5771131	22	50478828	NC	0.070357	0.990155
rs79814761	22	50490935	NC	-0.077362	0.000000
rs7290681	22	50492235	NC	-0.058899	1.000000
chr22-50493004	22	50493004	NC	-0.151255	1.000000
rs2294384	22	50498869	NC	-0.008413	1.000000
GSA-rs41283496	22	50499957	NC	0.023248	0.504729
GSA-rs183916737	22	50500375	NC	0.073480	0.009328
rs137920	22	50501059	NC	-0.045556	1.000000
rs2294385	22	50504446	NC	-0.101763	0.491568
rs35110809	22	50506385	NC	-0.133613	1.000000
rs2076132	22	50508781	NC	0.016407	1.000000
GSA-rs73183393	22	50511819	NC	-0.003464	0.997360
rs41302601	22	50512705	NC	-0.102399	0.518973
rs11568178	22	50512731	NC	0.018775	0.000314
rs121908345	22	50518820	NC	-0.011982	0.507326
rs28362607	22	50523745	NC	-0.022763	0.502381
rs140532446	22	50537980	NC	0.000322	0.493950
rs6010173	22	50546467	NC	-0.014207	0.504082
GSA-rs117054355	22	50546485	NC	0.000299	0.506347
chr22-50547272	22	50547272	NC	0.014640	0.000000
GSA-rs77297773	22	50552012	NC	0.156415	0.500831
chr22-50552156	22	50552156	NC	0.046539	0.497069
chr22-50555644	22	50555644	NC	0.118173	0.513982
rs138224	22	50556487	NC	0.084356	0.956235
chr22-50558941	22	50558941	NC	-0.148537	0.512576
chr22-50582625	22	50582625	NC	-0.047203	0.521108
rs59650998	22	50582868	NC	0.045456	0.513017
rs112256184	22	50583361	NC	0.026123	1.000000
GSA-rs55747387	22	50584130	NC	0.076079	0.000000
rs138270	22	50587979	NC	0.115572	0.501952
GSA-rs12484907	22	50588313	NC	0.024517	0.001996
rs5771086	22	50595842	NC	-0.003925	0.498706
chr22-50598215	22	50598215	NC	0.010894	0.501774
rs4838857	22	50601063	NC	0.087375	0.507640
GSA-rs9628267	22	50601721	NC	-0.040609	0.000000
GSA-rs118178636	22	50610598	NC	0.017973	0.015398
GSA-rs75222915	22	50619422	NC	0.001312	0.523179
GSA-rs28479153	22	50620200	NC	-0.009883	0.496332
rs1555050	22	50627253	NC	0.013381	0.517256
rs56036086	22	50628996	NC	0.074731	0.491887
rs6537637	22	50632963	NC	-0.055346	0.500574
rs151171493	22	50647038	NC	-0.031306	0.511269
chr22-50647092	22	50647092	NC	0.094490	1.000000
chr22-50654298	22	50654298	NC	0.004780	1.000000
GSA-rs34163881	22	50655543	NC	0.081664	0.000000
rs2272852	22	50655676	NC	0.026852	0.977862
chr22-50655781	22	50655781	NC	-0.026491	1.000000
chr22-50656430	22	50656430	NC	0.049068	0.490331
rs146532216	22	50656736	NC	-0.004637	0.998192
chr22-50656773	22	50656773	NC	0.030790	0.502510
rs138207892	22	50657206	NC	-0.022111	1.000000
rs145518427	22	50658082	NC	0.041842	0.000000
rs115418729	22	50658203	NC	-0.023115	0.000681
GSA-rs17248287	22	50659094	NC	-0.098041	0.512026
GSA-rs149231425	22	50659598	NC	0.048446	0.000000
rs138592738	22	50663015	NC	0.163734	0.502739
rs5771259	22	50675962	NC	0.028129	0.000000
rs7511006	22	50676259	NC	-0.015846	0.999216
rs192919234	22	50678643	NC	0.007453	0.994179
chr22-50678653	22	50678653	NC	0.190096	1.000000
rs148626062	22	50682800	NC	-0.011708	0.981953
rs138919111	22	50684515	NC	0.010629	0.000000
chr22-50685303	22	50685303	NC	0.066198	0.014846
GSA-rs35820251	22	50686830	NC	-0.035256	0.000000
rs143228101	22	50688573	NC	-0.116220	0.505986
rs138582408	22	50691870	NC	0.002725	0.000000
chr22-50694238	22	50694238	NC	-0.095618	0.481716
rs2230823	22	50694529	NC	0.048913	0.499622
rs73187284	22	50696662	NC	0.051185	0.008510
rs34422484	22	50696678	NC	-0.057619	0.503018
rs742184	22	50697119	NC	-0.051517	1.000000
rs138533200	22	50699625	NC	-0.020222	0.512560
GSA-rs33932986	22	50704028	NC	0.058820	0.494721
rs2076139	22	50704661	NC	0.010010	0.004111
chr22-50705137	22	50705137	NC	0.084244	1.000000
chr22-50705203	22	50705203	NC	-0.046557	0.000000
GSA-rs117450593	22	50708291	NC	0.029117	0.479644
GSA-rs61760587	22	50709226	NC	-0.080853	0.515134
GSA-rs34823637	22	50709415	NC	-0.008022	0.991915
rs909691	22	50709495	NC	0.099688	0.004360
rs4838815	22	50713409	NC	-0.032189	0.524383
rs149124212	22	50714320	NC	-0.028168	0.995031
GSA-rs75930249	22	50715888	NC	0.083789	0.502582
rs1127000	22	50716167	NC	-0.050276	0.000000
rs182970183	22	50717060	NC	-0.037741	0.491050
GSA-rs76461841	22	50717787	NC	-0.012024	0.481041
chr22-50721187	22	50721187	NC	0.156267	0.513417
GSA-rs62621372	22	50721492	NC	0.054777	1.000000
GSA-rs144108995	22	50724504	NC	0.046496	0.997801
GSA-rs58705604	22	50726627	NC	-0.041310	0.999863
rs28379706	22	50728062	NC	0.058693	0.497586
rs73437463	22	50734244	NC	-0.028820	1.000000
GSA-rs73891214	22	50739049	NC	0.031175	0.478332
GSA-rs11553142	22	50750481	NC	-0.000115	1.000000
rs35812349	22	50754363	NC	-0.065432	0.000000
GSA-rs11553143	22	50754512	NC	-0.002752	0.494664
rs139295151	22	50755012	NC	-0.006061	0.521210
GSA-rs150997450	22	50774042	NC	-0.142886	0.503547
rs58971390	22	50802699	NC	0.115629	0.506496
GSA-rs8142229	22	50814075	NC	-0.073357	0.504795
rs7290471	22	50814524	NC	0.036040	1.000000
GSA-rs7287079	22	50815903	NC	-0.052666	0.499828
rs7284516	22	50817485	NC	0.057440	0.995985
GSA-rs78225146	22	50820671	NC	0.139098	0.982689
rs117246629	22	50827756	NC	0.010847	0.476806
rs7510868	22	50830044	NC	-0.016744	0.022328
rs7410465	22	50856222	NC	0.043875	0.025428
rs2334099	22	50868013	NC	-0.022991	0.000000
rs150134312	22	50873450	NC	-0.063323	0.509527
rs201604809	22	50876612	NC	0.030918	0.484678
rs11555194	22	50876662	NC	0.072405	0.009422
GSA-rs118082496	22	50876761	NC	0.070720	0.010925
rs200173779	22	50878409	NC	-0.120020	0.472657
rs146207636	22	50882323	NC	0.040248	0.017519
GSA-rs56269507	22	50882338	NC	-0.022754	0.505819
GSA-rs117141973	22	50890009	NC	-0.045862	0.502732
rs4824146	22	50892415	NC	0.038970	0.511988
rs147869659	22	50893019	NC	0.056286	0.477911
rs5771040	22	50902390	NC	-0.150903	0.488130
rs185916020	22	50904223	NC	-0.002739	0.520893
rs146989767	22	50905850	NC	0.036138	0.966046
GSA-rs738683	22	50910875	NC	0.013436	0.993306
GSA-rs57016867	22	50911723	NC	-0.063400	1.000000
rs9628167	22	50923868	NC	-0.064012	0.986936
chr22-50926366	22	50926366	NC	-0.079242	0.017038
GSA-rs41280565	22	50927956	NC	0.036954	0.502783
GSA-rs41280567	22	50928012	NC	0.056392	0.998891
rs2232887	22	50928331	NC	-0.025887	0.505063
GSA-rs4824157	22	50929581	NC	-0.005943	0.503431
rs6009972	22	50930266	NC	0.064094	0.999270
rs8138406	22	50937445	NC	-0.019080	0.497299
rs114166322	22	50944045	NC	-0.038393	0.992021
rs6010121	22	50947611	NC	-0.016915	0.000000
GSA-rs115920265	22	50951347	NC	0.045467	0.518265
GSA-rs75276302	22	50952989	NC	-0.017445	0.008803
rs73172241	22	50955615	NC	0.143714	0.012094
chr22-50956067	22	50956067	NC	-0.094833	0.492780
rs141300835	22	50957143	NC	-0.072916	1.000000
GSA-rs17850507	22	50957733	NC	0.018455	0.003632
rs140524	22	50960682	NC	-0.011195	0.477093
rs74315511	22	50962423	NC	0.044309	0.488478
seq-rs748973032	22	50962558	NC	0.063904	0.512257
chr22-50964207	22	50964207	NC	-0.037344	0.000000
GSA-22:50965801	22	50965801	NC	-0.041933	1.000000
rs121913039	22	50966041	NC	0.004432	0.512551
rs470119	22	50966914	NC	-0.085418	0.480751
rs188802138	22	50967020	NC	0.029408	0.500823
seq-rs863224250	22	50967624	NC	-0.052922	0.009863
rs140522	22	50971266	NC	-0.024496	0.499221
rs131794	22	50971752	NC	0.126339	1.000000
rs131788	22	50976754	NC	-0.038367	0.994855
rs6009986	22	50983936	NC	0.065006	0.489735
GSA-rs62239508	22	50986647	NC	0.069828	0.501420
rs141222336	22	50988376	NC	0.024639	1.000000
rs6009989	22	50989678	NC	0.038703	0.009391
rs55829948	22	50989742	NC	-0.069074	0.000000
GSA-rs6520149	22	50990669	NC	-0.026919	0.960337
rs131777	22	50991033	NC	-0.011688	0.000000
rs138319189	22	50994831	NC	-0.064864	0.485323
GSA-rs6010000	22	50996147	NC	-0.123602	0.504900
GSA-rs6010001	22	50996156	NC	0.006187	0.000000
GSA-rs6010006	22	50997261	NC	-0.033358	0.000000
GSA-rs9628177	22	50999490	NC	-0.034530	1.000000
rs5770893	22	51000346	NC	0.016845	0.507454
GSA-rs2073604	22	51008925	NC	-0.004442	1.000000
rs5770911	22	51011241	NC	-0.082557	0.537454
rs2269383	22	51012775	NC	0.113068	0.497531
GSA-rs73445514	22	51015572	NC	-0.002861	0.512232
GSA-rs3213445	22	51015838	NC	-0.095767	0.510713
GSA-rs131749	22	51024624	NC	0.047412	1.000000
rs62239540	22	51025326	NC	-0.066180	0.002214
rs7287960	22	51026405	NC	-0.052598	0.517951
GSA-rs3213444	22	51035829	NC	-0.000561	0.012848
rs3213443	22	51035885	NC	-0.070746	0.492125
GSA-rs75209192	22	51039317	NC	0.010419	0.999506
rs3219201	22	51043278	NC	0.017289	1.000000
rs181823777	22	51043833	NC	-0.046162	1.000000
chr22-51045355	22	51045355	NC	0.018612	0.000000
rs11091008	22	51046189	NC	0.057572	1.000000
rs149970240	22	51048150	NC	0.013898	1.000000
chr22-51048176	22	51048176	NC	0.069391	0.993355
rs14136	22	51048721	NC	0.059486	0.511570
GSA-rs140510	22	51052379	NC	0.066983	0.499907
rs131728	22	51054264	NC	0.080751	0.004428
GSA-rs131724	22	51055900	NC	-0.008685	0.485312
GSA-rs131718	22	51057923	NC	0.056824	0.520757
rs73172277	22	51061827	NC	0.047909	0.488458
rs6151429	22	51063477	NC	0.104167	0.000000
rs28940893	22	51063820	NC	0.042104	0.500080
rs80338820	22	51064006	NC	0.122226	0.000000
rs2071421	22	51064416	NC	-0.082477	0.480403
rs143994992	22	51064489	NC	0.024862	0.000000
rs199476349	22	51064678	NC	0.048770	0.997212
rs74315472	22	51065046	NC	0.016034	1.000000
rs74315483	22	51065110	NC	-0.154230	1.000000
rs74315470	22	51065137	NC	0.010958	0.000000
rs201251634	22	51065287	NC	-0.018884	0.503727
rs201794808	22	51065341	NC	0.008167	0.514428
rs74315457	22	51065404	NC	0.076992	1.000000
rs80338815	22	51065593	NC	-0.037308	0.489170
rs74315461	22	51065689	NC	0.027997	0.467425
seq-rs74315455	22	51065757	NC	0.024648	0.971839
rs74315456	22	51065766	NC	0.052372	0.004587
rs74315458	22	51065802	NC	0.019648	0.000000
rs9616802	22	51072161	NC	0.030493	1.000000
GSA-rs78222150	22	51079446	NC	0.051850	0.000000
GSA-rs117063829	22	51094492	NC	0.055918	0.487870
rs6010044	22	51101938	NC	-0.048291	0.497760
rs9616906	22	51104680	NC	-0.010872	0.007694
GSA-rs9616812	22	51105556	NC	-0.025521	1.000000
rs78399651	22	51111460	NC	-0.014980	0.479113
rs9616915	22	51117580	NC	-0.006910	0.493718
GSA-rs117641416	22	51123287	NC	-0.024711	0.481446
rs9616816	22	51123505	NC	0.048743	0.515924
GSA-rs7354797	22	51128648	NC	0.012172	1.000000
GSA-rs77452243	22	51134387	NC	0.077180	0.000000
rs736334	22	51139178	NC	0.078883	1.000000
rs2341010	22	51139380	NC	-0.024652	0.503412
rs739365	22	51140316	NC	0.023685	0.487297
rs201986012	22	51142642	NC	0.050744	0.480662
rs147941361	22	51143191	NC	-0.057039	0.013882
rs182897668	22	51143287	NC	0.028358	1.000000
chr22-51144590	22	51144590	NC	0.072304	0.510571
GSA-rs142356721	22	51145746	NC	0.053349	0.507925
rs6009951	22	51151350	NC	-0.143972	0.002870
GSA-rs61729471	22	51153371	NC	0.034335	0.504536
GSA-rs6010063	22	51156933	NC	-0.022943	0.485291
GSA-rs76161499	22	51157353	NC	-0.028124	0.479887
rs200572899	22	51159408	NC	0.068240	0.498125
rs200077311	22	51159624	NC	-0.140927	1.000000
rs201793890	22	51160140	NC	-0.000384	1.000000
rs186474600	22	51160539	NC	-0.129281	0.006019
rs10451	22	51162059	NC	-0.042434	0.998529
GSA-rs73174435	22	51174939	NC	-0.051442	0.489714
rs79314756	22	51176734	NC	0.000500	0.496848
rs77216309	22	51177022	NC	0.033284	0.500376
GSA-rs73174437	22	51177257	NC	-0.064411	0.489634
exm2268446	22	51181759	NC	-0.098723	0.004884
GSA-rs8135434	22	51186276	NC	-0.062673	0.005675
rs113391741	22	51187440	NC	0.055877	0.500895
