Name	Chr	Position	GType	Log R Ratio	B Allele Freq
GSA-rs369330203	22	16868036	NC	-0.024680	0.511786
GSA-rs190051309	22	16874656	NC	-0.019750	0.483507
rs5746643	22	17056038	NC	0.073568	0.509981
rs16980739	22	17058616	NC	-0.006367	0.488981
GSA-rs149971849	22	17061371	NC	0.037928	0.000000
GSA-rs5993499	22	17068748	NC	0.037012	0.489692
GSA-rs13053626	22	17070109	NC	-0.000012	0.499967
chr22-17072482	22	17072482	NC	0.037160	0.026081
GSA-rs5747999	22	17075353	NC	0.025597	0.513235
rs111636940	22	17079911	NC	0.086576	0.000000
GSA-rs148392464	22	17099273	NC	-0.028093	0.993149
rs9606008	22	17102604	NC	0.021301	0.520893
GSA-rs117430084	22	17108381	NC	0.085912	0.503834
GSA-rs147153575	22	17116070	NC	0.086530	0.001932
GSA-rs17347266	22	17128441	NC	-0.097960	0.511028
rs150699398	22	17169403	NC	-0.086493	0.524274
rs116456468	22	17169522	NC	0.002442	0.013219
rs116282162	22	17169762	NC	-0.076409	0.518097
rs150206476	22	17171725	NC	0.062099	0.986761
rs202098051	22	17178015	NC	0.008176	1.000000
rs116224412	22	17178601	NC	0.101853	0.000000
rs145241311	22	17187276	NC	-0.050076	0.997722
GSA-rs117639349	22	17196213	NC	0.028661	0.000775
GSA-rs147020688	22	17199548	NC	0.007775	0.491396
GSA-rs2845381	22	17203532	NC	-0.119342	0.024739
GSA-rs2845344	22	17212553	NC	0.118203	0.000000
GSA-rs76031193	22	17217247	NC	0.079885	0.011628
rs1807512	22	17221495	NC	-0.011653	0.512878
GSA-rs2529895	22	17222934	NC	-0.013515	0.504058
rs4819880	22	17223938	NC	-0.065352	0.489736
rs5748593	22	17227461	NC	0.023997	0.526571
rs114289989	22	17255527	NC	0.084197	0.002338
rs114306778	22	17265124	NC	0.003519	0.497522
rs116510665	22	17274624	NC	0.089190	0.510470
GSA-rs5748642	22	17278928	NC	-0.007141	0.011795
rs5748648	22	17280822	NC	0.096415	1.000000
exm2273050	22	17285949	NC	-0.052081	0.994639
rs2072466	22	17289118	NC	0.026014	0.000000
rs874836	22	17301843	NC	-0.012732	0.000000
GSA-rs9606482	22	17317299	NC	0.083976	0.499245
GSA-rs5746906	22	17318333	NC	-0.043072	0.002200
rs165778	22	17319156	NC	-0.009567	0.508417
rs165927	22	17326914	NC	0.058545	0.494905
GSA-rs9617920	22	17327157	NC	-0.070033	0.000000
GSA-rs5748684	22	17337527	NC	0.041025	0.000196
rs165886	22	17339003	NC	-0.049332	0.484386
rs1974654	22	17340419	NC	0.059599	0.505057
rs165731	22	17346602	NC	-0.027375	0.499920
GSA-rs142725680	22	17392955	NC	0.014818	0.505983
GSA-22:17398426	22	17398426	NC	-0.008403	0.483484
rs7293026	22	17398800	NC	-0.031110	1.000000
rs8136206	22	17399211	NC	0.021940	1.000000
GSA-rs79623605	22	17408459	NC	-0.011424	1.000000
rs9605180	22	17412690	NC	0.028704	1.000000
rs9618937	22	17414640	NC	0.102431	0.496489
rs2385785	22	17427037	NC	0.039133	0.502717
GSA-rs116953556	22	17427455	NC	-0.021243	0.504021
GSA-rs1981707	22	17429384	NC	0.006712	0.997979
rs5748762	22	17434521	NC	0.007971	0.507170
GSA-rs76025168	22	17437133	NC	0.016278	0.000000
GSA-rs9606550	22	17443179	NC	-0.151468	1.000000
GSA-rs117673209	22	17444407	NC	-0.021310	0.501522
rs56349544	22	17446715	NC	0.111820	0.508978
rs4819925	22	17446991	NC	-0.004479	0.512651
GSA-rs17806562	22	17450247	NC	0.153622	0.488924
rs61741409	22	17450929	NC	-0.116952	0.507103
rs11703655	22	17450952	NC	-0.061420	0.006524
rs5992600	22	17451710	NC	0.018199	0.482050
GSA-rs144427521	22	17468918	NC	-0.099283	0.493362
GSA-rs11704768	22	17469558	NC	-0.042106	0.000000
GSA-22:17471800	22	17471800	NC	-0.036015	0.507964
GSA-rs5748787	22	17474773	NC	0.013824	0.000000
rs11913227	22	17489890	NC	0.120139	0.991851
rs10439907	22	17491584	NC	-0.114643	0.999329
GSA-rs917838	22	17492452	NC	0.117396	0.984492
rs62237429	22	17492987	NC	-0.050910	0.000000
rs5746962	22	17493520	NC	-0.071479	0.500081
rs10483090	22	17539678	NC	0.008330	0.000000
GSA-rs73149809	22	17542150	NC	-0.023053	0.504088
GSA-rs112010533	22	17550694	NC	-0.041316	0.504275
GSA-rs76113509	22	17561569	NC	0.045946	0.006834
rs4819956	22	17561913	NC	0.050165	0.507868
rs1990502	22	17573272	NC	-0.061339	0.501745
rs9605215	22	17579013	NC	0.010410	0.000000
GSA-rs9606614	22	17579956	NC	0.000974	0.009769
rs2241044	22	17581838	NC	0.002173	0.000000
rs140221307	22	17586757	NC	-0.049140	1.000000
rs879577	22	17589209	NC	0.075943	0.507796
rs146478431	22	17589283	NC	-0.085028	0.994461
GSA-rs12484684	22	17589794	NC	0.019158	0.499944
GSA-rs11913443	22	17594977	NC	-0.088107	0.009017
GSA-rs79403391	22	17597501	NC	-0.097930	0.510930
GSA-rs738033	22	17599844	NC	-0.021390	0.490033
rs149370082	22	17600313	NC	-0.039649	0.000000
GSA-rs3827295	22	17600497	NC	0.047551	0.983140
rs61741012	22	17600689	NC	-0.057447	0.995212
rs28360663	22	17603503	NC	-0.139195	0.493014
rs5748875	22	17605899	NC	-0.001446	0.988406
rs74276301	22	17610214	NC	0.071623	0.500644
rs5748883	22	17611515	NC	0.021659	0.500929
rs4819558	22	17616217	NC	0.061550	0.511307
GSA-rs5994175	22	17618142	NC	0.079648	0.495343
rs740422	22	17619292	NC	-0.115953	0.016811
GSA-rs41282459	22	17619393	NC	0.054194	1.000000
rs5747007	22	17620130	NC	0.033295	0.501866
GSA-rs5747008	22	17623408	NC	0.074591	0.007656
GSA-rs35665085	22	17625915	NC	-0.065142	0.995839
chr22-17625997	22	17625997	NC	0.016865	0.495853
rs2286956	22	17630378	NC	-0.026117	0.504114
chr22-17630548	22	17630548	NC	0.095341	0.500611
GSA-rs5994180	22	17634050	NC	-0.023736	0.490076
GSA-rs11912533	22	17635874	NC	0.083198	0.000000
GSA-rs79822985	22	17639837	NC	0.016966	1.000000
GSA-rs7287672	22	17640045	NC	-0.076336	1.000000
rs5748921	22	17645139	NC	-0.019848	0.502005
rs73383947	22	17647520	NC	-0.021681	0.989418
rs5748926	22	17649774	NC	-0.121425	0.993733
rs72490628	22	17649805	NC	0.022715	0.491351
GSA-rs7287046	22	17653020	NC	-0.019981	0.006974
GSA-rs5748928	22	17654068	NC	-0.017376	0.000093
rs1125471	22	17656724	NC	-0.008872	0.507870
rs1076102	22	17658341	NC	0.011892	0.504530
GSA-rs73385926	22	17661372	NC	-0.032634	0.000000
GSA-rs74981457	22	17664307	NC	0.032782	0.003816
GSA-rs7288243	22	17666839	NC	0.056747	0.485732
rs7284498	22	17669199	NC	0.035677	0.995491
GSA-rs116020027	22	17669245	NC	0.024697	0.517877
rs2231495	22	17669306	NC	0.050280	1.000000
chr22-17669339	22	17669339	NC	0.023862	0.521990
rs5992636	22	17670224	NC	-0.065686	0.504824
rs2286347	22	17671052	NC	0.111633	0.498208
GSA-rs4819973	22	17674117	NC	-0.084557	0.494325
rs5992637	22	17675900	NC	-0.025465	0.510930
rs80063454	22	17680656	NC	0.035494	0.481301
rs1076106	22	17682294	NC	-0.051675	0.494931
rs28607941	22	17694949	NC	-0.005820	0.499305
rs5748955	22	17698173	NC	0.101933	0.991313
rs737967	22	17702778	NC	-0.005956	1.000000
rs5994213	22	17709828	NC	0.021816	0.496975
rs4819565	22	17713433	NC	-0.042146	0.021443
GSA-rs116724636	22	17714006	NC	0.024609	0.495447
GSA-rs78588065	22	17714985	NC	0.091673	0.493695
rs34611736	22	17715095	NC	-0.035724	0.529165
rs5748974	22	17717841	NC	-0.075226	0.006427
rs9605241	22	17722053	NC	-0.041374	0.485376
rs1006015	22	17722536	NC	0.016115	0.995403
rs727188	22	17722982	NC	-0.036294	1.000000
GSA-rs117577985	22	17723712	NC	0.107770	1.000000
GSA-rs62236465	22	17723899	NC	-0.072407	0.000000
rs5747037	22	17724093	NC	0.045827	0.000000
rs4819980	22	17725150	NC	-0.109281	1.000000
rs62236466	22	17725899	NC	0.056976	0.514272
rs5747039	22	17726469	NC	-0.025062	0.029283
GSA-rs118191071	22	17727015	NC	0.049870	0.500273
rs4819982	22	17727648	NC	0.053653	0.491821
rs5748987	22	17728523	NC	0.027905	0.472881
rs8138422	22	17728832	NC	-0.079277	0.489373
rs9605246	22	17731977	NC	0.038414	1.000000
GSA-rs9606669	22	17733896	NC	-0.108182	0.486515
GSA-rs114035176	22	17735864	NC	0.052723	0.510251
GSA-rs5749000	22	17738177	NC	0.134323	0.505554
rs10433302	22	17738321	NC	-0.032843	0.494979
rs73876679	22	17741701	NC	0.098543	0.516560
GSA-rs148312974	22	17751002	NC	-0.104683	0.000000
rs116486267	22	17753699	NC	0.003917	0.995153
rs73387664	22	17762499	NC	-0.116807	0.995055
rs5749010	22	17765505	NC	-0.066201	0.006981
rs11704699	22	17770181	NC	-0.017129	0.497999
rs4819994	22	17781555	NC	0.058159	0.012469
rs12160031	22	17784602	NC	-0.013877	0.473271
rs737972	22	17785199	NC	-0.103758	0.508806
rs4819996	22	17790731	NC	-0.053555	0.000000
rs11089427	22	17790906	NC	-0.105260	0.503233
GSA-rs117379082	22	17792855	NC	-0.128192	0.512600
GSA-rs148829317	22	17797691	NC	-0.106917	0.019667
rs5994256	22	17798800	NC	-0.047692	0.507748
GSA-rs78597019	22	17800461	NC	-0.002575	0.486192
rs5992662	22	17803872	NC	0.027493	0.028281
GSA-rs149769792	22	17816691	NC	0.061932	0.490422
rs115079653	22	17818807	NC	-0.095797	0.500920
rs5749039	22	17818894	NC	0.021416	0.524766
GSA-rs10854596	22	17818918	NC	0.027894	0.500691
GSA-rs12483852	22	17827558	NC	0.042761	0.498642
GSA-rs117946543	22	17827613	NC	0.109270	0.977952
rs2040692	22	17831813	NC	0.022936	1.000000
rs5749050	22	17834655	NC	0.006469	1.000000
GSA-rs118128386	22	17839775	NC	0.125212	0.000000
GSA-rs4413243	22	17840791	NC	0.006316	0.487722
rs4607032	22	17841068	NC	0.047335	0.481784
GSA-rs73153485	22	17846148	NC	0.063407	0.511973
rs73876413	22	17849249	NC	-0.026784	0.000000
GSA-rs116898257	22	17850483	NC	0.066698	0.492376
rs9618000	22	17853714	NC	-0.074779	0.000000
rs5992678	22	17858763	NC	0.063751	0.002543
rs5746359	22	17860048	NC	-0.109724	0.000000
GSA-rs73153490	22	17860359	NC	-0.028906	0.003836
GSA-rs11089174	22	17861131	NC	0.120170	0.990927
rs79868360	22	17868593	NC	0.038305	0.494584
GSA-rs75103738	22	17874348	NC	0.016444	0.500949
GSA-rs76782662	22	17876723	NC	-0.021907	0.492949
GSA-rs7510854	22	17877985	NC	-0.034135	0.486865
rs73153496	22	17881271	NC	0.092936	0.000000
rs5747103	22	17883220	NC	0.095505	0.000000
rs17808603	22	17886806	NC	-0.001335	0.980486
GSA-rs5746366	22	17890558	NC	-0.037519	1.000000
GSA-rs9605284	22	17891234	NC	0.179310	0.002644
GSA-rs78287228	22	17892060	NC	-0.029269	0.497967
rs5992044	22	17895051	NC	-0.136535	0.495894
rs16982400	22	17897544	NC	-0.022494	0.504005
GSA-rs77992734	22	17898183	NC	0.014178	0.000000
rs5992045	22	17898402	NC	0.010094	0.500815
rs2078734	22	17901683	NC	-0.021805	1.000000
GSA-rs2518732	22	17901925	NC	0.072435	0.503561
rs2518734	22	17901940	NC	-0.144094	0.519263
rs5747122	22	17903914	NC	0.070957	0.000546
rs929167	22	17903917	NC	-0.059577	0.502403
GSA-rs73876434	22	17907583	NC	-0.039293	0.007484
rs1981533	22	17910586	NC	-0.018621	0.512470
GSA-rs5992707	22	17915744	NC	0.014446	0.510287
rs10460749	22	17916116	NC	0.085795	0.000000
GSA-rs5992708	22	17916235	NC	-0.009931	0.505119
GSA-rs117622360	22	17924567	NC	0.003494	0.504757
GSA-rs78857836	22	17929594	NC	0.060116	1.000000
rs2157720	22	17932686	NC	-0.085334	0.506261
rs5747171	22	17936911	NC	-0.039502	0.998112
rs5746410	22	17945922	NC	0.215780	1.000000
rs66471604	22	17946058	NC	0.047702	0.000000
rs2522288	22	17946168	NC	-0.012383	0.000000
GSA-rs17741035	22	17952520	NC	0.146559	0.019405
GSA-rs78110804	22	17965444	NC	-0.038534	0.999054
rs182513499	22	17979673	NC	0.037758	0.500114
GSA-rs78771124	22	17984525	NC	-0.007051	0.490269
rs1296754	22	17985560	NC	0.018752	0.515050
rs9604751	22	17986344	NC	-0.148629	0.000000
rs8141657	22	17988394	NC	-0.064159	0.495571
rs5747211	22	17990852	NC	-0.107524	0.000000
GSA-rs17741273	22	17992309	NC	-0.030445	0.493230
GSA-rs16982577	22	17992460	NC	-0.111113	0.997947
rs174306	22	17999158	NC	0.049412	0.002753
rs1296778	22	18005947	NC	-0.108384	0.499841
rs174330	22	18009909	NC	0.024203	0.511687
GSA-rs2401125	22	18010945	NC	0.056686	0.000000
rs1974713	22	18013723	NC	-0.012568	0.489126
GSA-rs2018494	22	18015567	NC	-0.009105	0.000000
GSA-rs117791365	22	18016012	NC	-0.058143	1.000000
rs174335	22	18016508	NC	0.045804	0.000000
GSA-rs116033717	22	18018821	NC	0.126798	0.495050
GSA-rs5992732	22	18020796	NC	0.037078	0.001136
rs1296794	22	18021604	NC	0.082981	0.480469
GSA-rs1296795	22	18021760	NC	-0.053785	1.000000
rs55951662	22	18025719	NC	0.060774	0.019823
chr22-18028639	22	18028639	NC	-0.000370	0.501898
rs142851999	22	18029251	NC	-0.004222	0.500998
GSA-rs62238766	22	18029408	NC	-0.020023	0.484306
GSA-rs1296801	22	18030738	NC	-0.014017	0.023184
rs181553013	22	18031793	NC	-0.133589	0.998864
rs174346	22	18036253	NC	0.018335	0.509995
GSA-rs148136596	22	18042154	NC	-0.088177	0.008102
rs12483850	22	18046944	NC	0.088252	0.009761
rs412830	22	18049681	NC	-0.014189	0.993255
GSA-rs1296809	22	18050386	NC	0.056111	0.500651
rs1296810	22	18054369	NC	0.000035	0.489861
GSA-rs9306195	22	18055380	NC	-0.101733	0.503230
rs60322904	22	18067777	NC	-0.051516	0.512434
GSA-rs5746439	22	18068785	NC	-0.005252	0.502758
GSA-rs5992749	22	18076523	NC	-0.044160	0.491286
chr22:18076546	22	18076546	NC	-0.079756	1.000000
rs74780212	22	18090664	NC	-0.038157	0.517350
rs1034470	22	18093102	NC	-0.020726	0.000000
rs2401162	22	18099460	NC	0.089390	0.516641
GSA-rs45547040	22	18102498	NC	-0.036606	0.500711
rs9605348	22	18103861	NC	0.038689	0.504725
rs5747302	22	18118204	NC	-0.028920	0.494641
GSA-rs117157566	22	18118296	NC	0.010145	1.000000
rs66838241	22	18119761	NC	-0.075612	0.972427
GSA-rs1080199	22	18120850	NC	-0.044327	0.491984
GSA-rs73163139	22	18122180	NC	-0.131542	0.000000
rs16980984	22	18123036	NC	0.103766	1.000000
GSA-rs76544340	22	18161762	NC	-0.101593	0.000000
GSA-rs117986610	22	18163756	NC	0.092017	0.996493
GSA-rs79783036	22	18166960	NC	0.002092	0.000000
rs73163153	22	18167335	NC	-0.021449	0.000000
GSA-rs61741787	22	18171776	NC	0.089580	0.500091
rs2535704	22	18174658	NC	-0.021594	0.007972
rs78160286	22	18185123	NC	-0.106891	0.501279
rs62240511	22	18207220	NC	0.017975	0.497035
GSA-rs725768	22	18210409	NC	0.027982	0.011690
rs181380	22	18212530	NC	0.016043	0.493101
GSA-rs8190354	22	18218311	NC	-0.101126	0.009792
rs4819626	22	18221958	NC	-0.035067	0.000000
rs181390	22	18222263	NC	0.188421	0.995744
rs181399	22	18225318	NC	-0.044075	0.981197
GSA-rs1468926	22	18226327	NC	-0.020363	0.000000
GSA-rs2072392	22	18226612	NC	-0.088100	1.000000
GSA-rs8190315	22	18226764	NC	0.070327	0.496272
GSA-rs8190307	22	18227564	NC	-0.100029	0.000000
GSA-rs5747339	22	18229187	NC	0.037065	0.000000
GSA-rs2289713	22	18233154	NC	0.071687	0.983261
rs181408	22	18235305	NC	0.047040	0.480418
GSA-rs76774406	22	18240602	NC	0.021358	0.997933
rs62238875	22	18247625	NC	0.013401	0.017622
GSA-rs13055924	22	18253187	NC	-0.039179	0.489066
GSA-rs113584863	22	18253888	NC	-0.050455	0.490215
rs738095	22	18255988	NC	0.109730	0.490582
rs8190256	22	18258344	NC	0.042582	0.504746
GSA-rs8190251	22	18259071	NC	-0.048204	0.488611
GSA-rs5992833	22	18261346	NC	-0.055384	0.008609
rs372204	22	18262517	NC	0.010696	1.000000
rs408656	22	18263268	NC	0.161162	0.001171
GSA-rs741458	22	18265683	NC	-0.051083	0.513847
rs34138371	22	18268130	NC	-0.011257	1.000000
rs7675	22	18270779	NC	-0.029413	0.992906
GSA-rs76020454	22	18275187	NC	0.004139	0.488603
rs382013	22	18276101	NC	0.028784	0.999824
GSA-rs77264692	22	18278393	NC	0.017248	0.983994
GSA-rs433415	22	18279383	NC	-0.013299	1.000000
GSA-rs421464	22	18282526	NC	-0.062109	0.000000
GSA-rs11913358	22	18288040	NC	-0.063371	1.000000
rs390041	22	18288362	NC	0.037584	0.503334
rs8140645	22	18289555	NC	-0.034556	0.992813
GSA-rs61739631	22	18293502	NC	0.079404	1.000000
rs201337842	22	18293533	NC	0.005758	0.006368
rs388415	22	18294211	NC	-0.027614	0.501237
GSA-rs2277831	22	18299197	NC	0.047585	0.504492
rs5992854	22	18300240	NC	0.033173	1.000000
chr22-18301076	22	18301076	NC	0.089795	0.510081
rs148613283	22	18301508	NC	0.030341	0.509398
GSA-rs7286597	22	18304426	NC	0.077671	0.000000
rs74826570	22	18307079	NC	0.000389	0.007208
rs34837770	22	18309658	NC	0.051207	0.003806
rs61744286	22	18310439	NC	-0.017719	0.996860
rs5992122	22	18312343	NC	-0.043500	0.994867
rs367922	22	18314391	NC	-0.002457	0.011017
rs139179926	22	18314815	NC	0.006215	1.000000
rs80133101	22	18317550	NC	0.018859	0.991491
GSA-rs73384554	22	18320739	NC	0.048061	0.503502
rs2587108	22	18320886	NC	-0.060861	0.025271
rs2587109	22	18323438	NC	-0.089493	0.494251
GSA-rs117402742	22	18330098	NC	-0.084204	1.000000
rs9617628	22	18333467	NC	-0.076267	0.480918
GSA-rs79975430	22	18333639	NC	0.016576	0.491700
GSA-rs5992124	22	18334573	NC	-0.106392	0.495314
GSA-rs117463185	22	18336087	NC	-0.066683	0.000000
rs117662450	22	18343191	NC	-0.032952	1.000000
rs200738503	22	18347707	NC	0.067391	0.510051
rs60472362	22	18349348	NC	-0.141151	0.497876
chr22-18358242	22	18358242	NC	0.001081	1.000000
GSA-rs5992882	22	18358301	NC	-0.003865	0.487723
rs1076113	22	18368147	NC	0.050532	0.510149
rs148674116	22	18379670	NC	0.017266	0.501281
chr22-18384643	22	18384643	NC	0.005661	0.000000
rs4819647	22	18391061	NC	0.055027	0.484397
rs4819648	22	18393564	NC	-0.005567	0.482474
rs5992902	22	18399007	NC	-0.063348	1.000000
rs5747413	22	18399017	NC	-0.059988	0.504752
rs5746497	22	18403629	NC	-0.026949	0.489710
rs76487138	22	18425224	NC	-0.039908	0.503914
GSA-rs188030512	22	18428418	NC	-0.009152	0.515978
rs411682	22	18434088	NC	0.066323	0.482968
rs1076540	22	18439958	NC	-0.017005	0.993719
GSA-rs113234048	22	18444570	NC	-0.042110	0.479632
GSA-rs7286607	22	18444657	NC	0.041426	1.000000
GSA-rs4992882	22	18445021	NC	0.015320	1.000000
rs9604813	22	18446610	NC	-0.065837	0.469769
GSA-rs1978968	22	18448113	NC	0.027746	0.000000
rs444279	22	18451593	NC	0.007985	0.995847
rs74510107	22	18452188	NC	-0.136135	0.984198
rs5992943	22	18465756	NC	0.058016	1.000000
GSA-rs191766221	22	18469691	NC	-0.011829	0.506397
rs5992956	22	18484507	NC	-0.060002	1.000000
rs424765	22	18486017	NC	-0.059974	0.002241
GSA-rs5992962	22	18486282	NC	-0.020871	0.524720
GSA-rs79637342	22	18486441	NC	-0.041455	0.500153
rs397709	22	18489048	NC	-0.032227	0.498738
rs5747445	22	18497905	NC	0.096412	0.004753
rs117233348	22	18502566	NC	-0.028759	0.490255
rs390495	22	18504801	NC	-0.116341	0.986238
rs2034299	22	18505121	NC	0.047132	0.989760
GSA-rs117506424	22	18506158	NC	-0.047565	0.000000
rs1867357	22	18507030	NC	-0.172663	0.526591
GSA-rs5992970	22	18514305	NC	-0.011081	0.000000
rs73876556	22	18515081	NC	-0.045211	0.000000
rs75697900	22	18520416	NC	0.082757	0.026319
rs8142189	22	18520612	NC	-0.022577	1.000000
rs465101	22	18523214	NC	0.062401	0.490888
rs462904	22	18526789	NC	-0.040185	0.008254
rs466954	22	18528673	NC	0.051615	1.000000
GSA-rs186852983	22	18531787	NC	-0.147663	0.000000
rs458888	22	18533434	NC	0.054755	0.000000
GSA-rs5992983	22	18534292	NC	-0.005240	0.007765
rs460036	22	18539553	NC	-0.067029	0.516265
rs11703193	22	18542023	NC	-0.122120	0.489881
rs13057524	22	18542185	NC	0.041978	0.993698
GSA-rs74276622	22	18543172	NC	-0.069165	0.494259
rs5992985	22	18545634	NC	0.022745	0.493242
rs61681033	22	18546612	NC	0.024133	0.014265
rs11703744	22	18546667	NC	0.103216	0.000000
GSA-rs5992990	22	18547507	NC	-0.009219	0.002583
rs17809705	22	18552662	NC	-0.023391	0.000000
rs4819664	22	18553542	NC	0.040010	0.991333
GSA-rs5992991	22	18553808	NC	0.017571	0.502756
rs62641228	22	18562701	NC	0.068575	0.503643
rs45567240	22	18562734	NC	0.017454	0.495553
rs361780	22	18565346	NC	-0.127752	0.000000
rs12484657	22	18566288	NC	-0.019409	1.000000
chr22-18566405	22	18566405	NC	-0.030295	0.505066
GSA-rs385130	22	18570175	NC	0.103657	0.000000
GSA-rs45489191	22	18573003	NC	-0.038520	0.474236
GSA-rs80132947	22	18574488	NC	0.037597	0.500066
GSA-rs112669995	22	18576447	NC	-0.046490	1.000000
GSA-rs78433674	22	18582532	NC	-0.088329	0.496395
rs467998	22	18582650	NC	-0.027986	0.000000
GSA-rs77943822	22	18583293	NC	0.177828	0.495626
rs3827281	22	18584433	NC	0.039863	0.000000
GSA-rs76863685	22	18586686	NC	0.013448	0.502870
GSA-rs35137695	22	18587898	NC	0.036319	0.518124
rs8142336	22	18592194	NC	0.067419	0.000000
rs362027	22	18594928	NC	-0.028520	0.991926
GSA-rs9604829	22	18599687	NC	-0.035418	0.000000
rs191820007	22	18604298	NC	0.073633	0.017878
GSA-rs144963058	22	18605382	NC	0.056912	0.491655
rs115847686	22	18606946	NC	-0.080208	0.504398
rs112879682	22	18607638	NC	0.028197	0.000000
rs9618203	22	18607872	NC	0.064888	0.481759
rs2234331	22	18609128	NC	0.010578	0.994523
rs145621219	22	18609493	NC	-0.003906	0.988323
rs142925642	22	18609661	NC	-0.048688	0.514810
rs140202346	22	18609703	NC	-0.195229	0.999960
GSA-rs7286465	22	18610798	NC	-0.113068	0.506325
rs2540620	22	18614874	NC	-0.020493	0.514164
GSA-rs4819668	22	18617515	NC	0.072054	0.485772
rs77515656	22	18619890	NC	-0.044855	0.522421
GSA-rs113002374	22	18628133	NC	-0.027800	0.490444
GSA-rs1465384	22	18628499	NC	-0.156097	0.482291
GSA-rs5747494	22	18629028	NC	-0.090524	0.015181
GSA-rs9618216	22	18631365	NC	0.046064	0.510959
GSA-rs5993016	22	18633860	NC	0.006511	1.000000
GSA-rs77044518	22	18635717	NC	-0.012019	0.000000
rs361898	22	18637094	NC	-0.027899	0.028026
GSA-rs5993019	22	18637533	NC	0.012584	0.504978
GSA-rs117896320	22	18639780	NC	-0.029962	0.000000
rs2252257	22	18640300	NC	0.043254	0.507525
GSA-rs2542133	22	18644702	NC	-0.022966	0.997901
rs55780002	22	18649861	NC	-0.029154	0.996802
GSA-rs117593381	22	18935842	NC	-0.009433	0.501870
GSA-rs5993430	22	18936282	NC	-0.086663	0.984527
rs5992339	22	18936993	NC	-0.029858	0.519209
rs9605907	22	18941457	NC	0.039670	0.000000
GSA-rs118190779	22	18945243	NC	-0.099824	0.000000
rs5993445	22	18951545	NC	0.040262	0.000000
GSA-rs376277583	22	18957827	NC	0.149654	0.000000
rs2540641	22	18959684	NC	-0.166971	0.000000
rs13054104	22	18961405	NC	0.081790	0.992772
GSA-rs73382829	22	18965394	NC	0.072350	0.010855
rs9680846	22	18965418	NC	-0.025694	0.520271
rs2540647	22	18966617	NC	0.031547	0.488818
rs2540648	22	18967349	NC	0.010883	0.522874
rs2023634	22	18972450	NC	0.056752	0.493903
rs111728554	22	18975263	NC	-0.138793	0.481647
rs116206919	22	18975458	NC	0.095584	0.999292
rs111452330	22	18975562	NC	0.051712	1.000000
rs2518805	22	18975587	NC	0.094740	0.511785
GSA-rs7291719	22	18981291	NC	-0.000510	0.994420
rs73382872	22	18981508	NC	-0.003802	0.018572
rs1210638	22	18981563	NC	-0.066582	0.998607
GSA-rs9604915	22	18982953	NC	0.032291	0.518201
GSA-rs75296969	22	18987039	NC	0.113969	0.000000
rs117108862	22	18993172	NC	-0.008528	0.018764
GSA-rs116857530	22	18994633	NC	-0.064961	0.472149
GSA-rs73157257	22	18995855	NC	-0.001783	0.000000
GSA-rs141247282	22	18996425	NC	0.033856	0.495981
rs62230768	22	19002159	NC	-0.036796	0.497588
GSA-rs112819192	22	19025082	NC	0.013132	0.501669
rs79840601	22	19028643	NC	0.065459	1.000000
rs10854539	22	19037734	NC	-0.165962	0.492652
GSA-rs111891748	22	19047047	NC	-0.119072	0.489643
chr22-19048352	22	19048352	NC	-0.013843	0.502469
rs2238754	22	19058146	NC	-0.062699	0.498920
rs113323394	22	19059888	NC	-0.043457	0.000000
GSA-rs117352899	22	19062020	NC	0.072794	0.999833
GSA-rs118082227	22	19062060	NC	0.024592	0.008021
GSA-rs118096274	22	19076575	NC	0.030396	0.000950
rs2800960	22	19077049	NC	0.064591	0.985110
rs10483100	22	19085202	NC	-0.001732	0.502081
GSA-rs117733930	22	19089757	NC	-0.001814	0.502693
GSA-rs117500388	22	19104439	NC	0.043369	0.008713
GSA-rs813229	22	19106144	NC	0.036005	0.987375
GSA-rs75048283	22	19113928	NC	-0.027041	0.004501
GSA-rs3747051	22	19118901	NC	-0.067425	0.494307
GSA-rs1052763	22	19119751	NC	-0.017776	0.508274
rs712965	22	19121872	NC	-0.058277	0.997774
rs17743887	22	19124865	NC	-0.029910	0.516229
GSA-rs3765610	22	19124866	NC	-0.092318	0.996709
rs140446137	22	19125938	NC	-0.069105	0.519839
rs111488352	22	19130247	NC	-0.045688	1.000000
rs737923	22	19132325	NC	0.073765	0.502691
rs715544	22	19133605	NC	-0.083073	0.002217
GSA-rs11704965	22	19133850	NC	-0.087217	0.997017
rs4819778	22	19134083	NC	-0.012925	1.000000
rs3761406	22	19139563	NC	-0.042064	0.487435
rs12484562	22	19141162	NC	0.055391	1.000000
rs5748014	22	19148721	NC	0.010595	0.496524
rs5993549	22	19149300	NC	0.022961	0.501279
rs4819782	22	19149580	NC	-0.068474	1.000000
rs807669	22	19154522	NC	-0.003113	0.507138
rs807670	22	19154608	NC	-0.063383	0.497605
rs712964	22	19156117	NC	-0.080697	0.983408
rs2298271	22	19160297	NC	0.036578	0.500252
GSA-rs807665	22	19160414	NC	0.040838	1.000000
chr22-19168288	22	19168288	NC	-0.056915	0.494871
rs190366603	22	19178854	NC	0.019014	0.492242
GSA-rs7292849	22	19180573	NC	0.160900	1.000000
rs1633399	22	19183787	NC	-0.091385	0.486151
rs1061325	22	19184095	NC	0.044008	0.986133
rs723414	22	19185736	NC	0.028953	1.000000
GSA-rs9605957	22	19187375	NC	-0.062573	0.991289
GSA-rs117870181	22	19190223	NC	0.009325	0.487896
GSA-rs807547	22	19195680	NC	-0.047825	0.481110
rs1060376	22	19196502	NC	-0.098901	0.505046
GSA-rs34486244	22	19196615	NC	0.046459	0.517505
GSA-rs62223883	22	19197381	NC	-0.028216	0.495213
rs191966359	22	19197948	NC	-0.058801	0.000000
GSA-rs712952	22	19197949	NC	-0.048012	0.000000
GSA-rs928907	22	19203060	NC	-0.025088	1.000000
rs5748048	22	19204478	NC	-0.050685	0.494867
rs36077768	22	19207479	NC	-0.175719	0.000000
chr22-19208911	22	19208911	NC	0.044495	0.509683
rs2073755	22	19210740	NC	0.091484	0.505790
rs181639433	22	19211467	NC	-0.105285	1.000000
GSA-rs118055717	22	19212001	NC	-0.069675	1.000000
rs182917063	22	19212999	NC	0.005283	1.000000
rs1060374	22	19213033	NC	-0.034866	0.499506
rs145514163	22	19213744	NC	-0.087532	0.000000
rs45489597	22	19217422	NC	0.023592	0.993914
rs116398959	22	19220768	NC	-0.071245	0.472079
GSA-rs807459	22	19223352	NC	0.028176	0.017535
GSA-rs809901	22	19228736	NC	-0.005557	0.498009
rs5746697	22	19230365	NC	-0.086977	0.991664
chr22-19230405	22	19230405	NC	0.093339	0.477133
rs34869740	22	19263266	NC	0.015359	0.996255
rs361787	22	19263698	NC	0.041312	0.508018
rs5746711	22	19264625	NC	-0.014125	1.000000
GSA-rs1858771	22	19267580	NC	-0.111051	0.505514
rs5748099	22	19268873	NC	0.119658	1.000000
GSA-rs71328296	22	19269267	NC	0.020307	0.011809
rs2078750	22	19271831	NC	-0.055834	1.000000
rs5993581	22	19285816	NC	-0.025320	0.519788
GSA-rs5748106	22	19287227	NC	0.027439	0.000000
GSA-rs117832423	22	19295688	NC	-0.035492	0.002849
rs5993595	22	19299703	NC	0.071155	0.983045
rs982520	22	19310812	NC	-0.089844	0.508291
rs885981	22	19337633	NC	0.054671	0.997422
GSA-rs5993613	22	19343881	NC	0.102737	0.983457
rs737810	22	19348199	NC	0.072115	1.000000
GSA-rs115461898	22	19348896	NC	0.035306	0.993475
GSA-rs112751848	22	19367956	NC	0.043178	0.000000
GSA-rs5993624	22	19380714	NC	0.151165	0.504746
GSA-rs5748177	22	19381507	NC	0.065577	0.013892
GSA-rs117344257	22	19387965	NC	0.018215	0.995913
GSA-rs10483102	22	19414222	NC	0.030366	0.490936
GSA-rs7575	22	19423250	NC	0.055549	0.987923
rs756649	22	19431396	NC	-0.038825	0.493981
GSA-rs885976	22	19432456	NC	-0.077166	0.483080
GSA-rs117750028	22	19434626	NC	0.160140	0.505047
chr22-19435251	22	19435251	NC	-0.046399	0.503878
GSA-rs5748212	22	19443931	NC	0.073349	0.481806
GSA-rs146716859	22	19446757	NC	0.027874	1.000000
GSA-rs117062301	22	19456264	NC	-0.051597	0.998711
rs112952006	22	19460180	NC	0.021766	0.491781
rs13447203	22	19470249	NC	-0.111843	0.506586
rs149459036	22	19471407	NC	-0.019873	1.000000
rs5746748	22	19472843	NC	0.066841	0.476450
GSA-rs5748239	22	19479695	NC	0.055209	0.487629
rs9606038	22	19487192	NC	0.067375	0.985030
GSA-rs141307573	22	19487212	NC	0.066293	0.511119
GSA-rs5748248	22	19491392	NC	-0.035362	0.001853
GSA-rs143375740	22	19493094	NC	0.055809	0.498316
GSA-rs5746758	22	19496882	NC	0.006853	0.508110
GSA-rs79114187	22	19499829	NC	0.001056	0.015766
GSA-rs13447281	22	19503920	NC	-0.001851	0.520299
GSA-rs13447298	22	19507447	NC	0.047205	0.000409
rs13447302	22	19508290	NC	-0.059994	0.006862
rs113850893	22	19515778	NC	0.075693	0.506010
rs112135032	22	19521298	NC	0.021609	0.003095
rs5748267	22	19528458	NC	-0.022153	0.517981
rs5748270	22	19529130	NC	-0.146552	0.499622
GSA-rs116994305	22	19533898	NC	-0.145477	0.489704
rs5748277	22	19534856	NC	0.022322	0.505176
rs8140097	22	19537262	NC	-0.000863	0.498765
rs2157728	22	19538527	NC	-0.018553	0.530973
GSA-rs62222320	22	19547442	NC	-0.037827	0.000000
rs77580281	22	19551431	NC	-0.025825	0.501417
GSA-rs117222416	22	19555172	NC	-0.062095	1.000000
rs111735701	22	19556893	NC	-0.064214	0.987174
rs5746779	22	19558475	NC	0.003060	0.492848
rs7287561	22	19561712	NC	0.063250	0.504822
GSA-rs117972552	22	19564765	NC	0.100250	0.000000
rs5748306	22	19565341	NC	0.093587	0.494517
rs2157727	22	19565395	NC	0.045095	0.503084
rs76642175	22	19569988	NC	0.037357	0.509165
GSA-rs117849233	22	19577438	NC	0.128770	0.000000
rs57462258	22	19580050	NC	-0.033298	0.500617
GSA-rs9606080	22	19581164	NC	0.060622	0.000000
rs5993715	22	19581946	NC	-0.004958	0.520717
rs5748336	22	19588535	NC	0.095688	0.510140
GSA-rs16983911	22	19593220	NC	0.055081	0.006934
rs5748346	22	19593301	NC	-0.093617	0.997744
rs9606090	22	19593854	NC	0.000623	0.493359
rs9617812	22	19594775	NC	-0.062501	0.503972
rs12159966	22	19596825	NC	-0.029089	0.504488
GSA-rs117262034	22	19597257	NC	-0.004337	0.481184
rs13058085	22	19600574	NC	-0.105682	0.996650
rs5992442	22	19600961	NC	-0.024334	0.504427
rs9617814	22	19609943	NC	0.096325	0.011010
GSA-rs73162676	22	19611680	NC	-0.026069	0.505393
rs5993748	22	19616331	NC	-0.013480	0.986479
rs5993752	22	19616913	NC	0.066538	0.494689
GSA-rs5993755	22	19618257	NC	-0.092017	0.492647
rs11912807	22	19618533	NC	0.075208	0.001518
GSA-rs117828840	22	19620523	NC	-0.028787	0.996232
rs1476445	22	19621011	NC	-0.036224	0.504386
GSA-rs112929230	22	19621998	NC	-0.003604	0.993244
rs4141526	22	19622603	NC	0.072559	0.495202
rs8135843	22	19624048	NC	0.050825	0.032029
GSA-rs8139720	22	19624256	NC	0.015126	0.496217
GSA-rs58544504	22	19627947	NC	-0.032635	0.514494
GSA-rs7292259	22	19629784	NC	0.026024	0.501666
rs7292279	22	19629837	NC	-0.166646	0.018539
rs28560290	22	19633151	NC	0.001153	1.000000
rs190895236	22	19633696	NC	-0.085751	0.498200
rs2871039	22	19634330	NC	0.028607	0.514661
rs5993760	22	19634877	NC	0.139088	0.000000
rs9606101	22	19636615	NC	0.018720	0.999097
GSA-rs5748376	22	19639383	NC	0.059413	0.505489
rs5748377	22	19640406	NC	0.030460	0.514436
rs1985884	22	19643245	NC	-0.004750	0.506506
GSA-rs9606112	22	19644376	NC	-0.067660	0.515930
GSA-rs77257525	22	19652901	NC	-0.076644	1.000000
GSA-rs34378388	22	19654144	NC	0.051094	0.488378
rs9618653	22	19655862	NC	0.122954	0.996468
rs5748391	22	19659099	NC	0.054692	0.495199
GSA-rs79097546	22	19662319	NC	-0.045857	0.508181
rs9605002	22	19665133	NC	0.064768	0.508739
GSA-rs8136044	22	19667336	NC	-0.005763	0.499104
rs1123657	22	19675944	NC	-0.098459	0.987203
rs5993794	22	19676248	NC	-0.065432	1.000000
rs5992460	22	19677822	NC	-0.072571	0.000000
rs1015939	22	19678655	NC	-0.005413	1.000000
GSA-rs5993800	22	19682627	NC	-0.108539	0.501008
rs2097599	22	19690250	NC	0.026057	0.983973
rs9606146	22	19698129	NC	-0.093197	0.982165
GSA-rs75662441	22	19701341	NC	-0.022576	0.511689
GSA-rs373098364	22	19712778	NC	-0.088536	0.000000
rs9618676	22	19717043	NC	0.083012	0.000000
GSA-rs79131864	22	19717856	NC	0.073305	0.000000
rs55711444	22	19724224	NC	-0.061229	1.000000
GSA-rs41295222	22	19732685	NC	0.026643	0.000000
rs6518580	22	19735854	NC	-0.079661	0.988169
rs41295657	22	19738290	NC	-0.103392	1.000000
rs41298605	22	19741910	NC	-0.047995	0.516735
GSA-rs72646958	22	19750645	NC	-0.100889	0.020225
GSA-rs41298818	22	19751065	NC	0.094965	0.994485
rs201993443	22	19754211	NC	-0.017225	0.996657
GSA-rs41299350	22	19755127	NC	-0.014054	0.016366
rs2238777	22	19758228	NC	0.127285	0.481383
rs4819522	22	19766782	NC	-0.100793	0.498433
rs5746826	22	19767051	NC	-0.009862	0.502625
rs713675	22	19767420	NC	-0.155640	0.005136
GSA-rs41298864	22	19772131	NC	-0.087852	1.000000
GSA-rs58980837	22	19775444	NC	0.130496	0.000000
rs73148914	22	19776365	NC	-0.082763	0.516077
rs9606160	22	19788347	NC	0.001002	1.000000
chr22-19789625	22	19789625	NC	0.066863	0.500587
rs13057609	22	19797745	NC	0.022514	0.504481
rs201108123	22	19799963	NC	-0.041574	0.495550
rs2073765	22	19800322	NC	0.044876	0.995178
GSA-rs9606164	22	19807031	NC	-0.111310	1.000000
chr22-19808120	22	19808120	NC	0.096892	0.986273
rs150444079	22	19808205	NC	-0.012061	1.000000
rs36070348	22	19808874	NC	-0.117318	0.510022
GSA-rs117452300	22	19808938	NC	0.031296	0.488936
rs7285337	22	19814714	NC	0.041712	0.505721
rs7285519	22	19825152	NC	-0.060424	0.475170
rs1053001	22	19833781	NC	0.040708	0.499020
GSA-rs116941290	22	19836102	NC	-0.001095	0.998035
rs11705143	22	19836705	NC	0.077220	0.006690
exm2268433	22	19840123	NC	-0.165369	0.489524
rs11913285	22	19844492	NC	0.005005	0.517574
rs12106549	22	19846987	NC	0.054267	0.510989
rs201391000	22	19864680	NC	0.065952	0.000000
rs192869629	22	19868177	NC	0.052095	0.010629
rs1139793	22	19868218	NC	-0.073262	0.489815
GSA-rs117016540	22	19873606	NC	0.063635	1.000000
GSA-rs117446426	22	19874955	NC	-0.020527	0.000000
rs3788310	22	19880340	NC	-0.041003	0.000000
rs34553125	22	19880821	NC	0.108822	0.491640
rs4819845	22	19881027	NC	-0.005836	0.512801
GSA-rs78239309	22	19883189	NC	0.063935	0.502977
rs183950022	22	19885576	NC	0.066419	0.506479
rs76692419	22	19886443	NC	0.061944	0.489583
GSA-rs3788313	22	19887376	NC	0.060590	1.000000
rs3788314	22	19889423	NC	0.026565	0.000000
rs3788317	22	19889825	NC	-0.114922	0.000000
GSA-rs10427571	22	19891935	NC	0.029344	0.501694
rs188258380	22	19898900	NC	-0.041997	1.000000
rs199510610	22	19898906	NC	0.009493	0.002069
rs1005873	22	19900075	NC	-0.064700	0.997917
22:19900957	22	19900957	NC	0.098533	1.000000
GSA-rs117014524	22	19904898	NC	0.127064	0.502410
rs756661	22	19905802	NC	-0.038821	0.006059
rs11541479	22	19906511	NC	-0.039863	0.994440
rs5748469	22	19907099	NC	-0.012531	0.514357
rs1012157	22	19909977	NC	-0.076932	0.982796
GSA-rs79960807	22	19918723	NC	-0.092850	1.000000
rs5746847	22	19921003	NC	-0.029722	0.492613
rs9605030	22	19921137	NC	0.136104	0.014280
rs6518591	22	19924021	NC	0.008169	1.000000
GSA-rs9332314	22	19928000	NC	0.077577	0.006097
rs13306278	22	19929027	NC	0.121683	0.000000
rs737866	22	19930109	NC	-0.061180	0.000000
rs737865	22	19930121	NC	-0.050178	0.507391
GSA-rs9332316	22	19930274	NC	-0.082973	0.507391
GSA-rs45616631	22	19930810	NC	0.062673	0.993968
rs933271	22	19931407	NC	0.009227	0.523439
rs174674	22	19934025	NC	0.174274	1.000000
rs5993883	22	19937638	NC	0.133301	0.000000
rs35788262	22	19940583	NC	0.020062	1.000000
rs3819619	22	19941495	NC	-0.058547	0.001236
rs5746849	22	19942997	NC	-0.092329	0.488149
rs740603	22	19945177	NC	0.052922	1.000000
rs4646312	22	19948337	NC	0.015261	0.005744
rs6269	22	19949952	NC	-0.038050	1.000000
rs4633	22	19950235	NC	0.003831	0.000000
rs6267	22	19950263	NC	-0.084846	1.000000
rs2239393	22	19950428	NC	0.021463	0.503919
rs5031015	22	19951103	NC	0.106598	1.000000
rs4680	22	19951271	NC	-0.002896	1.000000
rs769224	22	19951804	NC	0.123736	0.510444
GSA-rs165631	22	19951816	NC	0.034371	0.987114
rs4646316	22	19952132	NC	0.091040	1.000000
rs34068292	22	19952224	NC	-0.050830	0.000000
rs165774	22	19952561	NC	-0.068204	0.496365
rs174697	22	19953832	NC	0.065957	1.000000
rs174699	22	19954458	NC	-0.118922	0.500631
rs139797392	22	19954870	NC	-0.104768	0.488590
rs9332377	22	19955692	NC	0.011156	0.503567
rs165599	22	19956781	NC	-0.099266	0.485426
GSA-rs165815	22	19959473	NC	0.055603	0.991228
GSA-rs2239395	22	19962203	NC	-0.062406	0.513745
GSA-rs117359238	22	19965295	NC	0.096989	0.995063
rs116102961	22	19966579	NC	0.051258	1.000000
rs185461067	22	19967673	NC	0.001050	0.986931
rs113625788	22	19969182	NC	-0.056193	0.000000
rs1990277	22	19970502	NC	-0.040360	1.000000
GSA-rs917479	22	19973205	NC	0.030964	0.995794
rs756653	22	19976845	NC	-0.059618	0.011351
rs116782322	22	19978218	NC	0.003862	0.980882
rs186539515	22	19978253	NC	0.069535	0.487751
rs11089325	22	19984200	NC	-0.042360	0.000000
rs1034566	22	19984277	NC	0.003761	0.008561
GSA-rs75665527	22	19991611	NC	-0.038973	0.008145
rs115608310	22	19995634	NC	0.025708	0.000000
rs9605047	22	20002848	NC	0.087167	1.000000
rs1858770	22	20006992	NC	-0.054430	0.000000
rs2518829	22	20012286	NC	-0.031075	0.507182
rs5748505	22	20015016	NC	-0.055116	0.000000
GSA-rs2531708	22	20017445	NC	0.116648	0.998791
GSA-rs118191255	22	20019791	NC	0.022292	1.000000
rs73150856	22	20025652	NC	-0.023324	0.512033
chr22-20030915	22	20030915	NC	0.037614	0.509077
rs405342	22	20037315	NC	0.020264	0.509367
rs174876	22	20043370	NC	-0.074486	0.501199
GSA-rs76926687	22	20043630	NC	0.145555	0.478830
rs174877	22	20045419	NC	-0.082052	1.000000
chr22-20049207	22	20049207	NC	0.023091	0.000000
GSA-rs116946483	22	20051787	NC	0.006714	0.000000
rs17818431	22	20052420	NC	0.012817	0.000000
rs7285397	22	20057143	NC	0.012051	0.993902
GSA-rs116983927	22	20060137	NC	0.013171	0.493834
GSA-rs186724154	22	20076910	NC	-0.062049	0.495400
rs1640297	22	20081852	NC	0.012279	0.017647
rs35569747	22	20082293	NC	0.132721	0.017267
GSA-rs78201040	22	20084368	NC	-0.008084	0.498569
rs443678	22	20093126	NC	-0.016509	0.509394
rs417309	22	20098544	NC	-0.008466	0.000000
rs1633445	22	20100596	NC	0.022234	0.490990
chr22-20100640	22	20100640	NC	0.036647	0.511788
rs139208599	22	20101045	NC	-0.007959	0.500174
chr22-20101054	22	20101054	NC	-0.022607	0.494575
GSA-rs117298840	22	20101124	NC	0.035957	0.494094
GSA-rs9605068	22	20103264	NC	-0.011165	0.495659
chr22-20103915	22	20103915	NC	0.056472	0.994245
rs175171	22	20121848	NC	0.052763	0.004119
GSA-rs75031525	22	20122091	NC	-0.035549	0.000000
GSA-22:20125621	22	20125621	NC	-0.005150	0.477385
chr22-20127408	22	20127408	NC	-0.043451	0.497812
rs4819867	22	20136379	NC	0.070267	0.501613
rs9605074	22	20146533	NC	0.021205	0.501584
rs373747	22	20155192	NC	-0.034790	0.503277
rs28384	22	20156415	NC	0.054506	0.000000
GSA-rs175199	22	20168295	NC	-0.022100	0.010577
GSA-rs9306236	22	20170093	NC	-0.062860	0.000000
rs75766	22	20174853	NC	0.000739	0.505325
GSA-rs2537857	22	20178929	NC	0.030139	0.014748
rs701446	22	20179255	NC	-0.037615	0.032355
rs625704	22	20185457	NC	0.022016	0.510477
rs673062	22	20189202	NC	-0.000947	0.501338
rs684423	22	20189378	NC	0.006820	0.000000
rs2098257	22	20190055	NC	0.082989	1.000000
rs640836	22	20193114	NC	0.027271	1.000000
rs589089	22	20196469	NC	0.099147	0.991624
rs730669	22	20201954	NC	0.081769	0.496375
rs9606286	22	20202422	NC	-0.071689	0.000799
rs5993933	22	20204791	NC	0.098907	1.000000
GSA-rs1962811	22	20213718	NC	0.024968	0.014079
rs854967	22	20217628	NC	-0.063441	0.990957
GSA-rs117703390	22	20219641	NC	-0.053549	0.492319
GSA-rs1076449	22	20220111	NC	-0.081055	1.000000
GSA-rs9618757	22	20222641	NC	0.092289	0.000000
rs759577	22	20225536	NC	0.048969	1.000000
rs701430	22	20227551	NC	0.040837	0.492483
rs55943359	22	20230959	NC	0.042428	0.476995
GSA-rs9606293	22	20233865	NC	0.044690	0.479526
GSA-rs7287730	22	20241436	NC	0.041733	0.000000
GSA-rs78055866	22	20244259	NC	-0.075810	0.522310
rs855050	22	20248391	NC	0.141167	0.999584
GSA-rs117954831	22	20248996	NC	-0.012949	0.000000
GSA-rs34141746	22	20258194	NC	-0.105855	0.995986
exm2273051	22	20260814	NC	-0.010687	0.993611
GSA-rs855060	22	20262166	NC	0.017474	0.023160
rs854944	22	20264937	NC	-0.074909	1.000000
GSA-rs377561594	22	20265476	NC	-0.057564	1.000000
GSA-rs117755631	22	20272957	NC	0.005746	0.494945
rs12168751	22	20279533	NC	-0.036908	0.489649
GSA-rs12169202	22	20279718	NC	-0.098145	0.495742
rs75341343	22	20280634	NC	0.054551	0.009538
GSA-rs5993955	22	20283228	NC	0.056433	0.502095
GSA-rs117170873	22	20284656	NC	0.031975	0.515805
GSA-rs112074972	22	20298515	NC	-0.088788	0.528100
GSA-rs145639142	22	20300738	NC	-0.044084	0.500274
GSA-22:20301508	22	20301508	NC	-0.015721	0.498007
rs2280117	22	20306993	NC	-0.123273	0.026725
GSA-rs55828031	22	20309073	NC	0.052021	0.469713
GSA-rs7287644	22	20311646	NC	0.046140	0.001660
GSA-rs3827282	22	20718116	NC	0.007782	1.000000
GSA-rs147440632	22	20719325	NC	0.036787	0.489803
chr22-20723763	22	20723763	NC	-0.015882	0.508577
rs361689	22	20742450	NC	0.103731	0.496852
rs57342969	22	20753135	NC	0.010813	0.475715
rs361640	22	20753615	NC	-0.000527	0.503752
rs6005267	22	20764994	NC	-0.044061	0.000000
rs5761913	22	20765021	NC	-0.010771	0.991500
rs5762014	22	20766284	NC	0.017603	0.510447
GSA-rs73879356	22	20767303	NC	0.147685	0.494341
GSA-rs76881461	22	20772773	NC	-0.022107	0.990702
rs5752676	22	20774614	NC	-0.036233	0.995967
rs738084	22	20778066	NC	-0.051329	1.000000
rs9680797	22	20780296	NC	-0.037412	1.000000
rs5997411	22	20783485	NC	0.071198	0.485185
rs1005640	22	20789074	NC	-0.056202	0.997630
rs1477178	22	20789688	NC	-0.053665	1.000000
rs1153427	22	20795757	NC	-0.059642	0.495042
rs8748	22	20800835	NC	0.026233	0.502920
rs76649694	22	20806397	NC	0.126029	0.519443
rs361988	22	20810054	NC	0.073261	1.000000
rs1771144	22	20842362	NC	-0.076880	0.497461
GSA-rs12484813	22	20844663	NC	-0.003694	1.000000
GSA-rs75946839	22	20862548	NC	0.030665	0.000000
rs2014654	22	20872855	NC	0.019508	0.503886
rs7291930	22	20876509	NC	0.103384	0.985316
GSA-rs145160293	22	20877989	NC	0.168288	1.000000
GSA-rs11090206	22	20881678	NC	0.084528	0.507926
GSA-rs57997330	22	20887166	NC	0.029296	0.005484
rs4821915	22	20891545	NC	-0.166120	0.019818
GSA-rs118084073	22	20893767	NC	0.137955	0.985018
rs886319	22	20903410	NC	0.092078	0.008416
GSA-rs1075339	22	20906367	NC	-0.020897	0.507968
GSA-rs115069799	22	20910482	NC	-0.121588	0.000000
GSA-rs189225333	22	20933209	NC	0.073581	0.008177
rs595272	22	20946403	NC	0.029365	0.002870
rs361646	22	20947274	NC	0.095893	0.985045
rs554733	22	20950564	NC	-0.015610	0.000000
GSA-rs165626	22	20954760	NC	-0.021370	0.993527
rs5759527	22	20956600	NC	0.014632	0.486108
rs552823	22	20956906	NC	-0.177580	0.000000
rs596114	22	20957000	NC	0.008538	0.495734
rs9612414	22	20957037	NC	-0.037044	1.000000
rs17819599	22	20962978	NC	-0.022683	0.490734
rs602808	22	20963475	NC	-0.008894	0.002800
rs544887	22	20964056	NC	-0.076643	0.510447
GSA-rs5759562	22	20966125	NC	0.009097	0.504782
rs17818796	22	20978672	NC	0.123277	0.499920
GSA-rs145875329	22	20990570	NC	0.108369	0.487463
GSA-rs78260733	22	20992947	NC	-0.023836	0.996025
rs759224	22	20993328	NC	-0.138206	0.512130
rs759225	22	20993477	NC	-0.054518	0.513853
rs741194	22	20993519	NC	0.062778	1.000000
rs658793	22	20996595	NC	-0.000130	0.480281
rs7290923	22	20999208	NC	-0.103320	0.000366
GSA-rs41368547	22	20999626	NC	0.003330	1.000000
rs57434751	22	21001472	NC	0.108250	0.988208
rs5759767	22	21004805	NC	-0.078551	0.979767
rs1339959	22	21005697	NC	0.098653	0.479303
rs651851	22	21009596	NC	0.052671	0.997315
GSA-rs5751684	22	21015218	NC	-0.003426	0.000000
GSA-rs368322022	22	21025441	NC	0.060837	0.498540
rs116918025	22	21028007	NC	0.006401	0.006969
GSA-rs1058552	22	21062168	NC	-0.113347	0.494569
GSA-rs117274744	22	21062177	NC	-0.060561	0.493548
GSA-rs181389523	22	21071147	NC	-0.036629	0.500455
GSA-rs112905927	22	21078991	NC	-0.023014	0.000000
rs16988764	22	21105255	NC	-0.005200	0.496274
GSA-rs9612888	22	21106550	NC	-0.057513	0.519713
GSA-rs190475625	22	21113894	NC	-0.082082	0.497160
rs2072517	22	21115244	NC	-0.018436	0.004338
chr22-21119239	22	21119239	NC	-0.086079	1.000000
GSA-rs117786120	22	21120359	NC	-0.076884	1.000000
GSA-rs17819104	22	21133618	NC	0.016822	0.504722
seq-rs5903	22	21133831	NC	-0.089976	0.472667
GSA-rs35646566	22	21134023	NC	-0.022630	0.523079
rs5907	22	21134223	NC	0.183844	0.494022
GSA-rs117858197	22	21139239	NC	0.031088	0.491563
GSA-rs118185464	22	21145397	NC	0.012405	0.000000
GSA-rs149520312	22	21146015	NC	0.025539	0.988230
GSA-rs79462859	22	21147077	NC	-0.008221	1.000000
GSA-rs117151217	22	21147113	NC	0.016172	0.003927
GSA-rs141712057	22	21148180	NC	0.003238	1.000000
GSA-rs76782505	22	21157174	NC	0.069295	1.000000
GSA-rs61752248	22	21165311	NC	0.037024	0.001584
rs165854	22	21167787	NC	-0.038493	0.979520
GSA-rs17758477	22	21174444	NC	-0.053255	0.978528
rs4822606	22	21198776	NC	0.105749	0.487372
GSA-rs80068797	22	21219710	NC	0.012956	0.492687
GSA-rs73162849	22	21224023	NC	0.009496	0.494718
rs116892729	22	21235389	NC	0.012820	0.485939
GSA-rs117104177	22	21236559	NC	0.103890	0.999710
rs141934766	22	21241976	NC	-0.019822	0.022858
rs148156702	22	21242113	NC	0.078262	0.500838
GSA-rs73162856	22	21244675	NC	0.023542	0.491319
GSA-rs12162703	22	21246902	NC	-0.059447	0.994566
GSA-rs118128340	22	21247007	NC	-0.041312	0.501448
GSA-rs75118078	22	21260951	NC	-0.032853	0.497070
GSA-rs73162870	22	21261417	NC	-0.018085	0.495285
GSA-rs9613260	22	21261449	NC	0.045129	0.510230
GSA-rs73162872	22	21263353	NC	0.005373	0.001819
rs737892	22	21272734	NC	0.008096	0.984705
GSA-rs9613388	22	21305473	NC	-0.019276	0.491039
rs2285547	22	21307058	NC	-0.005590	1.000000
rs2018682	22	21317432	NC	0.007338	0.000000
rs756875	22	21318433	NC	-0.003748	0.009654
rs6005061	22	21320528	NC	-0.075266	0.496865
rs756878	22	21323357	NC	-0.010259	1.000000
rs878938	22	21324484	NC	0.088717	1.000000
rs114399555	22	21327642	NC	-0.005888	1.000000
GSA-rs56179977	22	21328568	NC	0.004760	0.502787
rs7285694	22	21330787	NC	-0.034604	0.004697
GSA-rs178271	22	21331556	NC	0.001290	0.498678
GSA-rs61626201	22	21335135	NC	-0.044119	1.000000
GSA-rs389183	22	21335606	NC	0.063952	0.000000
GSA-rs13054302	22	21338036	NC	-0.112968	0.985732
GSA-rs178283	22	21338632	NC	-0.028870	0.965928
rs178285	22	21339751	NC	-0.068804	0.012055
rs4822783	22	21342811	NC	0.105763	0.000000
chr22-21343948	22	21343948	NC	-0.029616	0.501549
rs189150283	22	21346593	NC	0.079840	0.483332
chr22-21348999	22	21348999	NC	0.092289	0.510141
rs148677674	22	21349277	NC	-0.026654	0.005029
chr22-21350251	22	21350251	NC	-0.057385	0.000000
rs199625022	22	21350370	NC	-0.141235	0.025131
chr22-21351034	22	21351034	NC	-0.013553	0.984796
GSA-rs56113960	22	21355501	NC	-0.039499	1.000000
rs71314757	22	21357119	NC	-0.017519	0.005770
GSA-rs62238544	22	21358127	NC	-0.004639	0.499921
GSA-rs373092	22	21361870	NC	-0.105173	0.490119
rs398577	22	21362849	NC	-0.110607	0.492654
rs2239961	22	21363960	NC	0.013655	0.504237
rs145000335	22	21370308	NC	0.070965	0.505269
GSA-rs9625334	22	21371227	NC	0.040841	0.497130
rs9613540	22	21377071	NC	-0.010318	0.502916
rs2277838	22	21377650	NC	0.011243	0.000000
rs929671	22	21377958	NC	-0.070637	0.507625
chr22-21380772	22	21380772	NC	0.005777	0.511040
rs2270384	22	21384578	NC	0.019106	0.485564
GSA-rs76136208	22	21385277	NC	-0.156198	0.992418
chr22-21385708	22	21385708	NC	-0.005585	0.510949
GSA-rs2072550	22	21386019	NC	-0.076617	0.506016
rs12627919	22	21392943	NC	-0.021690	0.008801
GSA-rs149427937	22	21393701	NC	0.010021	0.000000
GSA-rs117468585	22	21398354	NC	0.100198	0.000000
GSA-rs77133550	22	21402372	NC	-0.069985	0.501261
GSA-rs76460419	22	21406353	NC	0.044548	0.507695
GSA-rs117587161	22	21406460	NC	-0.013404	0.000000
exm2261181	22	21408430	NC	-0.000351	1.000000
GSA-rs5762105	22	21409018	NC	0.041328	0.972687
GSA-rs2241223	22	21409191	NC	-0.085126	0.520761
rs383331	22	21424414	NC	-0.098460	0.487235
GSA-rs408718	22	21425769	NC	-0.070788	0.484547
GSA-rs117198675	22	21427621	NC	0.047388	0.000000
GSA-rs74935988	22	21430958	NC	-0.054249	1.000000
rs400946	22	21431054	NC	-0.077068	0.497606
GSA-rs75694724	22	21432229	NC	-0.170272	0.498304
rs6005562	22	21438369	NC	0.101130	0.993892
rs421390	22	21438417	NC	0.000908	1.000000
GSA-rs16989111	22	21441353	NC	0.047237	0.008754
rs435980	22	21442000	NC	-0.026284	0.505456
rs73396468	22	21443310	NC	-0.082695	0.970224
rs12628319	22	21445920	NC	-0.064186	0.993314
rs430678	22	21447294	NC	-0.076892	0.000891
rs1210606	22	21452237	NC	0.030923	0.000000
GSA-rs118111569	22	21454525	NC	-0.032953	1.000000
rs140390	22	21460008	NC	0.109102	0.503233
rs2543398	22	21460220	NC	-0.003786	0.509328
rs5762401	22	21461607	NC	-0.027599	1.000000
chr22-21800680	22	21800680	NC	0.079027	0.000142
rs41282591	22	21804903	NC	-0.010928	0.506282
rs460106	22	21806401	NC	-0.004659	0.487537
rs131654	22	21917190	NC	-0.044438	0.501526
rs2266959	22	21922904	NC	-0.015029	0.499190
GSA-rs78456257	22	21926013	NC	0.077309	0.010001
rs181359	22	21928641	NC	0.017098	0.000000
rs181362	22	21932068	NC	0.039244	0.497090
22:21936642	22	21936642	NC	-0.088308	0.000000
rs5754217	22	21939675	NC	0.052055	0.494047
rs117663329	22	21939765	NC	-0.095888	0.489398
rs4821112	22	21964761	NC	0.014894	0.504253
GSA-rs453343	22	21967395	NC	-0.042464	0.000000
rs4821116	22	21973319	NC	-0.031816	0.493027
rs11089637	22	21979096	NC	0.087113	1.000000
rs2298428	22	21982892	NC	0.025815	0.478080
rs12170285	22	21988833	NC	0.030064	0.492991
rs35113423	22	21989142	NC	-0.060817	0.005911
rs730882	22	21989325	NC	-0.103027	0.003402
rs11705259	22	21990823	NC	0.114681	1.000000
rs11705317	22	21991120	NC	-0.101059	0.000000
GSA-rs34035987	22	21994044	NC	-0.020512	0.489606
GSA-rs73166641	22	21998280	NC	-0.029437	0.001724
GSA-rs71314788	22	22000109	NC	-0.169811	0.515984
rs447001	22	22010918	NC	-0.107043	0.488819
rs9941935	22	22015144	NC	-0.019091	0.000000
GSA-rs78272461	22	22015771	NC	-0.000630	0.008570
rs3788329	22	22028124	NC	0.011237	0.012591
GSA-rs55831940	22	22035555	NC	0.026018	0.481002
GSA-rs443192	22	22036640	NC	-0.071346	0.516796
rs141789375	22	22042377	NC	0.125008	0.000000
rs141406819	22	22049263	NC	0.072486	0.000000
GSA-rs74836292	22	22050361	NC	-0.086905	1.000000
GSA-rs710172	22	22055280	NC	-0.037800	0.503770
GSA-rs1860	22	22055394	NC	0.052427	0.999869
GSA-rs5994805	22	22059968	NC	-0.075465	0.993100
GSA-rs7285365	22	22068740	NC	0.045875	0.995050
GSA-rs55741555	22	22076177	NC	-0.075852	0.000000
GSA-rs7290787	22	22077124	NC	-0.027272	0.499446
GSA-rs118049714	22	22078367	NC	-0.060910	0.513670
rs5994846	22	22082919	NC	0.041119	0.000000
GSA-rs5749769	22	22094016	NC	-0.006284	0.498921
rs5999264	22	22095920	NC	0.009719	0.000000
GSA-rs73149931	22	22107057	NC	-0.014116	0.516009
rs61387590	22	22111985	NC	0.021206	0.000000
rs9340	22	22115353	NC	-0.016800	0.011864
rs13515	22	22115886	NC	-0.030259	0.481959
GSA-rs41282607	22	22118229	NC	0.026101	0.518197
rs743409	22	22129215	NC	-0.023384	0.503328
rs2283792	22	22131125	NC	-0.002146	0.496648
rs9610417	22	22199970	NC	-0.015104	0.513145
rs5755694	22	22200530	NC	0.128615	0.000000
rs8136867	22	22204793	NC	0.068652	0.482582
GSA-rs4821401	22	22214572	NC	0.018560	1.000000
GSA-rs73149968	22	22259174	NC	0.045556	0.986763
rs8143081	22	22262369	NC	-0.011074	0.505046
GSA-rs117189726	22	22271797	NC	0.101084	0.485614
GSA-rs16979617	22	22274021	NC	-0.115693	1.000000
rs2070507	22	22277571	NC	-0.042122	0.499174
rs9610645	22	22288560	NC	0.025548	0.483172
GSA-rs240068	22	22290403	NC	0.055943	0.006527
GSA-rs117218983	22	22304127	NC	-0.023324	0.000000
rs9610690	22	22304943	NC	-0.050516	0.982748
chr22-22316765	22	22316765	NC	-0.076237	0.501490
rs199633721	22	22318346	NC	-0.007435	0.459229
GSA-rs75602167	22	22318354	NC	0.067115	0.504799
rs143308485	22	22318364	NC	0.035775	1.000000
rs9610728	22	22318538	NC	0.041868	0.484555
rs181255589	22	22318568	NC	-0.061897	0.000000
rs239927	22	22330082	NC	0.020379	0.503090
GSA-rs5756326	22	22335639	NC	0.083820	0.494732
rs238783	22	22342195	NC	0.023947	1.000000
GSA-rs77973739	22	22342678	NC	0.049170	0.000763
GSA-rs116872618	22	22343023	NC	-0.078081	0.487695
rs1866859	22	22343553	NC	-0.038212	0.504015
GSA-rs4821537	22	22344848	NC	-0.004281	0.015394
rs34643644	22	22349201	NC	0.145855	0.003258
rs1016548	22	22355496	NC	-0.147870	0.505294
GSA-rs117775579	22	22357620	NC	-0.026861	0.517485
rs6000509	22	22358201	NC	0.105824	1.000000
rs61139	22	22360650	NC	-0.034967	0.491790
GSA-rs17821917	22	22372518	NC	-0.131355	0.008154
rs56786473	22	22372593	NC	-0.097345	1.000000
GSA-rs60507728	22	22375705	NC	-0.087201	0.999490
rs12159720	22	22377206	NC	0.011224	0.000000
GSA-rs58036485	22	22384364	NC	0.020417	0.976859
rs366116	22	22394227	NC	-0.096028	0.977313
rs4820285	22	22399916	NC	0.088063	0.479005
GSA-rs5756660	22	22401170	NC	-0.029265	0.496125
rs5750427	22	22401267	NC	-0.007745	0.006733
rs5750432	22	22402940	NC	0.040727	0.000000
rs13340082	22	22404083	NC	-0.070210	0.486168
rs5756720	22	22416707	NC	0.024901	0.506840
rs5750449	22	22418813	NC	-0.025402	1.000000
GSA-rs4490292	22	22419249	NC	0.078167	0.490171
rs6000820	22	22421249	NC	0.062559	0.488677
GSA-rs17820606	22	22421412	NC	-0.090881	0.975301
rs6000838	22	22422622	NC	-0.013522	0.504330
rs1894252	22	22426145	NC	-0.026858	0.020432
GSA-rs118039352	22	22426545	NC	0.036045	0.000000
rs7291038	22	22428083	NC	-0.033451	0.492808
GSA-rs16982463	22	22428155	NC	-0.031040	0.494535
GSA-rs743529	22	22435843	NC	-0.131158	0.000000
rs5756807	22	22437655	NC	-0.064159	0.495680
rs1894251	22	22440499	NC	-0.159421	0.000000
rs5750496	22	22440788	NC	-0.028290	0.000000
GSA-rs13058323	22	22440829	NC	-0.054748	0.489941
rs7286062	22	22450073	NC	0.068929	0.520276
GSA-rs12484368	22	22451791	NC	-0.024549	0.508588
GSA-rs67371756	22	22454496	NC	0.086256	0.484842
GSA-rs78826497	22	22456900	NC	0.032795	0.486846
GSA-rs117097235	22	22467903	NC	-0.174496	0.490938
GSA-rs77392912	22	22478113	NC	0.013560	0.008410
GSA-rs117931929	22	22479924	NC	0.026403	1.000000
rs5756977	22	22484210	NC	0.029721	0.999433
rs5756987	22	22486646	NC	-0.002673	0.475704
rs9637337	22	22489904	NC	0.052532	0.000000
GSA-rs116846750	22	22493764	NC	-0.082734	0.986259
GSA-rs17558061	22	22505762	NC	0.002150	0.000000
rs5750619	22	22517705	NC	-0.073733	0.000000
GSA-rs5757136	22	22517826	NC	-0.061481	0.000000
GSA-rs5757142	22	22518517	NC	-0.043075	0.000000
rs743518	22	22522265	NC	-0.074944	0.504872
rs2105815	22	22531074	NC	-0.016796	0.496756
rs5757247	22	22531572	NC	-0.033279	0.487361
GSA-rs4991801	22	22533348	NC	-0.049508	0.498486
GSA-rs16985406	22	22535082	NC	-0.017389	0.984830
GSA-rs8139876	22	22535973	NC	-0.054724	0.515968
rs4145536	22	22536846	NC	0.111171	0.000000
rs10483109	22	22537581	NC	0.014167	1.000000
GSA-rs111460696	22	22548577	NC	-0.006288	1.000000
GSA-rs7293219	22	22548831	NC	-0.095015	0.000000
GSA-rs9619829	22	22549738	NC	-0.041052	0.001964
GSA-rs77180908	22	22554512	NC	0.006984	0.490365
GSA-rs9623076	22	22560977	NC	-0.028702	0.993060
rs2040345	22	22561973	NC	-0.045797	0.508140
GSA-rs138843768	22	22563845	NC	-0.129633	0.500996
chr22-22569469	22	22569469	NC	-0.059582	1.000000
rs140258196	22	22569609	NC	0.040952	1.000000
rs116733113	22	22569649	NC	-0.031617	0.985905
rs12159423	22	22573637	NC	-0.136944	1.000000
GSA-rs78501378	22	22579286	NC	0.092954	0.000000
rs5757568	22	22583571	NC	0.047368	0.000000
rs8141482	22	22584809	NC	-0.042352	0.502334
GSA-rs6001548	22	22597173	NC	0.179573	0.985694
GSA-rs11089978	22	22599216	NC	0.020737	0.508981
rs77632478	22	22603373	NC	-0.096069	0.492318
GSA-rs370528154	22	22668453	NC	-0.043876	1.000000
rs140594791	22	22681967	NC	-0.013063	0.000000
GSA-rs16987300	22	22696066	NC	-0.013110	0.502766
rs148899698	22	22698031	NC	0.079499	0.502251
GSA-rs10483111	22	22702390	NC	-0.014784	0.987313
GSA-rs112049143	22	22702508	NC	-0.023455	0.008725
GSA-rs2330108	22	22716637	NC	0.028886	0.986752
GSA-rs713654	22	22727571	NC	-0.080380	1.000000
GSA-rs75791812	22	22737744	NC	0.111022	1.000000
rs116998290	22	22741239	NC	0.127056	0.496055
GSA-rs12158271	22	22743959	NC	-0.074698	0.970153
GSA-rs79901931	22	22753204	NC	-0.014681	0.518551
GSA-rs2156885	22	22775802	NC	-0.020321	0.493844
rs111480336	22	22782258	NC	-0.017003	0.494730
GSA-rs5751064	22	22782477	NC	0.111951	0.986222
GSA-rs143355132	22	22786144	NC	0.056333	0.507711
GSA-rs6002371	22	22801645	NC	-0.071663	0.000000
GSA-rs1894242	22	22806795	NC	0.003709	0.494192
GSA-rs7291770	22	22811375	NC	0.009567	1.000000
GSA-rs117755520	22	22811601	NC	0.081313	0.000000
chr22-22868626	22	22868626	NC	-0.063219	0.486112
GSA-rs76383811	22	22869439	NC	-0.071598	0.501065
rs149749715	22	22869477	NC	0.070032	0.012402
GSA-rs117276452	22	22875841	NC	0.107624	1.000000
GSA-rs59717931	22	22878110	NC	-0.077724	0.997388
GSA-rs144672120	22	22886433	NC	0.041062	0.494430
GSA-rs61178761	22	22889639	NC	-0.035774	0.991044
GSA-rs61730840	22	22890552	NC	0.018868	0.482070
GSA-rs143505065	22	22890869	NC	-0.016776	1.000000
GSA-rs16989531	22	22893823	NC	-0.095684	0.490570
chr22-22898325	22	22898325	NC	-0.033033	0.493393
rs139219466	22	22898343	NC	0.089240	0.000000
chr22-22901816	22	22901816	NC	0.016912	0.497064
GSA-rs117138581	22	22902760	NC	0.052452	0.497235
GSA-rs148069608	22	22940409	NC	-0.035852	0.498122
GSA-rs16990531	22	23011972	NC	-0.042957	0.518311
GSA-rs10483113	22	23019958	NC	0.148050	0.482489
GSA-rs76124814	22	23032847	NC	0.023907	0.000000
GSA-rs59747512	22	23038081	NC	-0.116605	0.986445
GSA-rs112989302	22	23049065	NC	-0.048603	0.500511
GSA-rs62218439	22	23057420	NC	-0.037547	0.000000
GSA-rs117502909	22	23060499	NC	-0.005707	0.522086
rs191985323	22	23063421	NC	0.137087	0.500416
GSA-rs62220405	22	23098587	NC	-0.105669	0.498037
GSA-rs6003288	22	23106898	NC	0.149916	0.503150
GSA-rs117397387	22	23110658	NC	0.028623	0.993617
GSA-rs12159531	22	23125050	NC	0.009144	0.497763
GSA-rs75410681	22	23130548	NC	0.061651	1.000000
chr22-23161646	22	23161646	NC	0.065991	1.000000
GSA-rs5996399	22	23173290	NC	0.041029	0.000000
GSA-rs77881253	22	23180275	NC	0.051833	0.973681
GSA-rs5759488	22	23184117	NC	0.001860	0.498790
GSA-rs13058682	22	23205980	NC	0.005427	0.994115
GSA-rs144507690	22	23240507	NC	-0.014157	1.000000
GSA-rs117956113	22	23250088	NC	-0.041098	0.500323
rs1475930	22	23250737	NC	-0.058462	0.982651
rs189343862	22	23256422	NC	0.003618	0.499696
rs118093337	22	23257499	NC	0.078722	0.498309
rs6003388	22	23258438	NC	0.011608	0.490633
rs76121504	22	23260329	NC	0.016598	0.015284
GSA-rs368346609	22	23262118	NC	0.130274	1.000000
GSA-rs115248992	22	23262137	NC	0.006953	0.989516
rs737885	22	23263708	NC	0.003632	0.995788
GSA-rs394409	22	23266118	NC	-0.053071	0.000000
GSA-rs5759535	22	23268390	NC	-0.129944	0.999026
GSA-rs78339303	22	23270732	NC	0.041442	0.479540
rs429942	22	23275227	NC	-0.038594	1.000000
rs436599	22	23276421	NC	-0.014412	0.000000
rs463235	22	23278593	NC	-0.047201	0.508997
GSA-rs7288450	22	23278613	NC	-0.038528	1.000000
GSA-rs8139942	22	23279385	NC	0.030140	0.009342
rs2106122	22	23279752	NC	0.024615	0.995044
GSA-rs147712328	22	23281789	NC	-0.076807	0.975482
GSA-rs756737	22	23283517	NC	0.051746	0.997754
rs5759542	22	23283632	NC	-0.149493	0.000000
rs10470284	22	23284781	NC	0.162766	1.000000
GSA-rs73166817	22	23285223	NC	0.056657	0.005012
rs12160186	22	23285967	NC	-0.033796	0.525189
rs459488	22	23286059	NC	0.180072	1.000000
GSA-rs11703761	22	23287367	NC	0.016285	0.999483
GSA-rs9623979	22	23291613	NC	0.051944	0.508361
rs11705658	22	23292407	NC	0.010665	0.996814
rs9612174	22	23295133	NC	0.009612	0.981562
rs62220900	22	23296231	NC	-0.109808	0.984922
GSA-rs113522889	22	23299147	NC	-0.004543	0.005620
rs915613	22	23299769	NC	-0.021607	0.508247
rs2213953	22	23320339	NC	-0.029809	0.503361
GSA-rs137893834	22	23329477	NC	0.040715	0.502709
rs13053230	22	23335538	NC	-0.015156	0.000000
rs980595	22	23337642	NC	-0.029862	0.502428
GSA-rs62220905	22	23338634	NC	0.040237	1.000000
rs6003447	22	23339200	NC	0.072916	0.511240
GSA-rs73166864	22	23340580	NC	-0.002993	0.501452
GSA-rs56102358	22	23350450	NC	-0.041940	0.994456
rs116873473	22	23350708	NC	0.008180	0.517184
GSA-rs77978020	22	23352798	NC	0.010105	0.002126
rs78529900	22	23353442	NC	0.106590	0.512543
GSA-rs6003461	22	23362084	NC	-0.068832	1.000000
rs11705689	22	23375062	NC	-0.204524	0.000000
GSA-rs74332294	22	23375624	NC	-0.136720	0.000192
GSA-rs6003484	22	23379985	NC	-0.009081	0.000000
GSA-rs112864221	22	23380766	NC	0.013643	0.497955
GSA-rs187564522	22	23395750	NC	0.035301	0.504062
GSA-rs55978620	22	23397014	NC	-0.030030	0.498143
GSA-rs55964741	22	23401865	NC	-0.035328	0.000000
rs114722798	22	23406302	NC	0.067811	0.008433
rs9624019	22	23407301	NC	-0.082684	0.985004
rs5751574	22	23416005	NC	-0.054389	0.497531
GSA-22:23417593	22	23417593	NC	0.052220	0.000000
rs6003497	22	23421736	NC	0.075279	0.503760
GSA-rs79581211	22	23430889	NC	0.109037	0.000000
GSA-rs75764644	22	23445483	NC	0.019936	0.492957
GSA-rs2283801	22	23454485	NC	0.034476	0.510362
rs2283803	22	23454881	NC	-0.093062	0.491542
rs2267000	22	23455366	NC	-0.004233	0.509606
GSA-rs117327666	22	23460443	NC	0.052788	0.520337
GSA-rs56339124	22	23461300	NC	0.000944	1.000000
GSA-rs79854927	22	23468790	NC	-0.007394	0.482211
GSA-rs77460005	22	23474579	NC	0.049377	0.984878
rs56369240	22	23474756	NC	-0.066026	0.495456
GSA-rs117809204	22	23475102	NC	-0.029575	0.482883
rs116303473	22	23476266	NC	-0.015016	0.000000
rs35211242	22	23482483	NC	-0.010080	0.490562
rs148686768	22	23482528	NC	0.042774	0.977380
rs78340958	22	23486453	NC	-0.048151	0.000000
rs61747143	22	23488859	NC	0.072403	0.999901
GSA-rs9612247	22	23492082	NC	0.011395	0.992123
rs5751592	22	23497674	NC	-0.015808	0.003665
chr22-23503185	22	23503185	NC	0.041624	0.994366
chr22-23503186	22	23503186	NC	-0.057734	0.512976
rs4820541	22	23504405	NC	0.021459	0.016280
GSA-rs141042691	22	23506771	NC	-0.128085	0.512220
exm2264740	22	23506826	NC	0.056029	0.532071
rs768513	22	23512554	NC	-0.131671	0.000904
GSA-rs5759646	22	23545434	NC	-0.092279	0.497301
GSA-rs117582309	22	23558688	NC	-0.021005	0.505956
rs762601	22	23568858	NC	0.081627	0.000000
GSA-rs117802493	22	23571481	NC	0.107398	0.008649
rs6003582	22	23584163	NC	0.084755	0.004481
GSA-rs5996503	22	23584361	NC	0.001265	0.513838
rs80233084	22	23584441	NC	0.063728	1.000000
rs5759661	22	23587341	NC	-0.025912	1.000000
rs5751613	22	23587894	NC	0.096834	0.000000
GSA-rs118119551	22	23592166	NC	-0.049766	0.485375
GSA-rs5751614	22	23593051	NC	0.021005	0.989700
GSA-rs73152641	22	23598009	NC	-0.021111	0.986619
GSA-rs73152643	22	23602419	NC	-0.006590	0.991040
rs200190160	22	23603636	NC	-0.119729	1.000000
GSA-rs140502	22	23606544	NC	0.039252	0.000000
GSA-rs79769038	22	23610765	NC	0.082830	1.000000
GSA-rs17533177	22	23610800	NC	0.021699	0.481339
GSA-rs117486344	22	23611456	NC	0.080343	0.492898
GSA-rs5759676	22	23621387	NC	-0.039817	0.010423
rs7288846	22	23623284	NC	-0.012285	0.502938
GSA-rs35727393	22	23627256	NC	0.078268	1.000000
rs140504	22	23627369	NC	0.008948	0.488304
GSA-rs73152652	22	23631147	NC	-0.121282	0.006959
rs2229038	22	23634790	NC	0.027276	0.000356
rs73388594	22	23644631	NC	0.069365	0.521403
rs9608102	22	23644794	NC	-0.091711	0.493041
rs2267027	22	23648478	NC	0.029324	0.510411
rs131693	22	23649242	NC	0.079304	1.000000
GSA-rs77227437	22	23657766	NC	0.006646	0.999358
GSA-rs1042660	22	23658006	NC	0.034941	1.000000
GSA-rs116875264	22	23665372	NC	0.043642	0.490141
GSA-rs77982068	22	23667018	NC	0.069456	1.000000
rs5759723	22	23673094	NC	0.004677	0.501659
GSA-rs8141321	22	23680734	NC	0.042498	0.000000
GSA-rs8142297	22	23688345	NC	0.023488	0.000438
GSA-rs8137677	22	23688412	NC	0.028852	0.520265
rs4820550	22	23695404	NC	0.032646	1.000000
rs5759742	22	23700907	NC	0.059458	0.024551
rs9612334	22	23708020	NC	-0.235016	0.499073
GSA-rs9608133	22	23710013	NC	-0.043245	0.021028
rs2073386	22	23712520	NC	-0.062607	1.000000
rs5996529	22	23712647	NC	-0.046340	0.513925
rs8142127	22	23717465	NC	0.056141	0.000000
GSA-rs28656233	22	23737214	NC	-0.061833	1.000000
GSA-rs77473109	22	23739622	NC	0.047652	0.511798
GSA-rs55756930	22	23740460	NC	0.040292	0.492427
rs2330452	22	23754578	NC	-0.026853	0.982457
rs7284162	22	23755228	NC	-0.027444	0.000320
GSA-rs62218982	22	23756475	NC	-0.018059	0.501609
rs6003697	22	23757786	NC	-0.139604	1.000000
rs4822406	22	23757964	NC	0.010768	0.500861
GSA-rs4991267	22	23758531	NC	0.086716	1.000000
rs5751654	22	23763114	NC	0.070988	0.504468
rs9612352	22	23763969	NC	-0.010522	0.002912
GSA-rs4822409	22	23765006	NC	0.029847	0.495091
GSA-rs115151152	22	23765246	NC	-0.086831	0.028352
rs4822410	22	23765265	NC	0.070493	0.496816
GSA-rs17001563	22	23766423	NC	0.063860	0.498484
rs76095513	22	23769665	NC	0.073868	1.000000
rs6003708	22	23770554	NC	0.083467	0.007861
rs5751660	22	23781075	NC	0.004106	0.488099
GSA-rs73880824	22	23787187	NC	0.029026	0.505328
rs117490704	22	23788736	NC	0.044047	0.482588
GSA-rs150455125	22	23808436	NC	0.111020	0.472788
rs5759832	22	23815760	NC	-0.021510	1.000000
GSA-rs4822416	22	23816428	NC	-0.055130	0.496979
rs7289380	22	23817486	NC	0.015116	1.000000
rs17002022	22	23827584	NC	0.009956	1.000000
rs140157	22	23836819	NC	-0.054922	0.990548
rs58155100	22	23842972	NC	0.046930	0.000000
GSA-rs5996564	22	23843439	NC	-0.048842	1.000000
GSA-rs140161	22	23845547	NC	0.032290	0.013489
GSA-rs6003747	22	23846436	NC	-0.076207	0.508162
GSA-rs1108741	22	23846520	NC	0.033376	1.000000
rs79937830	22	23847843	NC	-0.000038	1.000000
rs5759855	22	23849044	NC	0.077278	0.000000
GSA-rs117639432	22	23849126	NC	-0.076085	0.501731
GSA-rs73395362	22	23849683	NC	-0.024681	0.494421
rs9612366	22	23850130	NC	0.019536	0.000000
GSA-rs140827489	22	23851629	NC	-0.076803	0.484102
rs4822422	22	23852494	NC	0.004069	0.028884
GSA-rs118029159	22	23852526	NC	0.128655	0.495459
rs4629265	22	23854226	NC	0.023691	0.000000
rs738781	22	23854282	NC	-0.046155	0.503904
GSA-rs117477639	22	23855320	NC	0.083969	1.000000
GSA-rs113173094	22	23856954	NC	-0.011291	0.991135
rs9620283	22	23858666	NC	0.026819	0.505653
GSA-rs4822423	22	23867924	NC	0.073210	1.000000
rs5759882	22	23872787	NC	-0.042289	0.992344
GSA-rs112790080	22	23874713	NC	-0.031941	0.520888
GSA-rs111264312	22	23875592	NC	-0.101895	0.502373
GSA-rs79839343	22	23875963	NC	0.106272	0.992550
GSA-rs139505206	22	23886337	NC	-0.025774	0.002377
GSA-rs371914942	22	23889980	NC	0.021935	0.500559
rs179304	22	23894242	NC	0.085249	0.515278
GSA-rs74336902	22	23898047	NC	0.036584	0.501678
rs9620289	22	23899964	NC	0.062612	0.497142
GSA-rs73878950	22	23912806	NC	-0.060647	0.024496
GSA-rs115415403	22	23912877	NC	0.063380	0.992212
GSA-rs149967788	22	23913717	NC	0.032684	0.507710
GSA-rs117166029	22	23916424	NC	0.019875	0.010532
GSA-rs12167599	22	23920102	NC	0.029984	0.003451
GSA-rs116760479	22	23922281	NC	0.036202	1.000000
rs131422	22	23923425	NC	0.059050	1.000000
rs12627824	22	23925335	NC	-0.033139	0.996883
rs131428	22	23925431	NC	-0.023280	0.498373
GSA-rs118124522	22	23925566	NC	0.068030	0.010290
rs131429	22	23925779	NC	-0.082596	0.006787
rs66623543	22	23925837	NC	-0.111961	0.504920
rs11090262	22	23930279	NC	0.041403	0.000000
GSA-rs74337053	22	23934280	NC	0.032100	1.000000
rs3747125	22	23937732	NC	0.052571	0.000000
GSA-rs113670883	22	23938120	NC	-0.081734	1.000000
rs7288250	22	23938204	NC	0.058488	0.003089
rs60644391	22	23938941	NC	0.182349	0.502835
rs17627842	22	23948561	NC	-0.028891	0.492338
rs10427863	22	23949744	NC	-0.031388	0.505005
rs5759930	22	23949997	NC	-0.040095	0.989532
rs34140548	22	23951928	NC	-0.033778	0.482580
rs9624229	22	23952160	NC	0.053434	0.502897
GSA-rs17627963	22	23955765	NC	-0.003472	0.494904
GSA-rs55926718	22	23956673	NC	0.137558	0.011333
rs150057438	22	23959054	NC	0.084889	0.485122
rs61479247	22	23963154	NC	-0.085713	0.525038
chr22-23968167	22	23968167	NC	-0.053557	1.000000
GSA-rs12167140	22	23971028	NC	0.014473	1.000000
rs3827318	22	23974200	NC	-0.060622	0.494110
GSA-rs117215798	22	23975185	NC	0.071769	0.492480
rs9306387	22	23979219	NC	0.023961	0.988770
GSA-rs6003824	22	23993051	NC	-0.074430	0.492144
GSA-rs6519460	22	23996463	NC	0.052932	0.503008
GSA-rs1807624	22	24017929	NC	-0.088881	0.000000
GSA-rs2330579	22	24024430	NC	0.031083	0.000000
rs8140340	22	24029646	NC	0.088664	0.995569
GSA-rs2070446	22	24035970	NC	-0.099451	0.000000
rs140819650	22	24038809	NC	-0.120031	0.009062
rs1007298	22	24038847	NC	0.013369	0.482087
GSA-rs117585592	22	24039410	NC	-0.011239	0.001105
chr22-24040405	22	24040405	NC	-0.005682	0.498843
GSA-rs45570945	22	24040692	NC	0.025282	0.995771
chr22-24041058	22	24041058	NC	0.123719	0.506026
GSA-rs11090282	22	24042963	NC	-0.040693	0.000000
GSA-rs79084668	22	24047199	NC	0.058193	0.000000
rs6003847	22	24047657	NC	0.021277	1.000000
GSA-rs76433013	22	24048743	NC	0.061060	0.494073
GSA-rs6003849	22	24049993	NC	-0.058188	0.482271
GSA-rs117412075	22	24074312	NC	0.036089	0.000000
GSA-rs76241428	22	24083128	NC	0.074833	0.501780
GSA-rs41277301	22	24086026	NC	0.042031	0.489736
rs149048131	22	24086640	NC	-0.006516	1.000000
GSA-rs6003872	22	24094295	NC	0.004987	0.527544
chr22-24095268	22	24095268	NC	-0.042286	1.000000
rs184593742	22	24095337	NC	-0.071623	0.000649
rs2070453	22	24096400	NC	0.003365	1.000000
rs1076123	22	24096783	NC	0.109716	1.000000
GSA-rs2330621	22	24105274	NC	-0.023787	0.489763
rs2298375	22	24106448	NC	0.033076	0.004276
rs143257161	22	24106506	NC	-0.011823	0.015197
chr22-24106840	22	24106840	NC	0.078319	1.000000
chr22-24107048	22	24107048	NC	-0.027810	0.000000
chr22-24108314	22	24108314	NC	-0.022356	0.000000
rs131444	22	24109550	NC	-0.039427	0.998554
rs111527940	22	24109588	NC	0.037127	0.000000
GSA-rs131445	22	24111044	NC	-0.104766	0.000000
rs738789	22	24116586	NC	0.051262	0.490244
rs28363642	22	24120982	NC	0.007536	0.990184
GSA-rs11704945	22	24121067	NC	0.114050	0.000000
rs28363645	22	24121288	NC	-0.001883	0.513129
rs200191913	22	24121539	NC	-0.102452	0.993718
rs199846081	22	24123479	NC	0.037030	0.494256
rs141200301	22	24123521	NC	-0.130700	0.500606
GSA-rs28363665	22	24123727	NC	-0.041371	0.492983
chr22-24124547	22	24124547	NC	-0.044746	0.496332
rs28382575	22	24125689	NC	-0.088840	0.000000
rs151200657	22	24125916	NC	-0.121844	0.503378
GSA-rs17003784	22	24131009	NC	-0.110441	0.001032
GSA-rs2073390	22	24133570	NC	0.066972	0.479833
GSA-rs34396426	22	24137149	NC	0.016333	0.000000
rs738800	22	24158315	NC	0.026912	0.017072
rs2186369	22	24170996	NC	-0.032953	0.519611
GSA-rs9612479	22	24172071	NC	-0.013462	0.489213
rs1128127	22	24179132	NC	-0.084407	0.000000
rs144605010	22	24179357	NC	0.053907	0.991721
GSA-rs5760063	22	24179819	NC	0.060809	0.999345
GSA-rs182066878	22	24184398	NC	-0.064611	0.000000
rs12159218	22	24184696	NC	0.073831	0.496521
rs762268	22	24187113	NC	-0.072477	0.507661
GSA-rs735750	22	24187123	NC	-0.001193	0.490839
rs5760066	22	24187820	NC	-0.022083	0.000000
rs738803	22	24192879	NC	0.052712	0.492089
rs5760071	22	24194941	NC	-0.056921	0.498169
rs2330625	22	24207962	NC	-0.068004	0.500759
rs2236620	22	24222710	NC	0.027372	0.993935
chr22-24226213	22	24226213	NC	-0.002172	0.990540
GSA-rs181437217	22	24226674	NC	0.049129	0.491651
GSA-rs60699980	22	24226890	NC	-0.079903	0.998130
rs28475393	22	24233046	NC	0.038808	0.000000
rs738806	22	24234172	NC	-0.027486	0.497871
rs5751759	22	24234493	NC	0.022237	1.000000
rs35565661	22	24237303	NC	0.037592	0.513850
rs62239046	22	24239868	NC	-0.006175	0.000000
GSA-rs5760093	22	24240340	NC	0.057087	0.497374
rs1007888	22	24241101	NC	-0.112145	0.488057
rs5760096	22	24247310	NC	-0.043994	0.000000
rs60114871	22	24256056	NC	0.033708	0.484692
rs4822461	22	24268120	NC	0.004358	0.501940
rs5760124	22	24272122	NC	-0.027002	0.987842
rs9620341	22	24312589	NC	-0.166636	0.000000
rs149353985	22	24313483	NC	-0.024213	0.031380
GSA-rs117446468	22	24402531	NC	0.058308	0.025407
rs738809	22	24405492	NC	-0.006110	0.503415
GSA-rs190649764	22	24409792	NC	0.020339	0.494376
GSA-rs140517486	22	24410374	NC	-0.115114	0.006605
rs5760180	22	24414829	NC	-0.124738	0.500356
GSA-rs117139356	22	24424831	NC	0.032025	0.986472
GSA-rs17640037	22	24427490	NC	-0.038261	1.000000
GSA-rs4822470	22	24428001	NC	0.083871	0.501817
rs201341706	22	24434850	NC	0.058274	0.494594
rs5760189	22	24442459	NC	-0.029319	0.995701
GSA-rs17640355	22	24445320	NC	-0.150417	0.502373
GSA-rs17004823	22	24447303	NC	-0.066816	1.000000
rs192766862	22	24447436	NC	0.029965	0.000036
rs184430120	22	24451389	NC	-0.020989	0.478566
rs201606398	22	24456455	NC	0.014707	0.004990
rs140878813	22	24456473	NC	-0.107273	0.969403
rs200164122	22	24456518	NC	0.039235	0.522172
GSA-rs182210831	22	24458016	NC	-0.007526	0.496076
GSA-rs13058260	22	24459843	NC	-0.066856	0.497945
GSA-rs9624395	22	24460593	NC	0.051082	0.503020
GSA-rs112234981	22	24462180	NC	-0.031897	0.520497
rs3788367	22	24463996	NC	-0.050974	0.000000
rs3827321	22	24464377	NC	-0.062407	0.989216
rs62231971	22	24466964	NC	0.040377	0.000000
rs113890347	22	24469083	NC	-0.020691	0.981528
GSA-rs117829709	22	24469397	NC	0.040899	0.487984
GSA-rs117340640	22	24477037	NC	0.031855	1.000000
chr22-24483633	22	24483633	NC	-0.014189	0.998561
rs185237636	22	24487546	NC	0.024879	0.000000
rs117908385	22	24487739	NC	0.040214	0.501093
rs149239737	22	24509645	NC	-0.071590	0.509418
GSA-rs111736007	22	24509986	NC	-0.018962	0.509877
GSA-rs77353424	22	24515881	NC	0.083949	0.007254
GSA-rs73167538	22	24522144	NC	-0.053315	0.010720
GSA-rs189936288	22	24525666	NC	-0.026587	0.013937
rs9612557	22	24535630	NC	0.038680	0.515617
GSA-rs117001360	22	24539368	NC	0.051327	1.000000
GSA-rs142452636	22	24545912	NC	0.070032	0.978223
rs145513360	22	24567795	NC	0.037581	0.516400
GSA-rs75303441	22	24571852	NC	-0.018704	0.973588
rs144524781	22	24574054	NC	0.079613	0.503665
chr22-24580210	22	24580210	NC	-0.007095	0.516045
rs8141797	22	24582041	NC	-0.033675	0.000000
rs143805165	22	24582080	NC	-0.103167	0.003184
rs9608247	22	24587303	NC	-0.027615	0.997251
GSA-rs35344394	22	24594349	NC	0.054513	0.023592
rs6004094	22	24608924	NC	-0.088022	0.984716
GSA-rs117077425	22	24610854	NC	0.091922	0.999025
GSA-rs7288201	22	24621293	NC	-0.057737	1.000000
GSA-rs140980900	22	24621541	NC	-0.051079	0.000000
rs149456868	22	24622188	NC	-0.001259	0.001097
rs2275984	22	24622648	NC	0.077586	0.000000
GSA-rs117249571	22	24628908	NC	-0.058541	0.488939
GSA-rs116976546	22	24629912	NC	0.000629	0.995858
rs2267073	22	24639069	NC	-0.091662	0.521282
GSA-rs204711	22	24643540	NC	-0.043831	0.498118
GSA-rs181246888	22	24667478	NC	0.017646	1.000000
GSA-rs57636940	22	24679907	NC	0.023402	0.487263
GSA-rs74444893	22	24682696	NC	-0.028310	0.486927
GSA-rs146982683	22	24704732	NC	-0.055428	0.000000
rs35783914	22	24709420	NC	0.013332	0.994077
rs5751846	22	24715049	NC	-0.108731	0.000000
rs140178777	22	24717258	NC	0.108502	1.000000
rs148203655	22	24717411	NC	-0.026859	0.487090
rs56168869	22	24717510	NC	0.047699	0.004251
rs142144652	22	24717517	NC	-0.056499	1.000000
rs55723436	22	24718408	NC	0.055588	0.496511
rs201275356	22	24718681	NC	0.065237	0.960186
GSA-rs71318977	22	24723444	NC	-0.066721	0.490659
rs201618130	22	24726329	NC	-0.020570	0.502485
rs2298380	22	24726718	NC	-0.038683	0.502660
GSA-rs78254370	22	24729210	NC	0.045293	0.479479
GSA-rs7293001	22	24742493	NC	-0.077632	0.488360
GSA-rs62233136	22	24744702	NC	0.014655	0.497298
GSA-rs62233138	22	24745877	NC	-0.028944	1.000000
GSA-rs188902098	22	24748394	NC	-0.075295	0.493015
GSA-rs5760364	22	24755025	NC	-0.105615	0.977758
GSA-rs79694428	22	24764081	NC	-0.022522	0.991350
GSA-rs28659842	22	24776451	NC	0.004776	0.000000
GSA-rs117071777	22	24797178	NC	-0.026781	0.008881
GSA-rs34531254	22	24798294	NC	-0.061690	0.498081
GSA-rs76082184	22	24801367	NC	0.073653	0.000000
rs5760405	22	24813841	NC	-0.104187	0.990074
rs5760410	22	24815406	NC	0.090465	0.996117
rs3761422	22	24826672	NC	-0.025751	0.513545
rs5996696	22	24827622	NC	0.075052	0.010751
rs71651683	22	24828853	NC	0.059258	0.505664
rs2267076	22	24830595	NC	0.090455	0.003041
rs2236624	22	24836024	NC	-0.028438	0.501811
rs5751876	22	24837301	NC	0.006521	0.009393
GSA-rs17651189	22	24844883	NC	-0.100058	1.000000
GSA-rs186518929	22	24863017	NC	0.003977	0.478748
GSA-rs143454032	22	24876628	NC	-0.003951	0.481905
rs4822502	22	24881781	NC	0.174004	0.483898
GSA-rs1543757	22	24882925	NC	-0.043119	0.009808
GSA-rs62231885	22	24888192	NC	0.083286	0.992768
rs200145797	22	24891462	NC	-0.003353	0.000000
rs3788372	22	24894856	NC	-0.014053	1.000000
GSA-rs5760457	22	24895416	NC	0.024363	0.011297
GSA-rs73169837	22	24895723	NC	-0.094200	0.000000
chr22-24896073	22	24896073	NC	0.063977	0.993208
GSA-rs117578416	22	24897241	NC	0.032406	0.504717
rs138872001	22	24898175	NC	-0.074027	0.489299
rs2232866	22	24898310	NC	0.070021	1.000000
rs79110614	22	24898353	NC	-0.071507	1.000000
GSA-rs8142051	22	24901186	NC	-0.035072	0.987750
GSA-rs117038722	22	24904003	NC	-0.067554	1.000000
rs140330	22	24908352	NC	-0.114022	0.500725
GSA-rs117529934	22	24914297	NC	-0.161021	0.020317
rs143493067	22	24919586	NC	0.018118	0.502965
GSA-rs118163237	22	24919647	NC	-0.005295	0.501625
GSA-rs114662807	22	24924177	NC	-0.071510	0.481025
rs6004179	22	24933069	NC	0.089851	0.485801
GSA-rs9704	22	24936970	NC	-0.111643	0.487795
rs141689012	22	24944943	NC	0.025098	0.996601
GSA-rs73152516	22	24955484	NC	-0.032750	0.000000
GSA-rs713666	22	24955609	NC	0.020861	0.000000
GSA-rs146711207	22	24955863	NC	-0.066980	0.000000
GSA-rs117279121	22	24971692	NC	-0.054582	0.000000
chr22-24984261	22	24984261	NC	0.018425	1.000000
rs4820599	22	24990213	NC	0.035044	0.989217
rs2070477	22	24990916	NC	0.001772	0.998580
rs5751901	22	24992266	NC	-0.003457	0.516178
rs5751902	22	24996630	NC	-0.120929	0.512378
GSA-rs186765281	22	25010855	NC	-0.006145	1.000000
GSA-rs9624542	22	25069276	NC	0.099855	0.000000
rs5760575	22	25079925	NC	0.073684	0.000000
rs5751940	22	25086734	NC	0.031116	1.000000
rs5760584	22	25089751	NC	0.021789	0.999764
rs743377	22	25097248	NC	-0.006073	0.507303
rs9612740	22	25099115	NC	-0.018620	0.019165
GSA-rs5996749	22	25100466	NC	0.056330	0.000000
GSA-rs9608323	22	25102033	NC	-0.012501	1.000000
rs5760596	22	25103024	NC	0.132279	0.985503
rs2007382	22	25109027	NC	-0.044298	0.001054
rs115525	22	25112325	NC	-0.030866	0.514709
rs131476	22	25117920	NC	0.028101	1.000000
GSA-rs73152579	22	25124143	NC	-0.093086	0.507781
rs148034582	22	25124155	NC	0.026894	0.508807
GSA-rs118105649	22	25128338	NC	-0.067961	0.494794
rs6004252	22	25129826	NC	0.168350	0.501539
rs5760613	22	25130948	NC	0.026729	0.496103
rs8139987	22	25131425	NC	0.010447	0.000000
GSA-rs74510932	22	25135200	NC	0.049909	0.012409
chr22-25145369	22	25145369	NC	0.009592	1.000000
rs75611858	22	25152511	NC	0.015673	1.000000
GSA-rs79429059	22	25153457	NC	-0.004016	0.514924
GSA-rs56032751	22	25158445	NC	-0.005122	0.000000
rs1001445	22	25168397	NC	0.019826	0.496766
rs117841213	22	25168878	NC	0.106092	0.998512
rs5751997	22	25187544	NC	-0.051508	1.000000
GSA-rs139606	22	25189055	NC	-0.044720	0.507450
GSA-rs117357447	22	25194795	NC	-0.049361	0.502453
GSA-rs41281559	22	25200426	NC	-0.006238	0.499623
rs139622	22	25205100	NC	0.008505	1.000000
GSA-rs117091576	22	25206344	NC	0.037736	0.495593
rs7287595	22	25208398	NC	-0.057906	1.000000
rs12170037	22	25209481	NC	-0.074267	1.000000
rs5996763	22	25209724	NC	0.007659	0.000000
rs1883993	22	25211229	NC	-0.012100	1.000000
rs5760680	22	25211793	NC	0.050441	0.993435
GSA-rs73155726	22	25214733	NC	-0.003886	0.471482
rs9612777	22	25217740	NC	-0.089845	1.000000
GSA-rs9608342	22	25220446	NC	-0.104714	0.496354
rs4820615	22	25223662	NC	0.030921	1.000000
GSA-rs7288359	22	25225580	NC	-0.029947	0.492851
rs139633	22	25225879	NC	-0.104987	0.014669
GSA-rs116886049	22	25227705	NC	-0.048966	0.008240
rs139646	22	25232862	NC	-0.062099	0.509356
rs139662	22	25242592	NC	0.064678	0.485800
rs9620446	22	25245838	NC	0.087293	0.013715
rs41516144	22	25256011	NC	-0.019101	0.491974
rs4572701	22	25260984	NC	0.108232	0.512271
rs56022312	22	25263048	NC	0.006707	0.506501
rs9917557	22	25269424	NC	0.066825	0.506691
rs6004338	22	25269518	NC	-0.250696	0.503884
GSA-rs6004341	22	25274327	NC	-0.062440	1.000000
GSA-rs16979152	22	25280841	NC	-0.055836	0.478688
rs16979179	22	25282711	NC	-0.035260	0.505202
GSA-rs8142617	22	25283063	NC	0.051755	0.500239
rs4541332	22	25283602	NC	0.025207	0.000000
rs139724	22	25284829	NC	0.039267	0.517553
rs139729	22	25286983	NC	-0.046394	1.000000
GSA-rs9612804	22	25287528	NC	-0.114107	0.493371
GSA-rs116892768	22	25287815	NC	0.050702	0.512617
rs75850566	22	25288102	NC	0.083484	0.000000
rs2877253	22	25290487	NC	-0.098905	0.988398
GSA-rs73157918	22	25290643	NC	0.063663	1.000000
GSA-rs2073201	22	25294369	NC	0.098980	1.000000
GSA-rs2073202	22	25294376	NC	-0.088281	0.000000
rs139735	22	25297338	NC	0.029674	0.491666
rs139736	22	25297404	NC	-0.172318	0.490186
GSA-rs139740	22	25298169	NC	-0.007771	0.008065
rs11914055	22	25303941	NC	0.027156	0.014908
rs73157931	22	25307611	NC	-0.128327	0.507318
rs139763	22	25308272	NC	0.030063	0.526435
GSA-rs60529841	22	25308991	NC	-0.045724	0.505354
rs1997886	22	25314193	NC	-0.088200	0.000000
rs5760738	22	25320371	NC	0.110487	0.488619
GSA-rs118007271	22	25330911	NC	0.065357	0.999125
GSA-rs41281561	22	25347070	NC	-0.029465	1.000000
rs715554	22	25351379	NC	0.145511	0.498353
rs9620475	22	25376200	NC	-0.037262	0.000000
rs11090362	22	25381045	NC	-0.036467	0.497066
GSA-rs137890971	22	25386266	NC	0.027517	0.002556
GSA-rs113973584	22	25390088	NC	0.022805	0.495807
GSA-rs77079889	22	25390274	NC	0.006287	0.000000
rs5752038	22	25390704	NC	-0.029715	0.497582
rs7287818	22	25393014	NC	-0.042984	0.510940
rs5752040	22	25397740	NC	-0.115710	0.509439
GSA-rs80040835	22	25401483	NC	0.016885	0.498728
rs114434007	22	25414834	NC	-0.086544	1.000000
rs116376862	22	25415632	NC	-0.072028	0.524270
rs114525981	22	25415890	NC	0.040026	0.000000
rs115184250	22	25416023	NC	0.076491	0.000000
rs116692185	22	25416292	NC	-0.019797	0.006935
rs115437381	22	25419524	NC	-0.003544	0.495016
rs114205557	22	25420696	NC	-0.084119	0.000000
rs116342806	22	25426113	NC	0.011435	0.518742
rs114644317	22	25426950	NC	-0.014886	0.505416
rs192071285	22	25449764	NC	0.042494	0.014845
rs2006738	22	25454424	NC	0.101460	0.017627
rs2179237	22	25455087	NC	-0.036029	0.474632
rs5760818	22	25458813	NC	-0.030403	0.498773
rs8135118	22	25467632	NC	-0.045448	0.498811
rs9612851	22	25468406	NC	0.094982	0.509207
GSA-rs726133	22	25473134	NC	0.009746	0.000000
GSA-rs116914395	22	25474752	NC	0.037341	0.512925
rs5760837	22	25481086	NC	0.014595	1.000000
GSA-rs77161003	22	25481989	NC	-0.006926	0.998073
GSA-rs117875166	22	25488051	NC	0.041533	1.000000
rs1076047	22	25495049	NC	-0.081713	0.514264
GSA-rs77363603	22	25504247	NC	-0.044796	0.000000
rs7284432	22	25504760	NC	-0.084293	1.000000
GSA-rs9608369	22	25508375	NC	-0.037744	0.015494
rs2294371	22	25509030	NC	0.112577	0.997138
GSA-rs5760863	22	25510459	NC	-0.002878	0.500729
rs7289890	22	25510694	NC	-0.031186	0.508910
GSA-rs116988242	22	25530376	NC	-0.015332	0.502431
GSA-rs742164	22	25530408	NC	-0.037896	0.997629
rs5760868	22	25530896	NC	0.046558	0.500350
GSA-rs117502424	22	25541388	NC	0.014659	0.493799
GSA-rs9624734	22	25548986	NC	-0.005910	0.497690
GSA-rs190729144	22	25551002	NC	-0.076971	0.000000
GSA-rs55941025	22	25554936	NC	0.008489	0.014635
rs5760890	22	25569939	NC	-0.029356	0.000000
GSA-rs73162213	22	25571815	NC	0.061817	0.504839
rs5752075	22	25572748	NC	-0.074801	0.000000
GSA-rs117517166	22	25577862	NC	0.035115	0.000000
rs41281563	22	25595556	NC	0.053294	0.500976
GSA-rs60507348	22	25596227	NC	0.122437	0.502913
GSA-rs116080510	22	25596638	NC	0.003583	0.998689
chr22-25597439	22	25597439	NC	0.026690	0.490952
rs200457939	22	25599770	NC	-0.109080	1.000000
GSA-rs17670506	22	25599849	NC	-0.074183	0.515991
GSA-rs117311393	22	25601114	NC	-0.112231	0.494539
chr22-25601330	22	25601330	NC	0.001540	0.497589
rs4455261	22	25603018	NC	0.103935	0.989980
rs5760904	22	25603553	NC	-0.043467	0.000000
rs4820621	22	25608548	NC	-0.024204	0.483980
rs969623	22	25616213	NC	-0.134940	0.986293
GSA-rs117813616	22	25616584	NC	-0.023750	0.500988
GSA-rs111755447	22	25618615	NC	0.000409	0.000000
rs9608379	22	25620142	NC	-0.055211	0.000000
GSA-rs9608380	22	25622442	NC	0.035255	0.502848
GSA-rs16986560	22	25623839	NC	-0.016395	0.016487
rs5760923	22	25624049	NC	0.028636	0.490070
rs5760930	22	25628386	NC	-0.113014	0.979735
rs5752088	22	25629682	NC	-0.010436	0.536087
rs4822584	22	25632493	NC	-0.020650	0.014677
rs4988744	22	25640962	NC	-0.010083	0.012628
rs9612907	22	25642206	NC	-0.046810	0.509689
seq-rs9941952	22	25646493	NC	-0.010645	0.519679
GSA-rs151164693	22	25647528	NC	-0.066181	0.003781
GSA-rs117189502	22	25648715	NC	-0.043404	0.000000
GSA-rs117820111	22	25650333	NC	0.047694	0.491138
rs5760942	22	25650406	NC	0.011634	0.522502
rs4822597	22	25658525	NC	-0.083976	0.000000
GSA-rs57911975	22	25662513	NC	-0.003080	0.505768
GSA-rs79098520	22	25669106	NC	0.026435	0.487017
GSA-22:25680106	22	25680106	NC	0.062939	0.490030
GSA-rs77216574	22	25688138	NC	-0.162505	0.495617
GSA-rs4083400	22	25700895	NC	0.098841	0.510131
GSA-rs118161393	22	25713343	NC	0.065140	0.506093
GSA-rs117086965	22	25714539	NC	-0.007643	1.000000
GSA-rs111620891	22	25716759	NC	0.062525	0.512564
GSA-rs6004579	22	25723537	NC	-0.058318	0.489516
GSA-rs6004588	22	25731679	NC	-0.014547	0.000000
rs2294373	22	25753387	NC	-0.150685	0.000000
GSA-rs17616994	22	25755878	NC	-0.085738	0.503183
rs58905020	22	25755885	NC	0.031516	0.008764
chr22-25755924	22	25755924	NC	0.074764	0.488756
chr22-25755984	22	25755984	NC	0.020193	0.008462
GSA-rs79854676	22	25761309	NC	0.025414	0.499939
GSA-rs118136332	22	25762338	NC	0.178672	0.002584
GSA-rs78345670	22	25768387	NC	-0.028599	0.011119
GSA-rs112545545	22	25770201	NC	-0.006666	1.000000
GSA-rs369562860	22	25773378	NC	0.036785	0.490890
GSA-rs116869380	22	25779198	NC	-0.000952	0.484045
GSA-rs35022386	22	25785191	NC	-0.047641	0.507321
GSA-rs4315631	22	25791019	NC	0.019957	0.000000
GSA-rs77961563	22	25809940	NC	0.004420	0.480572
rs1123139	22	25815491	NC	-0.040772	1.000000
GSA-rs9624822	22	25818327	NC	0.000298	0.510378
GSA-rs118133467	22	25824572	NC	0.011121	1.000000
GSA-rs17680597	22	25842934	NC	0.071883	0.985688
GSA-rs73166941	22	25844874	NC	-0.051143	0.986559
GSA-rs76280871	22	25846283	NC	-0.042909	0.501783
GSA-rs75170820	22	25849697	NC	-0.068714	0.000000
GSA-rs35241381	22	25871709	NC	0.028914	0.974419
GSA-rs73410917	22	25872690	NC	-0.078127	0.502751
rs5996945	22	25875573	NC	-0.003382	0.479016
GSA-rs9612975	22	25875813	NC	0.085580	0.000000
GSA-rs613392	22	25880883	NC	0.011258	0.501999
GSA-rs117605166	22	25882628	NC	-0.022770	0.502492
GSA-rs73166947	22	25885084	NC	-0.038819	0.492713
GSA-rs1930966	22	25885704	NC	-0.122559	0.510347
rs7292626	22	25887513	NC	-0.023942	1.000000
GSA-rs11090398	22	25889157	NC	0.022267	0.000000
rs74433423	22	25892660	NC	-0.143742	0.507913
rs681478	22	25896979	NC	0.036739	0.485663
GSA-rs117484607	22	25903901	NC	0.028397	0.494582
GSA-rs17692668	22	25911465	NC	-0.031329	0.002497
rs5752173	22	25924444	NC	0.071966	0.000000
GSA-rs35224782	22	25929538	NC	0.058794	0.507639
rs1467387	22	25931372	NC	-0.041815	0.000000
rs9612986	22	25931437	NC	0.042532	0.485591
GSA-rs542162	22	25938025	NC	-0.107600	0.000000
GSA-rs5761102	22	25938944	NC	-0.087761	0.478654
rs80041057	22	25939254	NC	-0.022365	0.502600
rs5752175	22	25940411	NC	0.120557	0.481057
GSA-rs2331111	22	25942595	NC	0.028026	0.006374
rs5752177	22	25945704	NC	-0.015326	1.000000
GSA-rs74863143	22	25946301	NC	-0.024080	0.979756
GSA-rs73166990	22	25950921	NC	-0.024293	1.000000
GSA-rs5752182	22	25951739	NC	0.071440	0.503616
GSA-rs41257974	22	25953350	NC	-0.135977	0.504250
rs74935100	22	25955459	NC	0.007077	0.003111
rs113646180	22	25955765	NC	-0.053200	0.994778
rs5761122	22	25959309	NC	0.089849	0.000000
GSA-rs41262444	22	25959702	NC	-0.000027	0.507618
rs7285640	22	25964737	NC	0.039592	0.507653
GSA-rs16980490	22	25969455	NC	-0.041080	0.503558
GSA-rs41261944	22	25973678	NC	0.071933	0.506308
GSA-rs111778243	22	25978279	NC	0.021596	0.502787
GSA-rs74805376	22	25978464	NC	0.080916	0.514961
rs73166997	22	25985070	NC	-0.171799	0.491335
rs111268308	22	25988497	NC	-0.002645	0.988497
GSA-rs7286623	22	25993171	NC	-0.074158	0.523707
rs2179243	22	25995783	NC	-0.129306	0.503427
GSA-rs117375099	22	26011073	NC	0.075259	1.000000
GSA-rs9612998	22	26022728	NC	0.072234	0.509313
GSA-rs78807374	22	26031613	NC	-0.002062	0.505055
GSA-rs146681989	22	26039263	NC	-0.003394	1.000000
GSA-rs8142086	22	26046513	NC	0.107961	0.467708
GSA-rs80183404	22	26058852	NC	0.004738	0.483359
GSA-rs146563811	22	26061048	NC	0.034502	0.000179
rs6004737	22	26065034	NC	-0.018463	0.038302
GSA-rs5752196	22	26071558	NC	0.043976	1.000000
rs3817819	22	26075188	NC	-0.058155	0.000000
rs3730314	22	26086323	NC	0.063291	0.006039
GSA-rs3730114	22	26091306	NC	0.037739	0.009796
GSA-rs3730315	22	26100037	NC	0.026326	0.472451
GSA-rs28763891	22	26110305	NC	0.035177	1.000000
GSA-rs77839692	22	26115228	NC	-0.011805	0.504889
GSA-rs78294019	22	26117001	NC	0.031436	0.995739
GSA-rs41281565	22	26119378	NC	0.049921	0.499063
GSA-rs41277329	22	26122513	NC	0.121455	0.477314
rs10212011	22	26132612	NC	0.101174	0.000000
GSA-rs9608418	22	26133455	NC	0.062192	0.000000
GSA-rs79846137	22	26134776	NC	0.003071	0.518888
rs133860	22	26144760	NC	0.060710	0.000000
rs11090409	22	26146429	NC	0.015606	0.005733
rs61734946	22	26157068	NC	0.013856	0.982910
rs139296373	22	26157081	NC	0.057303	0.510655
rs6004758	22	26157299	NC	0.052354	1.000000
GSA-rs8138918	22	26158448	NC	-0.100094	0.000000
rs133885	22	26159289	NC	0.058351	0.492182
GSA-rs4820654	22	26162902	NC	-0.009030	0.477912
rs133902	22	26164079	NC	0.063227	0.000000
rs192379299	22	26164290	NC	-0.034786	0.010561
rs2748221	22	26165514	NC	0.059351	0.002435
rs9608422	22	26167705	NC	0.068262	0.482878
rs78365988	22	26169203	NC	-0.053381	0.981764
GSA-rs147614587	22	26169910	NC	-0.026120	1.000000
rs9624894	22	26170627	NC	-0.053614	0.489972
rs5761170	22	26173661	NC	-0.060145	0.492344
rs9624898	22	26175283	NC	0.078325	0.000000
chr22-26176068	22	26176068	NC	-0.160268	0.498651
GSA-rs8142661	22	26179312	NC	0.022327	0.502070
GSA-rs78253204	22	26179340	NC	-0.056131	1.000000
rs13058364	22	26180032	NC	0.054562	0.010733
rs112900389	22	26181397	NC	-0.023578	0.507181
rs12628523	22	26184205	NC	0.006436	0.499363
rs5996973	22	26185235	NC	0.010259	1.000000
rs17624941	22	26185291	NC	0.056049	0.495633
GSA-rs117162364	22	26185771	NC	-0.115720	0.000000
rs910521	22	26197929	NC	0.035097	0.017084
GSA-rs79758417	22	26199527	NC	-0.105379	0.985369
GSA-rs5752216	22	26202924	NC	-0.102321	0.513603
GSA-rs5761250	22	26209553	NC	0.002955	0.994703
GSA-rs117058083	22	26210585	NC	-0.091978	0.511841
rs6004774	22	26216160	NC	-0.020706	0.000000
GSA-rs16980808	22	26216282	NC	0.077245	1.000000
22:26218557	22	26218557	NC	0.109071	0.000000
rs9624909	22	26222454	NC	0.040711	0.000000
rs41281575	22	26224704	NC	-0.034565	1.000000
GSA-rs5996984	22	26225298	NC	-0.005660	0.491563
rs7286591	22	26225384	NC	-0.054699	1.000000
GSA-rs77822208	22	26226133	NC	0.039183	1.000000
GSA-rs12166250	22	26226815	NC	0.140941	0.502873
rs73879558	22	26227109	NC	0.050986	0.000804
rs6004789	22	26229142	NC	0.009971	0.496746
GSA-rs3887776	22	26230640	NC	0.043267	0.516725
GSA-rs117854317	22	26232096	NC	0.017121	0.514029
GSA-rs41281577	22	26239698	NC	0.008858	1.000000
rs144564568	22	26239784	NC	0.106188	1.000000
rs5761271	22	26239950	NC	0.070391	0.002962
GSA-rs141637414	22	26244940	NC	-0.126266	0.499465
rs5996988	22	26247456	NC	-0.030711	1.000000
rs9624920	22	26250235	NC	0.003202	0.507846
rs695427	22	26254248	NC	0.048902	0.523249
rs5996993	22	26265711	NC	0.042237	0.009201
rs2301492	22	26266939	NC	0.036149	0.498916
GSA-rs111369675	22	26268476	NC	0.054082	0.471257
rs35578357	22	26272244	NC	-0.004358	0.517319
GSA-rs17633130	22	26273049	NC	0.050948	0.476159
rs1158340	22	26274949	NC	-0.067405	0.471888
GSA-rs739281	22	26277148	NC	-0.048847	0.507651
rs695430	22	26278427	NC	0.000587	0.000000
rs4822669	22	26280942	NC	0.001737	0.000000
rs739282	22	26283020	NC	0.040494	0.488578
rs35761934	22	26287482	NC	0.000343	0.498395
rs9968038	22	26290723	NC	0.047673	0.000000
GSA-rs55959401	22	26293158	NC	-0.041275	0.511645
rs77999892	22	26297142	NC	-0.079320	0.994393
GSA-rs5761308	22	26304988	NC	-0.047234	1.000000
GSA-rs34427191	22	26309130	NC	-0.062002	1.000000
rs5761313	22	26313745	NC	0.031516	0.011374
rs9613037	22	26316491	NC	-0.015775	0.995520
rs183362649	22	26317261	NC	-0.033389	0.513720
GSA-rs117775260	22	26319451	NC	0.022680	0.007780
GSA-rs199762739	22	26324320	NC	0.021055	0.505409
GSA-rs35141530	22	26326222	NC	0.010930	0.000000
rs2269638	22	26329516	NC	-0.072484	0.503320
rs1013815	22	26330370	NC	0.074829	0.002350
rs2331195	22	26335966	NC	-0.012651	0.490601
rs6004851	22	26346108	NC	-0.078603	0.506468
rs139536173	22	26351314	NC	0.065087	1.000000
rs1894677	22	26361327	NC	-0.165861	0.483547
rs9306419	22	26369358	NC	-0.099123	0.503002
GSA-rs7287110	22	26376541	NC	-0.001083	0.509536
rs9620576	22	26378715	NC	-0.074685	0.499242
rs61174692	22	26378722	NC	-0.024369	0.000000
rs6004864	22	26379837	NC	0.038805	0.000000
GSA-rs76569725	22	26383294	NC	-0.059126	0.995055
GSA-rs73154155	22	26385093	NC	-0.103657	0.509786
rs7292853	22	26387064	NC	-0.061129	0.019637
rs147898739	22	26388398	NC	0.100146	0.000000
rs8139900	22	26394724	NC	-0.039870	0.000836
GSA-rs116989446	22	26395407	NC	0.047486	0.000000
GSA-rs79359390	22	26403975	NC	0.057807	0.507513
rs12485167	22	26407134	NC	0.141044	0.017640
rs7288885	22	26408660	NC	0.057026	0.488320
rs5752254	22	26415475	NC	-0.040564	0.990399
rs4822682	22	26418568	NC	-0.052259	0.493451
rs114927091	22	26422536	NC	0.009988	0.506601
rs149103381	22	26423285	NC	0.096108	1.000000
rs117042106	22	26423579	NC	0.019825	1.000000
GSA-rs73154188	22	26425690	NC	-0.110028	0.984247
rs5752257	22	26427848	NC	0.001489	0.474831
rs8136102	22	26429185	NC	-0.026465	1.000000
GSA-rs148544935	22	26430149	NC	0.015652	0.000000
GSA-rs17361758	22	26430221	NC	-0.067567	0.501371
rs75620797	22	26440366	NC	0.026968	1.000000
GSA-rs76496928	22	26440520	NC	0.000183	0.978371
rs9624968	22	26453030	NC	-0.088941	0.518325
rs2207531	22	26466235	NC	0.006436	0.499591
GSA-rs62224195	22	26467325	NC	-0.060262	0.491820
GSA-rs16981327	22	26471046	NC	0.085088	0.513063
rs4499534	22	26472006	NC	0.032705	0.506236
GSA-rs191709607	22	26473643	NC	-0.082740	0.997024
GSA-rs16981352	22	26476063	NC	-0.056389	0.469803
GSA-rs134693	22	26479951	NC	0.031132	0.996530
rs11090428	22	26485668	NC	-0.049022	1.000000
rs11705662	22	26487205	NC	-0.114512	0.001412
GSA-rs73883982	22	26496258	NC	-0.078748	0.510376
rs134703	22	26500417	NC	-0.104068	0.978567
rs9608458	22	26500958	NC	-0.141910	0.000000
GSA-rs62224199	22	26501161	NC	-0.026296	1.000000
GSA-rs6519640	22	26504839	NC	-0.091892	0.027691
GSA-rs35930634	22	26506851	NC	-0.005523	0.505997
rs134738	22	26520808	NC	0.110204	0.506577
rs134740	22	26521071	NC	0.019691	0.496535
GSA-rs12160621	22	26536088	NC	-0.004977	0.980300
GSA-rs134748	22	26543287	NC	-0.025512	0.516462
GSA-rs189116857	22	26544820	NC	-0.011435	1.000000
GSA-rs5752271	22	26546312	NC	0.022102	0.982898
rs9613115	22	26548342	NC	0.067279	0.005657
GSA-rs117700807	22	26549355	NC	0.116704	0.487699
GSA-rs79619632	22	26555239	NC	0.011276	0.000000
rs134755	22	26565156	NC	0.011097	0.509053
rs9608467	22	26568194	NC	-0.012811	1.000000
GSA-rs5761393	22	26572830	NC	-0.023297	0.000000
GSA-rs12053781	22	26581926	NC	-0.061945	0.000000
GSA-rs134762	22	26582436	NC	0.030957	0.004072
GSA-rs17372172	22	26583547	NC	0.041973	0.998237
rs5997051	22	26593779	NC	-0.071582	1.000000
GSA-rs134769	22	26597805	NC	0.094816	0.005559
rs113368973	22	26602964	NC	-0.055604	0.482899
GSA-rs62224246	22	26610335	NC	0.043508	0.019825
GSA-rs9620595	22	26634750	NC	0.114320	0.508648
GSA-rs74362858	22	26642068	NC	-0.044941	0.521615
GSA-rs79518473	22	26642646	NC	0.019418	0.989572
rs737792	22	26651766	NC	-0.028554	0.978981
rs713738	22	26653212	NC	-0.012776	0.000000
rs11705024	22	26653614	NC	-0.081148	0.003148
GSA-rs35486390	22	26659335	NC	0.039052	0.503522
rs5752300	22	26660760	NC	-0.021954	0.496204
rs8141975	22	26664618	NC	0.159045	0.493027
GSA-rs138044027	22	26666748	NC	-0.033721	1.000000
rs137182	22	26668524	NC	-0.116000	1.000000
rs137190	22	26675608	NC	-0.011979	0.524275
rs7292813	22	26681453	NC	0.023221	0.000000
rs677499	22	26681640	NC	-0.037177	0.997131
chr22-26688542	22	26688542	NC	-0.023267	0.018921
rs137203	22	26688831	NC	-0.081977	0.513908
rs200380172	22	26690308	NC	0.016091	0.968755
rs137209	22	26692186	NC	-0.115370	0.484870
GSA-rs74276944	22	26695920	NC	0.074263	0.000000
GSA-rs76400344	22	26697120	NC	-0.031744	0.503098
rs1210894	22	26702015	NC	0.057720	0.000000
rs138692969	22	26702041	NC	-0.000029	0.487239
rs117917851	22	26706697	NC	-0.133759	1.000000
rs142214073	22	26706743	NC	-0.053365	0.500394
rs581562	22	26715393	NC	0.025197	0.498312
rs3788378	22	26715923	NC	0.113135	0.489730
rs628319	22	26718894	NC	0.043733	1.000000
rs2331244	22	26719009	NC	-0.010193	0.000000
GSA-rs12169255	22	26720194	NC	-0.093675	1.000000
rs596224	22	26722944	NC	0.011609	0.995346
GSA-rs74436227	22	26729475	NC	0.015031	0.489264
GSA-rs11705436	22	26729946	NC	0.052424	0.490853
rs9613160	22	26735570	NC	-0.016804	0.511331
rs5761487	22	26738225	NC	-0.032090	0.501481
rs76929387	22	26739167	NC	0.051455	1.000000
rs6005020	22	26748225	NC	-0.162266	0.493760
rs582028	22	26748910	NC	-0.005686	1.000000
rs655581	22	26750230	NC	0.027163	0.995502
GSA-rs74582903	22	26751224	NC	-0.001842	0.496025
rs4822712	22	26759177	NC	0.029128	0.002654
GSA-rs60652443	22	26760736	NC	-0.032734	1.000000
rs5761499	22	26767018	NC	-0.140219	0.000000
rs654245	22	26767267	NC	0.089429	0.513677
GSA-rs66508334	22	26769261	NC	0.107054	1.000000
rs738400	22	26773254	NC	0.073765	1.000000
rs667577	22	26774580	NC	-0.095884	0.513880
GSA-rs16981994	22	26778335	NC	-0.016798	0.495003
GSA-rs73160807	22	26784284	NC	0.007925	1.000000
GSA-rs11090440	22	26789595	NC	-0.083188	0.495640
rs2226691	22	26789849	NC	-0.062251	0.011052
rs59337862	22	26792243	NC	-0.074627	0.000000
GSA-rs79637597	22	26792433	NC	0.035885	0.997476
GSA-rs8139330	22	26792602	NC	-0.091970	1.000000
rs5752319	22	26792643	NC	-0.025011	0.000000
rs621761	22	26794102	NC	0.047136	0.013440
GSA-rs8140344	22	26800199	NC	-0.081034	1.000000
rs600878	22	26800975	NC	0.075997	0.501169
rs6005042	22	26801287	NC	-0.005907	0.992263
GSA-rs77204037	22	26808788	NC	0.075314	0.015148
GSA-rs78082758	22	26812132	NC	0.041473	0.018047
GSA-rs74457675	22	26813302	NC	-0.017456	0.019077
GSA-rs13057979	22	26833455	NC	-0.020375	0.000000
rs5761524	22	26836008	NC	-0.028742	0.494145
rs112893535	22	26840074	NC	0.090315	0.008926
rs11913750	22	26841390	NC	-0.028465	0.000000
GSA-rs6005051	22	26844866	NC	0.094151	0.506540
GSA-rs117935333	22	26846387	NC	0.023171	0.505599
GSA-rs76698785	22	26846447	NC	0.026991	1.000000
rs149568178	22	26849285	NC	-0.066798	0.989280
GSA-rs1894704	22	26853905	NC	-0.017281	1.000000
rs5761540	22	26858108	NC	-0.036058	0.516669
rs140234219	22	26859896	NC	-0.002810	1.000000
chr22-26864537	22	26864537	NC	0.011460	0.511934
chr22-26868797	22	26868797	NC	-0.018071	0.000000
rs9608491	22	26870985	NC	0.002244	0.518872
rs149830675	22	26872985	NC	-0.018004	0.016642
rs5752332	22	26874614	NC	-0.006281	0.489925
GSA-rs41281585	22	26878283	NC	-0.014806	0.523663
GSA-rs80306655	22	26880174	NC	0.006336	0.000000
rs34764403	22	26906216	NC	-0.091281	0.493576
rs134145	22	26909750	NC	0.073856	1.000000
GSA-rs73421329	22	26910261	NC	-0.004088	0.017508
rs134157	22	26916722	NC	-0.046441	1.000000
rs13056218	22	26917626	NC	-0.047442	0.000000
rs3088103	22	26920048	NC	0.026708	0.486465
rs4149485	22	26922228	NC	0.038893	0.988571
rs2283817	22	26923155	NC	0.004070	0.511661
rs2283822	22	26924312	NC	0.045682	0.498830
rs5752341	22	26929558	NC	0.144969	0.005879
rs4822733	22	26930156	NC	-0.162545	0.005919
chr22-26932231	22	26932231	NC	-0.043311	0.000000
rs117701840	22	26937139	NC	-0.064081	0.493794
GSA-rs77223678	22	26939365	NC	-0.083422	0.510786
rs75453083	22	26941385	NC	-0.004125	0.005074
rs7288210	22	26942127	NC	0.038193	0.000000
rs75587512	22	26954578	NC	0.073555	0.015682
rs9613208	22	26955896	NC	-0.019621	0.515872
GSA-rs58767350	22	26956562	NC	0.077653	0.506755
GSA-rs2283832	22	26959859	NC	-0.042224	1.000000
GSA-rs117981463	22	26961570	NC	0.006183	0.996339
rs13055271	22	26962033	NC	0.047291	0.006536
rs4822740	22	26963254	NC	0.067584	1.000000
rs763088	22	26963438	NC	0.028729	0.014383
rs73163219	22	26973261	NC	0.008751	1.000000
rs8140872	22	26977835	NC	-0.050829	0.512454
rs4822743	22	26981039	NC	0.012760	0.000000
rs73163238	22	26982787	NC	0.016010	0.498113
GSA-rs5752351	22	26990807	NC	0.038869	0.517821
rs78165948	22	27002555	NC	0.097106	0.999995
rs147206089	22	27003957	NC	0.053457	0.506035
rs4822753	22	27011460	NC	0.018323	0.999270
rs142090709	22	27019197	NC	0.065064	0.508483
GSA-rs35520672	22	27019264	NC	-0.005400	1.000000
rs2071862	22	27021401	NC	-0.062962	0.522384
rs182284999	22	27024395	NC	0.009917	0.506914
rs756505	22	27030951	NC	-0.071638	0.000000
rs6005101	22	27033321	NC	0.036284	0.510888
rs5997110	22	27036505	NC	0.028902	0.507376
rs5761655	22	27038853	NC	0.037961	0.000000
rs739310	22	27051299	NC	0.067540	0.510959
rs16982564	22	27054179	NC	0.067262	0.990175
rs7284198	22	27054199	NC	0.002427	0.012364
GSA-rs80337067	22	27056518	NC	0.029633	0.005096
GSA-rs5761665	22	27057439	NC	-0.087049	0.984823
GSA-rs78699720	22	27061285	NC	0.109000	0.000000
GSA-rs4274	22	27064287	NC	-0.044754	0.505323
rs5752378	22	27069835	NC	-0.050049	0.485615
rs60204004	22	27075281	NC	-0.059752	0.000000
rs1573765	22	27085224	NC	0.112318	0.491931
rs73425698	22	27085310	NC	-0.020442	0.515182
GSA-rs74384672	22	27089752	NC	0.028110	0.995240
GSA-rs28613882	22	27095262	NC	-0.136004	0.490144
GSA-rs73165442	22	27100562	NC	0.018035	0.493550
GSA-rs117274373	22	27107115	NC	0.128085	0.480614
rs5752388	22	27109475	NC	0.002643	0.520011
GSA-rs74357507	22	27117240	NC	0.037065	0.974645
rs4822782	22	27117672	NC	0.019801	0.004109
GSA-rs6005148	22	27119905	NC	0.057122	0.505051
GSA-rs117656360	22	27120699	NC	0.010459	0.517463
rs6005150	22	27122480	NC	-0.024997	0.000000
rs9625080	22	27128276	NC	0.099199	0.015018
rs28360616	22	27129463	NC	-0.037577	0.996804
GSA-rs62650082	22	27132550	NC	-0.046661	0.001633
GSA-rs5761716	22	27133734	NC	0.030238	0.487182
rs200966972	22	27136852	NC	-0.014608	0.514598
rs6005154	22	27141605	NC	-0.119587	1.000000
rs1015067	22	27149053	NC	0.044408	0.983851
rs5761730	22	27152775	NC	-0.068348	0.491855
rs67292771	22	27153246	NC	-0.010016	1.000000
GSA-rs5761732	22	27153785	NC	0.019606	0.985437
GSA-rs78476966	22	27159657	NC	0.046346	1.000000
rs6005159	22	27159832	NC	-0.075261	1.000000
rs1476034	22	27161035	NC	0.032144	0.985691
rs11703244	22	27161589	NC	0.020387	0.998580
GSA-rs80151504	22	27163014	NC	0.028570	0.509866
rs4820706	22	27167348	NC	0.052142	0.000000
rs5761743	22	27170725	NC	0.091197	0.503979
GSA-rs73415934	22	27172360	NC	0.055247	0.488426
rs5761748	22	27177355	NC	-0.070902	0.503587
GSA-rs74756528	22	27179871	NC	-0.044151	0.997083
rs73415948	22	27180156	NC	0.068340	0.499759
rs5761749	22	27180392	NC	0.057683	0.495361
GSA-rs79482918	22	27182656	NC	0.096180	0.000000
GSA-rs117503488	22	27186310	NC	-0.023633	0.496788
GSA-rs9608520	22	27188868	NC	0.016664	0.001550
GSA-rs2285155	22	27189536	NC	-0.060829	0.993978
rs713752	22	27189774	NC	0.002304	0.000000
rs737774	22	27190734	NC	-0.071055	0.504664
rs4822799	22	27191942	NC	0.020784	1.000000
rs72617274	22	27195261	NC	0.101003	0.496191
GSA-rs62223037	22	27197034	NC	-0.055537	1.000000
rs4822801	22	27198719	NC	-0.035653	0.514527
rs9608521	22	27199237	NC	0.025328	0.004093
rs5752420	22	27205534	NC	0.133847	0.977846
rs1476033	22	27206289	NC	0.042334	0.501466
GSA-rs12170701	22	27210131	NC	-0.074299	0.517564
rs12157601	22	27211083	NC	-0.035846	1.000000
rs2227187	22	27211572	NC	0.036866	0.000732
rs6005189	22	27213199	NC	0.100065	0.511876
rs5761771	22	27213968	NC	0.042720	0.000000
rs720914	22	27219881	NC	-0.005692	0.988166
rs13054025	22	27222059	NC	0.061635	0.005077
GSA-rs10483128	22	27222694	NC	-0.040361	0.000000
GSA-rs11090455	22	27223656	NC	-0.011813	0.986653
rs5761776	22	27227219	NC	0.019634	0.510197
rs5761777	22	27227454	NC	-0.027235	0.457654
rs6005198	22	27230983	NC	0.003610	0.502738
GSA-rs75866554	22	27231303	NC	0.084806	0.500657
rs136504	22	27236439	NC	-0.004510	0.509563
GSA-rs716153	22	27240175	NC	-0.049943	1.000000
rs7284543	22	27240456	NC	-0.084758	0.000000
GSA-rs16982905	22	27242407	NC	0.024653	0.000000
rs136519	22	27243234	NC	-0.019746	0.516766
GSA-rs117129281	22	27244809	NC	0.019736	0.493795
rs136526	22	27245137	NC	0.025441	0.482761
rs136531	22	27245485	NC	-0.013948	1.000000
GSA-rs118086397	22	27248484	NC	0.070540	0.518580
GSA-rs73167457	22	27251046	NC	0.077465	0.000000
GSA-rs10483129	22	27258789	NC	0.001457	0.997032
GSA-rs117051882	22	27263317	NC	-0.008821	0.486704
rs9306428	22	27264282	NC	-0.025717	0.000780
rs5761797	22	27264880	NC	-0.045026	0.000000
rs9613280	22	27268535	NC	0.041809	0.499621
GSA-rs11913436	22	27273064	NC	0.084766	0.492648
rs9608535	22	27274720	NC	0.046626	0.499933
GSA-rs113176204	22	27274880	NC	-0.069284	0.523152
GSA-rs4822810	22	27277683	NC	-0.055612	1.000000
rs4242	22	27284022	NC	0.013159	0.008373
rs5752435	22	27287323	NC	0.059668	1.000000
rs5997136	22	27296460	NC	0.134971	1.000000
GSA-rs13058632	22	27299692	NC	0.130683	0.000000
rs4820717	22	27300463	NC	0.045626	0.989288
rs1071957	22	27301137	NC	-0.099014	1.000000
GSA-rs117032058	22	27303200	NC	0.027932	0.000000
rs6005232	22	27305180	NC	-0.032290	0.500912
rs11704127	22	27305781	NC	-0.003176	0.015985
GSA-rs117355313	22	27306502	NC	0.005938	0.989538
GSA-rs76209731	22	27310310	NC	0.017147	0.511730
rs9613297	22	27314016	NC	0.052479	0.000000
GSA-rs6005236	22	27320093	NC	-0.078462	0.480659
rs5997146	22	27325416	NC	0.042858	0.504652
exm2273055	22	27328787	NC	-0.000279	0.498441
rs5752447	22	27331206	NC	-0.002987	0.996549
GSA-rs117432314	22	27333147	NC	0.003574	0.979168
rs2001134	22	27337048	NC	0.018356	0.482318
GSA-rs117744983	22	27338017	NC	-0.044312	0.000000
rs739256	22	27339184	NC	-0.028213	1.000000
rs57166078	22	27341095	NC	-0.045565	0.014865
GSA-rs16983208	22	27343107	NC	0.086641	0.997298
GSA-rs73410542	22	27343369	NC	0.051131	1.000000
GSA-rs5761863	22	27348456	NC	0.057111	0.000000
rs9613305	22	27349849	NC	-0.014823	0.516875
rs5752452	22	27350567	NC	0.024949	0.002549
GSA-rs75346095	22	27353319	NC	-0.108622	0.999736
GSA-rs5761868	22	27355277	NC	-0.061672	0.499773
rs763136	22	27355348	NC	0.058402	0.488062
GSA-rs5752454	22	27361417	NC	0.006232	1.000000
rs5761877	22	27361465	NC	-0.018573	0.011354
rs5761884	22	27369770	NC	0.056256	0.001982
rs9613315	22	27372397	NC	0.017927	0.009570
GSA-rs5752459	22	27373934	NC	0.040607	1.000000
rs6005255	22	27376910	NC	-0.031427	0.999379
rs7289738	22	27379830	NC	-0.048336	0.491512
GSA-rs2157465	22	27381346	NC	-0.020636	0.529927
GSA-rs117576819	22	27383227	NC	0.170484	0.484827
GSA-rs74531784	22	27384411	NC	0.014671	0.000000
GSA-rs74523482	22	27385471	NC	0.026998	0.498465
GSA-rs117737849	22	27385618	NC	-0.040967	0.509601
rs5761894	22	27388110	NC	-0.033888	0.513719
rs743959	22	27389201	NC	-0.058173	0.982496
GSA-rs117442269	22	27394612	NC	-0.012862	0.000000
rs6005260	22	27394843	NC	0.106365	0.012736
rs73882514	22	27395324	NC	0.108798	0.000000
rs8137218	22	27395937	NC	0.015322	0.504587
GSA-rs117927378	22	27399100	NC	-0.103177	1.000000
rs56102329	22	27405928	NC	-0.018256	0.008824
rs2516090	22	27406436	NC	-0.038963	0.992494
rs12159895	22	27406501	NC	-0.053513	1.000000
rs9613340	22	27406912	NC	0.057721	0.997221
GSA-rs134913	22	27413509	NC	0.007884	0.503928
GSA-rs16983396	22	27416197	NC	0.025983	0.513501
GSA-rs17343778	22	27419239	NC	-0.007754	0.488747
GSA-rs114559	22	27420113	NC	0.078394	0.510294
rs74536568	22	27424579	NC	-0.002075	0.485531
rs134932	22	27425365	NC	0.065738	1.000000
rs9620654	22	27430724	NC	0.028702	1.000000
rs742002	22	27435086	NC	-0.042338	0.012807
rs17428730	22	27435450	NC	0.022693	0.499156
GSA-rs760526	22	27435577	NC	-0.039427	0.494694
GSA-rs116531902	22	27437755	NC	-0.034270	0.000000
rs1157613	22	27438359	NC	0.027002	0.507139
rs5752472	22	27438543	NC	0.101085	0.505245
rs973902	22	27440326	NC	-0.012107	0.991499
rs3091387	22	27441379	NC	-0.021385	1.000000
rs713706	22	27443484	NC	0.102233	0.004185
GSA-rs35283268	22	27444509	NC	-0.009847	0.001288
GSA-rs60393690	22	27444609	NC	0.024098	0.009908
rs13053916	22	27460810	NC	-0.047639	0.500484
rs5752476	22	27461803	NC	0.038326	1.000000
rs56234606	22	27463700	NC	-0.044334	1.000000
rs5761940	22	27470329	NC	0.032994	0.014921
rs4822843	22	27471525	NC	0.096516	0.511122
rs16983592	22	27473169	NC	0.039701	0.975488
GSA-rs8140194	22	27481176	NC	-0.000672	0.488185
GSA-rs76976452	22	27481970	NC	0.033524	0.009697
rs1883117	22	27482638	NC	0.020184	1.000000
rs10854797	22	27485111	NC	-0.016985	0.488549
rs760529	22	27485345	NC	0.053957	0.000000
rs115249322	22	27487640	NC	-0.011638	1.000000
rs4822848	22	27487815	NC	-0.029720	1.000000
rs5761954	22	27489102	NC	0.007405	0.012577
rs5761960	22	27491363	NC	-0.007417	0.482028
rs5761962	22	27492463	NC	-0.094929	0.503321
GSA-rs9625138	22	27493601	NC	0.135935	0.989723
rs73880414	22	27497182	NC	0.010748	0.997297
rs5761974	22	27497704	NC	-0.001461	0.499893
rs5752490	22	27499784	NC	0.006675	0.504688
GSA-rs57544677	22	27499878	NC	0.030487	0.514543
GSA-rs78952095	22	27501497	NC	0.001613	0.492224
rs8142849	22	27502783	NC	-0.102187	0.009643
GSA-rs7364181	22	27511707	NC	-0.070982	0.499229
rs5761993	22	27512383	NC	-0.037992	0.496629
rs16983756	22	27520665	NC	-0.025622	0.000000
rs56020504	22	27520769	NC	0.040302	0.013335
rs134944	22	27521114	NC	0.031659	0.014310
GSA-rs7291526	22	27521818	NC	-0.139315	0.002256
rs738152	22	27522430	NC	-0.016991	1.000000
rs1003704	22	27527005	NC	-0.054547	0.000000
rs9613383	22	27532926	NC	0.063986	1.000000
GSA-rs148180098	22	27534117	NC	0.102151	0.507460
GSA-rs74903581	22	27534520	NC	-0.029483	0.010607
GSA-rs59614553	22	27536125	NC	0.087439	1.000000
GSA-rs134958	22	27536275	NC	-0.029771	0.508370
GSA-rs113558614	22	27543843	NC	-0.042227	0.979281
rs6005312	22	27548374	NC	0.017145	0.022137
rs6005315	22	27550639	NC	0.040104	0.483990
rs9625160	22	27552631	NC	-0.133354	0.009131
GSA-rs10427939	22	27553126	NC	-0.021716	0.502059
rs9620665	22	27557030	NC	0.206703	0.002678
rs17433244	22	27557349	NC	-0.176502	0.000000
GSA-rs117586828	22	27557779	NC	-0.003939	0.020791
rs134967	22	27557929	NC	0.059247	0.513470
rs9625168	22	27559540	NC	-0.009917	0.505542
rs77572739	22	27559701	NC	0.024658	0.486953
rs7287230	22	27559902	NC	0.016479	0.486774
rs738156	22	27561500	NC	0.129540	0.990827
GSA-rs2342398	22	27561952	NC	0.070865	0.489520
rs77570866	22	27562937	NC	-0.132783	0.509040
rs9625170	22	27563274	NC	0.078273	0.010113
GSA-rs150479866	22	27563565	NC	0.016123	0.985755
rs9625172	22	27565531	NC	-0.066515	1.000000
GSA-rs760523	22	27565958	NC	0.040267	0.000000
GSA-rs2090615	22	27566382	NC	-0.017647	0.486954
rs117601748	22	27567120	NC	0.109454	0.987901
GSA-rs17433761	22	27567244	NC	0.032431	0.493709
rs13056281	22	27571639	NC	0.091208	0.985711
GSA-rs9613392	22	27575927	NC	0.030493	0.490782
GSA-rs77296339	22	27576391	NC	0.059530	0.502036
GSA-rs147545700	22	27583397	NC	-0.046817	0.001359
rs8143105	22	27584291	NC	-0.074606	0.005897
rs2342401	22	27587001	NC	-0.115445	0.006328
GSA-rs117920541	22	27588590	NC	0.026694	0.981840
rs5762023	22	27591348	NC	0.009615	0.482806
GSA-rs117960813	22	27592937	NC	0.044407	0.015722
GSA-rs77577528	22	27600211	NC	0.060172	0.000000
rs559474	22	27603908	NC	0.062988	0.493056
rs474758	22	27610995	NC	0.028505	0.481936
rs75572116	22	27611054	NC	-0.000954	1.000000
GSA-rs570412	22	27614526	NC	-0.004656	0.009549
GSA-rs113890451	22	27616270	NC	-0.000905	0.501575
rs5997198	22	27616993	NC	-0.111391	0.975260
GSA-rs715562	22	27617895	NC	-0.036194	0.002747
rs75860721	22	27620995	NC	-0.010755	0.504006
rs75972762	22	27621252	NC	-0.032872	1.000000
GSA-rs117789922	22	27626877	NC	-0.095122	0.995171
GSA-rs77445257	22	27627392	NC	0.056112	0.518048
rs498789	22	27627416	NC	-0.041028	0.009152
rs575783	22	27628728	NC	-0.094950	1.000000
GSA-rs116958332	22	27632675	NC	0.054881	0.999067
rs5762042	22	27636606	NC	0.142987	0.518405
rs9625187	22	27638662	NC	0.076485	1.000000
GSA-rs190240198	22	27641031	NC	0.035588	0.000000
rs566039	22	27642581	NC	-0.127097	1.000000
GSA-rs57894223	22	27644589	NC	-0.053292	0.013536
rs738488	22	27647504	NC	0.025767	0.499110
GSA-rs134783	22	27651715	NC	-0.014910	0.492422
rs134785	22	27652289	NC	0.092865	0.000000
rs134788	22	27653252	NC	-0.014153	0.020551
rs73153914	22	27655025	NC	0.134755	0.013043
rs79137	22	27657507	NC	-0.117700	0.499889
rs518350	22	27657544	NC	-0.051269	0.004373
rs116570450	22	27657550	NC	0.069940	0.494352
rs5997206	22	27659743	NC	-0.063430	0.502219
rs6005350	22	27660348	NC	0.007614	0.015120
GSA-rs472985	22	27660487	NC	-0.039652	1.000000
rs932299	22	27661009	NC	0.034546	0.014938
rs5762049	22	27662213	NC	-0.012094	0.020838
GSA-rs6005353	22	27662460	NC	0.049326	0.993302
rs134794	22	27668370	NC	0.010087	0.496919
GSA-rs73153949	22	27673865	NC	0.179334	0.017411
rs134810	22	27674832	NC	0.005081	0.507857
GSA-rs9625197	22	27676577	NC	0.197560	0.510977
GSA-rs713704	22	27680780	NC	0.013807	0.499919
rs13058656	22	27681410	NC	-0.075070	0.507703
rs7293113	22	27682627	NC	0.024585	1.000000
rs134815	22	27684158	NC	-0.023808	0.985993
GSA-rs78471449	22	27687672	NC	-0.049882	0.484417
rs8136576	22	27689956	NC	-0.030974	0.014294
rs768784	22	27690377	NC	-0.016273	0.005673
GSA-rs117039602	22	27693774	NC	0.015810	0.490076
rs5762059	22	27694867	NC	-0.041899	0.006031
rs11705104	22	27696194	NC	-0.081380	0.000000
rs9625200	22	27700318	NC	-0.139305	0.513138
GSA-rs79136	22	27701317	NC	0.041193	0.000000
rs543981	22	27712996	NC	0.072939	0.500668
rs1607498	22	27715209	NC	0.095231	0.499095
rs980078	22	27715760	NC	-0.072288	0.510034
GSA-rs150050032	22	27719339	NC	0.014058	0.511836
GSA-rs13056654	22	27719834	NC	-0.056669	0.992631
GSA-rs77824277	22	27726472	NC	-0.078171	0.511338
rs12628937	22	27728405	NC	0.030755	0.497706
rs545614	22	27729548	NC	-0.097655	0.515347
rs490362	22	27731470	NC	-0.050433	1.000000
rs9608600	22	27732598	NC	0.021749	0.498483
rs8136465	22	27733540	NC	0.011379	0.521224
GSA-rs1121442	22	27737024	NC	-0.018032	0.991530
GSA-rs849357	22	27742732	NC	0.063397	0.000000
GSA-rs55727276	22	27746401	NC	0.016070	0.000000
rs569626	22	27747270	NC	0.057850	0.489487
rs7511351	22	27748742	NC	-0.014562	0.000000
GSA-rs117282515	22	27749010	NC	0.001656	0.000000
rs5997228	22	27754802	NC	0.101372	0.000000
GSA-rs2142619	22	27756300	NC	0.074558	0.491637
rs5752526	22	27757114	NC	0.075078	1.000000
GSA-rs73883143	22	27762454	NC	-0.089884	0.000000
GSA-rs117425765	22	27764258	NC	0.064056	0.000000
rs9613438	22	27766758	NC	-0.045918	0.995667
GSA-rs76161898	22	27777552	NC	-0.010073	0.996898
GSA-rs1006433	22	27778268	NC	-0.021547	0.495785
rs9620688	22	27779122	NC	-0.021736	0.972946
rs6005413	22	27781783	NC	0.080821	0.509284
rs6005414	22	27783185	NC	0.024496	0.000000
GSA-rs738502	22	27784837	NC	-0.030920	0.487523
rs136923	22	27785809	NC	0.023877	0.991272
GSA-rs136926	22	27786725	NC	0.062263	0.000427
GSA-rs117774785	22	27786950	NC	0.012172	1.000000
rs60129675	22	27787622	NC	-0.045060	0.512551
GSA-rs75950407	22	27787906	NC	0.018302	1.000000
GSA-rs78825018	22	27788460	NC	-0.111683	0.000000
GSA-rs5762111	22	27789634	NC	-0.042349	0.497722
rs12627862	22	27793289	NC	0.021322	0.000000
rs5762112	22	27793641	NC	0.131767	0.000000
GSA-rs5762114	22	27794842	NC	0.135891	0.492581
rs136929	22	27796866	NC	-0.004154	0.484846
GSA-rs75418297	22	27798982	NC	-0.016754	0.474706
rs136944	22	27804019	NC	0.109359	0.003657
GSA-22:27805137	22	27805137	NC	0.015720	0.489771
GSA-rs136947	22	27805463	NC	-0.087232	0.993970
GSA-rs79556	22	27814314	NC	-0.038126	0.000000
GSA-rs9625225	22	27815426	NC	-0.072528	1.000000
rs127190	22	27816514	NC	0.023857	0.486116
rs733164	22	27816784	NC	-0.081331	0.503306
rs6005427	22	27817300	NC	-0.009701	0.491822
GSA-rs13055229	22	27819250	NC	0.051204	0.487263
rs56035550	22	27820156	NC	0.086460	0.496655
rs4140448	22	27820751	NC	0.042518	0.505948
GSA-rs79106317	22	27823827	NC	0.030091	0.495266
rs2207361	22	27825804	NC	0.092618	0.016619
GSA-rs17448487	22	27829108	NC	-0.004507	0.488862
rs9306440	22	27831342	NC	-0.076687	0.000000
rs13058149	22	27831347	NC	-0.052344	0.988732
rs1884134	22	27831650	NC	-0.056469	0.496625
GSA-rs117653743	22	27831965	NC	0.050778	0.517498
GSA-rs117537977	22	27835627	NC	-0.097549	0.501025
GSA-rs10222263	22	27838849	NC	-0.052789	0.499508
GSA-rs117612035	22	27839161	NC	-0.136194	1.000000
GSA-rs35050644	22	27840037	NC	-0.018486	0.505866
GSA-rs16984688	22	27843494	NC	-0.045381	1.000000
rs9620697	22	27846802	NC	0.008696	0.999009
rs5762151	22	27847318	NC	0.095956	0.002128
GSA-rs9620698	22	27847393	NC	0.008883	0.983978
GSA-rs76080202	22	27847401	NC	0.028986	0.000000
rs6005451	22	27852183	NC	-0.007176	0.000000
rs73158493	22	27854724	NC	-0.061324	0.497599
rs5752551	22	27857717	NC	0.043298	0.508622
rs73158499	22	27861369	NC	0.032859	0.499352
rs5752554	22	27862808	NC	-0.017467	0.000000
rs5762168	22	27864048	NC	0.054805	0.487575
rs16986845	22	27866472	NC	-0.055855	1.000000
rs5762182	22	27876939	NC	-0.074650	0.491287
rs12484788	22	27878619	NC	-0.020139	0.000000
GSA-rs1884132	22	27878857	NC	-0.039859	0.986655
GSA-rs11913002	22	27886736	NC	-0.014481	0.514362
GSA-rs55970456	22	27891410	NC	0.011862	1.000000
rs926833	22	27894675	NC	-0.056080	0.970281
GSA-rs5762209	22	27895825	NC	-0.055713	0.487459
rs6005480	22	27898321	NC	0.057123	0.508997
rs17465171	22	27899464	NC	0.026309	0.495155
rs5762213	22	27899867	NC	-0.002951	0.979650
rs4820763	22	27900025	NC	0.058438	0.484988
rs738566	22	27900961	NC	0.067421	0.011720
rs738565	22	27901804	NC	0.067998	0.994749
rs7284384	22	27903116	NC	0.118289	0.487575
GSA-rs742942	22	27905428	NC	-0.013459	1.000000
GSA-rs8141487	22	27905762	NC	-0.160862	0.511604
rs737384	22	27913012	NC	0.064230	0.499845
rs4419326	22	27913532	NC	-0.010273	0.503560
rs16984925	22	27914576	NC	0.008867	0.496147
rs62236568	22	27915705	NC	0.020848	0.996714
rs8136304	22	27917070	NC	0.059074	0.018950
rs9620701	22	27918710	NC	-0.081094	0.517915
rs61376987	22	27920038	NC	0.049049	0.998512
rs6005498	22	27920961	NC	-0.028115	0.494766
rs8140407	22	27923635	NC	-0.085584	1.000000
GSA-rs75292981	22	27923644	NC	0.091265	1.000000
rs16984937	22	27924906	NC	-0.105020	0.493683
rs5762235	22	27925288	NC	-0.061010	0.499382
rs137147	22	27931842	NC	0.027350	0.501911
rs5762239	22	27932079	NC	-0.052320	0.502330
GSA-rs926936	22	27934709	NC	0.035648	0.988273
GSA-rs6005503	22	27935369	NC	-0.009232	0.000000
GSA-rs6005504	22	27937681	NC	0.116125	0.986426
rs16985013	22	27944404	NC	-0.123175	1.000000
GSA-rs11703793	22	27946507	NC	0.062416	0.488350
rs910545	22	27946986	NC	-0.049000	0.970430
rs8137926	22	27948878	NC	-0.037889	1.000000
rs4822907	22	27953418	NC	0.051830	0.000000
rs4822908	22	27953716	NC	0.030505	0.508699
GSA-rs116950499	22	27953924	NC	0.050151	0.501702
rs960613	22	27957965	NC	0.164698	0.004020
GSA-rs34957067	22	27965330	NC	0.031987	1.000000
rs5762255	22	27966655	NC	-0.022922	0.998329
GSA-rs4822913	22	27967966	NC	-0.012069	0.999921
GSA-rs5762258	22	27970444	NC	-0.012537	0.489056
rs762064	22	27974819	NC	0.038557	0.982772
rs6005518	22	27977011	NC	-0.031459	0.492144
rs9625275	22	27979102	NC	-0.047053	0.500468
rs5762263	22	27980876	NC	-0.015817	0.000000
rs12483847	22	27985473	NC	0.020638	0.989805
rs7287557	22	27988228	NC	-0.048217	0.000000
rs12169489	22	27988234	NC	0.024945	0.000000
rs9613476	22	27989777	NC	0.028619	0.506965
GSA-rs12485080	22	27994183	NC	0.033314	0.506031
rs735848	22	27997290	NC	-0.023656	0.495126
rs9613480	22	28004494	NC	-0.070750	0.507018
rs9613481	22	28005082	NC	0.141986	0.003530
rs9613483	22	28005495	NC	0.007629	1.000000
rs12160358	22	28016068	NC	-0.001257	0.504290
rs9613492	22	28016289	NC	-0.068115	0.489122
rs9608633	22	28019060	NC	0.016811	0.496925
rs133980	22	28022728	NC	0.050847	0.503712
GSA-rs117623535	22	28025519	NC	0.008139	0.995431
rs16985179	22	28029538	NC	0.051951	0.485325
rs133999	22	28030650	NC	0.061158	0.986692
rs16986928	22	28034964	NC	0.121313	0.505855
GSA-rs117683266	22	28036418	NC	0.026853	0.525495
GSA-rs116954745	22	28040054	NC	0.036596	0.482911
rs16985255	22	28041883	NC	0.032334	0.484019
GSA-rs55926944	22	28046516	NC	-0.057927	0.005668
rs9613504	22	28050390	NC	-0.015269	0.503117
GSA-rs134032	22	28050517	NC	-0.061926	0.485624
GSA-rs141371196	22	28051433	NC	0.023285	0.000000
GSA-rs5752606	22	28053874	NC	0.025685	1.000000
GSA-rs181048202	22	28056207	NC	-0.046154	0.013944
GSA-rs9620716	22	28058655	NC	-0.080790	0.494436
GSA-rs186577414	22	28062509	NC	-0.034922	0.004001
GSA-rs134071	22	28062787	NC	0.008503	0.490079
rs134083	22	28065480	NC	-0.057382	0.000000
rs73162382	22	28069659	NC	-0.025223	1.000000
GSA-rs73162383	22	28069802	NC	-0.178955	0.488480
rs134099	22	28071675	NC	0.043732	0.498118
rs17384972	22	28072029	NC	-0.063670	0.502462
GSA-rs715559	22	28075879	NC	0.031976	0.503262
rs134116	22	28082093	NC	0.137476	0.023240
GSA-rs75232099	22	28085792	NC	-0.165682	0.512313
rs134128	22	28090374	NC	0.113876	1.000000
GSA-rs79849446	22	28094751	NC	0.032148	0.996672
GSA-rs1885364	22	28094845	NC	-0.049684	0.512652
rs77250638	22	28096820	NC	-0.017967	0.510082
exm2261199	22	28096963	NC	-0.115589	0.500685
rs5762321	22	28098110	NC	0.056486	0.000000
GSA-rs73164414	22	28099042	NC	0.066233	0.523388
rs9608643	22	28101366	NC	-0.014646	1.000000
rs5762324	22	28101614	NC	-0.057637	0.498963
rs1885363	22	28101703	NC	-0.124147	0.500399
rs4820773	22	28102627	NC	-0.028846	0.993782
rs1569950	22	28103259	NC	-0.181136	0.484199
rs11090507	22	28105851	NC	-0.003828	0.498363
GSA-rs117884976	22	28107887	NC	-0.006929	0.501937
rs9625309	22	28110965	NC	-0.025559	0.000000
rs77028169	22	28114971	NC	0.022775	0.500432
GSA-rs80220843	22	28115498	NC	0.030054	0.504734
rs73164445	22	28118307	NC	-0.095105	0.489022
GSA-rs73164449	22	28119559	NC	0.078444	0.000000
rs78422325	22	28127758	NC	0.023815	0.483773
rs134131	22	28128858	NC	0.130125	0.007741
GSA-rs62235597	22	28129521	NC	-0.028084	0.511045
GSA-rs112702714	22	28129613	NC	-0.130577	0.495429
GSA-rs76237353	22	28133403	NC	0.089230	0.989401
rs5752628	22	28135297	NC	-0.051118	0.989992
rs5752629	22	28136728	NC	-0.084959	0.987358
rs6005605	22	28141301	NC	0.055339	0.514069
GSA-rs41277849	22	28145327	NC	0.041138	0.501107
GSA-rs41277851	22	28146277	NC	0.107125	0.989320
GSA-rs45583937	22	28146735	NC	0.021013	0.028046
GSA-rs12233370	22	28147189	NC	0.099999	0.492479
rs45603340	22	28147477	NC	0.016236	0.518828
rs7289065	22	28149693	NC	-0.117951	1.000000
rs2267107	22	28152601	NC	-0.016415	0.002962
rs2106150	22	28152639	NC	0.020918	0.526476
rs2267113	22	28155404	NC	0.053057	0.988472
rs3819658	22	28160074	NC	0.071487	1.000000
GSA-rs74851938	22	28161931	NC	0.225730	0.497038
rs4820777	22	28163994	NC	0.026373	0.008177
rs8142823	22	28171510	NC	0.091507	0.000000
rs2073780	22	28175162	NC	-0.128735	0.506198
GSA-rs45512704	22	28178514	NC	-0.034084	0.496990
rs382819	22	28181436	NC	-0.034188	0.997375
rs424345	22	28182510	NC	0.010234	1.000000
GSA-rs45443199	22	28183653	NC	-0.010968	0.996174
rs12166473	22	28185452	NC	0.082719	0.015389
GSA-rs13055370	22	28189171	NC	-0.042742	0.527654
rs45571543	22	28191895	NC	0.010054	0.995462
rs201879268	22	28193807	NC	0.002014	0.491855
rs45473596	22	28194749	NC	0.116118	0.000000
rs200030766	22	28196476	NC	0.051461	0.478649
rs8136754	22	28197815	NC	0.047839	0.504460
rs11704207	22	28208794	NC	-0.021752	0.000000
GSA-rs117447690	22	28209867	NC	-0.060758	0.000000
rs5997320	22	28270372	NC	-0.067826	0.006880
GSA-rs118096969	22	28281348	NC	-0.040479	0.525172
rs1016495	22	28288136	NC	0.164345	0.476821
GSA-rs2267126	22	28288310	NC	0.052531	1.000000
GSA-rs2143180	22	28298336	NC	0.045016	0.476256
GSA-rs35866626	22	28299705	NC	0.001726	0.000000
GSA-rs17480971	22	28311543	NC	-0.030350	0.499668
GSA-rs79830144	22	28333183	NC	0.070506	0.489445
GSA-rs117718780	22	28335603	NC	-0.103279	0.007563
GSA-rs73166759	22	28341895	NC	-0.023055	0.024220
GSA-rs113221608	22	28350807	NC	0.056731	0.463631
rs7292859	22	28368266	NC	-0.093814	0.496585
GSA-rs470097	22	28373744	NC	-0.056640	0.491838
GSA-rs2294819	22	28374461	NC	0.086568	1.000000
GSA-rs41277943	22	28377908	NC	-0.133612	0.507094
rs5762430	22	28378472	NC	0.038566	1.000000
GSA-rs17482652	22	28378998	NC	-0.061361	0.512159
GSA-rs75173815	22	28394985	NC	0.054296	0.991533
rs61744141	22	28397505	NC	-0.037740	0.504723
GSA-rs35098100	22	28406222	NC	0.061182	0.000000
GSA-rs16985903	22	28422777	NC	0.077457	0.999747
GSA-rs17483998	22	28426321	NC	0.059712	0.991002
rs73880377	22	28444431	NC	0.008563	1.000000
rs79037983	22	28459665	NC	0.039317	0.012508
GSA-rs117058256	22	28459871	NC	-0.048096	0.508024
GSA-rs118067492	22	28477048	NC	-0.078262	1.000000
GSA-rs74604668	22	28498525	NC	0.049608	1.000000
GSA-rs77885044	22	28501414	NC	-0.002512	0.000000
GSA-rs73166793	22	28508895	NC	0.003473	0.016907
GSA-rs17407481	22	28537490	NC	-0.027382	0.990221
rs2064360	22	28541350	NC	-0.080417	1.000000
GSA-rs117963967	22	28546311	NC	0.051180	0.502883
rs5762497	22	28546346	NC	0.068804	0.462108
GSA-rs117267414	22	28570450	NC	-0.100087	0.481795
rs5762511	22	28575543	NC	0.070489	0.500131
rs7284814	22	28583738	NC	0.085704	0.507323
GSA-rs117436126	22	28605145	NC	0.084609	0.001510
GSA-rs191767899	22	28613947	NC	-0.052997	0.991544
GSA-rs149588501	22	28620222	NC	-0.099200	0.000000
rs34637076	22	28620687	NC	-0.050807	0.000000
rs134178	22	28625291	NC	-0.022808	0.007775
GSA-rs9613584	22	28652769	NC	0.038829	0.000000
GSA-rs117786444	22	28669296	NC	-0.073895	1.000000
GSA-rs76453822	22	28672798	NC	-0.071216	0.989737
GSA-rs74385072	22	28691677	NC	0.017959	0.527568
rs5762549	22	28693496	NC	0.015687	0.495446
GSA-rs6005757	22	28714205	NC	0.093715	0.009996
GSA-rs117963935	22	28737499	NC	0.025181	0.498075
GSA-rs75552099	22	28740064	NC	0.031098	0.993667
GSA-rs9613597	22	28742156	NC	0.054298	0.000000
GSA-rs35313550	22	28769172	NC	0.059357	0.994948
GSA-rs134529	22	28781758	NC	-0.067319	0.980357
GSA-rs5997363	22	28794069	NC	0.161169	1.000000
GSA-rs13054496	22	28800401	NC	0.082519	0.006118
GSA-rs117075190	22	28819454	NC	0.016180	0.987092
GSA-rs16986438	22	28841049	NC	0.066619	0.525812
GSA-rs117010837	22	28847723	NC	-0.196211	0.511419
GSA-rs35286648	22	28861979	NC	-0.029095	0.507351
GSA-rs117166491	22	28869010	NC	0.012805	0.000000
GSA-rs695318	22	28882973	NC	0.032229	0.507418
rs74720230	22	28894879	NC	0.035849	0.502311
GSA-rs117790963	22	28910679	NC	0.104278	0.497926
rs695709	22	28912855	NC	0.076804	0.000000
GSA-rs118074551	22	28915176	NC	0.057136	0.498296
rs9620804	22	28919200	NC	-0.121393	0.000000
GSA-rs2144922	22	28923317	NC	0.015601	0.488368
GSA-rs13056776	22	28972465	NC	0.007040	0.008850
GSA-rs16986544	22	28995694	NC	0.022799	0.509724
GSA-rs75873242	22	28997273	NC	0.071342	0.499079
GSA-rs77884683	22	29039167	NC	-0.175455	0.006085
GSA-rs117577667	22	29056152	NC	-0.000078	0.513540
seq-rs200432447	22	29083962	NC	-0.003900	0.493178
rs137853011	22	29091207	NC	-0.078372	0.000000
seq-rs587780192	22	29095917	NC	0.077210	0.509090
rs1547014	22	29100711	NC	0.012970	0.496818
rs111724290	22	29101636	NC	-0.087658	0.484589
CHEK2-chr22-29105993	22	29105993	NC	0.053134	0.995537
seq-rs730881687	22	29106048	NC	-0.052271	0.000000
GSA-rs1884816	22	29106733	NC	0.123269	0.502260
rs16986640	22	29108112	NC	-0.007920	0.513654
GSA-rs17882704	22	29108695	NC	-0.051055	1.000000
rs4822983	22	29115066	NC	0.005302	1.000000
rs200451612	22	29115403	NC	-0.111253	0.486287
rs137853010	22	29121016	NC	-0.068137	0.494987
rs72552322	22	29121058	NC	0.029533	0.506072
seq-rs730881701	22	29121266	NC	-0.006616	0.506130
rs738722	22	29130012	NC	-0.014046	1.000000
rs1033667	22	29130300	NC	-0.034084	0.507564
GSA-rs116925750	22	29132393	NC	0.054767	1.000000
rs5762764	22	29132990	NC	0.183501	1.000000
rs5997389	22	29134719	NC	-0.095862	0.010502
rs116568199	22	29138115	NC	-0.058363	0.512871
rs5752792	22	29153759	NC	-0.010389	0.496855
rs6005861	22	29154237	NC	0.037082	0.508578
rs6005863	22	29156448	NC	0.021609	0.489841
rs6005868	22	29165766	NC	-0.173534	0.488703
GSA-rs5762788	22	29174770	NC	-0.019743	0.492215
GSA-rs77099742	22	29182169	NC	-0.103115	0.493550
rs56119508	22	29182795	NC	-0.073156	0.991128
rs2239815	22	29192670	NC	0.040710	0.503912
22:29196512	22	29196512	NC	-0.034407	0.010290
rs2269577	22	29196757	NC	-0.093081	0.014153
GSA-rs149608812	22	29196769	NC	0.143667	0.991251
GSA-rs6005893	22	29199790	NC	-0.066598	0.487972
rs59025667	22	29227672	NC	-0.011701	0.023806
GSA-rs6005907	22	29227971	NC	0.050234	1.000000
GSA-rs75568974	22	29231383	NC	-0.046890	0.000000
GSA-rs116079686	22	29236395	NC	-0.018564	0.000000
GSA-rs76205571	22	29236402	NC	-0.047407	0.502977
GSA-rs74542537	22	29261685	NC	0.092831	1.000000
GSA-rs62235754	22	29277895	NC	0.019315	0.485346
rs5762879	22	29286180	NC	0.009658	0.000000
GSA-rs62235757	22	29299100	NC	0.072991	0.000000
rs16986825	22	29300306	NC	0.021453	0.508033
GSA-rs132541	22	29307158	NC	-0.016384	0.000000
exm2273056	22	29318724	NC	0.073907	0.481295
GSA-rs17517292	22	29342963	NC	-0.059157	0.503407
rs5762912	22	29351030	NC	-0.073541	0.496191
GSA-rs13056576	22	29351381	NC	0.050520	0.500306
rs13055470	22	29371761	NC	-0.014143	0.980734
GSA-rs117898841	22	29376972	NC	0.093490	0.000000
rs5762930	22	29378708	NC	0.144232	0.993155
GSA-rs4823000	22	29379891	NC	-0.063638	1.000000
GSA-rs12628368	22	29383927	NC	0.079310	0.000000
rs5762942	22	29390049	NC	0.059814	0.000000
rs5752851	22	29398459	NC	0.063463	0.493622
GSA-rs76590496	22	29406609	NC	0.025448	0.513458
GSA-rs115134039	22	29413019	NC	-0.048252	0.492635
rs9613777	22	29420482	NC	-0.061969	0.492312
GSA-rs8137391	22	29422227	NC	0.010688	0.000000
GSA-rs73882433	22	29422855	NC	-0.063343	0.497592
GSA-rs73882442	22	29430848	NC	-0.031094	0.994328
rs2294239	22	29449477	NC	-0.044128	0.491067
rs4823006	22	29451671	NC	-0.019908	0.505134
rs3178915	22	29453027	NC	-0.017304	0.008520
rs6005975	22	29454477	NC	0.044256	1.000000
rs41281607	22	29456467	NC	0.050586	0.500738
rs35968360	22	29456671	NC	-0.022986	0.998229
rs9625679	22	29456699	NC	0.047359	0.504930
rs6005977	22	29456733	NC	0.126931	0.511541
GSA-rs186685575	22	29457550	NC	-0.123712	0.003417
rs134560	22	29458845	NC	0.106379	0.018995
rs134566	22	29463089	NC	-0.004152	0.006335
rs5762981	22	29480954	NC	0.069640	0.000000
rs5752865	22	29489001	NC	0.044858	0.017522
GSA-rs1540900	22	29490148	NC	0.027158	0.510737
rs10483154	22	29492258	NC	0.021772	0.490985
GSA-rs12628787	22	29495373	NC	0.013164	0.995716
GSA-rs73154236	22	29498137	NC	-0.019255	0.985211
GSA-rs17443950	22	29508504	NC	-0.033154	0.489753
rs61751700	22	29517463	NC	0.013228	0.490951
rs132268	22	29520410	NC	0.098092	0.006323
GSA-rs79246010	22	29523124	NC	0.036498	0.511215
rs132274	22	29525126	NC	0.059745	0.992004
GSA-rs56062615	22	29531712	NC	0.110344	0.473360
rs146078397	22	29534659	NC	0.046069	0.000000
GSA-rs5763001	22	29536549	NC	-0.027433	0.513935
rs713728	22	29538468	NC	-0.033653	0.486402
GSA-rs78460344	22	29541697	NC	0.035381	0.005245
GSA-rs3884934	22	29544839	NC	0.074351	0.025566
rs730517	22	29550379	NC	0.021010	0.521019
GSA-rs116967489	22	29552276	NC	-0.002408	0.512202
GSA-rs17451544	22	29553039	NC	0.115905	0.000000
rs132304	22	29556739	NC	0.003997	0.015312
rs132314	22	29561826	NC	0.000646	0.515999
rs60307207	22	29588634	NC	-0.075004	0.494727
GSA-rs132358	22	29596992	NC	0.017471	0.497200
GSA-rs113501992	22	29597315	NC	-0.098984	0.987552
GSA-rs13055209	22	29599170	NC	0.118015	1.000000
exm2268436	22	29602971	NC	-0.068696	0.505643
GSA-rs132369	22	29603611	NC	-0.109035	0.506319
rs132370	22	29603796	NC	0.042470	0.510123
rs12628475	22	29606907	NC	-0.065531	0.000000
GSA-rs375210858	22	29620385	NC	-0.038814	0.498225
rs132390	22	29621477	NC	-0.034126	0.494122
rs713992	22	29625911	NC	0.006578	0.495327
GSA-rs78858203	22	29625946	NC	-0.044431	1.000000
rs139996840	22	29627111	NC	0.008744	0.509632
GSA-rs76176511	22	29630269	NC	0.140873	0.000000
rs3950176	22	29630337	NC	-0.060158	1.000000
rs713886	22	29630564	NC	-0.039266	0.027080
GSA-rs79704889	22	29636110	NC	0.023115	0.497390
GSA-rs6006075	22	29640019	NC	0.057989	0.000000
GSA-rs117971927	22	29640845	NC	-0.010318	0.000000
rs5752890	22	29642365	NC	0.024115	0.005428
rs2744465	22	29653611	NC	-0.000725	0.493752
GSA-rs138870856	22	29656431	NC	-0.012816	0.992658
rs141666277	22	29656905	NC	-0.003231	0.000000
chr22-29659823	22	29659823	NC	-0.025637	0.009478
GSA-rs117950019	22	29666174	NC	-0.050049	0.000000
GSA-rs11703595	22	29685163	NC	-0.028709	0.483053
GSA-rs117497222	22	29685831	NC	-0.029641	0.474635
rs41311143	22	29693915	NC	0.023090	0.002125
rs2518683	22	29695929	NC	-0.043837	0.000000
GSA-rs58026214	22	29702135	NC	0.126434	0.000000
GSA-rs13056977	22	29710360	NC	-0.169154	0.995180
GSA-rs78492681	22	29716768	NC	-0.047384	0.992824
rs5763140	22	29718321	NC	-0.105307	0.018508
GSA-rs117242792	22	29720083	NC	-0.105943	0.495082
rs148564390	22	29735065	NC	0.083802	0.498748
GSA-rs11702983	22	29737071	NC	0.056063	0.480274
rs8140836	22	29748859	NC	-0.033276	0.990659
GSA-rs2267136	22	29767925	NC	0.058664	0.000000
GSA-rs118082661	22	29772423	NC	-0.018323	0.515310
rs174775	22	29791234	NC	-0.012718	0.994773
rs8141229	22	29794913	NC	-0.027304	0.510751
rs2283857	22	29797373	NC	-0.049850	1.000000
GSA-rs117062078	22	29797743	NC	0.002626	0.000000
rs71329479	22	29805162	NC	0.102496	0.499507
GSA-rs2018515	22	29818854	NC	-0.087613	1.000000
GSA-rs117876558	22	29823860	NC	-0.004661	0.512968
GSA-rs6006148	22	29827256	NC	0.113342	1.000000
chr22-29835150	22	29835150	NC	0.034381	0.484052
chr22-29837599	22	29837599	NC	-0.062860	1.000000
rs13054354	22	29840180	NC	-0.075005	0.999238
rs4823038	22	29844314	NC	-0.037075	0.000000
GSA-rs8135208	22	29845921	NC	-0.079778	0.501602
GSA-rs13053817	22	29847722	NC	0.011109	0.493885
GSA-rs17523060	22	29850959	NC	0.106276	0.000000
GSA-rs11703287	22	29851002	NC	0.048219	0.491217
GSA-rs9608772	22	29852594	NC	-0.078217	0.017186
rs7289240	22	29854959	NC	-0.040084	1.000000
rs165649	22	29874250	NC	0.009734	0.494661
GSA-rs57986874	22	29880261	NC	0.168873	1.000000
GSA-rs165602	22	29886043	NC	0.047792	1.000000
rs138156220	22	29886230	NC	0.022841	1.000000
rs4333024	22	29889201	NC	0.027613	0.494162
rs5763275	22	29891925	NC	-0.014157	0.000000
GSA-rs73156595	22	29898728	NC	-0.079124	0.471501
rs5763284	22	29899724	NC	-0.034448	0.497350
rs5752933	22	29902192	NC	-0.043645	0.517189
rs76322387	22	29913033	NC	-0.019282	1.000000
rs35832657	22	29913278	NC	-0.042002	0.005770
GSA-rs4823044	22	29924825	NC	-0.086715	0.505675
rs56066153	22	29927243	NC	0.050328	0.496133
rs79004872	22	29939414	NC	0.028528	1.000000
GSA-rs74916285	22	29955623	NC	0.081423	1.000000
rs1058642	22	29957570	NC	-0.070184	0.494489
GSA-rs76637042	22	29967630	NC	-0.078357	0.988199
GSA-rs146079589	22	29971431	NC	-0.038469	0.507891
GSA-rs71640299	22	29977229	NC	-0.065782	0.496178
rs9613972	22	29981324	NC	0.106812	0.988063
GSA-rs9620910	22	29989913	NC	0.076469	0.500689
rs2245194	22	30048182	NC	0.321671	0.336940
GSA-rs149129654	22	30058754	NC	0.316079	0.650734
GSA-rs117296787	22	30062452	NC	0.281871	0.339017
rs7291645	22	30079213	NC	0.307812	0.341212
GSA-rs117089825	22	30089766	NC	0.256124	0.320821
GSA-rs12628506	22	30108660	NC	0.214087	0.330766
GSA-rs186809522	22	30110038	NC	0.350614	0.000000
rs9614037	22	30121285	NC	0.357711	0.659924
rs2232903	22	30127367	NC	0.386906	0.685199
GSA-rs17554391	22	30139377	NC	0.311177	1.000000
rs131278	22	30155113	NC	0.328593	0.331996
GSA-rs76013375	22	30163526	NC	0.257497	0.333938
chr22-30163597	22	30163597	NC	0.239372	0.331594
GSA-rs12158466	22	30164511	NC	0.325873	0.676881
GSA-rs118125772	22	30175163	NC	0.366089	0.690523
GSA-rs61736786	22	30189642	NC	0.394152	0.659534
GSA-rs9620923	22	30192483	NC	0.370234	0.992937
rs34833047	22	30197031	NC	0.252295	0.658139
rs4823054	22	30198025	NC	0.250230	0.670145
GSA-rs2057881	22	30208543	NC	0.324126	0.338704
GSA-rs17711508	22	30220834	NC	0.303109	0.336520
rs1894473	22	30221201	NC	0.434308	0.675609
GSA-rs7285800	22	30222678	NC	0.327223	0.317302
GSA-rs112670477	22	30223584	NC	0.200051	0.008532
rs34802688	22	30228268	NC	0.410103	0.011148
rs4820821	22	30240575	NC	0.345735	0.007522
rs77356598	22	30311198	NC	0.222162	0.330057
GSA-rs5763604	22	30312091	NC	0.324708	0.326499
GSA-rs9625885	22	30315173	NC	0.374528	0.690383
GSA-rs117423591	22	30317477	NC	0.334684	0.345982
GSA-rs144881126	22	30318076	NC	0.311744	0.323912
GSA-rs117760358	22	30331577	NC	0.289497	0.653367
rs36600	22	30337586	NC	0.343905	0.323813
GSA-rs141687939	22	30355838	NC	0.275609	0.651066
rs73162767	22	30360781	NC	0.329763	0.337768
GSA-rs117528977	22	30374414	NC	0.370700	0.010325
rs5763662	22	30378703	NC	0.348032	0.331567
rs41162	22	30408710	NC	0.347391	0.666940
GSA-rs41163	22	30411462	NC	0.426302	0.328977
rs41164	22	30412465	NC	0.336020	0.000000
rs184789735	22	30415938	NC	0.258372	1.000000
GSA-rs61737780	22	30415983	NC	0.321279	0.656394
rs41170	22	30421066	NC	0.519593	0.983617
GSA-rs10212055	22	30422414	NC	0.337922	0.349059
rs2285645	22	30422708	NC	0.286617	0.342393
chr22:30423460	22	30423460	NC	0.352461	0.680907
GSA-rs41176	22	30432403	NC	0.360987	0.001181
rs41178	22	30440533	NC	0.454746	0.678166
GSA-rs2010916	22	30441219	NC	0.358998	1.000000
GSA-rs78989133	22	30467773	NC	0.343120	0.681370
GSA-rs117920337	22	30473712	NC	0.315341	0.662609
GSA-rs757026	22	30474310	NC	0.255473	0.997690
rs2412970	22	30486826	NC	0.337596	0.000000
GSA-rs34150968	22	30489945	NC	0.316576	0.666359
rs2412971	22	30494371	NC	0.372038	0.671605
GSA-rs185154372	22	30517476	NC	0.349209	0.340087
chr22-30517715	22	30517715	NC	0.372514	0.318247
rs1468177	22	30544559	NC	0.265373	0.989919
GSA-rs117977244	22	30557267	NC	0.218627	0.665144
rs11090600	22	30557278	NC	0.262041	0.686362
rs5753037	22	30581722	NC	0.376138	0.000000
GSA-rs73164754	22	30586761	NC	0.302129	0.319912
GSA-rs117342979	22	30595806	NC	0.285076	0.000000
GSA-rs9614157	22	30597810	NC	0.356587	0.000000
GSA-rs77464740	22	30602105	NC	0.380021	1.000000
rs9614164	22	30606986	NC	0.311264	0.993284
rs73881408	22	30611005	NC	0.334720	0.980538
rs9606702	22	30611088	NC	0.227578	0.653710
GSA-rs117382002	22	30617227	NC	0.354148	0.322258
GSA-rs8135148	22	30618648	NC	0.268928	0.973517
rs9606703	22	30620360	NC	0.242529	0.031021
GSA-rs143112602	22	30627635	NC	0.240063	0.314910
GSA-rs144317390	22	30629289	NC	0.460571	1.000000
GSA-rs8136774	22	30638664	NC	0.350213	0.667134
rs41281637	22	30639993	NC	0.331870	0.003314
GSA-rs737921	22	30640214	NC	0.349780	0.343929
rs41282467	22	30641339	NC	0.323657	0.326293
exm2261205	22	30647657	NC	0.296817	0.651023
GSA-rs78239728	22	30650983	NC	0.466849	1.000000
rs75292940	22	30656268	NC	0.379925	0.661723
rs7289095	22	30658722	NC	0.319470	1.000000
rs1476576	22	30660517	NC	0.260506	0.325627
rs148386625	22	30661028	NC	0.345527	0.000000
rs877549	22	30672420	NC	0.245280	0.657825
rs4473498	22	30673368	NC	0.285524	0.028832
rs2108093	22	30679387	NC	0.419643	0.686533
GSA-rs9608865	22	30682767	NC	0.219050	0.322078
rs61730760	22	30688488	NC	0.321837	0.001264
GSA-rs2097919	22	30691631	NC	0.386652	0.994266
GSA-rs117873737	22	30694998	NC	0.410794	0.672514
GSA-rs73168603	22	30695372	NC	0.316361	0.997414
GSA-rs78364627	22	30702551	NC	0.029243	0.977562
GSA-rs76345075	22	30714123	NC	0.038999	1.000000
GSA-rs2041199	22	30732236	NC	-0.062055	1.000000
GSA-rs5753081	22	30740653	NC	0.064823	1.000000
GSA-rs117237368	22	30745204	NC	0.093354	0.000000
GSA-rs146589352	22	30749230	NC	-0.026188	0.014133
GSA-rs376401060	22	30753834	NC	-0.073989	0.990539
GSA-rs9606721	22	30762035	NC	0.034892	0.974499
GSA-rs41281643	22	30762178	NC	0.055500	1.000000
GSA-rs117593119	22	30763735	NC	-0.027367	0.512076
rs116038577	22	30766439	NC	-0.022800	0.492805
rs1002189	22	30771458	NC	-0.082981	0.482998
GSA-rs117900841	22	30775120	NC	0.088823	0.507015
GSA-rs117174875	22	30783659	NC	0.008626	0.512700
rs5997637	22	30794950	NC	-0.008750	0.505811
rs142009018	22	30803114	NC	0.004199	0.000000
chr22-30806644	22	30806644	NC	0.027740	0.010570
GSA-rs9606726	22	30823250	NC	-0.050238	0.000000
GSA-rs116910366	22	30830773	NC	0.060962	0.509609
rs1009337	22	30833372	NC	-0.071728	0.000000
GSA-rs5753137	22	30836313	NC	-0.009830	0.491260
GSA-rs117518660	22	30842190	NC	-0.021231	0.493203
GSA-rs116966156	22	30842264	NC	-0.025147	0.510941
rs4820848	22	30843495	NC	0.017637	1.000000
GSA-rs75330889	22	30846783	NC	-0.001604	0.995507
GSA-rs370496037	22	30846972	NC	-0.095903	0.012580
GSA-rs9608930	22	30851610	NC	0.005717	0.486254
rs5753158	22	30855697	NC	-0.042061	0.498968
rs192622540	22	30860869	NC	-0.029839	1.000000
GSA-rs115278158	22	30864655	NC	-0.067610	1.000000
GSA-rs114438349	22	30866053	NC	0.047285	0.500743
chr22-30867936	22	30867936	NC	0.007859	1.000000
GSA-rs58845493	22	30868349	NC	0.007578	0.000000
rs11705494	22	30868599	NC	-0.105188	0.501936
GSA-rs1124827	22	30869336	NC	0.005703	0.008820
chr22-30886119	22	30886119	NC	-0.216026	0.981855
rs142674998	22	30886214	NC	0.029623	1.000000
rs75052363	22	30886271	NC	0.158180	0.491093
GSA-rs76073588	22	30887555	NC	-0.081817	0.996361
GSA-rs61741444	22	30887919	NC	-0.103984	0.991154
rs145618105	22	30888505	NC	-0.049257	0.489341
GSA-rs73168672	22	30889646	NC	-0.023199	0.511049
GSA-rs77679347	22	30891300	NC	-0.028592	0.000000
rs139482909	22	30891749	NC	0.065108	0.995584
rs933339	22	30905491	NC	-0.043741	0.505457
GSA-rs117039473	22	30920120	NC	0.016404	0.491107
chr22-30928697	22	30928697	NC	0.022410	0.503091
GSA-rs75426385	22	30928956	NC	-0.076243	0.996307
rs4820864	22	30929905	NC	-0.022343	0.498211
rs118116676	22	30934885	NC	0.112929	0.516412
GSA-rs6518702	22	30948752	NC	0.087192	0.491622
rs139452633	22	30951208	NC	0.038830	0.495431
GSA-rs55674628	22	30953280	NC	0.029057	0.995142
rs12628608	22	30955907	NC	0.137767	0.000000
rs4149488	22	30957832	NC	-0.039779	0.499887
GSA-rs117490731	22	30958789	NC	0.011009	0.995192
GSA-rs117512566	22	30961646	NC	-0.017821	0.502128
rs42938	22	30965757	NC	-0.107287	0.012588
GSA-rs139398770	22	30966176	NC	0.008907	1.000000
GSA-rs117156758	22	30968752	NC	0.054764	1.000000
GSA-rs34123894	22	30975861	NC	0.036124	0.486088
GSA-rs79483185	22	30980914	NC	-0.021198	0.002030
GSA-rs7364237	22	30980922	NC	-0.113642	0.513182
rs4820018	22	30986172	NC	0.069547	0.000000
rs13053923	22	30988382	NC	0.017360	0.505194
rs11912615	22	30989492	NC	0.073727	0.500745
GSA-rs9621039	22	30990141	NC	0.105628	0.481136
GSA-rs7285863	22	30991124	NC	0.027785	0.001388
rs16988828	22	31003561	NC	-0.013852	1.000000
rs9606756	22	31006860	NC	0.104373	0.000000
rs35915865	22	31008867	NC	0.096546	0.008693
GSA-rs73396379	22	31009752	NC	-0.017593	0.492379
rs200303429	22	31010408	NC	0.092385	0.497789
rs142791153	22	31010431	NC	0.060749	0.504115
rs201925682	22	31010455	NC	0.127865	1.000000
rs146009793	22	31010462	NC	0.050344	0.519404
rs35838082	22	31011350	NC	-0.158953	0.520839
rs5749135	22	31011906	NC	0.034675	0.998871
rs2283873	22	31013296	NC	-0.095633	0.488275
GSA-rs4820888	22	31017322	NC	-0.004191	0.508713
rs1131603	22	31018975	NC	-0.019598	0.508651
rs4820889	22	31019044	NC	-0.019920	0.000000
rs9306264	22	31024934	NC	-0.022001	1.000000
GSA-rs8136373	22	31032881	NC	-0.060753	0.504231
GSA-rs55846646	22	31042592	NC	0.000689	0.481344
rs5994328	22	31046587	NC	-0.000685	0.000267
GSA-rs9609033	22	31047681	NC	-0.063468	0.000000
GSA-rs144801484	22	31050264	NC	0.079748	0.992679
GSA-rs117841102	22	31051168	NC	-0.058429	0.503789
chr22-31059951	22	31059951	NC	0.009423	0.994587
exm2261206	22	31061283	NC	-0.056294	1.000000
rs2007846	22	31065067	NC	0.067661	0.513857
GSA-rs9606764	22	31067427	NC	0.056850	0.492842
GSA-rs117690957	22	31068865	NC	0.005558	0.001409
rs6518711	22	31071354	NC	-0.086044	0.005543
GSA-rs117053403	22	31077232	NC	0.075503	0.518529
GSA-rs79856312	22	31091305	NC	0.056310	0.006367
rs11089471	22	31113828	NC	-0.005018	1.000000
GSA-rs9606769	22	31114911	NC	0.007133	1.000000
rs136369	22	31123292	NC	-0.135015	0.999682
GSA-rs73154638	22	31137512	NC	-0.036296	1.000000
GSA-rs926340	22	31139318	NC	0.011621	0.497639
rs5753303	22	31139653	NC	0.015190	1.000000
rs9609077	22	31153162	NC	-0.072449	0.000104
GSA-rs79208254	22	31154422	NC	0.095659	0.511278
GSA-rs62235900	22	31170608	NC	0.015090	0.996201
rs136273	22	31195775	NC	0.072779	0.000000
rs136262	22	31198037	NC	-0.050572	0.025720
rs136230	22	31214382	NC	0.062968	0.000000
rs742205	22	31223456	NC	0.033826	1.000000
GSA-rs5753338	22	31227901	NC	-0.060637	0.498873
rs136217	22	31232074	NC	-0.108045	0.500029
rs7287540	22	31233875	NC	0.132598	0.000000
GSA-rs9621114	22	31249202	NC	0.015833	0.495776
rs2413001	22	31249333	NC	-0.055145	0.997100
GSA-rs5753350	22	31256066	NC	-0.045561	0.482279
rs8142410	22	31256367	NC	0.011614	1.000000
rs4577391	22	31256584	NC	-0.009923	1.000000
GSA-rs2413004	22	31258967	NC	0.028748	0.492757
rs9609128	22	31259530	NC	-0.024180	0.000000
rs5753356	22	31261107	NC	-0.039594	0.519124
GSA-rs9619144	22	31261888	NC	-0.037800	0.515339
rs2301816	22	31266546	NC	0.004080	1.000000
rs2285917	22	31268091	NC	0.003259	1.000000
rs112446420	22	31268556	NC	-0.065110	0.495229
GSA-rs41282553	22	31286928	NC	0.029751	0.484226
rs11089481	22	31288769	NC	-0.012083	0.986410
rs34240867	22	31289891	NC	0.070604	0.501219
GSA-22:31291597	22	31291597	NC	-0.039631	0.504368
GSA-rs117150960	22	31295004	NC	0.042012	0.499635
rs5749191	22	31295082	NC	-0.037985	0.510641
GSA-rs118130276	22	31303401	NC	0.120380	0.009644
GSA-rs71331269	22	31317710	NC	-0.047871	0.495958
GSA-rs73156729	22	31319187	NC	0.034988	0.000000
GSA-rs150861994	22	31321492	NC	-0.053855	0.014332
rs1003480	22	31346752	NC	0.102710	0.495049
GSA-rs117314603	22	31353354	NC	0.001417	0.515500
GSA-rs77364173	22	31363699	NC	0.192624	0.483719
GSA-rs118027159	22	31370043	NC	0.044222	0.519613
GSA-rs8137612	22	31381741	NC	0.007183	0.508981
rs5753425	22	31410356	NC	0.057511	0.507464
rs7287510	22	31432613	NC	0.097414	0.010576
GSA-rs73156766	22	31435650	NC	0.010004	0.496564
GSA-rs79502375	22	31451194	NC	0.114365	0.000000
rs7285683	22	31459194	NC	0.056219	0.493342
rs737930	22	31459255	NC	0.050767	0.987605
rs188312885	22	31484930	NC	-0.013131	0.500085
rs114164619	22	31487354	NC	-0.075309	0.507617
rs143097953	22	31487679	NC	0.097364	1.000000
rs5997872	22	31491332	NC	0.080819	0.500809
rs11705137	22	31501788	NC	0.074848	1.000000
chr22-31501915	22	31501915	NC	-0.055217	0.993980
GSA-rs76873368	22	31507866	NC	-0.076868	0.000747
GSA-rs76041881	22	31514545	NC	0.114426	1.000000
rs2240432	22	31521404	NC	-0.030781	0.493893
chr22-31521708	22	31521708	NC	0.074437	0.984533
rs5753469	22	31526811	NC	0.008387	0.996433
GSA-rs9621198	22	31532567	NC	0.087472	0.000540
rs142563030	22	31532702	NC	-0.091300	0.980382
rs199793977	22	31532894	NC	-0.012711	1.000000
rs2232183	22	31532960	NC	-0.007561	0.998739
rs142353712	22	31536232	NC	-0.013202	0.491427
GSA-rs3761430	22	31538002	NC	-0.048408	0.990332
rs2413030	22	31546951	NC	-0.014236	0.008446
rs4820946	22	31551160	NC	0.157442	0.003405
GSA-rs740229	22	31553510	NC	-0.029920	0.000000
GSA-rs76873698	22	31554764	NC	-0.050933	0.001023
GSA-rs76732632	22	31555512	NC	0.044140	0.479318
rs5994376	22	31563555	NC	0.112948	0.496130
GSA-rs189212917	22	31572415	NC	-0.001026	0.000000
GSA-rs79419741	22	31575749	NC	0.012717	0.007442
GSA-rs75951213	22	31588870	NC	-0.036412	1.000000
rs3208937	22	31602139	NC	0.047255	0.492871
GSA-rs35108022	22	31603465	NC	0.063081	0.988740
GSA-rs143633004	22	31608618	NC	0.080300	0.507409
GSA-rs5749237	22	31618958	NC	0.065393	0.502990
GSA-rs5997917	22	31621792	NC	-0.084971	0.000000
GSA-rs2106294	22	31645759	NC	-0.018635	0.492296
GSA-rs2413043	22	31648576	NC	0.036538	0.487149
GSA-rs79850371	22	31653885	NC	0.017557	1.000000
GSA-rs34930775	22	31658205	NC	-0.069151	0.000000
chr22-31658603	22	31658603	NC	-0.069674	0.506155
rs7285773	22	31665044	NC	0.084359	0.487993
rs2413045	22	31665862	NC	-0.016221	0.483282
rs5997937	22	31673859	NC	-0.035240	0.489823
GSA-rs147775868	22	31675662	NC	-0.034815	0.989812
GSA-rs1858821	22	31676454	NC	-0.036175	0.000000
GSA-rs74946037	22	31681368	NC	-0.143990	0.506895
GSA-rs11089495	22	31685129	NC	0.106518	0.003177
GSA-rs41307239	22	31688249	NC	0.083984	0.000000
rs9619183	22	31688583	NC	0.000943	0.005112
GSA-rs62239378	22	31699702	NC	0.038815	0.505731
GSA-rs139829417	22	31701184	NC	-0.033214	0.498458
GSA-rs34128648	22	31729557	NC	0.021690	0.511802
rs34623833	22	31733556	NC	-0.136087	0.495062
chr22-31743437	22	31743437	NC	-0.113791	0.985238
GSA-rs12157806	22	31748126	NC	0.133812	0.990263
GSA-rs35351984	22	31753376	NC	0.051983	0.000000
GSA-rs7290752	22	31784399	NC	-0.060099	0.490217
rs5997988	22	31838085	NC	-0.099641	0.513905
rs17821048	22	31838469	NC	-0.071330	0.501465
rs146239944	22	31840638	NC	0.172055	0.501549
GSA-rs16989638	22	31850607	NC	0.166367	0.499408
rs5753632	22	31863097	NC	0.018275	0.478198
GSA-rs17833819	22	31864941	NC	-0.071401	0.010413
rs11544091	22	31867903	NC	0.072585	0.507560
GSA-rs141278764	22	31888007	NC	0.105364	0.505330
chr22-31904240	22	31904240	NC	0.057084	0.517682
chr22-31942938	22	31942938	NC	0.067178	0.486586
GSA-rs16989753	22	31946282	NC	0.103740	0.010428
GSA-rs189621917	22	31966051	NC	-0.135395	0.503544
rs16989291	22	31971282	NC	-0.018146	0.002235
chr22-31976260	22	31976260	NC	0.022568	0.000000
rs140987552	22	31979911	NC	0.069426	0.493140
rs1018490	22	31996625	NC	0.021728	0.000000
rs6518752	22	31999127	NC	0.062704	0.503583
GSA-rs8142346	22	32000872	NC	-0.032642	0.000000
chr22-32000873	22	32000873	NC	-0.030620	0.497962
chr22-32003968	22	32003968	NC	-0.044430	0.509551
GSA-rs117683198	22	32005929	NC	-0.131674	0.492003
rs9621295	22	32007153	NC	0.074286	0.988531
chr22-32007810	22	32007810	NC	0.013293	0.000000
GSA-rs55735011	22	32014161	NC	-0.042088	0.000000
rs183406976	22	32019741	NC	-0.027196	0.488917
GSA-rs192185952	22	32020180	NC	0.005029	0.988262
GSA-rs148680467	22	32023359	NC	-0.026564	0.006093
rs11703808	22	32024980	NC	0.022612	1.000000
GSA-rs12627933	22	32027449	NC	0.122896	0.000000
GSA-rs34103525	22	32044166	NC	-0.090456	0.506448
GSA-rs760908	22	32057501	NC	0.006535	0.488268
GSA-rs16985133	22	32059436	NC	-0.012194	0.490583
GSA-rs1076674	22	32069433	NC	-0.088239	0.481065
chr22-32072800	22	32072800	NC	0.104991	0.488667
GSA-rs9619224	22	32075899	NC	-0.019064	0.500821
rs6518754	22	32097775	NC	0.004552	0.998560
GSA-rs117161023	22	32099218	NC	0.011414	0.519104
GSA-rs117989687	22	32104196	NC	-0.032628	1.000000
GSA-rs16989427	22	32108475	NC	-0.031192	0.000000
rs141951516	22	32109581	NC	-0.090577	1.000000
chr22-32109810	22	32109810	NC	-0.003710	1.000000
GSA-rs140079	22	32110943	NC	-0.050953	0.500299
GSA-rs117343825	22	32110988	NC	-0.078276	1.000000
GSA-rs117519233	22	32113164	NC	0.034361	1.000000
rs112531886	22	32113269	NC	0.101427	0.000000
rs112425519	22	32125521	NC	0.069847	0.000000
GSA-rs117415555	22	32145436	NC	0.043677	0.504251
rs5998115	22	32151704	NC	0.042253	0.000000
GSA-rs73162142	22	32161567	NC	-0.013979	0.003466
GSA-rs5753783	22	32175993	NC	-0.061513	0.995335
GSA-rs117060288	22	32176540	NC	0.122498	0.986430
GSA-rs117367634	22	32176704	NC	-0.006905	0.491341
rs187334123	22	32193632	NC	0.030051	0.996977
GSA-rs41311139	22	32200849	NC	0.039491	0.000000
GSA-rs5998135	22	32205632	NC	-0.063787	0.502783
GSA-rs149401731	22	32208399	NC	-0.021713	0.501859
rs181347577	22	32218692	NC	-0.049692	0.989447
rs9606878	22	32220680	NC	0.069737	0.000000
GSA-rs5994434	22	32229649	NC	0.079756	0.000000
rs16989535	22	32229931	NC	0.015536	0.002935
GSA-rs76541329	22	32230414	NC	0.034475	0.000000
GSA-rs73162162	22	32232288	NC	-0.016694	1.000000
rs200841588	22	32232979	NC	-0.001604	0.496675
GSA-rs118001924	22	32239739	NC	0.038603	1.000000
exm2261209	22	32263131	NC	-0.066864	0.494412
rs1012068	22	32265903	NC	-0.102902	0.986391
rs76409488	22	32266275	NC	0.092423	0.484986
GSA-rs61731662	22	32266603	NC	0.048902	0.511908
rs200653339	22	32270378	NC	0.038068	0.000343
chr22-32275515	22	32275515	NC	0.011378	0.489573
rs9621357	22	32275852	NC	0.024274	0.494572
GSA-rs74279068	22	32287059	NC	0.021755	1.000000
GSA-rs61516580	22	32294050	NC	0.033382	0.502561
rs5998165	22	32296000	NC	0.024407	1.000000
rs146449468	22	32302045	NC	-0.005018	0.501232
GSA-rs74729600	22	32306245	NC	-0.026151	0.000000
rs5994451	22	32323511	NC	0.060205	1.000000
chr22-32334069	22	32334069	NC	0.063705	1.000000
rs34154902	22	32335594	NC	0.009462	0.000000
rs3747158	22	32342976	NC	-0.006442	0.496878
rs62240614	22	32364809	NC	-0.005552	0.007940
GSA-rs77424625	22	32370628	NC	-0.001026	0.501623
rs17745316	22	32446805	NC	-0.009790	1.000000
GSA-rs117592915	22	32446856	NC	-0.066440	0.502105
GSA-rs73162201	22	32452928	NC	0.160739	0.010934
rs739009	22	32467651	NC	-0.052807	0.004337
GSA-rs77312284	22	32470850	NC	0.051180	0.495034
rs149749339	22	32473980	NC	-0.093854	0.491658
rs4821037	22	32484201	NC	-0.086390	0.013979
rs139555428	22	32492278	NC	0.111345	0.499936
GSA-rs77843215	22	32500485	NC	-0.044734	0.003046
rs17683807	22	32508004	NC	0.013384	0.006265
rs9609427	22	32509440	NC	-0.052778	0.990804
GSA-rs79038424	22	32528603	NC	-0.021743	0.994205
chr22-32545761	22	32545761	NC	0.012795	0.483397
GSA-rs76993883	22	32546126	NC	0.163703	0.501405
chr22-32546978	22	32546978	NC	0.043771	0.000000
GSA-rs77647541	22	32552840	NC	-0.029197	0.498864
rs5998267	22	32554985	NC	0.098790	1.000000
GSA-rs74958599	22	32557200	NC	-0.030102	0.018307
rs8139657	22	32559835	NC	0.053929	1.000000
GSA-rs12158564	22	32561588	NC	-0.014941	1.000000
rs136410	22	32574274	NC	-0.058448	0.499097
rs55726571	22	32577520	NC	0.010933	0.507874
rs136429	22	32579559	NC	-0.031290	1.000000
rs136432	22	32580030	NC	-0.025334	0.503138
rs115898714	22	32581841	NC	0.051550	0.514209
chr22-32587271	22	32587271	NC	0.072219	0.525391
GSA-rs9621401	22	32587348	NC	0.003139	0.000000
rs136478	22	32589023	NC	-0.002144	0.000383
rs108211	22	32590449	NC	-0.065400	0.494088
GSA-rs73164026	22	32599642	NC	-0.090539	0.497594
GSA-rs713766	22	32606790	NC	-0.040626	1.000000
rs738203	22	32607074	NC	-0.000379	1.000000
rs2179064	22	32611236	NC	-0.040117	0.502304
rs12168696	22	32611862	NC	-0.125828	0.017979
GSA-rs35413610	22	32615293	NC	0.166450	0.516068
GSA-rs76548786	22	32615811	NC	-0.029049	0.499985
rs73164039	22	32616870	NC	0.107700	0.001874
GSA-rs143255157	22	32620724	NC	-0.070402	0.516541
rs2179065	22	32624603	NC	0.082720	0.000000
rs2068209	22	32626908	NC	0.022983	0.026717
GSA-rs35777893	22	32628357	NC	0.103838	1.000000
GSA-rs62239049	22	32628900	NC	0.046041	0.982647
chr22-32630946	22	32630946	NC	-0.004788	0.014218
rs5994502	22	32632543	NC	0.061597	0.495718
rs7289147	22	32633733	NC	-0.085235	0.996006
GSA-rs7291681	22	32636089	NC	0.139746	0.514273
GSA-rs2294210	22	32640087	NC	0.097013	0.483831
GSA-rs76819573	22	32641892	NC	-0.094550	0.004475
rs2235168	22	32649431	NC	-0.095929	0.997576
GSA-rs2235171	22	32650200	NC	-0.040772	0.509687
rs12169024	22	32651262	NC	-0.156609	0.503776
rs16990065	22	32651306	NC	-0.066056	0.015144
GSA-rs5994515	22	32655284	NC	-0.029060	0.526270
rs5998354	22	32656177	NC	-0.105455	0.005233
rs5998359	22	32658620	NC	-0.122163	1.000000
rs56240204	22	32662384	NC	-0.010615	0.000000
rs10439908	22	32664241	NC	-0.021894	0.000000
GSA-rs5998364	22	32664612	NC	0.003433	0.495634
GSA-rs12158434	22	32665507	NC	-0.106047	0.509928
rs7290281	22	32666003	NC	0.164576	0.490398
rs4821041	22	32666627	NC	0.022511	0.504532
GSA-rs62241071	22	32666945	NC	0.091820	0.505720
rs5753904	22	32667507	NC	-0.115373	0.000000
rs5753905	22	32668008	NC	0.039746	0.517919
GSA-rs74829750	22	32668904	NC	0.079738	0.480722
GSA-rs62241072	22	32669044	NC	-0.007601	0.000000
rs11703509	22	32670765	NC	0.020356	0.483854
GSA-rs75794907	22	32673200	NC	0.076580	0.001538
GSA-rs111602284	22	32675303	NC	0.047387	0.509051
GSA-rs5749366	22	32679381	NC	0.030450	0.011208
rs11089541	22	32679804	NC	0.088505	0.497253
GSA-rs16990106	22	32683073	NC	0.091831	0.492846
rs28479043	22	32704752	NC	0.069763	0.476870
GSA-rs76821034	22	32705515	NC	0.035968	0.000065
GSA-rs117852429	22	32707019	NC	0.028270	0.001190
rs80065875	22	32712863	NC	0.033790	0.505119
rs5753968	22	32716956	NC	-0.019039	0.001965
GSA-rs73166321	22	32717930	NC	0.035403	0.020437
rs11704384	22	32719337	NC	-0.006281	0.507988
GSA-rs117799899	22	32719612	NC	-0.161302	0.490599
rs16990207	22	32722207	NC	0.033961	0.013007
rs2281032	22	32722963	NC	-0.044514	0.018791
rs66889006	22	32723038	NC	0.031900	0.503786
rs77165390	22	32723723	NC	0.106065	0.987405
GSA-rs80337063	22	32724253	NC	0.074583	1.000000
rs5753981	22	32724611	NC	0.053596	0.509704
rs2014137	22	32728966	NC	0.016451	1.000000
rs2076040	22	32729530	NC	-0.085226	0.501248
GSA-rs112290541	22	32730830	NC	-0.061144	0.502034
rs5753991	22	32738182	NC	-0.008032	1.000000
rs5994550	22	32738469	NC	0.069926	1.000000
GSA-rs117686507	22	32739638	NC	0.040535	0.498804
rs4343557	22	32744045	NC	0.145488	0.490712
rs67967684	22	32747253	NC	0.046193	0.000000
rs12158983	22	32748873	NC	-0.030913	0.490945
GSA-rs77461830	22	32750036	NC	0.021876	0.996760
GSA-rs57606003	22	32754232	NC	0.033148	1.000000
GSA-rs16987625	22	32754306	NC	-0.072165	0.502078
GSA-rs5754012	22	32755659	NC	0.007891	0.499643
GSA-rs56317784	22	32756101	NC	-0.110766	0.505118
GSA-rs112985865	22	32757167	NC	-0.041587	0.495049
GSA-rs74684401	22	32763112	NC	-0.040892	0.491930
GSA-rs713620	22	32763523	NC	-0.036832	1.000000
GSA-rs11089560	22	32770087	NC	0.011613	0.986849
GSA-rs5994560	22	32772712	NC	-0.016206	0.000000
rs738268	22	32773266	NC	-0.004669	0.503705
GSA-rs45561934	22	32773382	NC	-0.037384	0.482107
GSA-rs144824927	22	32773493	NC	-0.071179	0.502075
rs7288975	22	32774472	NC	-0.052284	0.497499
GSA-rs12484512	22	32779131	NC	-0.030025	1.000000
GSA-rs117491818	22	32779501	NC	-0.007347	0.006230
rs56923835	22	32785078	NC	0.081995	0.000000
GSA-rs79545976	22	32787802	NC	-0.089014	0.499169
rs2294311	22	32793269	NC	-0.056532	1.000000
GSA-rs5749429	22	32803289	NC	-0.026996	0.008057
rs9609537	22	32807769	NC	0.015158	0.999948
rs2049948	22	32808355	NC	-0.021574	1.000000
GSA-rs742096	22	32809223	NC	-0.092333	1.000000
rs5998478	22	32811952	NC	-0.024699	0.515829
rs73170318	22	32813600	NC	-0.008885	1.000000
rs722693	22	32814532	NC	-0.027336	0.494065
GSA-rs56252916	22	32818916	NC	-0.036739	1.000000
GSA-rs117167553	22	32821648	NC	0.028100	0.982641
rs1543320	22	32823071	NC	-0.059064	1.000000
GSA-rs5749435	22	32823132	NC	-0.011841	0.018196
GSA-rs16990445	22	32827586	NC	-0.074260	1.000000
rs6518776	22	32830958	NC	-0.033591	0.000000
GSA-rs2076051	22	32831809	NC	-0.134220	1.000000
rs2076054	22	32832874	NC	-0.026906	0.000000
GSA-rs74279750	22	32835943	NC	0.020014	0.000000
rs11704027	22	32836684	NC	-0.014741	1.000000
rs2179166	22	32838376	NC	0.000840	0.502232
rs5998492	22	32838494	NC	-0.108547	0.494543
GSA-rs76006752	22	32842083	NC	-0.004228	0.502944
rs7289943	22	32848703	NC	-0.111137	0.513200
rs12628214	22	32850800	NC	0.083968	0.010432
GSA-rs73404930	22	32852855	NC	0.025043	0.493172
rs5998498	22	32853948	NC	-0.006929	0.000000
GSA-rs1109363	22	32856516	NC	0.067374	0.516048
rs760657	22	32857285	NC	0.033350	0.491681
rs5998500	22	32859702	NC	0.022457	0.498558
GSA-rs117445809	22	32862027	NC	-0.080464	0.500624
rs9606958	22	32864879	NC	0.065372	0.494847
rs5998504	22	32865604	NC	-0.030006	0.978968
rs7291067	22	32873496	NC	0.059262	0.021541
GSA-rs41311141	22	32880006	NC	0.096467	0.493417
rs61730783	22	32880067	NC	-0.068700	0.492855
rs5749446	22	32880585	NC	0.135617	0.495116
rs3788448	22	32882808	NC	0.029220	0.491407
GSA-rs77881174	22	32894025	NC	0.083110	0.495759
GSA-rs117881779	22	32911747	NC	-0.049205	0.524833
rs2097312	22	32912277	NC	-0.056288	1.000000
rs150768274	22	32914312	NC	-0.015651	0.480667
GSA-rs78835794	22	32921325	NC	-0.106064	0.511077
GSA-rs130452	22	32922125	NC	0.061490	0.511143
GSA-rs117513935	22	32923673	NC	-0.033963	0.492870
rs130456	22	32925170	NC	-0.139454	0.484996
rs130459	22	32926413	NC	0.016719	0.016164
rs762909	22	32930568	NC	-0.104926	0.516325
GSA-rs5754137	22	32935425	NC	-0.039883	1.000000
GSA-rs73172131	22	32937112	NC	-0.071822	0.515979
rs117775223	22	32937292	NC	-0.079093	0.014419
rs2710376	22	32944027	NC	-0.068800	0.989221
GSA-rs13057046	22	32946884	NC	-0.011779	0.991060
GSA-rs76765788	22	32947487	NC	-0.010718	0.508938
rs74279759	22	32950839	NC	-0.040868	0.499701
GSA-rs9606982	22	32951827	NC	0.037850	0.994902
rs2157189	22	32952012	NC	-0.047045	0.483429
GSA-rs74504327	22	32954314	NC	-0.010083	0.480946
rs147461566	22	32956862	NC	-0.043557	0.000232
GSA-rs743762	22	32959350	NC	0.094945	1.000000
rs1016740	22	32963983	NC	-0.036990	0.495667
rs5998545	22	32968093	NC	-0.002081	0.491681
rs11089577	22	32969167	NC	-0.031894	0.506836
GSA-rs117817258	22	32969388	NC	-0.016249	0.998397
rs17700302	22	32971498	NC	0.024192	0.532829
rs1962222	22	32971900	NC	-0.067862	0.492294
rs79184817	22	32978804	NC	-0.025160	1.000000
rs131047	22	32980147	NC	0.034212	1.000000
GSA-rs2858737	22	32980676	NC	0.103902	0.489734
rs131048	22	32981332	NC	-0.121269	0.494114
GSA-rs35118742	22	32982433	NC	0.004339	0.006794
GSA-rs41490546	22	32989033	NC	0.000416	0.490637
GSA-rs61441850	22	32990228	NC	-0.010206	0.497126
rs8142270	22	32990273	NC	0.072432	0.031047
rs16990808	22	32994093	NC	0.058466	0.000000
rs74349262	22	32994224	NC	-0.004622	0.000000
rs5998551	22	32995751	NC	0.042049	0.999951
GSA-rs5998552	22	32995957	NC	-0.077784	0.978665
GSA-rs2858738	22	32998019	NC	-0.038185	0.504361
rs113964080	22	33000440	NC	-0.081514	1.000000
GSA-rs16990830	22	33001199	NC	0.092240	1.000000
rs74872692	22	33001359	NC	-0.059363	0.509724
rs2710357	22	33001708	NC	-0.016417	0.000000
GSA-rs9784225	22	33001950	NC	-0.005883	0.994657
rs73154345	22	33006279	NC	0.028721	1.000000
rs5749471	22	33006503	NC	0.031262	0.002263
rs60966625	22	33007142	NC	0.009377	0.481327
GSA-rs75019831	22	33007706	NC	0.064634	0.000000
rs2051568	22	33025155	NC	-0.044879	0.504806
GSA-rs7511209	22	33030026	NC	0.057246	0.511889
GSA-rs117913131	22	33040513	NC	-0.000273	0.000000
rs131067	22	33044995	NC	-0.038562	0.000000
rs131068	22	33045395	NC	0.046236	1.000000
rs62234573	22	33045573	NC	0.060046	0.003114
rs743758	22	33045619	NC	0.103770	1.000000
rs5749480	22	33047706	NC	0.078006	0.487619
seq-rs4821083	22	33056341	NC	-0.090717	1.000000
seq-rs2413143	22	33056859	NC	-0.074637	0.991153
Seq-rs5749482	22	33059665	NC	0.033953	1.000000
rs199514849	22	33062231	NC	0.028570	0.016299
rs201617498	22	33063726	NC	-0.116676	0.995195
GSA-rs114417675	22	33069689	NC	0.038030	0.494339
GSA-rs200480968	22	33074351	NC	-0.044072	0.008783
GSA-rs115537417	22	33074506	NC	0.034050	0.496003
rs16991028	22	33095075	NC	0.021027	0.000000
rs5998590	22	33097662	NC	-0.063900	0.509783
rs34223312	22	33102413	NC	0.122944	0.505814
GSA-rs5754221	22	33103455	NC	0.065500	0.000044
GSA-rs5754227	22	33105817	NC	0.034639	0.493625
GSA-rs56247309	22	33110597	NC	-0.051530	0.494380
rs73156418	22	33110986	NC	-0.060913	0.017974
GSA-rs145565405	22	33114815	NC	0.001594	0.515737
rs743742	22	33116314	NC	-0.022899	1.000000
GSA-rs9619302	22	33117736	NC	-0.011886	0.001100
rs5754232	22	33118048	NC	0.116995	0.002217
rs4821089	22	33118165	NC	0.098709	0.010884
rs2008206	22	33124633	NC	-0.061309	0.000000
rs9621546	22	33130898	NC	0.022504	0.000000
GSA-rs76285417	22	33131673	NC	0.008643	0.010801
rs5754240	22	33132579	NC	-0.054023	0.013104
GSA-rs77444040	22	33133216	NC	0.033429	0.998709
rs62234590	22	33135514	NC	0.000162	0.998480
rs5754243	22	33138682	NC	0.022649	0.495720
GSA-rs73156453	22	33139757	NC	-0.003432	0.021565
rs5994617	22	33142908	NC	0.024373	0.000000
GSA-rs73156459	22	33146241	NC	-0.050204	0.483817
GSA-rs34843069	22	33147773	NC	-0.072173	0.004637
rs5994618	22	33151639	NC	-0.001493	0.023489
rs5998620	22	33152977	NC	0.035048	0.510942
GSA-rs71313140	22	33158058	NC	-0.032828	1.000000
rs4821099	22	33159636	NC	0.015190	0.000000
GSA-rs117524034	22	33160751	NC	0.007556	1.000000
GSA-rs117584916	22	33161627	NC	-0.008983	0.507648
rs130527	22	33163549	NC	-0.103151	0.983119
GSA-rs117679254	22	33164873	NC	0.040550	0.022739
GSA-rs61048961	22	33173596	NC	-0.035361	0.502562
rs17503	22	33173944	NC	0.019194	1.000000
rs8142758	22	33174766	NC	-0.019712	0.000000
GSA-rs16991182	22	33177192	NC	-0.060013	0.986289
rs3788507	22	33179223	NC	-0.011108	0.008388
GSA-rs7290713	22	33188545	NC	-0.061435	0.010021
rs5754289	22	33192544	NC	-0.007588	0.983855
GSA-rs5749516	22	33205757	NC	-0.027652	0.507809
rs738992	22	33210005	NC	-0.032466	1.000000
GSA-rs117055529	22	33211050	NC	-0.033001	0.484540
rs242087	22	33219899	NC	0.035236	0.000000
GSA-rs117475847	22	33225732	NC	0.071685	0.489629
rs242076	22	33229830	NC	0.033863	0.971685
GSA-rs116959820	22	33234880	NC	-0.008852	0.989294
rs135029	22	33240290	NC	0.048622	0.503782
GSA-rs1427377	22	33247859	NC	-0.098486	0.503529
rs2283885	22	33248902	NC	-0.004398	1.000000
rs9609643	22	33251059	NC	0.006293	0.000000
GSA-rs140989943	22	33257397	NC	-0.043041	0.489055
rs11704123	22	33270222	NC	-0.002770	0.489514
rs5754322	22	33272699	NC	0.003482	0.000000
GSA-rs4437061	22	33273870	NC	-0.023625	0.000000
GSA-rs137500	22	33276686	NC	0.035006	0.000000
rs241900	22	33279237	NC	-0.066943	0.502964
GSA-rs112552500	22	33280453	NC	-0.038948	0.493911
rs62234167	22	33281502	NC	-0.140517	1.000000
rs137509	22	33284221	NC	-0.123173	0.017802
rs62234169	22	33286798	NC	-0.054014	0.518404
rs715555	22	33288875	NC	-0.050297	0.484113
GSA-rs58381381	22	33289510	NC	-0.080706	0.998173
rs137518	22	33291742	NC	-0.021627	0.987029
GSA-rs137521	22	33292689	NC	-0.022263	0.508259
GSA-rs4525790	22	33298616	NC	0.049652	1.000000
rs137541	22	33305108	NC	-0.034142	0.008919
rs9621594	22	33312387	NC	-0.092370	0.502106
GSA-rs118084928	22	33327519	NC	0.081202	0.008321
GSA-rs137552	22	33328381	NC	0.005166	0.510088
GSA-rs77159665	22	33328805	NC	-0.110322	0.988075
GSA-rs118117769	22	33330335	NC	0.026352	0.000000
GSA-rs114700096	22	33350798	NC	0.051514	0.499187
rs2081727	22	33366051	NC	0.002680	0.003817
rs241710	22	33381222	NC	-0.005194	0.000000
GSA-rs133932	22	33394092	NC	-0.057637	0.509929
GSA-rs117798020	22	33395071	NC	0.057002	0.000000
rs133937	22	33395851	NC	-0.131563	0.000000
rs145594072	22	33402604	NC	0.084406	0.000000
rs9609680	22	33408519	NC	0.055577	0.485446
rs5998693	22	33411326	NC	-0.088743	0.492120
GSA-rs470008	22	33411446	NC	0.052910	1.000000
GSA-rs78029473	22	33412520	NC	0.004148	0.496046
GSA-rs12159195	22	33417607	NC	0.124111	0.478809
rs133968	22	33422506	NC	0.049626	0.488086
rs9609686	22	33430734	NC	-0.001281	0.000000
GSA-rs112577565	22	33437578	NC	0.059774	0.503319
GSA-rs75409784	22	33441876	NC	-0.152237	0.000000
GSA-rs16991717	22	33445757	NC	0.083386	0.494502
GSA-rs117352804	22	33447328	NC	-0.030694	1.000000
rs2413163	22	33447946	NC	0.030636	0.495129
GSA-rs73164308	22	33452626	NC	0.071775	0.000000
rs5754399	22	33453422	NC	0.030797	0.504506
GSA-rs9609700	22	33462254	NC	0.016730	0.483353
GSA-rs13053449	22	33462739	NC	-0.009391	1.000000
rs9607009	22	33463222	NC	-0.074256	0.506142
rs12484648	22	33465640	NC	-0.006415	0.513368
rs9621631	22	33467057	NC	-0.005989	0.012736
rs8142672	22	33469031	NC	0.059700	1.000000
GSA-rs75957958	22	33470948	NC	-0.086521	0.004640
GSA-rs7290466	22	33473566	NC	0.014590	0.000000
GSA-rs73164324	22	33478194	NC	0.059405	0.000000
rs137297	22	33502167	NC	0.031819	1.000000
GSA-rs16991789	22	33504108	NC	-0.043521	0.000000
GSA-rs75766422	22	33508006	NC	0.049551	0.009699
rs137304	22	33508318	NC	0.047956	0.000000
rs9609713	22	33510161	NC	-0.004221	0.525244
rs5994673	22	33511194	NC	-0.045920	0.002366
rs137307	22	33512106	NC	-0.014094	1.000000
rs16991802	22	33512743	NC	0.100482	0.495093
rs137309	22	33514133	NC	-0.037232	0.491291
rs11704565	22	33515087	NC	0.026602	1.000000
rs10154506	22	33517666	NC	-0.043295	0.497103
rs137326	22	33523109	NC	0.114154	0.008910
rs77454334	22	33523221	NC	0.005164	1.000000
rs137343	22	33527405	NC	0.103952	1.000000
rs16991851	22	33531406	NC	-0.000489	0.513307
GSA-rs12484905	22	33533165	NC	0.082928	0.524266
GSA-rs2899201	22	33535376	NC	-0.080989	1.000000
GSA-rs142651052	22	33546519	NC	-0.005428	1.000000
rs1894487	22	33556550	NC	-0.022811	1.000000
GSA-rs62232857	22	33559108	NC	-0.000493	0.983873
GSA-rs9609728	22	33561625	NC	0.053235	0.000000
GSA-rs117041748	22	33563455	NC	-0.129487	0.492467
rs916244	22	33563878	NC	-0.009156	0.013181
rs5994685	22	33565203	NC	-0.026797	0.998793
GSA-rs118141134	22	33570845	NC	-0.024445	0.999779
rs7289448	22	33589432	NC	-0.042028	0.009866
GSA-rs73881993	22	33592362	NC	0.003452	0.525476
GSA-rs117939117	22	33594683	NC	0.078759	0.507741
GSA-rs76436945	22	33609311	NC	0.025454	0.487521
GSA-rs116907235	22	33612126	NC	-0.086218	0.503633
GSA-rs137466	22	33617882	NC	-0.027585	0.023263
GSA-rs116910985	22	33617929	NC	-0.045626	0.502694
rs5998822	22	33628586	NC	-0.026371	1.000000
GSA-rs117149295	22	33635267	NC	0.026218	0.504593
GSA-rs4141436	22	33637087	NC	-0.041422	0.987721
rs5749583	22	33637381	NC	-0.051939	0.990941
rs8140859	22	33650045	NC	0.010519	1.000000
rs7286135	22	33656156	NC	0.020037	1.000000
GSA-rs78318013	22	33656603	NC	0.008136	0.004500
rs5994706	22	33659787	NC	0.217580	0.008757
GSA-rs117946433	22	33668456	NC	-0.077968	0.498207
GSA-rs16992036	22	33670206	NC	0.073828	0.476984
GSA-rs79223970	22	33672085	NC	0.090753	0.986806
GSA-rs147997439	22	33672688	NC	0.011534	0.498769
rs1046166	22	33673125	NC	-0.046246	0.000000
rs113802410	22	33694613	NC	0.109667	0.000000
GSA-rs77125923	22	33700965	NC	-0.009376	0.000000
rs9609757	22	33701527	NC	0.138692	0.982712
GSA-rs12160591	22	33703156	NC	-0.168039	0.003648
GSA-rs73166244	22	33706945	NC	0.028369	0.015520
GSA-rs79473513	22	33726911	NC	0.015266	0.009462
rs2283889	22	33728035	NC	-0.077600	0.506238
GSA-rs73401440	22	33729399	NC	0.029707	0.990729
rs5998876	22	33729763	NC	-0.038974	0.505091
GSA-rs5998881	22	33730575	NC	0.049356	0.000000
GSA-rs5998882	22	33730608	NC	0.000223	0.497945
rs200603479	22	33733678	NC	0.096686	1.000000
rs74431614	22	33734152	NC	0.041649	1.000000
GSA-rs117902709	22	33738709	NC	0.046100	0.506239
rs4401302	22	33740860	NC	-0.087532	0.000000
rs2142550	22	33743341	NC	-0.002507	0.504377
rs4820102	22	33751062	NC	0.035518	0.009147
GSA-rs5749607	22	33758173	NC	-0.058128	0.508714
GSA-rs112584087	22	33764669	NC	-0.042932	0.493624
rs9607038	22	33776882	NC	0.049536	0.492060
GSA-rs16992221	22	33777684	NC	0.011090	1.000000
seq-rs398124181	22	33777934	NC	-0.027558	0.507472
GSA-rs116963584	22	33787184	NC	-0.054384	1.000000
rs2283904	22	33800119	NC	-0.028488	0.476204
GSA-rs74739479	22	33802257	NC	-0.020589	0.508224
rs117531661	22	33804893	NC	0.007812	0.498504
rs7287710	22	33807636	NC	0.084598	0.000000
rs16992290	22	33811494	NC	0.111207	0.991645
rs2267204	22	33816222	NC	0.174670	1.000000
seq-rs76035097	22	33817219	NC	0.029594	0.000000
GSA-rs5998938	22	33820640	NC	0.065170	0.998742
rs724776	22	33826566	NC	0.034507	0.513639
GSA-rs117954898	22	33826743	NC	0.066931	1.000000
GSA-rs73166278	22	33828432	NC	0.034181	0.499572
rs760541	22	33831448	NC	0.029132	0.999757
rs713740	22	33832735	NC	-0.005225	0.503611
GSA-rs8136468	22	33840615	NC	0.079104	0.502451
rs5754553	22	33842671	NC	0.004154	0.513265
rs16992351	22	33843452	NC	-0.076143	0.003067
GSA-rs112161767	22	33843956	NC	-0.081502	0.998586
rs7284478	22	33845817	NC	0.140628	1.000000
rs5754558	22	33848010	NC	0.049838	0.495860
rs5754560	22	33848370	NC	0.006653	0.481268
GSA-rs147911245	22	33870884	NC	-0.017866	0.490638
rs5749617	22	33875161	NC	-0.018432	1.000000
rs739026	22	33890629	NC	-0.037731	1.000000
rs9306279	22	33893601	NC	0.038751	0.503629
rs73168505	22	33900964	NC	-0.066993	0.497283
GSA-rs2267222	22	33904754	NC	0.078608	0.492087
rs74580954	22	33916477	NC	0.013774	0.514106
GSA-rs192600202	22	33919903	NC	0.074468	0.498306
rs28650128	22	33924787	NC	-0.002154	0.004072
rs5754597	22	33932624	NC	-0.103935	0.489411
rs2283911	22	33941163	NC	0.005364	0.989359
GSA-rs5994774	22	33945678	NC	-0.005858	0.514959
GSA-rs77655891	22	33949704	NC	0.082108	0.488806
rs762058	22	33950537	NC	0.003792	0.000000
rs5999012	22	33954321	NC	0.063175	0.000000
GSA-rs139003089	22	33962732	NC	-0.003688	0.489773
rs5754611	22	33962949	NC	-0.140163	0.483869
rs3819662	22	33965497	NC	0.032130	0.000000
GSA-rs9619358	22	33967686	NC	0.048397	1.000000
GSA-rs80159209	22	33979353	NC	-0.099974	0.516067
GSA-rs73168556	22	33983411	NC	0.019036	0.972777
rs20301	22	33983594	NC	0.152282	0.494827
GSA-rs130423	22	33984394	NC	-0.025135	0.498993
GSA-rs9609838	22	33992584	NC	-0.007224	0.513676
GSA-rs117342842	22	33996191	NC	0.061716	0.000000
rs695504	22	34000230	NC	-0.028498	1.000000
GSA-rs77923846	22	34004270	NC	-0.045357	0.490541
GSA-rs79022411	22	34005555	NC	-0.010434	0.508749
rs9306281	22	34013807	NC	0.064852	0.000000
rs240590	22	34021876	NC	-0.136967	0.989701
GSA-rs117818422	22	34022024	NC	0.033287	0.012678
GSA-rs86487	22	34022284	NC	-0.014940	0.508307
GSA-rs117886697	22	34031711	NC	-0.102170	0.002909
GSA-rs36104592	22	34045644	NC	-0.087237	1.000000
rs5754630	22	34047793	NC	0.108953	0.495331
GSA-rs73168601	22	34049393	NC	-0.050262	0.492714
GSA-rs240343	22	34053443	NC	-0.006467	0.503669
rs240353	22	34061053	NC	0.093708	0.998088
rs13055437	22	34061215	NC	-0.064373	0.498445
GSA-rs5754632	22	34061221	NC	-0.081396	0.981415
GSA-rs240358	22	34066384	NC	-0.098609	0.983853
GSA-rs2267250	22	34067054	NC	0.004434	1.000000
GSA-rs60018166	22	34068825	NC	-0.016248	0.994863
rs4821173	22	34070821	NC	-0.105896	1.000000
GSA-rs5999051	22	34071663	NC	-0.028602	0.489614
rs17733474	22	34077047	NC	0.025617	0.498050
rs5999058	22	34079989	NC	0.098249	0.000000
rs2016485	22	34086416	NC	0.011422	0.000000
rs240073	22	34086494	NC	-0.007663	1.000000
GSA-rs117438669	22	34089863	NC	-0.062256	0.000000
rs7285897	22	34090440	NC	0.075911	0.985605
rs73170527	22	34092189	NC	-0.008867	0.014838
rs240080	22	34096135	NC	0.063439	0.498670
rs2283933	22	34098342	NC	0.141108	0.006332
GSA-rs116919510	22	34103188	NC	0.015472	0.521107
GSA-rs11704291	22	34103264	NC	-0.018569	0.497990
rs8142640	22	34108174	NC	0.000426	0.000000
GSA-rs62225399	22	34109454	NC	0.010941	1.000000
GSA-rs1979254	22	34110028	NC	0.199193	0.011797
GSA-rs78148531	22	34113347	NC	-0.015039	1.000000
GSA-rs74649057	22	34117355	NC	0.065719	1.000000
rs79064313	22	34119032	NC	0.012518	0.484924
GSA-rs78979622	22	34119682	NC	0.003800	0.499883
rs2283934	22	34133896	NC	0.011274	0.505075
rs239330	22	34135007	NC	0.014880	1.000000
rs183516365	22	34144122	NC	0.064180	1.000000
rs5999084	22	34144823	NC	0.055391	0.516837
GSA-rs116318797	22	34145542	NC	0.055811	0.000000
rs491508	22	34152899	NC	-0.055776	0.488967
rs478038	22	34153395	NC	0.011088	0.998576
rs482565	22	34153853	NC	-0.074124	0.505390
GSA-rs2283940	22	34154020	NC	0.021974	0.992762
GSA-rs1008501	22	34154285	NC	-0.071463	0.491177
GSA-rs73170575	22	34155838	NC	0.047759	0.000000
GSA-rs238857	22	34156544	NC	-0.029694	0.477394
rs446869	22	34161718	NC	0.044216	0.521865
rs28374	22	34166139	NC	-0.027155	0.013656
GSA-rs75911645	22	34167296	NC	-0.017979	0.492729
GSA-rs238865	22	34169292	NC	0.104927	0.509895
rs454398	22	34171993	NC	0.066987	0.014026
rs686137	22	34172588	NC	0.065358	1.000000
GSA-rs73170585	22	34176109	NC	-0.109378	1.000000
GSA-rs117049039	22	34179621	NC	0.074631	1.000000
GSA-rs11705320	22	34187093	NC	-0.102548	0.520937
rs62225450	22	34196332	NC	-0.045564	1.000000
GSA-rs5754683	22	34202493	NC	-0.011380	0.000000
GSA-rs1018786	22	34206039	NC	0.019056	0.000000
rs16993070	22	34207052	NC	0.000059	0.486591
GSA-rs76297586	22	34208551	NC	0.036690	0.000000
GSA-rs118089314	22	34210843	NC	0.068420	0.016410
GSA-rs77152715	22	34210917	NC	0.046863	0.005919
GSA-rs16993089	22	34212201	NC	-0.065912	0.503727
rs4821185	22	34215828	NC	-0.007754	0.497059
rs9621774	22	34218171	NC	0.056597	0.000000
rs5999113	22	34218798	NC	-0.062645	0.012317
GSA-rs2267296	22	34219939	NC	0.011987	0.502374
rs3819671	22	34226685	NC	-0.040314	0.000000
GSA-rs75251240	22	34234855	NC	0.034783	0.492770
GSA-rs2253085	22	34245401	NC	0.008885	0.000000
rs2267306	22	34247794	NC	0.030411	0.507862
rs1009385	22	34249434	NC	0.001968	1.000000
rs764025	22	34249717	NC	0.102497	0.000000
GSA-rs78301074	22	34258472	NC	0.062652	0.503142
rs1009730	22	34260738	NC	0.090632	0.514740
rs75915473	22	34267987	NC	-0.026752	0.000000
rs5754734	22	34270693	NC	0.010512	0.978689
GSA-rs75348684	22	34271409	NC	0.171307	0.957310
rs61040607	22	34272509	NC	0.004743	0.515650
rs7287612	22	34277434	NC	-0.047547	0.000000
GSA-rs117614152	22	34279596	NC	-0.043078	0.994444
GSA-rs2213360	22	34291750	NC	-0.113273	1.000000
GSA-rs9607089	22	34294069	NC	0.013168	0.476526
rs2267314	22	34295410	NC	0.005399	0.502527
GSA-rs62225071	22	34298354	NC	-0.023283	0.991127
rs35122921	22	34300734	NC	-0.044173	0.982771
GSA-rs117636421	22	34302336	NC	0.041914	0.008869
GSA-rs115021528	22	34304283	NC	-0.077761	0.000000
GSA-rs73154565	22	34306502	NC	0.058303	0.506660
rs2267327	22	34315577	NC	-0.001274	0.510257
rs12628949	22	34320457	NC	0.072488	1.000000
GSA-rs5999144	22	34322368	NC	0.016318	1.000000
GSA-rs137890002	22	34323287	NC	-0.058492	0.000000
GSA-rs73154578	22	34325547	NC	-0.057154	0.484883
rs7284214	22	34326399	NC	0.088168	0.980845
rs4820125	22	34332195	NC	-0.046463	0.496882
GSA-rs76817235	22	34336250	NC	0.026178	0.500895
GSA-rs8135664	22	34337020	NC	-0.039137	0.492798
rs5999160	22	34354273	NC	0.008146	0.991889
rs5754772	22	34357236	NC	0.023867	0.492403
rs9609893	22	34359717	NC	0.084155	0.005901
GSA-rs9621823	22	34361770	NC	-0.086740	0.493292
GSA-rs75879424	22	34368674	NC	-0.006493	1.000000
GSA-rs2066894	22	34389955	NC	-0.043034	0.996708
rs4820127	22	34395171	NC	-0.100029	0.000000
rs20065	22	34400253	NC	-0.074343	0.000000
GSA-rs9609905	22	34400890	NC	-0.002302	0.003315
GSA-rs117670753	22	34411707	NC	0.050455	0.501727
rs5749711	22	34411714	NC	-0.042299	0.000000
GSA-rs1002622	22	34412897	NC	0.039250	1.000000
rs242885	22	34423169	NC	0.070712	1.000000
GSA-rs75138165	22	34437237	NC	0.130355	0.000000
GSA-rs117100571	22	34454537	NC	-0.020163	0.999418
GSA-rs9609935	22	34458847	NC	-0.049927	0.481662
GSA-rs111363401	22	34460730	NC	0.144828	1.000000
rs1495664	22	34466882	NC	0.083223	0.505435
rs35482368	22	34469447	NC	-0.019634	0.491340
rs73412905	22	34474370	NC	-0.093330	0.004932
rs2213325	22	34474560	NC	-0.023945	0.493531
GSA-rs5994839	22	34484181	NC	-0.107559	0.510163
GSA-rs57208417	22	34486857	NC	0.121179	0.000000
GSA-rs80019988	22	34493647	NC	-0.013476	0.505184
GSA-rs117114797	22	34507140	NC	0.129264	0.499294
GSA-rs74825783	22	34509709	NC	-0.079783	0.998301
rs243001	22	34514810	NC	-0.040687	0.029651
rs210804	22	34519226	NC	0.013904	0.000023
GSA-rs117511034	22	34523555	NC	-0.149683	0.985952
GSA-rs55734830	22	34523560	NC	-0.045323	0.494180
GSA-rs73884366	22	34525115	NC	-0.064156	0.991767
GSA-rs73155955	22	34536720	NC	0.055205	0.483045
rs4820135	22	34537450	NC	-0.007786	0.494061
rs202318	22	34545788	NC	-0.160399	0.012623
rs113757848	22	34545881	NC	0.085285	1.000000
GSA-rs72620421	22	34550083	NC	0.132289	0.493717
rs387332	22	34550905	NC	0.052100	1.000000
GSA-rs117001792	22	34551061	NC	-0.100484	1.000000
GSA-rs118098513	22	34553443	NC	0.116397	0.005844
rs12485116	22	34560376	NC	-0.009357	1.000000
GSA-rs805	22	34562299	NC	0.039134	0.000000
GSA-rs149839190	22	34570681	NC	-0.009165	1.000000
GSA-rs73155975	22	34574038	NC	-0.014024	1.000000
rs28488746	22	34582279	NC	0.025316	0.503533
rs9619407	22	34589966	NC	-0.044524	0.474201
GSA-rs16993739	22	34603597	NC	-0.035242	0.476753
GSA-rs73158209	22	34605946	NC	0.105573	0.001383
GSA-rs17750048	22	34620442	NC	0.078036	0.506501
GSA-rs141668555	22	34621964	NC	0.062782	0.000000
GSA-rs61576961	22	34624564	NC	-0.043685	0.000000
GSA-rs5754915	22	34640618	NC	0.022734	0.493327
GSA-rs5999265	22	34654148	NC	0.025189	0.503893
GSA-rs144770313	22	34657069	NC	0.020929	0.508356
rs5999273	22	34668311	NC	-0.081068	0.484807
rs1489889	22	34668330	NC	-0.007619	0.000000
GSA-rs75522975	22	34672001	NC	-0.118363	0.488640
rs202916	22	34681163	NC	0.020508	0.016876
rs77032654	22	34682265	NC	-0.039310	0.000000
GSA-rs73158227	22	34687670	NC	0.038011	0.507200
GSA-rs62229383	22	34689189	NC	0.070386	1.000000
GSA-rs74607744	22	34694532	NC	0.003659	1.000000
GSA-rs76069891	22	34698408	NC	-0.007646	0.503449
GSA-rs16993879	22	34708649	NC	-0.071051	0.497858
rs116952230	22	34719475	NC	0.003873	0.990086
GSA-rs137960681	22	34723559	NC	0.035361	0.000000
GSA-rs118047770	22	34731553	NC	0.078554	0.494623
GSA-rs435788	22	34735373	NC	0.022496	1.000000
GSA-rs79200805	22	34735732	NC	-0.066730	1.000000
rs116347652	22	34741985	NC	0.084651	0.493803
GSA-rs169467	22	34745198	NC	-0.054850	0.996803
GSA-rs117942242	22	34746805	NC	0.077472	0.000000
GSA-rs75404604	22	34750997	NC	-0.005443	0.000373
GSA-rs74386978	22	34751133	NC	-0.050081	0.483623
rs130958	22	34772326	NC	-0.057386	0.983326
GSA-rs7289740	22	34773031	NC	-0.038189	0.502247
rs79169662	22	34775367	NC	0.175473	0.993585
GSA-rs34188027	22	34787677	NC	-0.042941	0.512372
rs62230979	22	34797119	NC	-0.020305	0.507367
rs567800	22	34798245	NC	0.010397	0.000000
rs5755023	22	34799261	NC	-0.144136	0.507658
rs9619442	22	34802671	NC	0.081480	0.499816
rs11089669	22	34803550	NC	-0.058241	0.493211
GSA-rs5755038	22	34811838	NC	-0.092268	0.514036
rs1459025	22	34812333	NC	0.021406	0.002710
rs8136825	22	34815889	NC	-0.037957	0.000000
rs4821256	22	34817038	NC	0.001069	0.000000
rs1005285	22	34828825	NC	0.172700	0.000000
rs112308716	22	34832739	NC	0.054449	0.504076
GSA-rs1380148	22	34842677	NC	-0.003447	0.501321
GSA-rs74809596	22	34846202	NC	0.050062	0.000000
rs11913296	22	34846352	NC	0.038698	0.518907
GSA-rs17824280	22	34847299	NC	0.021079	0.000000
GSA-rs2017523	22	34848550	NC	0.020479	0.496084
rs1459037	22	34851133	NC	-0.040804	0.505773
GSA-rs73160346	22	34869455	NC	0.043209	0.000000
rs9607149	22	34898423	NC	-0.030582	0.473642
rs743726	22	34903156	NC	-0.029584	0.470660
GSA-rs117003882	22	34911380	NC	0.100741	0.006834
GSA-rs16994296	22	34918250	NC	-0.014238	0.000000
rs2223271	22	34920388	NC	-0.052596	0.498241
rs8135889	22	34926457	NC	-0.104930	0.504412
GSA-rs76039265	22	34929202	NC	0.040297	0.498898
rs2413241	22	34934348	NC	-0.041071	0.520081
GSA-rs74548106	22	34936608	NC	-0.052027	0.496209
rs5755093	22	34940942	NC	0.035956	0.521402
GSA-rs76412680	22	34962560	NC	0.079037	0.011746
GSA-rs79089830	22	34963722	NC	0.029256	0.000000
rs4821264	22	34977907	NC	0.018262	0.521697
GSA-rs77392743	22	34985127	NC	-0.005261	0.001659
rs5749887	22	34985195	NC	0.003991	0.505519
rs9621974	22	34988887	NC	-0.094244	0.490615
GSA-rs12159812	22	34990465	NC	0.049322	0.002659
GSA-rs5999462	22	35001232	NC	-0.079324	0.993756
GSA-rs75317049	22	35001433	NC	-0.111613	0.497433
GSA-rs77703510	22	35001774	NC	-0.025694	0.494117
GSA-rs117019075	22	35003222	NC	-0.027590	0.498336
rs2008588	22	35027585	NC	-0.031458	0.000058
rs5755167	22	35027996	NC	0.029466	0.004037
GSA-rs5999481	22	35031598	NC	0.013406	0.002305
rs5755174	22	35033249	NC	-0.001616	1.000000
GSA-rs5749912	22	35036942	NC	0.066886	0.487536
rs16994484	22	35039035	NC	-0.045785	0.000000
GSA-rs16994504	22	35047216	NC	-0.046351	0.007036
GSA-rs16994510	22	35048291	NC	-0.066577	0.009358
GSA-rs117858247	22	35055905	NC	-0.041330	0.991445
GSA-rs5755200	22	35057629	NC	-0.027781	1.000000
GSA-rs5999503	22	35092473	NC	0.050673	0.487189
GSA-rs4464372	22	35095967	NC	0.028903	0.501668
rs112211069	22	35098555	NC	-0.079071	0.488048
GSA-rs17772681	22	35108876	NC	-0.063154	0.474990
GSA-rs118136083	22	35109337	NC	0.055708	1.000000
rs4552280	22	35131487	NC	0.004880	0.502868
GSA-rs118022016	22	35140389	NC	-0.080574	0.496427
GSA-rs117180471	22	35147080	NC	-0.054123	0.985472
GSA-rs117925008	22	35151151	NC	0.005234	0.992536
GSA-rs117983151	22	35151714	NC	0.082436	0.007241
rs137260	22	35157380	NC	-0.117823	1.000000
GSA-rs149476257	22	35158586	NC	-0.051901	1.000000
GSA-rs117748658	22	35166424	NC	-0.045289	0.993564
GSA-rs117601797	22	35168581	NC	-0.007443	0.515841
GSA-rs5994992	22	35170796	NC	0.044697	0.506874
rs137280	22	35171071	NC	0.015755	0.000000
GSA-rs117921466	22	35173016	NC	0.030277	0.502803
GSA-rs34125559	22	35192087	NC	0.115339	0.498084
rs1028342	22	35202015	NC	-0.019900	0.517681
GSA-rs1028343	22	35202152	NC	0.081002	0.492291
GSA-rs117127489	22	35209406	NC	0.095161	0.510936
GSA-rs73164191	22	35211032	NC	-0.025238	1.000000
GSA-rs5755319	22	35211173	NC	-0.071595	0.491110
rs16994824	22	35224378	NC	-0.080072	0.507062
GSA-rs12159254	22	35225787	NC	-0.034095	0.492550
rs742296	22	35238768	NC	-0.004770	1.000000
rs6518912	22	35250911	NC	0.002281	1.000000
GSA-rs5749982	22	35258961	NC	-0.038637	0.488977
GSA-rs5999603	22	35272702	NC	-0.034986	0.495480
GSA-rs8139897	22	35292292	NC	-0.163871	0.504881
GSA-rs75482202	22	35296277	NC	0.057913	0.484352
rs5755407	22	35298506	NC	-0.084638	0.998522
rs1573674	22	35301788	NC	0.066895	0.499640
GSA-rs5755409	22	35309065	NC	-0.077164	0.017045
GSA-rs117649015	22	35317012	NC	0.031254	0.487868
GSA-rs149959934	22	35328916	NC	-0.000307	0.015360
rs17702926	22	35330410	NC	-0.097032	0.497586
rs5999636	22	35331041	NC	-0.157704	0.491187
rs5755436	22	35337195	NC	-0.002564	0.478083
rs4256058	22	35339383	NC	0.016415	0.521109
rs5755445	22	35342654	NC	0.008712	0.511675
rs5750007	22	35347360	NC	-0.045617	0.006891
GSA-rs117163221	22	35347797	NC	0.072254	0.514721
rs5755451	22	35349368	NC	0.092139	0.503009
rs12167710	22	35352397	NC	-0.020685	0.490032
rs8137046	22	35353262	NC	-0.012756	1.000000
rs1013513	22	35353740	NC	-0.138939	0.480489
rs3859840	22	35359702	NC	0.017535	0.001703
rs9610179	22	35360057	NC	-0.053258	0.496137
GSA-rs9610180	22	35360118	NC	-0.036185	0.014263
GSA-rs78400796	22	35360419	NC	-0.013301	0.483585
rs12160261	22	35366055	NC	0.004460	0.977817
GSA-rs4821334	22	35370103	NC	-0.109328	0.000000
rs9619497	22	35371248	NC	0.045198	0.504440
GSA-rs5755470	22	35371444	NC	-0.064974	0.499301
GSA-rs73166090	22	35372628	NC	0.024478	1.000000
GSA-rs5755472	22	35373807	NC	-0.065453	0.018457
rs4541330	22	35375665	NC	-0.062202	0.493572
rs73166096	22	35378256	NC	-0.009296	0.009378
rs5755486	22	35386401	NC	0.048533	0.511993
rs5750023	22	35395550	NC	0.026948	0.519796
GSA-rs76592472	22	35398125	NC	0.023590	0.482210
rs62243115	22	35400639	NC	0.022116	0.496212
rs62243117	22	35406283	NC	-0.064996	0.002730
rs5999675	22	35408124	NC	-0.048513	0.508237
rs73882994	22	35410898	NC	0.141441	0.988939
rs5750031	22	35413447	NC	-0.079015	0.991065
rs5750033	22	35414017	NC	-0.030005	0.505110
GSA-rs5755525	22	35419169	NC	0.169913	0.000825
GSA-rs5755535	22	35429977	NC	-0.142928	0.000000
GSA-rs117405443	22	35430897	NC	-0.034459	0.014495
rs1080045	22	35433821	NC	-0.007002	0.507370
rs9622106	22	35436793	NC	0.046194	0.000000
rs5999687	22	35440082	NC	0.138277	0.015584
GSA-rs80097772	22	35441637	NC	0.009328	0.487729
rs5755544	22	35443419	NC	0.004805	1.000000
rs5750041	22	35444010	NC	0.010111	0.485695
GSA-rs78283013	22	35444362	NC	-0.019316	0.000000
GSA-rs5999690	22	35450940	NC	-0.043043	0.005952
GSA-rs118137268	22	35472266	NC	-0.097948	0.007660
rs5750056	22	35474058	NC	0.061543	0.508714
GSA-rs7510980	22	35474647	NC	0.026982	0.502841
GSA-rs117112372	22	35475457	NC	0.002799	0.985132
rs8140287	22	35478529	NC	0.091037	0.995046
chr22-35478663	22	35478663	NC	0.049354	0.996113
chr22-35480394	22	35480394	NC	0.004948	0.500051
chr22-35480442	22	35480442	NC	-0.141289	0.974340
rs61735502	22	35481493	NC	-0.052264	1.000000
rs11089728	22	35492313	NC	0.039354	1.000000
rs73168082	22	35498652	NC	0.006778	1.000000
GSA-rs9622142	22	35499256	NC	0.003768	0.026578
rs134198	22	35505610	NC	-0.030660	0.480714
rs5995062	22	35507831	NC	0.046640	0.509388
rs28581	22	35513951	NC	-0.123632	1.000000
rs5750060	22	35516556	NC	-0.088644	0.987656
GSA-rs80187279	22	35522108	NC	0.150034	1.000000
rs9610221	22	35533126	NC	0.107955	0.480943
GSA-rs16995370	22	35537036	NC	0.065133	0.008430
rs5999742	22	35540423	NC	0.117703	0.003808
rs5999743	22	35540602	NC	-0.103189	0.492526
GSA-rs9610224	22	35541191	NC	-0.025700	0.000000
GSA-rs2413301	22	35543391	NC	0.037565	0.000000
GSA-rs116973367	22	35554537	NC	-0.016766	0.000000
rs7288245	22	35577382	NC	0.029742	0.998554
GSA-rs62243533	22	35579481	NC	0.023143	0.493109
rs134432	22	35588844	NC	-0.112220	0.992386
GSA-rs118001361	22	35615574	NC	0.057374	0.492913
rs9622162	22	35615960	NC	0.067118	0.495133
GSA-rs9622164	22	35616077	NC	-0.100881	0.498998
rs2103642	22	35631590	NC	-0.058700	0.977318
GSA-rs1053593	22	35660875	NC	-0.057059	0.512457
exm2273062	22	35663523	NC	0.103974	0.508505
rs2272790	22	35680095	NC	0.017284	0.512687
GSA-rs73170193	22	35699103	NC	0.080277	0.508284
GSA-rs13057416	22	35704080	NC	0.079415	0.010031
rs112823782	22	35707588	NC	0.090394	0.993631
rs138777	22	35711098	NC	0.001881	0.987863
GSA-rs138780	22	35712553	NC	0.008216	0.000000
rs10483190	22	35722011	NC	-0.103694	0.497152
rs4466	22	35723831	NC	-0.083728	0.478667
rs35352978	22	35726376	NC	-0.022724	0.489174
GSA-rs13055137	22	35727976	NC	-0.050923	0.512762
rs138786	22	35728466	NC	-0.066539	0.509976
rs5999797	22	35731175	NC	-0.013318	0.000000
rs4467	22	35731245	NC	-0.023450	0.499114
GSA-rs138794	22	35733654	NC	0.093784	1.000000
chr22-35741717	22	35741717	NC	0.054108	0.500232
rs114628428	22	35742762	NC	0.128854	0.005746
GSA-rs79861874	22	35758019	NC	-0.031939	0.464374
rs4359744	22	35761650	NC	0.069936	0.991682
GSA-rs17882950	22	35774920	NC	0.005263	0.998690
rs4820192	22	35777984	NC	0.141787	0.498297
rs199554283	22	35779124	NC	-0.118713	0.516643
rs77672261	22	35779162	NC	0.041200	1.000000
rs141730669	22	35782786	NC	0.114039	0.498385
GSA-rs75125910	22	35786659	NC	0.001578	1.000000
rs148193694	22	35789560	NC	-0.005706	0.514815
rs743811	22	35792974	NC	0.067033	1.000000
rs743815	22	35797333	NC	-0.161995	0.000341
GSA-rs4645747	22	35798935	NC	0.024630	0.516581
rs12170872	22	35799487	NC	0.033139	0.495590
rs140426201	22	35799525	NC	0.015758	0.000000
rs142715814	22	35802675	NC	-0.105360	0.479867
rs183229097	22	35804479	NC	-0.032319	0.503955
GSA-rs133414	22	35805720	NC	0.039985	1.000000
GSA-rs4645774	22	35805870	NC	-0.032160	0.007017
rs199849804	22	35808550	NC	-0.048603	0.979814
rs2071740	22	35814215	NC	-0.047924	0.478705
rs199544487	22	35815980	NC	-0.052743	1.000000
rs133431	22	35817597	NC	0.014757	0.479735
rs133433	22	35818398	NC	0.022809	0.491688
GSA-rs28676939	22	35836634	NC	0.045720	0.495570
GSA-rs116859443	22	35843799	NC	0.054443	0.996633
GSA-rs76972169	22	35844298	NC	-0.031054	0.000000
rs28535885	22	35851976	NC	0.008567	0.000000
GSA-rs78841212	22	35864572	NC	-0.025871	0.487166
rs28708905	22	35865844	NC	0.047952	0.000000
GSA-rs117054179	22	35868337	NC	0.091697	0.512482
rs73154026	22	35879081	NC	-0.004795	1.000000
GSA-rs118075321	22	35879139	NC	0.052720	0.987083
GSA-rs117626002	22	35882281	NC	-0.117583	0.000000
GSA-rs28707161	22	35882725	NC	0.057005	0.518633
GSA-rs77512881	22	35885798	NC	0.058305	0.000000
rs9622202	22	35890112	NC	-0.037845	0.999400
rs5995106	22	35892277	NC	-0.057494	0.517768
rs909704	22	35899384	NC	-0.020399	0.022392
rs5999851	22	35905067	NC	0.071205	0.013702
GSA-rs117694251	22	35911044	NC	-0.141586	0.488168
rs9610308	22	35915388	NC	0.022268	0.999618
rs713968	22	35917546	NC	-0.001147	0.493604
rs5999858	22	35921936	NC	-0.075988	0.514020
rs9607271	22	35923409	NC	-0.020508	1.000000
rs12158108	22	35924115	NC	-0.012911	0.514258
rs9622222	22	35933578	NC	0.072719	1.000000
GSA-rs76475935	22	35933613	NC	0.112881	0.000000
rs5750112	22	35938381	NC	-0.049620	0.518155
rs4820197	22	35939369	NC	-0.106263	0.027254
GSA-rs8137058	22	35944774	NC	0.119006	0.989484
rs6518958	22	35949334	NC	-0.002045	1.000000
rs13054394	22	35950648	NC	-0.055251	0.497504
GSA-rs112449613	22	35956126	NC	-0.039764	1.000000
rs738368	22	35962060	NC	-0.020064	0.999898
GSA-rs117371455	22	35966607	NC	-0.029683	1.000000
rs2064145	22	35970554	NC	-0.007008	0.004344
rs5750120	22	35975792	NC	-0.001166	0.491097
rs4820204	22	35978615	NC	0.049838	1.000000
rs8137488	22	35981447	NC	-0.088200	1.000000
GSA-rs12628385	22	35982589	NC	0.201110	0.507862
rs738370	22	35982672	NC	-0.036169	0.498617
rs738371	22	35983242	NC	0.097690	0.518709
rs74277032	22	35987001	NC	-0.024921	0.512133
rs73154082	22	35990653	NC	0.046038	0.504732
rs4821419	22	35993783	NC	-0.066643	0.495984
GSA-rs9607278	22	35996272	NC	-0.017936	0.498360
GSA-rs45446591	22	36002985	NC	0.026402	0.009747
rs5755790	22	36006732	NC	0.026929	0.486733
GSA-rs45492203	22	36014553	NC	0.010778	0.515879
rs4497964	22	36022702	NC	0.067186	0.484035
GSA-rs13057359	22	36026268	NC	0.009593	0.501668
GSA-rs55841632	22	36027062	NC	-0.123878	0.489348
rs117032777	22	36027241	NC	0.019321	0.508455
rs17722827	22	36030165	NC	0.051484	0.000000
rs5750141	22	36034983	NC	-0.054687	0.491293
rs5999908	22	36040164	NC	0.066940	0.525957
rs5755821	22	36041650	NC	-0.001770	0.507681
rs112979011	22	36044352	NC	0.074047	0.493338
GSA-rs77311828	22	36044487	NC	0.043164	1.000000
GSA-rs5995134	22	36052321	NC	0.027630	1.000000
GSA-rs5755828	22	36053342	NC	-0.007793	0.491718
rs5750146	22	36056728	NC	0.066473	1.000000
GSA-rs117706555	22	36063884	NC	0.002170	0.504117
GSA-rs8139187	22	36071537	NC	-0.019490	0.509466
GSA-rs5755867	22	36074043	NC	-0.042381	0.503313
GSA-rs62233611	22	36085208	NC	0.066546	1.000000
rs5750154	22	36087286	NC	-0.005054	0.000000
rs5995155	22	36102700	NC	-0.021496	0.504812
GSA-rs117371213	22	36107321	NC	0.037148	0.495228
GSA-rs76439581	22	36109570	NC	0.090295	0.019913
GSA-rs117696654	22	36112965	NC	0.104027	0.497583
chr22-36116702	22	36116702	NC	0.004212	0.502954
rs2009169	22	36117892	NC	-0.066859	1.000000
chr22-36122458	22	36122458	NC	0.022457	0.015830
rs73155887	22	36122724	NC	-0.009281	0.485236
rs5750164	22	36125876	NC	-0.093521	0.507961
GSA-rs74510800	22	36127324	NC	0.108659	0.518609
GSA-rs117722987	22	36128062	NC	-0.051974	0.019840
rs7291883	22	36128931	NC	0.018770	0.497098
rs2024642	22	36130557	NC	-0.094324	0.023833
rs9610342	22	36130577	NC	0.044450	0.000000
rs5999999	22	36134426	NC	-0.025915	0.000000
GSA-rs74779819	22	36140474	NC	0.169351	0.480888
GSA-rs62232589	22	36164773	NC	0.014697	0.000000
GSA-rs116896918	22	36170990	NC	0.001131	0.501051
GSA-rs9622285	22	36175768	NC	0.124910	0.503575
GSA-22:36180826	22	36180826	NC	0.085807	0.506988
GSA-rs78036802	22	36198350	NC	0.031062	1.000000
GSA-rs117778487	22	36220446	NC	-0.075459	1.000000
rs6000010	22	36222469	NC	-0.077970	1.000000
rs2051579	22	36231357	NC	-0.038862	0.516074
rs5755960	22	36233761	NC	0.091246	0.000000
GSA-rs117090422	22	36242779	NC	-0.006442	0.492769
GSA-rs73161707	22	36283665	NC	0.007833	0.000000
rs6000026	22	36288320	NC	-0.069453	0.000000
rs5755990	22	36306594	NC	-0.029967	0.502446
GSA-rs76880662	22	36321663	NC	-0.030936	0.000000
GSA-rs117301363	22	36322921	NC	0.111838	1.000000
GSA-rs75048125	22	36342905	NC	-0.110033	0.005066
rs5756012	22	36347646	NC	0.016269	1.000000
GSA-rs2899258	22	36355358	NC	0.031437	0.499409
GSA-rs143977609	22	36365901	NC	-0.032512	0.004570
GSA-rs117388783	22	36369287	NC	0.009827	0.493726
GSA-rs76570802	22	36375913	NC	0.053366	0.511824
GSA-rs118133888	22	36377903	NC	0.005622	0.001497
GSA-rs16985542	22	36403785	NC	-0.002516	0.497060
rs6000059	22	36409990	NC	-0.022471	0.000000
GSA-rs79398316	22	36414359	NC	0.142649	0.006102
rs5756047	22	36425725	NC	0.040544	1.000000
rs5995190	22	36433664	NC	-0.145783	0.000000
rs5995192	22	36433816	NC	-0.145049	0.000000
exm2268438	22	36443705	NC	-0.003496	0.997063
GSA-rs118014526	22	36459301	NC	-0.011804	0.485674
GSA-rs117962129	22	36467031	NC	0.057353	1.000000
rs4369966	22	36490485	NC	-0.129864	0.000000
GSA-rs9607308	22	36491506	NC	0.073921	1.000000
GSA-rs117355685	22	36498598	NC	0.028824	0.997705
rs878847	22	36500899	NC	-0.067575	0.001463
rs12169898	22	36506188	NC	0.082473	0.995503
GSA-rs6000135	22	36512983	NC	0.084327	0.503710
rs2413380	22	36519040	NC	-0.138693	0.998219
GSA-rs111697839	22	36526011	NC	-0.006498	1.000000
rs132612	22	36528895	NC	0.023844	0.000000
rs61731692	22	36537725	NC	0.065457	0.506206
rs80575	22	36539754	NC	-0.034307	0.985757
rs4821459	22	36542498	NC	0.099190	0.503946
GSA-rs2032518	22	36545661	NC	0.093744	0.000000
GSA-rs77082320	22	36546358	NC	0.037929	1.000000
GSA-rs149537646	22	36555896	NC	0.087595	0.532973
rs45577431	22	36556698	NC	-0.029585	0.015233
chr22-36556768	22	36556768	NC	0.005208	0.497591
rs132653	22	36556823	NC	-0.060883	0.003606
rs148885226	22	36556836	NC	-0.155744	0.000000
rs132655	22	36557550	NC	-0.101364	1.000000
GSA-rs12185878	22	36570688	NC	0.036930	1.000000
rs35321789	22	36570890	NC	0.051486	0.515972
rs2269594	22	36576171	NC	0.018898	0.000000
rs5995235	22	36577942	NC	0.076535	0.504676
GSA-rs2239831	22	36583084	NC	-0.075020	0.000000
GSA-rs9619593	22	36588489	NC	0.060165	0.482573
GSA-rs6000177	22	36592731	NC	-0.002279	0.507606
rs111993715	22	36592855	NC	-0.073598	0.991621
rs6000179	22	36594371	NC	0.089748	0.484144
chr22-36595375	22	36595375	NC	0.011652	0.494495
chr22-36595608	22	36595608	NC	-0.039631	0.003719
rs9610445	22	36597744	NC	0.052542	0.497785
rs132736	22	36598058	NC	-0.022903	0.998790
rs12170983	22	36598790	NC	0.099465	0.001225
GSA-rs6000189	22	36600814	NC	0.006501	0.500239
rs6518994	22	36601057	NC	0.106564	0.985863
rs132745	22	36605331	NC	-0.077538	0.996786
rs9610448	22	36608205	NC	-0.004810	0.486245
GSA-rs5995259	22	36611863	NC	-0.016029	0.984475
GSA-rs7284481	22	36615069	NC	0.053161	0.494511
rs4821469	22	36616445	NC	-0.115757	0.014060
GSA-rs77010523	22	36616857	NC	0.039428	0.527773
GSA-rs143412466	22	36618432	NC	0.022947	0.484112
rs11703398	22	36620961	NC	-0.009069	0.004243
rs11704037	22	36621216	NC	0.053747	1.000000
rs129607	22	36622906	NC	-0.042988	1.000000
rs7285167	22	36623920	NC	0.035754	0.496352
chr22-36623932	22	36623932	NC	0.012490	0.000000
chr22-36624005	22	36624005	NC	0.036027	0.491970
rs201222628	22	36624123	NC	-0.020944	0.998120
rs118097350	22	36624231	NC	-0.019677	0.492606
GSA-rs56230516	22	36626762	NC	0.033307	0.502693
rs74865964	22	36632643	NC	-0.060833	0.502305
rs1557534	22	36633225	NC	-0.103979	0.512495
GSA-rs112266636	22	36633861	NC	-0.118499	0.502421
rs2001195	22	36635032	NC	-0.008089	0.021069
rs1974458	22	36635445	NC	-0.042521	0.999568
GSA-rs5756113	22	36640533	NC	0.035929	0.995981
rs62233823	22	36641792	NC	0.084597	1.000000
GSA-rs78736759	22	36643730	NC	-0.059834	0.000000
rs9610467	22	36649574	NC	-0.079070	0.506454
GSA-rs9610468	22	36650956	NC	0.024613	0.996169
rs136148	22	36652931	NC	-0.016449	0.485994
rs116280906	22	36653986	NC	-0.022524	0.017706
GSA-rs136159	22	36657023	NC	0.132234	0.997980
GSA-rs129423	22	36657329	NC	-0.002151	0.005255
GSA-rs713929	22	36657596	NC	-0.011809	0.502453
rs713753	22	36658534	NC	0.003653	0.996766
GSA-rs80424	22	36659299	NC	0.059062	0.986182
GSA-rs136165	22	36659571	NC	-0.005542	0.512983
GSA-rs28480494	22	36661152	NC	-0.018496	0.496393
rs2239785	22	36661330	NC	-0.115767	0.495749
rs148296684	22	36661354	NC	0.087108	0.472706
GSA-rs136174	22	36661536	NC	0.106570	0.500020
GSA-rs136175	22	36661566	NC	0.070413	0.523454
GSA-rs136176	22	36661646	NC	0.047078	0.000000
chr22-36661649	22	36661649	NC	-0.073607	1.000000
rs136177	22	36661842	NC	0.047346	0.000000
rs73885319	22	36661906	NC	-0.010562	0.512018
chr22-36662068	22	36662068	NC	-0.084507	0.511347
GSA-rs66473469	22	36662654	NC	-0.002924	0.492274
rs136178	22	36664339	NC	0.032931	0.506175
rs136180	22	36665538	NC	-0.008315	0.483845
GSA-rs56277602	22	36668760	NC	-0.045787	0.997232
rs3959632	22	36668884	NC	-0.091802	0.505188
rs767855	22	36672295	NC	-0.001861	0.994494
GSA-rs73405712	22	36673639	NC	0.034432	1.000000
GSA-rs117372965	22	36674199	NC	0.089049	0.514858
rs2481	22	36677400	NC	-0.123745	0.992317
rs145139708	22	36681327	NC	0.085559	0.021039
rs2071734	22	36682706	NC	-0.025369	1.000000
rs199722926	22	36684817	NC	-0.068262	0.978485
rs75883300	22	36685483	NC	0.025180	0.000000
rs200616409	22	36688226	NC	-0.079209	0.506409
rs201269631	22	36689506	NC	-0.096369	0.000000
chr22-36690278	22	36690278	NC	-0.121794	0.000000
rs200732002	22	36691016	NC	-0.065594	0.999382
GSA-rs16996648	22	36692752	NC	0.047842	0.484107
GSA-rs59922723	22	36693922	NC	-0.039156	0.505567
GSA-rs117734021	22	36696777	NC	0.069331	1.000000
rs1002246	22	36714659	NC	0.010271	0.994571
rs1005570	22	36715274	NC	0.057307	0.486614
rs5756157	22	36723697	NC	-0.007950	0.995728
GSA-rs8143119	22	36727551	NC	-0.033048	0.487511
rs150313549	22	36745049	NC	0.035715	0.491005
rs147122501	22	36745146	NC	-0.015046	0.489088
GSA-rs145409763	22	36748399	NC	0.076247	0.000000
rs5756164	22	36748993	NC	0.152747	0.504745
rs11089788	22	36751101	NC	-0.074438	1.000000
rs117283436	22	36753803	NC	0.043462	1.000000
GSA-rs75142495	22	36763048	NC	-0.088235	0.493674
rs6000262	22	36770038	NC	0.000745	0.527817
GSA-rs111936411	22	36776099	NC	0.078058	0.977230
rs9610498	22	36777739	NC	-0.013708	1.000000
rs75136417	22	36777803	NC	0.006092	0.982885
GSA-rs974103	22	36781217	NC	0.063164	1.000000
GSA-rs79013767	22	36782759	NC	0.022541	0.495176
rs2092165	22	36795584	NC	-0.004725	0.988985
rs9610510	22	36804282	NC	0.091057	1.000000
GSA-rs75614414	22	36813201	NC	0.162115	0.000831
rs28547571	22	36831704	NC	0.071146	0.498610
GSA-rs73169606	22	36837065	NC	-0.030718	0.506335
GSA-rs139943	22	36847253	NC	0.066642	0.501195
rs80201620	22	36852003	NC	0.091589	0.000000
GSA-rs118079741	22	36852471	NC	0.007197	0.016410
rs75416875	22	36855147	NC	-0.101437	0.000000
GSA-rs62229966	22	36855763	NC	0.000008	0.000000
rs139996	22	36861320	NC	0.069530	0.497418
rs12159290	22	36865604	NC	0.007149	0.508490
GSA-rs12159080	22	36865622	NC	-0.078273	0.995593
rs5756202	22	36870845	NC	-0.102781	1.000000
GSA-rs138148862	22	36871714	NC	-0.067655	0.497354
rs150850412	22	36872818	NC	-0.114973	0.487827
rs3747163	22	36885026	NC	0.050225	0.498380
rs5756214	22	36888066	NC	0.024919	0.507851
GSA-rs73169658	22	36889116	NC	0.052535	0.493882
GSA-rs35417644	22	36892369	NC	-0.071624	0.000000
rs5756223	22	36897427	NC	0.007944	0.503274
rs2277841	22	36900271	NC	0.012774	0.012432
rs9610522	22	36900812	NC	0.053371	0.506098
rs11704715	22	36906173	NC	0.051771	0.000000
GSA-rs62230001	22	36912074	NC	-0.055937	1.000000
GSA-rs62230008	22	36917349	NC	0.019590	0.496140
GSA-rs143180024	22	36920319	NC	-0.026649	0.508574
GSA-rs76328101	22	36922262	NC	0.079726	0.000000
rs6000294	22	36923158	NC	0.066815	0.001758
rs6000299	22	36923499	NC	-0.095400	0.000000
rs9680657	22	36926927	NC	-0.056686	1.000000
GSA-rs79593534	22	36926979	NC	-0.101940	0.992945
rs8142845	22	36939236	NC	0.099855	1.000000
rs5750269	22	36941065	NC	-0.084350	0.501406
GSA-rs111996826	22	36941503	NC	-0.051621	0.533532
rs2049974	22	36942323	NC	-0.035904	0.995400
GSA-rs117107524	22	36953965	NC	-0.057544	0.000000
rs66704836	22	36954605	NC	-0.123272	0.513433
GSA-rs73169699	22	36963065	NC	-0.135346	0.000000
rs1569488	22	36965284	NC	0.026135	0.497316
rs5995311	22	36969134	NC	0.041231	0.496304
rs2267341	22	36976975	NC	-0.010153	0.475584
rs73171810	22	36978260	NC	0.028150	0.000000
GSA-rs17735341	22	36979808	NC	0.044146	0.505731
rs4820242	22	36982675	NC	0.065362	0.000000
rs9622424	22	36984307	NC	0.016017	0.499058
GSA-rs16997001	22	36984918	NC	0.127153	0.012679
rs2283981	22	36986092	NC	-0.094147	0.503262
rs2283985	22	36988654	NC	0.035468	0.489190
rs4821506	22	36994063	NC	0.025781	0.997390
GSA-rs117558925	22	36996189	NC	-0.071844	0.988716
GSA-rs11704051	22	37002064	NC	-0.066125	1.000000
rs4821512	22	37013694	NC	-0.057807	0.000000
GSA-rs58301447	22	37017246	NC	-0.037088	0.505200
rs2283996	22	37022532	NC	-0.064633	1.000000
rs738974	22	37025274	NC	-0.000377	0.494383
GSA-rs131829	22	37027467	NC	0.024452	0.999057
GSA-rs9622436	22	37032163	NC	-0.062408	0.484598
GSA-rs74454868	22	37078176	NC	-0.066479	0.492369
rs2284017	22	37096927	NC	0.075556	0.000345
rs2267361	22	37100260	NC	-0.010425	0.505864
GSA-rs5756300	22	37103563	NC	0.041988	0.967162
GSA-rs11705610	22	37104419	NC	-0.068183	0.508120
rs5756316	22	37114970	NC	0.012073	0.009602
rs715541	22	37116098	NC	-0.208009	0.514392
rs77929979	22	37122455	NC	-0.099781	0.527612
GSA-rs117436097	22	37122724	NC	-0.074868	0.510696
GSA-rs79378768	22	37123295	NC	0.016236	0.000000
rs738521	22	37124298	NC	-0.029824	1.000000
GSA-rs78420329	22	37126789	NC	-0.019018	1.000000
GSA-rs117670011	22	37129340	NC	-0.016155	1.000000
rs129333	22	37153289	NC	-0.047207	0.516926
rs118095726	22	37154413	NC	-0.098170	0.500434
rs5750306	22	37170915	NC	-0.055671	0.020546
GSA-rs34172130	22	37181778	NC	-0.007634	0.495068
GSA-rs76594382	22	37193502	NC	-0.149181	0.496909
rs9610583	22	37193986	NC	-0.135301	0.499438
GSA-rs4820250	22	37197530	NC	-0.001723	0.516922
rs2022068	22	37199806	NC	-0.032476	0.487707
rs4820254	22	37206341	NC	0.016348	0.501813
GSA-rs739031	22	37208149	NC	-0.086119	0.000000
rs2269511	22	37210656	NC	-0.111356	0.496615
GSA-rs79274387	22	37211803	NC	0.002583	0.489448
GSA-rs11913267	22	37212154	NC	0.056955	0.507170
GSA-rs117997132	22	37215827	NC	0.082154	0.522354
GSA-rs73156268	22	37217354	NC	0.041002	0.489719
GSA-rs5995347	22	37222929	NC	-0.010102	0.493450
GSA-rs58952608	22	37224160	NC	0.052324	0.497000
rs5756365	22	37228277	NC	0.030657	0.529774
GSA-rs117684358	22	37229503	NC	-0.126079	0.000000
rs4821540	22	37241788	NC	-0.027628	0.506229
rs6000449	22	37251377	NC	-0.039826	0.000000
rs10854693	22	37252010	NC	-0.000917	0.013687
rs11914104	22	37252618	NC	0.113629	0.993992
rs11089806	22	37256262	NC	0.061353	0.518860
rs1883112	22	37256846	NC	0.081960	0.506021
rs34421414	22	37257712	NC	-0.144131	1.000000
rs4821544	22	37258503	NC	-0.009232	0.501437
rs741998	22	37258844	NC	0.065106	0.988230
GSA-rs73158117	22	37259534	NC	0.115452	0.486906
rs143532979	22	37261015	NC	0.194203	0.512590
GSA-rs34320195	22	37262753	NC	-0.045193	0.506958
rs760519	22	37263706	NC	0.022537	0.476866
rs729749	22	37263846	NC	-0.016632	0.484324
rs34756754	22	37265314	NC	0.042835	0.496736
rs150103256	22	37267701	NC	0.074840	0.491873
rs2072712	22	37271802	NC	0.056904	0.000000
chr22-37271875	22	37271875	NC	0.088983	0.000000
GSA-rs117276515	22	37274943	NC	0.072674	0.520126
rs5756379	22	37275904	NC	0.075776	0.010867
rs5750326	22	37276285	NC	-0.003363	0.512387
GSA-rs117586588	22	37276622	NC	0.019346	0.499234
GSA-rs113133371	22	37277701	NC	0.022129	0.986425
GSA-rs62229094	22	37279156	NC	0.071653	0.980717
GSA-rs2413429	22	37289869	NC	0.010127	0.480991
GSA-rs75218287	22	37291789	NC	-0.083038	0.489171
GSA-rs117414417	22	37293910	NC	-0.070504	0.989039
GSA-rs5756390	22	37296129	NC	0.088162	0.976936
GSA-rs17749156	22	37296596	NC	-0.015095	1.000000
GSA-rs742000	22	37296672	NC	-0.054883	0.995465
GSA-rs16997492	22	37307865	NC	-0.088523	0.997761
GSA-rs4821558	22	37308785	NC	-0.088704	0.503845
rs2075726	22	37310046	NC	-0.063288	0.497150
rs60175411	22	37311858	NC	0.006090	1.000000
GSA-rs77121843	22	37314600	NC	0.060227	0.518701
rs41280007	22	37317914	NC	0.008649	1.000000
rs2284031	22	37321080	NC	-0.021943	1.000000
rs17811365	22	37322820	NC	-0.006813	0.006910
rs909486	22	37323988	NC	0.210097	1.000000
GSA-rs74701298	22	37324740	NC	0.081735	0.471144
rs115081583	22	37325227	NC	0.120154	0.981412
chr22-37325715	22	37325715	NC	0.099265	0.473396
GSA-rs16846	22	37325833	NC	0.017557	0.991181
GSA-rs117805308	22	37326794	NC	-0.105943	0.492817
GSA-rs6000494	22	37327707	NC	-0.074736	1.000000
GSA-rs117511880	22	37328051	NC	0.067093	0.497422
rs2075936	22	37328751	NC	0.071895	0.502239
GSA-rs73158160	22	37329339	NC	0.017841	1.000000
rs1534882	22	37329545	NC	0.060572	1.000000
GSA-rs1801122	22	37333657	NC	0.042230	0.508427
GSA-rs16997517	22	37333936	NC	0.002834	0.000000
rs6000495	22	37334953	NC	0.100687	0.000000
rs1803	22	37335326	NC	-0.039459	0.505400
rs131843	22	37337409	NC	-0.043845	0.999354
rs13055341	22	37337772	NC	0.103686	0.480175
rs2093381	22	37340429	NC	-0.007961	0.481417
rs131849	22	37342719	NC	0.072637	1.000000
rs58489539	22	37343210	NC	-0.017374	0.504705
GSA-rs117957496	22	37343442	NC	0.052985	0.514697
rs6000503	22	37345312	NC	-0.127565	0.506198
GSA-rs118114199	22	37347009	NC	0.010732	0.996400
GSA-rs62229118	22	37348019	NC	-0.006274	0.508113
rs6000507	22	37353226	NC	0.028002	0.000000
rs12165584	22	37359961	NC	-0.015407	0.991623
rs73407859	22	37360416	NC	0.086391	0.985259
GSA-rs8142548	22	37365039	NC	0.074842	0.493215
GSA-rs75908076	22	37365352	NC	-0.006552	0.501196
rs2858237	22	37367928	NC	0.048447	0.996125
rs5756432	22	37371109	NC	0.067462	0.000000
rs5756437	22	37375668	NC	-0.033664	0.494228
GSA-rs75143407	22	37383241	NC	0.073583	0.496469
GSA-rs62230764	22	37386108	NC	-0.057548	0.999656
rs713829	22	37386920	NC	-0.006265	0.000000
rs9610624	22	37387257	NC	0.010474	0.983738
chr22-37397876	22	37397876	NC	0.075728	0.000000
chr22-37398072	22	37398072	NC	0.027509	0.487876
chr22-37398102	22	37398102	NC	-0.000773	1.000000
rs5756477	22	37407527	NC	0.010086	0.494398
GSA-rs5750370	22	37412967	NC	0.002072	0.512316
rs5756489	22	37417197	NC	-0.147570	0.987999
GSA-rs117329814	22	37417326	NC	-0.043813	0.015241
rs5756492	22	37424991	NC	0.079763	1.000000
rs135167	22	37429129	NC	0.127202	0.000000
GSA-rs25095	22	37434028	NC	-0.069581	0.002525
GSA-rs74417775	22	37437172	NC	-0.083008	0.000000
GSA-rs117470369	22	37442255	NC	0.061838	0.495437
GSA-rs143231972	22	37453378	NC	-0.103044	1.000000
GSA-rs183345487	22	37454132	NC	0.018384	0.000502
GSA-rs117217366	22	37454236	NC	0.046671	0.524918
GSA-rs78029853	22	37455874	NC	-0.096825	0.005252
rs139105452	22	37462173	NC	0.056210	0.499729
GSA-rs73160046	22	37462813	NC	0.009021	0.995111
rs855791	22	37462936	NC	-0.073116	0.535895
rs76970337	22	37467001	NC	-0.081312	0.992109
rs5756504	22	37467270	NC	-0.014133	1.000000
rs4820268	22	37469591	NC	-0.091237	0.005718
rs2413450	22	37470224	NC	0.057803	0.000000
GSA-rs79816125	22	37470640	NC	0.022484	0.510701
GSA-rs117576908	22	37471208	NC	0.045822	0.512055
rs201080354	22	37471300	NC	0.016320	1.000000
rs9610643	22	37471385	NC	0.139041	0.510457
rs16990291	22	37474667	NC	0.027670	1.000000
rs2246092	22	37479628	NC	0.002994	0.499638
GSA-rs9607411	22	37479864	NC	-0.048988	0.490283
rs2111833	22	37480797	NC	-0.045467	1.000000
rs116092750	22	37492078	NC	-0.055395	1.000000
rs116310349	22	37492129	NC	0.005901	0.504735
rs145073875	22	37492731	NC	0.037663	0.488882
rs113803353	22	37494485	NC	-0.003973	0.000000
rs9619658	22	37496847	NC	-0.139598	0.000000
rs4140589	22	37499019	NC	0.000206	0.000000
rs228909	22	37500643	NC	0.033223	0.000000
rs228916	22	37505552	NC	-0.024582	0.000359
rs11914132	22	37509087	NC	0.030682	0.504194
rs926331	22	37510072	NC	-0.001998	0.496186
rs5995385	22	37519864	NC	0.019165	0.512889
rs181177639	22	37524483	NC	0.073998	1.000000
rs228942	22	37524619	NC	-0.013492	1.000000
GSA-rs80051711	22	37524990	NC	0.007738	1.000000
GSA-rs77540048	22	37525044	NC	0.037872	0.014263
rs228947	22	37526529	NC	0.033095	0.000000
GSA-rs78940252	22	37529432	NC	0.043594	0.000000
rs3218295	22	37533068	NC	-0.063384	0.493706
rs2284033	22	37534034	NC	0.016025	0.504035
rs2281094	22	37535471	NC	-0.157890	0.011992
rs228962	22	37535494	NC	0.048452	1.000000
rs149508414	22	37538521	NC	-0.020005	1.000000
rs1003694	22	37539128	NC	-0.080384	1.000000
rs3218261	22	37543156	NC	0.037995	0.492636
rs228976	22	37543173	NC	-0.158561	1.000000
GSA-rs3218254	22	37544536	NC	0.102367	0.516850
rs3218253	22	37544810	NC	-0.038514	0.000000
rs228979	22	37544931	NC	0.131828	0.996461
rs78995863	22	37547987	NC	-0.042249	0.482074
rs743777	22	37551607	NC	-0.039104	0.000000
rs4821592	22	37558279	NC	-0.084134	0.000057
rs2051582	22	37558356	NC	0.098560	0.990135
rs16997851	22	37560170	NC	-0.132903	1.000000
rs5750385	22	37560751	NC	-0.054146	0.015154
rs36124857	22	37565492	NC	0.071884	0.485446
rs12167757	22	37567490	NC	0.002908	0.493683
rs5756536	22	37570845	NC	0.015470	0.511225
GSA-rs76206423	22	37572236	NC	0.047609	1.000000
rs17812681	22	37578388	NC	-0.060194	1.000000
rs229519	22	37578579	NC	-0.029728	0.510704
rs229527	22	37581485	NC	-0.035003	0.000000
GSA-rs62235064	22	37586018	NC	0.090315	0.012046
rs229535	22	37588566	NC	-0.071719	0.990527
rs229541	22	37591318	NC	0.046279	0.506950
GSA-rs5756553	22	37591807	NC	0.004360	0.002589
rs64547	22	37592504	NC	0.059079	0.999487
GSA-rs76101325	22	37596679	NC	0.011019	0.003989
rs5756562	22	37611807	NC	-0.008142	0.481405
rs762921	22	37612042	NC	0.003814	0.000000
rs13053175	22	37613309	NC	-0.059429	0.003043
rs933222	22	37618637	NC	-0.073333	0.516751
rs9610672	22	37619021	NC	-0.071730	0.000000
rs9610685	22	37630318	NC	-0.011516	1.000000
GSA-rs55644139	22	37631358	NC	0.016670	1.000000
GSA-rs80269564	22	37632295	NC	0.029802	0.510821
rs13058338	22	37632770	NC	-0.113923	0.509019
rs2284038	22	37635055	NC	0.057495	0.993459
rs2213430	22	37638960	NC	-0.026078	0.988308
exm2264743	22	37640673	NC	0.049298	0.502274
rs5995407	22	37641440	NC	0.042913	1.000000
rs9610688	22	37643464	NC	0.081458	0.510623
GSA-rs739043	22	37645230	NC	0.060368	0.497898
GSA-rs75169631	22	37649529	NC	-0.161731	0.494285
rs8139798	22	37660255	NC	0.043784	1.000000
GSA-rs73161899	22	37660702	NC	0.053826	0.496887
rs5750402	22	37661288	NC	-0.048920	0.992324
rs9610698	22	37669321	NC	-0.031862	0.000000
rs739036	22	37671677	NC	-0.023325	0.506148
rs730422	22	37671896	NC	-0.074004	0.006412
rs7284821	22	37673781	NC	-0.022355	0.000000
GSA-rs73884193	22	37673788	NC	-0.008103	0.493142
rs727048	22	37677892	NC	-0.039802	0.007227
rs8141057	22	37677949	NC	0.015989	0.009647
GSA-rs76639480	22	37678531	NC	0.040051	0.006979
rs3213557	22	37678565	NC	-0.071381	0.492867
GSA-rs117935465	22	37686902	NC	0.054629	0.491963
GSA-rs116959384	22	37696570	NC	0.040742	0.989957
GSA-rs56016561	22	37698667	NC	-0.023083	0.000000
rs2239822	22	37699377	NC	0.001538	0.021038
GSA-rs56272035	22	37703957	NC	-0.054986	0.506513
rs2284051	22	37710569	NC	-0.016894	0.501526
GSA-rs112420895	22	37713048	NC	-0.088997	1.000000
rs5750410	22	37715105	NC	0.043592	0.000000
rs5995416	22	37719004	NC	0.035412	0.506160
rs9610713	22	37728491	NC	0.114853	1.000000
GSA-rs9610716	22	37731438	NC	-0.122920	0.021556
GSA-rs148298143	22	37733159	NC	0.109991	0.997588
rs5750423	22	37734452	NC	-0.079079	1.000000
GSA-rs117214702	22	37737276	NC	-0.059735	0.000000
GSA-rs4821633	22	37738621	NC	0.065334	0.005081
rs6000679	22	37740853	NC	-0.075229	0.982012
rs4821638	22	37751698	NC	0.105661	0.004848
rs4821643	22	37752981	NC	-0.066006	0.508796
GSA-rs57181655	22	37754246	NC	0.025948	0.996840
rs5756648	22	37755214	NC	0.086339	0.000000
rs6000687	22	37755223	NC	-0.012055	0.503055
GSA-rs77218314	22	37755323	NC	-0.016360	0.496291
GSA-rs77946771	22	37756431	NC	0.010414	0.487322
rs61011905	22	37761743	NC	0.101727	0.005507
rs4821651	22	37761813	NC	0.004303	0.000000
rs5756654	22	37763862	NC	-0.028760	0.482765
GSA-rs6000694	22	37766088	NC	-0.054581	0.000000
rs2071856	22	37770630	NC	-0.092289	1.000000
rs4821653	22	37771985	NC	0.057405	0.000000
rs8141881	22	37777031	NC	0.096360	0.484539
rs6000708	22	37789106	NC	0.055012	0.998292
rs6000711	22	37792590	NC	0.118264	0.000000
rs7285729	22	37793408	NC	-0.006688	0.489364
rs5756666	22	37797697	NC	0.066311	0.513826
rs8139356	22	37806276	NC	-0.039798	0.972892
rs71328610	22	37806962	NC	0.062920	0.472177
GSA-rs916317	22	37809655	NC	0.010354	0.518252
GSA-rs11705648	22	37812495	NC	0.005629	0.504523
rs9610749	22	37812911	NC	0.081400	0.016662
GSA-rs6000727	22	37818011	NC	0.041185	0.512651
GSA-rs9622621	22	37820415	NC	-0.118856	0.499646
GSA-rs133705	22	37836819	NC	-0.041201	0.498108
rs2097455	22	37843239	NC	-0.048683	0.502345
GSA-rs7289181	22	37843741	NC	0.048632	0.512517
rs112747175	22	37845116	NC	0.055923	0.005048
rs6000741	22	37849017	NC	0.003099	0.000000
rs75296635	22	37852174	NC	0.041049	0.997959
GSA-rs116891130	22	37858354	NC	0.099025	0.515224
rs8192548	22	37866063	NC	-0.076503	0.516553
chr22-37876233	22	37876233	NC	0.047896	0.486261
GSA-rs41280029	22	37886629	NC	0.053290	0.494044
GSA-rs190162662	22	37887018	NC	0.044197	0.505938
rs74843098	22	37899804	NC	0.013568	0.000000
rs5750446	22	37902926	NC	0.044843	0.003397
rs2235334	22	37904251	NC	-0.020626	0.486438
exm2268439	22	37905173	NC	0.068730	0.992569
rs8140025	22	37910395	NC	-0.025122	0.000000
rs2103577	22	37910612	NC	0.023933	0.500948
GSA-rs56249362	22	37910713	NC	-0.072039	0.487668
rs73416266	22	37913936	NC	-0.041003	0.000000
GSA-rs7287804	22	37915100	NC	0.026253	0.510067
rs6000762	22	37918472	NC	-0.085918	0.000000
rs1534913	22	37918672	NC	-0.045095	0.503648
rs9607469	22	37919267	NC	-0.032172	0.000000
GSA-rs6000764	22	37920097	NC	0.018813	0.000000
rs1079982	22	37929759	NC	0.095616	0.497602
rs77740651	22	37942412	NC	0.053464	0.000000
rs8137687	22	37943299	NC	0.004683	0.497311
rs5995460	22	37951451	NC	-0.043555	0.486429
GSA-rs73166459	22	37951581	NC	0.019844	1.000000
rs2235336	22	37958268	NC	-0.070032	0.000000
rs8139004	22	37961120	NC	0.019598	0.503513
GSA-rs111307192	22	37962740	NC	-0.068118	0.498218
chr22-37962779	22	37962779	NC	-0.022066	0.501165
rs117181617	22	37966686	NC	0.057273	0.508847
rs188420751	22	37966689	NC	-0.014075	0.000000
GSA-rs77346233	22	37968063	NC	0.046063	0.000000
GSA-rs73418196	22	37968265	NC	-0.020033	0.505042
rs5756736	22	37970189	NC	-0.033049	0.979879
GSA-rs79101909	22	37973153	NC	0.033438	0.003201
GSA-rs9622641	22	37973296	NC	0.012714	0.017584
rs12167061	22	37977481	NC	0.004572	0.517416
GSA-rs147582712	22	37981995	NC	-0.008706	0.986429
GSA-rs12157904	22	37982012	NC	-0.048006	0.000000
GSA-rs142606751	22	37985387	NC	-0.037580	0.000000
rs3761442	22	38003070	NC	-0.067966	0.498385
GSA-rs117906809	22	38004362	NC	0.004857	0.497478
rs146936287	22	38016825	NC	0.023703	0.508279
GSA-rs140112498	22	38026059	NC	-0.001131	0.000000
rs149928566	22	38039746	NC	-0.014222	1.000000
GSA-rs62235995	22	38040097	NC	-0.011959	1.000000
GSA-rs62235996	22	38041015	NC	0.016125	0.007788
GSA-rs118183308	22	38044341	NC	-0.027570	1.000000
chr22-38046109	22	38046109	NC	-0.068356	1.000000
GSA-rs118133095	22	38054580	NC	0.024594	0.987480
rs78974622	22	38059925	NC	0.036076	0.492274
rs140970741	22	38061816	NC	-0.091001	0.503814
GSA-rs41283237	22	38062589	NC	-0.037905	1.000000
rs13057866	22	38069622	NC	0.046855	0.475391
chr22-38073026	22	38073026	NC	-0.143114	0.509414
rs62236674	22	38077935	NC	-0.080255	0.501722
rs5756763	22	38079239	NC	-0.026628	0.501813
rs145024039	22	38086725	NC	0.063770	0.515724
GSA-rs117826239	22	38088643	NC	0.027552	0.503789
rs12158556	22	38093169	NC	-0.033580	0.476503
rs5750476	22	38096470	NC	-0.108517	0.499679
rs147691840	22	38106473	NC	0.049283	0.000000
rs144634857	22	38109353	NC	-0.076407	0.000000
rs5750482	22	38117943	NC	-0.123803	1.000000
chr22-38119602	22	38119602	NC	0.041707	0.987596
GSA-rs41296243	22	38121040	NC	0.002726	1.000000
rs9610841	22	38121152	NC	0.023876	0.492438
chr22-38121637	22	38121637	NC	0.155901	0.511466
rs200665858	22	38122252	NC	0.013563	1.000000
rs34066624	22	38129388	NC	0.100749	0.000000
chr22-38130853	22	38130853	NC	0.017463	1.000000
chr22-38131357	22	38131357	NC	-0.033088	0.520671
GSA-rs79355847	22	38135319	NC	-0.111700	0.003099
GSA-rs117262262	22	38136546	NC	-0.009966	0.001071
GSA-rs191602285	22	38147018	NC	-0.138202	1.000000
GSA-rs8139381	22	38151516	NC	-0.000014	0.489107
rs150426001	22	38151606	NC	0.044826	0.488819
rs183941928	22	38153696	NC	0.059489	0.481941
GSA-rs76574030	22	38163722	NC	0.194632	0.500639
rs200313246	22	38165091	NC	0.006807	0.510854
rs138139146	22	38165269	NC	0.042001	1.000000
rs61737841	22	38167706	NC	-0.020797	1.000000
GSA-rs1047326	22	38170046	NC	0.132163	0.514501
rs5756813	22	38175477	NC	-0.009726	0.486379
GSA-rs150373699	22	38177768	NC	0.045624	1.000000
GSA-rs2285178	22	38205989	NC	-0.037076	0.516992
rs182422563	22	38206124	NC	0.077615	0.993777
chr22-38209369	22	38209369	NC	-0.045015	1.000000
GSA-rs17856459	22	38212624	NC	0.023764	0.510989
GSA-rs117194465	22	38216579	NC	0.075448	1.000000
GSA-rs146808747	22	38226158	NC	-0.014385	0.005802
GSA-rs75571797	22	38228802	NC	0.024158	0.478075
rs9466	22	38273749	NC	-0.054237	0.000000
GSA-rs114758702	22	38278741	NC	0.068657	0.479816
rs5995515	22	38306671	NC	-0.065485	0.973078
GSA-rs74832565	22	38306893	NC	0.000587	0.518829
GSA-rs143910997	22	38321806	NC	0.189346	0.000000
rs2272829	22	38323700	NC	-0.077428	0.983367
chr22-38327834	22	38327834	NC	0.041867	0.013083
GSA-rs34834842	22	38328597	NC	-0.028858	0.511880
GSA-rs41274544	22	38339298	NC	-0.073630	0.014739
GSA-rs190002656	22	38350450	NC	-0.029478	0.517584
GSA-rs139866	22	38354684	NC	-0.070859	0.013997
rs12170378	22	38382304	NC	-0.013916	0.000000
GSA-rs118166169	22	38383890	NC	0.000129	0.004670
GSA-rs74646975	22	38386876	NC	0.076117	0.529906
GSA-rs13053900	22	38388217	NC	0.078967	0.007403
GSA-rs56276156	22	38392662	NC	0.055699	1.000000
GSA-rs34975952	22	38402311	NC	0.058426	0.002311
chr22-38422011	22	38422011	NC	0.088100	1.000000
GSA-rs75359613	22	38423264	NC	-0.001732	0.993087
rs4821732	22	38446872	NC	-0.093559	0.492667
rs742395	22	38447444	NC	-0.017548	0.502071
rs6000987	22	38448732	NC	-0.075582	0.497450
rs713729	22	38455469	NC	0.093491	0.001985
rs3952	22	38456598	NC	0.026404	1.000000
rs738443	22	38458681	NC	-0.026314	0.993788
GSA-rs35706623	22	38459430	NC	-0.100604	1.000000
rs2076369	22	38463652	NC	0.033395	0.480681
GSA-rs117229343	22	38464090	NC	-0.038667	0.005569
rs201758961	22	38468504	NC	0.025389	0.488582
rs187455529	22	38474406	NC	-0.080484	1.000000
rs8135665	22	38476276	NC	-0.037737	0.507733
chr22-38482443	22	38482443	NC	0.013827	0.507936
rs142001534	22	38483171	NC	-0.035944	0.000000
rs132930	22	38487029	NC	0.119037	0.498160
chr22-38493186	22	38493186	NC	-0.083682	0.521846
rs4339048	22	38495011	NC	0.086250	0.490104
GSA-rs6001004	22	38500270	NC	0.080887	0.515332
rs4821738	22	38500480	NC	0.018145	1.000000
GSA-rs5750536	22	38501333	NC	-0.074586	0.486314
rs6001009	22	38505356	NC	0.018489	0.508219
seq-rs587784350	22	38508554	NC	0.016399	0.499308
seq-rs587784349	22	38508572	NC	-0.047894	0.990619
rs2076114	22	38509439	NC	-0.086130	0.496162
seq-rs587784347	22	38509568	NC	0.017628	0.501782
seq-rs587784339	22	38511665	NC	-0.062281	0.519827
rs149712244	22	38512162	NC	-0.004941	0.000000
rs370691849	22	38516896	NC	-0.082159	0.000000
seq-rs797045888	22	38522458	NC	0.094001	0.507314
GSA-rs11570690	22	38526090	NC	0.037525	0.000000
rs2076118	22	38529500	NC	0.019645	0.499215
GSA-rs191314194	22	38531680	NC	-0.125389	0.499984
GSA-rs738317	22	38533089	NC	-0.018981	0.997016
rs2284063	22	38544298	NC	0.108896	0.481846
chr22-38544556	22	38544556	NC	0.077573	0.999083
GSA-rs132944	22	38548516	NC	-0.001923	0.993886
GSA-rs12485185	22	38560836	NC	-0.096038	0.482856
rs132966	22	38561562	NC	-0.093208	0.486821
GSA-rs132975	22	38562258	NC	0.011157	1.000000
rs132986	22	38563548	NC	-0.005252	0.000000
rs11570606	22	38565247	NC	-0.016842	0.528503
rs200075782	22	38565325	NC	-0.094625	1.000000
rs2267369	22	38565347	NC	-0.028116	0.015007
rs73154425	22	38572672	NC	0.121634	0.503174
GSA-rs57976789	22	38583466	NC	0.009099	0.000000
GSA-rs2267373	22	38600542	NC	0.036116	0.000000
rs5756972	22	38604803	NC	0.036013	0.005513
GSA-rs112322038	22	38605927	NC	-0.001894	0.486237
rs6001054	22	38614095	NC	0.067878	0.490436
rs76865118	22	38614472	NC	-0.132194	0.496653
rs11089873	22	38614933	NC	-0.218770	0.513970
GSA-rs117888066	22	38622471	NC	0.055728	0.484516
GSA-rs61737782	22	38627339	NC	-0.015670	0.500386
GSA-rs117666793	22	38627429	NC	0.006802	1.000000
rs7289126	22	38628306	NC	0.015490	0.000000
GSA-rs118054321	22	38628643	NC	0.070288	0.483151
GSA-rs116921347	22	38633145	NC	0.082173	1.000000
GSA-rs148707198	22	38635244	NC	-0.087741	0.984848
rs76599369	22	38636795	NC	-0.030967	0.474435
rs6001064	22	38638071	NC	-0.065235	0.993583
GSA-rs16998847	22	38646900	NC	-0.089838	1.000000
GSA-rs117146111	22	38652531	NC	0.020991	1.000000
GSA-rs9610927	22	38653689	NC	-0.078161	0.503886
GSA-rs138709534	22	38653851	NC	0.024321	0.506590
GSA-rs41456252	22	38653875	NC	-0.011131	0.999470
rs12485196	22	38662396	NC	0.006197	0.021448
GSA-rs117647189	22	38665319	NC	0.097675	0.025002
GSA-rs75343559	22	38671786	NC	-0.067713	0.502803
rs17753394	22	38678387	NC	0.110715	0.503308
rs135737	22	38680361	NC	-0.094464	0.012387
rs6001084	22	38681644	NC	-0.025249	0.497882
GSA-rs117975500	22	38690899	NC	0.106202	0.493031
rs3890379	22	38692380	NC	0.137910	0.997960
GSA-rs117885773	22	38693520	NC	-0.000350	0.005661
chr22-38694199	22	38694199	NC	0.036503	0.004170
rs1534891	22	38695099	NC	-0.159727	0.987073
GSA-rs183680512	22	38699334	NC	-0.043111	0.000000
rs6001093	22	38701393	NC	0.020300	1.000000
rs135757	22	38703653	NC	-0.085769	0.006303
rs1997644	22	38715222	NC	0.083311	0.000103
GSA-rs5750592	22	38725141	NC	0.045743	0.517245
GSA-rs75735715	22	38740101	NC	-0.022492	0.000000
rs57485857	22	38746745	NC	-0.023810	0.501456
GSA-rs9619738	22	38747922	NC	0.040427	1.000000
rs5995572	22	38753311	NC	-0.094537	0.000000
GSA-rs186082313	22	38777738	NC	0.079464	0.497889
GSA-rs17826547	22	38778965	NC	-0.070187	0.005093
rs138366	22	38789936	NC	0.085084	0.000000
GSA-rs196109	22	38791832	NC	-0.014544	0.487835
GSA-rs115129205	22	38795842	NC	0.078363	0.000000
rs6001117	22	38796813	NC	-0.017583	1.000000
GSA-rs196103	22	38804536	NC	-0.001664	1.000000
rs138392	22	38807144	NC	-0.009568	0.008839
GSA-rs196114	22	38811111	NC	-0.027236	0.000000
rs4343562	22	38819457	NC	-0.048579	0.481212
rs743942	22	38819613	NC	-0.057275	0.006168
GSA-rs105154	22	38823895	NC	-0.031262	0.502249
GSA-rs60910684	22	38825689	NC	0.053817	1.000000
rs11704277	22	38826799	NC	0.166334	0.000000
GSA-rs35699918	22	38832096	NC	-0.054029	0.003285
GSA-rs2267386	22	38832112	NC	0.064783	0.487072
rs196074	22	38832512	NC	-0.057766	0.497014
rs9607538	22	38841703	NC	0.040988	0.991937
GSA-rs117100284	22	38852429	NC	0.001489	0.491254
GSA-rs13353387	22	38864835	NC	-0.010307	0.485085
GSA-rs9610964	22	38865221	NC	0.006552	0.518994
GSA-rs5995580	22	38865863	NC	-0.012698	0.997181
rs62228894	22	38868143	NC	0.080094	0.515775
GSA-rs13055883	22	38901526	NC	0.006098	0.487973
GSA-rs9622823	22	38912665	NC	0.089309	0.484683
GSA-rs62228905	22	38921214	NC	0.029307	0.504111
GSA-rs8140235	22	38922579	NC	-0.046824	0.510784
GSA-rs117655316	22	38932631	NC	0.085407	0.002050
GSA-rs73157142	22	38933740	NC	-0.055405	1.000000
rs58396845	22	38945975	NC	-0.048936	0.482319
GSA-rs11570402	22	38951615	NC	-0.009451	0.000000
GSA-rs189709641	22	38953862	NC	-0.027955	1.000000
GSA-rs143598013	22	38957563	NC	-0.024495	1.000000
GSA-rs11570392	22	38958260	NC	-0.062087	0.000000
GSA-rs149068240	22	38967786	NC	-0.025331	0.474232
rs75136621	22	38976135	NC	-0.116411	0.004431
chr22-38978866	22	38978866	NC	0.032813	0.511166
GSA-rs112861194	22	38979154	NC	0.022392	0.986695
GSA-rs16999109	22	38982031	NC	-0.032330	0.498081
rs5757162	22	38993370	NC	-0.053910	0.496235
rs73157156	22	39003414	NC	0.023872	0.483018
rs79091541	22	39007401	NC	-0.099710	0.500607
GSA-rs117707622	22	39015244	NC	0.015800	1.000000
rs5995598	22	39016403	NC	-0.075281	0.996351
GSA-rs80294953	22	39017893	NC	0.065130	0.985847
GSA-rs12166403	22	39022553	NC	0.097722	0.494646
GSA-rs9610989	22	39032252	NC	0.004222	0.517770
GSA-rs16999173	22	39034786	NC	-0.087608	0.517827
GSA-rs13054225	22	39046854	NC	-0.022976	0.002510
rs139609678	22	39066934	NC	0.045171	0.000916
rs143403345	22	39067128	NC	-0.005690	0.998309
GSA-rs62230028	22	39082412	NC	-0.033974	0.488750
GSA-rs143129875	22	39087007	NC	0.038113	0.485243
GSA-rs147073203	22	39090350	NC	-0.027378	0.507753
GSA-rs77711238	22	39094562	NC	-0.124121	0.001059
GSA-rs2072800	22	39095987	NC	-0.020387	0.516125
exm2268440	22	39100128	NC	0.035309	0.013380
GSA-rs41280833	22	39100646	NC	-0.095195	0.503662
GSA-rs11703159	22	39101338	NC	-0.027618	0.488452
GSA-rs5757256	22	39110218	NC	-0.064991	0.497661
rs74867304	22	39119397	NC	0.097807	0.987339
GSA-rs116963077	22	39120162	NC	-0.011056	1.000000
GSA-rs181456575	22	39121079	NC	0.035936	0.490546
rs16999301	22	39125529	NC	-0.024121	1.000000
rs75211829	22	39125549	NC	-0.075666	0.495614
rs76681049	22	39135933	NC	-0.036420	0.505137
GSA-rs139004902	22	39137513	NC	0.001860	0.504802
rs138708	22	39138332	NC	-0.119133	0.501417
GSA-rs188815884	22	39138538	NC	0.059146	0.981752
chr22-39146897	22	39146897	NC	-0.091686	0.510990
chr22-39147056	22	39147056	NC	-0.034080	0.511112
GSA-rs79483980	22	39150993	NC	-0.033327	0.496921
GSA-rs77592206	22	39163362	NC	-0.004812	0.995284
rs5757277	22	39163856	NC	-0.009152	0.986832
GSA-rs12329952	22	39168596	NC	-0.056439	0.978983
rs5757279	22	39168987	NC	0.040939	0.501647
rs4821823	22	39172286	NC	0.060350	0.991818
GSA-rs76400811	22	39176518	NC	0.063954	0.992201
rs760482	22	39178701	NC	0.055863	0.486795
GSA-rs117102707	22	39181795	NC	0.017104	0.508748
GSA-rs78684519	22	39195645	NC	-0.019766	0.500188
rs8140217	22	39218001	NC	0.016828	0.976824
rs4821839	22	39227793	NC	-0.097181	1.000000
GSA-rs118016777	22	39228572	NC	0.023766	0.000000
GSA-rs78110441	22	39230707	NC	0.106142	1.000000
GSA-rs117388559	22	39231066	NC	-0.017101	0.001991
GSA-rs3817727	22	39231168	NC	-0.021712	1.000000
rs2103514	22	39232459	NC	-0.123696	0.529132
GSA-rs113002198	22	39232506	NC	-0.075660	0.518676
rs11705574	22	39243709	NC	-0.012024	0.004004
rs13053505	22	39245618	NC	0.019187	0.506933
rs76535024	22	39246716	NC	-0.021257	0.023553
rs12628185	22	39248549	NC	-0.078046	0.500523
GSA-rs79169291	22	39254513	NC	0.005647	0.012248
rs5757312	22	39255591	NC	-0.011185	0.468847
GSA-rs78145519	22	39255957	NC	-0.007253	0.993360
GSA-rs117326730	22	39265385	NC	0.011740	0.505508
rs760481	22	39268785	NC	0.003273	0.000000
GSA-rs80350486	22	39276060	NC	-0.079155	1.000000
GSA-rs11705118	22	39276845	NC	-0.022756	0.501269
GSA-rs77065598	22	39287468	NC	0.026071	0.501831
rs5750695	22	39291257	NC	-0.076576	0.485096
GSA-rs132513	22	39291626	NC	0.014918	0.000000
rs7286632	22	39298776	NC	-0.041489	0.979490
rs5757362	22	39306080	NC	0.031821	0.506912
rs5757366	22	39306784	NC	0.055894	0.999472
GSA-rs62228837	22	39319033	NC	0.017596	0.518940
rs5757373	22	39320828	NC	0.034909	0.991789
rs7288049	22	39332229	NC	0.001201	0.993756
rs1014971	22	39332623	NC	-0.105011	0.504194
rs5757387	22	39333340	NC	0.001902	0.000506
rs9808867	22	39333937	NC	0.088407	0.992399
rs67536239	22	39340670	NC	0.029398	0.493437
rs7289653	22	39343083	NC	-0.007841	0.994753
rs5750715	22	39343916	NC	-0.087990	0.000000
rs5757402	22	39350072	NC	-0.089524	0.007685
GSA-rs55935155	22	39352175	NC	0.081437	0.000000
rs78997815	22	39353184	NC	-0.014993	0.000000
chr22-39353712	22	39353712	NC	-0.057215	0.000000
rs4365560	22	39355109	NC	0.028133	0.000000
rs12628403	22	39358037	NC	0.017974	0.495712
chr22-39380228	22	39380228	NC	0.015598	1.000000
chr22-39380237	22	39380237	NC	-0.063729	0.991705
chr22-39385557	22	39385557	NC	-0.016223	0.493076
GSA-rs201281859	22	39387888	NC	-0.135343	0.499705
rs11089916	22	39392250	NC	-0.080835	0.492964
rs6001363	22	39392480	NC	0.123452	0.983364
GSA-rs56192335	22	39405806	NC	0.066826	0.507100
rs6001376	22	39407399	NC	0.018347	0.493123
rs1969643	22	39413668	NC	-0.033052	0.000000
GSA-rs117814205	22	39425328	NC	-0.075951	0.503939
rs147329876	22	39441434	NC	0.000356	0.498448
rs2076101	22	39445554	NC	0.040952	0.494322
rs5757459	22	39467803	NC	0.057721	0.007281
GSA-rs76924887	22	39474635	NC	0.020694	0.995297
rs3736685	22	39477391	NC	0.018478	0.492984
GSA-rs8177832	22	39477566	NC	-0.034153	0.000000
GSA-rs73161559	22	39485921	NC	0.025739	0.988023
exm2273063	22	39493294	NC	-0.061919	0.501416
GSA-rs67878612	22	39493898	NC	0.038274	0.497862
rs78724870	22	39497549	NC	0.032936	1.000000
rs139316	22	39499763	NC	-0.041504	1.000000
GSA-rs6001442	22	39506976	NC	0.011907	0.998401
GSA-rs79477683	22	39507014	NC	0.018684	0.000000
GSA-rs76722179	22	39507337	NC	-0.113042	0.490474
rs738469	22	39510995	NC	0.169420	1.000000
GSA-rs117305379	22	39514163	NC	0.012646	0.000000
rs80051801	22	39519154	NC	-0.011999	0.975423
rs139371	22	39519196	NC	-0.045144	0.487951
rs139372	22	39519780	NC	0.047556	0.000000
rs79501	22	39522940	NC	-0.038367	0.478599
GSA-rs6001449	22	39526063	NC	0.108807	0.000000
GSA-rs34963492	22	39527884	NC	-0.006277	0.000000
GSA-rs55779697	22	39529817	NC	-0.019494	0.013055
rs714016	22	39532554	NC	-0.001316	0.495075
GSA-rs62228283	22	39540803	NC	0.018940	0.482331
rs877529	22	39542292	NC	-0.103450	0.996490
rs12158877	22	39549426	NC	0.053982	0.989300
rs59680031	22	39565547	NC	0.143366	0.000000
GSA-rs59517128	22	39567613	NC	0.054063	0.502567
rs7288775	22	39568585	NC	-0.004343	0.992179
GSA-rs111538856	22	39571918	NC	-0.044889	0.005661
rs76152274	22	39572598	NC	0.031764	0.505425
rs7287160	22	39573724	NC	0.003855	0.988964
GSA-rs76651515	22	39574124	NC	-0.024351	1.000000
rs5757510	22	39575322	NC	-0.128273	0.496117
rs34379659	22	39575873	NC	0.053531	0.011315
rs5995693	22	39582668	NC	-0.023466	0.000000
GSA-rs6001491	22	39594740	NC	0.038401	1.000000
rs4821872	22	39600651	NC	0.059419	0.000000
rs1977103	22	39601990	NC	-0.033996	0.007586
rs5757558	22	39605158	NC	-0.093036	0.507502
rs75132039	22	39609131	NC	-0.105909	0.977707
GSA-rs111871433	22	39618289	NC	0.048727	0.513800
GSA-rs9611112	22	39620002	NC	-0.050249	0.010625
GSA-rs73163486	22	39622096	NC	0.065370	0.524342
rs4990914	22	39622711	NC	-0.097123	0.983138
rs148252800	22	39631786	NC	0.052517	0.492015
rs5750781	22	39634434	NC	-0.076052	0.507502
GSA-rs56229619	22	39646422	NC	0.004499	0.999899
GSA-rs9619805	22	39650356	NC	-0.019184	0.515953
rs116624188	22	39657056	NC	-0.011579	0.476299
rs2413583	22	39659773	NC	-0.049521	1.000000
rs742403	22	39660190	NC	-0.001314	0.515230
rs17000920	22	39661087	NC	-0.005366	0.000000
rs5757593	22	39668922	NC	-0.000637	0.505165
rs968451	22	39670851	NC	0.065161	0.516119
rs79290	22	39685832	NC	-0.099385	0.511220
rs17304621	22	39690791	NC	0.024184	0.010314
rs137602	22	39693408	NC	-0.082969	0.501963
GSA-rs118026751	22	39699465	NC	0.062627	0.000000
GSA-rs9607631	22	39703314	NC	0.062449	0.487987
rs5757611	22	39708357	NC	0.015947	0.977109
GSA-rs141236265	22	39708965	NC	0.069753	0.981014
rs2076124	22	39709605	NC	0.019857	0.994703
GSA-rs185447229	22	39710237	NC	-0.140205	0.981958
rs146588057	22	39712916	NC	-0.087958	0.507631
GSA-rs150475506	22	39726754	NC	0.118228	0.013653
GSA-rs114556035	22	39734647	NC	0.050826	0.499993
GSA-rs117458132	22	39738379	NC	0.030167	0.502591
rs137684	22	39738725	NC	0.023658	0.513990
rs137686	22	39739638	NC	-0.128884	0.000000
rs909685	22	39747671	NC	0.013022	0.503922
rs11705183	22	39748371	NC	-0.028500	1.000000
GSA-rs73167316	22	39762311	NC	0.017871	0.012452
GSA-rs16985820	22	39764554	NC	-0.002464	0.998445
GSA-rs80181382	22	39771114	NC	-0.017156	0.000000
chr22-39773662	22	39773662	NC	-0.076979	0.997957
GSA-rs6519190	22	39774525	NC	-0.005659	0.491250
rs193159582	22	39777788	NC	0.040763	0.491257
rs1010169	22	39778167	NC	0.114661	0.510103
GSA-rs41274557	22	39780819	NC	-0.095730	0.508206
rs34026806	22	39798127	NC	0.051681	0.000000
GSA-rs34463037	22	39800050	NC	-0.088105	0.493463
GSA-22:39801266	22	39801266	NC	-0.013112	0.497526
rs201220872	22	39811645	NC	0.049305	0.515983
rs140879164	22	39814746	NC	0.075543	0.002045
rs34288773	22	39822889	NC	0.080216	0.003049
rs5750820	22	39825322	NC	0.018340	0.990743
rs118074217	22	39826049	NC	-0.068424	1.000000
GSA-rs182587258	22	39830560	NC	0.047140	0.023889
GSA-rs5750825	22	39831278	NC	-0.039841	0.493424
rs4821897	22	39835587	NC	0.003991	0.488593
rs5757678	22	39843409	NC	0.091473	0.519123
GSA-rs75264309	22	39846367	NC	-0.027756	0.509775
rs5757683	22	39850174	NC	-0.069953	0.000000
rs909674	22	39859169	NC	0.064280	1.000000
rs760715	22	39862343	NC	0.028088	0.487443
rs1003538	22	39872707	NC	-0.039715	0.486117
rs2899319	22	39874314	NC	-0.063108	0.519077
rs4821901	22	39875966	NC	0.008201	0.526780
GSA-rs117086217	22	39876838	NC	-0.023169	0.993102
rs73885230	22	39877087	NC	0.059365	0.014601
rs11704159	22	39877556	NC	0.160894	0.001125
rs17001167	22	39881140	NC	0.040697	0.513442
rs1033415	22	39888774	NC	-0.053383	0.486604
rs2294360	22	39897792	NC	0.051877	0.018634
rs4821905	22	39906610	NC	-0.101231	0.498786
rs116266824	22	39908255	NC	-0.039717	0.490763
rs2232088	22	39908419	NC	-0.149439	0.500845
rs138446352	22	39909600	NC	-0.010426	0.999932
rs2232091	22	39909726	NC	-0.050824	1.000000
GSA-rs76044976	22	39911144	NC	0.101321	1.000000
GSA-rs11703406	22	39912969	NC	-0.065756	0.494086
rs710192	22	39913420	NC	-0.052548	0.505133
GSA-rs117826659	22	39919408	NC	-0.176758	0.514295
GSA-rs189914844	22	39936135	NC	0.045265	0.000000
rs5757715	22	39941154	NC	0.140621	0.000000
GSA-rs9623016	22	39941935	NC	-0.186759	0.503432
rs5757721	22	39947574	NC	-0.015256	0.996747
rs2413599	22	39952098	NC	0.011895	0.995637
GSA-rs78140321	22	39952197	NC	-0.070734	0.493302
GSA-rs114876190	22	39972070	NC	0.036473	0.998717
rs3788556	22	39972162	NC	-0.003839	0.989935
rs132572	22	39978039	NC	0.028544	0.000000
GSA-rs132575	22	39982721	NC	-0.070981	0.484872
GSA-rs73169364	22	39982756	NC	0.043407	0.993727
GSA-rs118028480	22	39988178	NC	0.190747	0.991862
rs2413602	22	39989216	NC	-0.176911	0.488195
rs5750854	22	39990775	NC	0.148667	0.492436
GSA-rs35874709	22	39991692	NC	0.030626	0.000000
GSA-rs713767	22	39997710	NC	0.016253	0.504391
rs5995756	22	40000313	NC	0.058213	0.001228
GSA-rs116872141	22	40001759	NC	0.071673	0.524138
GSA-rs9611204	22	40010383	NC	-0.000109	0.482195
rs3788568	22	40011273	NC	-0.059432	0.990363
GSA-rs148301600	22	40014769	NC	-0.029765	0.505196
GSA-rs114624981	22	40025446	NC	0.010115	0.997333
GSA-rs117803091	22	40029845	NC	0.045717	1.000000
GSA-rs76470176	22	40031771	NC	0.016483	0.996748
GSA-rs136816	22	40033247	NC	-0.024238	0.000000
rs59986512	22	40037051	NC	-0.097145	1.000000
rs136829	22	40046176	NC	-0.001929	0.492265
rs136832	22	40046538	NC	-0.096293	0.497011
GSA-rs8140214	22	40049185	NC	0.068361	0.000000
chr22:40057308	22	40057308	NC	0.010109	0.495101
rs376169293	22	40060768	NC	0.109384	1.000000
rs136855	22	40061683	NC	-0.089439	0.000000
GSA-22:40062795	22	40062795	NC	0.094449	0.483989
rs8141262	22	40066958	NC	0.094833	0.487169
rs5750870	22	40067640	NC	0.039725	0.003827
rs5750871	22	40069449	NC	-0.011112	0.013279
GSA-rs56656729	22	40075733	NC	-0.042528	0.984407
GSA-rs58439755	22	40075948	NC	0.165334	0.511149
GSA-rs5757772	22	40079407	NC	-0.045087	0.000000
rs3747179	22	40083730	NC	-0.044684	0.982768
GSA-rs144296010	22	40086560	NC	-0.049319	0.978936
rs5757777	22	40092864	NC	-0.057438	1.000000
rs11704241	22	40102918	NC	-0.139377	0.505638
rs10427810	22	40111623	NC	-0.066163	0.000000
GSA-rs146425869	22	40111811	NC	-0.003614	0.497417
GSA-rs74985600	22	40116547	NC	-0.094203	0.496097
GSA-rs9611212	22	40118460	NC	-0.013179	0.485958
rs78929060	22	40122607	NC	0.017855	0.000000
GSA-rs193210955	22	40126026	NC	0.045773	0.483963
rs73888146	22	40131030	NC	-0.058089	0.484405
rs4597643	22	40145841	NC	-0.050523	0.502096
GSA-rs12170853	22	40146186	NC	-0.029818	1.000000
GSA-rs117492549	22	40146285	NC	-0.054391	0.531232
GSA-rs77105266	22	40158228	NC	-0.059493	0.000000
rs6001679	22	40169926	NC	-0.154442	0.509202
GSA-rs112089227	22	40204329	NC	-0.032268	1.000000
GSA-rs117811619	22	40207399	NC	0.013221	0.992460
GSA-rs6001687	22	40213280	NC	0.053342	0.000000
GSA-rs116909307	22	40218102	NC	-0.134223	1.000000
rs137953	22	40288385	NC	0.030308	0.510654
GSA-rs117796012	22	40293487	NC	-0.037829	0.493634
GSA-rs137972	22	40311879	NC	0.100872	0.988621
GSA-rs137979	22	40322684	NC	0.073246	0.994676
rs137980	22	40325161	NC	-0.048328	0.000000
GSA-rs117475298	22	40326509	NC	0.018314	1.000000
GSA-rs137991	22	40340775	NC	0.097331	0.016870
rs3021213	22	40351438	NC	0.011579	1.000000
GSA-rs9611234	22	40357667	NC	-0.038226	0.994320
GSA-rs2958667	22	40363433	NC	-0.123815	0.026714
rs2284078	22	40363778	NC	-0.002513	0.488604
rs56057810	22	40365361	NC	-0.031858	1.000000
GSA-rs117854879	22	40369367	NC	-0.067707	0.002750
rs78753200	22	40376381	NC	0.000105	0.503017
rs7285507	22	40388308	NC	0.020487	0.514447
GSA-rs117615867	22	40390173	NC	-0.020141	0.000000
rs62230283	22	40400735	NC	0.002939	0.011533
GSA-rs117741951	22	40403113	NC	0.019362	0.497766
GSA-rs117571052	22	40403988	NC	0.028015	0.464767
GSA-rs73165022	22	40404116	NC	-0.033525	1.000000
rs116438980	22	40415988	NC	0.090710	1.000000
chr22-40416013	22	40416013	NC	0.176105	0.503511
rs115818503	22	40417794	NC	0.117112	0.000000
rs41276305	22	40417943	NC	0.021972	0.470931
rs9623117	22	40452119	NC	0.025160	0.496553
GSA-rs144573696	22	40466495	NC	-0.099567	1.000000
GSA-rs118176772	22	40476546	NC	-0.059429	0.011983
GSA-rs116894924	22	40477813	NC	0.123323	0.000000
GSA-rs12166639	22	40478222	NC	0.033022	0.482449
GSA-rs7292838	22	40479448	NC	-0.029283	0.000000
rs6001762	22	40495473	NC	-0.049282	0.005364
GSA-rs713639	22	40507282	NC	-0.096172	0.492702
exm2264744	22	40526472	NC	0.171019	0.003445
GSA-rs117093907	22	40528393	NC	0.037294	0.020760
GSA-rs117941537	22	40538762	NC	0.008838	0.483542
GSA-rs62236803	22	40549383	NC	0.013883	0.494752
rs9611280	22	40552119	NC	-0.030306	0.493550
rs11089975	22	40562227	NC	0.082882	0.502187
GSA-rs369318562	22	40578455	NC	0.035633	0.972706
GSA-rs62236841	22	40592458	NC	0.013946	0.000000
rs8138982	22	40610398	NC	0.047270	0.495437
rs28722029	22	40611012	NC	-0.026073	0.495936
rs138027	22	40616112	NC	0.023566	0.498718
GSA-rs1894588	22	40629980	NC	0.012507	1.000000
GSA-rs78239359	22	40648972	NC	0.057887	0.501362
rs12484776	22	40652873	NC	-0.009981	0.000000
rs12628051	22	40654276	NC	-0.006982	0.502488
chr22-40662440	22	40662440	NC	-0.049342	0.503092
rs188361271	22	40662585	NC	-0.012130	0.473451
rs143708410	22	40662984	NC	-0.086213	0.003996
GSA-rs17001776	22	40670894	NC	0.059635	0.505285
GSA-rs73165088	22	40673525	NC	-0.045105	0.505763
GSA-rs150350432	22	40674621	NC	0.052741	1.000000
rs192239190	22	40676092	NC	-0.063227	0.985899
GSA-rs139909	22	40697581	NC	0.027844	0.505733
GSA-rs117747299	22	40698362	NC	-0.017578	0.515805
GSA-rs13057958	22	40725149	NC	0.065837	1.000000
GSA-rs77895566	22	40734860	NC	-0.013606	0.511893
GSA-rs12484697	22	40736472	NC	0.036346	0.995725
GSA-rs192703567	22	40738280	NC	-0.056097	0.990905
GSA-rs117820381	22	40738486	NC	-0.107270	0.480020
GSA-rs751367	22	40741520	NC	-0.032122	0.495176
rs143083947	22	40742567	NC	0.036766	0.488836
rs374259530	22	40746022	NC	-0.128870	0.494661
seq-rs750614500	22	40754953	NC	-0.111610	0.496869
rs28941471	22	40754954	NC	0.015599	0.012480
rs148411623	22	40755001	NC	0.098666	1.000000
rs181252862	22	40757292	NC	0.035869	0.017332
seq-rs202064195	22	40757582	NC	-0.076011	0.982965
rs17001863	22	40759308	NC	-0.115388	0.000000
seq-rs796052247	22	40760306	NC	0.108940	0.509656
seq-rs763542069	22	40760365	NC	-0.074524	0.504987
seq-rs554254383	22	40760980	NC	0.010898	0.004509
GSA-rs76075068	22	40770353	NC	-0.098207	0.989259
GSA-rs28676471	22	40775481	NC	0.073738	0.504136
rs9611338	22	40797647	NC	0.040752	0.495382
rs760700	22	40800071	NC	0.081843	0.498674
GSA-rs760701	22	40800518	NC	-0.014424	0.508369
rs201332923	22	40802189	NC	0.003078	0.477793
GSA-rs186166271	22	40802893	NC	0.074953	0.021880
exm2261229	22	40803186	NC	0.038654	0.527466
rs202162334	22	40804844	NC	-0.004694	0.000000
GSA-rs6001904	22	40810951	NC	0.030488	0.000000
GSA-rs78875171	22	40813931	NC	-0.065672	0.494529
rs201944805	22	40814431	NC	0.013135	0.478919
rs145316385	22	40814461	NC	0.099659	0.992710
rs74347558	22	40814988	NC	-0.014166	0.998563
rs201134748	22	40815034	NC	-0.147860	0.506349
rs78093737	22	40819629	NC	-0.044466	0.012148
GSA-rs116971651	22	40823284	NC	0.084597	0.005858
rs6001911	22	40825193	NC	0.001000	1.000000
chr22-40825538	22	40825538	NC	-0.035238	0.989003
rs199952280	22	40825765	NC	-0.027384	0.998193
GSA-rs75075962	22	40831256	NC	-0.043730	0.503068
rs4507196	22	40849704	NC	-0.092679	0.988266
GSA-rs56253436	22	40855131	NC	0.019004	1.000000
GSA-rs57948569	22	40858693	NC	0.004337	0.475791
rs6001930	22	40876234	NC	0.024590	0.504726
GSA-rs190403080	22	40885023	NC	-0.028077	1.000000
GSA-rs9611367	22	40914949	NC	-0.017993	0.501556
GSA-rs118014095	22	40919160	NC	-0.036087	0.502331
GSA-rs116974822	22	40919417	NC	0.020340	0.507809
GSA-rs73169024	22	40952799	NC	0.011582	0.493632
GSA-rs149173803	22	40958071	NC	0.069441	0.520691
GSA-rs9607732	22	40990077	NC	-0.124421	0.998401
GSA-rs80270068	22	40999221	NC	0.011919	0.477016
GSA-rs133033	22	41002252	NC	-0.020686	0.010862
GSA-rs117294683	22	41009015	NC	-0.028082	0.486486
GSA-rs76204748	22	41009391	NC	-0.033163	0.494299
rs133047	22	41027819	NC	0.007601	1.000000
GSA-rs76653253	22	41038054	NC	0.042348	1.000000
rs12159200	22	41042091	NC	-0.038510	0.000000
rs7292804	22	41047556	NC	-0.006112	0.511084
GSA-rs117871311	22	41054954	NC	0.011819	0.489975
GSA-rs73171018	22	41061691	NC	-0.023793	0.497155
GSA-rs133073	22	41075695	NC	0.022800	1.000000
rs45439291	22	41077613	NC	-0.000113	1.000000
rs133074	22	41078473	NC	-0.037556	0.488790
rs9611386	22	41078533	NC	0.025647	0.505222
GSA-rs133076	22	41081561	NC	0.010531	0.000000
rs6002043	22	41104224	NC	0.005152	0.005920
GSA-rs77582394	22	41110066	NC	-0.019020	0.019296
rs17344701	22	41132402	NC	0.037016	0.507285
GSA-rs78985466	22	41135189	NC	0.063480	0.524900
GSA-rs9611406	22	41138784	NC	0.097400	1.000000
GSA-rs1884276	22	41143019	NC	0.051491	0.506468
GSA-rs111774685	22	41149047	NC	0.103129	0.000000
rs2038339	22	41149865	NC	-0.115890	0.000000
rs11806	22	41166135	NC	-0.005888	0.000000
rs2076674	22	41170063	NC	-0.067298	0.501978
GSA-rs117147580	22	41193771	NC	-0.027874	0.019331
GSA-rs117487309	22	41195082	NC	0.054623	0.000000
rs12628488	22	41204323	NC	-0.024690	0.513210
GSA-rs74770429	22	41210141	NC	0.008778	0.987175
GSA-rs62237004	22	41230003	NC	0.177311	0.499785
GSA-rs78115184	22	41240651	NC	0.061105	0.498454
chr22-41257275	22	41257275	NC	-0.111553	0.978115
rs2269619	22	41257877	NC	0.057824	1.000000
GSA-rs6002182	22	41258144	NC	-0.003308	0.991355
GSA-rs62237039	22	41264541	NC	0.030692	0.982205
rs138352	22	41268925	NC	-0.041460	0.478114
GSA-rs138354	22	41272143	NC	0.101551	0.015139
chr22-41278058	22	41278058	NC	0.028488	0.511293
GSA-rs2073121	22	41282116	NC	-0.145624	0.992505
GSA-rs1005402	22	41291730	NC	-0.082676	1.000000
GSA-rs34710289	22	41298977	NC	0.033834	0.021433
rs186524609	22	41320390	NC	-0.028672	1.000000
rs146023695	22	41322392	NC	0.007136	0.492034
GSA-rs117912353	22	41346645	NC	0.101333	0.497304
GSA-rs111736209	22	41351180	NC	-0.015862	0.505854
GSA-rs117990764	22	41386788	NC	0.095780	0.000000
GSA-rs78909142	22	41389334	NC	-0.006589	0.490458
rs62237051	22	41408991	NC	0.125607	0.509682
rs4821981	22	41415644	NC	-0.052745	0.000000
GSA-rs117428413	22	41424903	NC	0.077969	0.504331
rs4820425	22	41431342	NC	-0.026433	0.984040
GSA-rs117234572	22	41437796	NC	-0.045637	1.000000
rs4821995	22	41461836	NC	0.094901	0.502409
GSA-rs62238688	22	41469714	NC	0.051574	1.000000
GSA-rs116856246	22	41500750	NC	-0.054258	0.487064
rs9611497	22	41507400	NC	0.038321	0.516525
GSA-rs35531014	22	41532025	NC	0.031309	1.000000
GSA-rs17002308	22	41536452	NC	0.057437	0.508490
GSA-rs79187507	22	41540984	NC	-0.019832	1.000000
rs61756764	22	41542780	NC	-0.132909	0.505326
rs148884710	22	41546158	NC	-0.038739	0.000000
GSA-rs2076577	22	41568480	NC	0.067492	1.000000
GSA-rs73176628	22	41572541	NC	-0.069479	0.505025
GSA-rs139438	22	41605639	NC	-0.023496	0.518429
rs3818003	22	41609690	NC	0.063236	0.487771
GSA-rs112391039	22	41610240	NC	0.012922	0.000000
rs139480	22	41626663	NC	0.060138	0.986842
rs9619954	22	41631250	NC	0.009479	0.006795
rs9619955	22	41631282	NC	0.131353	0.495520
rs139130242	22	41632497	NC	-0.102845	0.505120
rs1953	22	41641984	NC	-0.016289	1.000000
GSA-rs9611526	22	41642411	NC	0.111664	0.505926
GSA-rs17002382	22	41647303	NC	-0.047930	1.000000
GSA-rs180753516	22	41648808	NC	0.045051	0.022678
GSA-rs2229753	22	41654030	NC	-0.044053	0.512173
chr22-41654049	22	41654049	NC	0.051877	1.000000
rs139513	22	41655058	NC	-0.031668	0.499373
GSA-rs6002301	22	41655340	NC	0.063190	0.481634
rs2235852	22	41661154	NC	-0.083227	0.499286
GSA-rs117716410	22	41703510	NC	-0.015170	0.510103
GSA-rs73176670	22	41719248	NC	-0.059504	0.007469
GSA-rs9607793	22	41736090	NC	0.062365	0.997918
rs1883828	22	41739370	NC	0.014448	0.986414
rs75005031	22	41747576	NC	-0.012805	0.510450
rs12484074	22	41752747	NC	-0.009822	1.000000
rs28638318	22	41753059	NC	-0.044032	0.498755
rs4822024	22	41757647	NC	0.043412	0.010930
rs5751086	22	41768862	NC	-0.087918	0.486940
GSA-rs116434743	22	41783206	NC	-0.026878	0.494470
rs9611577	22	41793090	NC	-0.041351	0.485747
GSA-rs78500963	22	41797846	NC	0.029399	0.014158
rs2899345	22	41815609	NC	0.051159	1.000000
rs5758350	22	41831267	NC	-0.077778	0.000000
GSA-rs41276319	22	41831322	NC	-0.062756	0.990419
GSA-rs2011790	22	41835452	NC	-0.049270	0.497047
GSA-rs11704973	22	41849430	NC	0.007025	0.000000
GSA-rs111452936	22	41856785	NC	-0.087936	0.000000
GSA-rs78851025	22	41878367	NC	0.053990	0.999720
exm2268441	22	41880770	NC	0.018258	0.493215
GSA-rs9607809	22	41888112	NC	0.006485	0.527202
GSA-rs5751117	22	41900439	NC	0.077059	0.000000
rs141772938	22	41903841	NC	0.101608	0.498568
GSA-rs76120255	22	41906827	NC	0.037835	1.000000
rs141878785	22	41911805	NC	-0.005541	0.475902
seq-rs2006715	22	41919850	NC	0.064434	0.010863
GSA-rs62236521	22	41923121	NC	0.029016	1.000000
rs375761361	22	41923953	NC	0.116296	0.504649
chr22-41939769	22	41939769	NC	-0.095247	0.018298
GSA-rs9611610	22	41949259	NC	0.115268	0.526828
rs147762501	22	41973452	NC	0.063621	0.507862
chr22-41980548	22	41980548	NC	-0.078070	0.000000
GSA-rs143715682	22	41985797	NC	-0.027236	0.497905
rs7291704	22	42008031	NC	-0.052041	0.017040
GSA-rs17002517	22	42012457	NC	0.044423	1.000000
GSA-rs28384701	22	42016526	NC	0.027832	0.492596
rs5758397	22	42019251	NC	0.097001	0.993731
GSA-rs28741110	22	42023714	NC	0.050561	0.003269
rs73161324	22	42038786	NC	-0.003363	0.502436
GSA-rs78392319	22	42043970	NC	0.027688	0.010791
GSA-rs28384783	22	42058592	NC	0.014115	0.481093
GSA-rs739134	22	42089623	NC	-0.141402	0.482255
rs2839716	22	42089659	NC	-0.115056	1.000000
GSA-rs73161347	22	42091063	NC	-0.091086	0.993624
GSA-rs147348682	22	42095658	NC	-0.028617	0.023344
GSA-rs118172140	22	42119065	NC	0.054388	0.506543
GSA-rs78712535	22	42126821	NC	0.045062	0.005169
GSA-rs78339304	22	42142393	NC	-0.083103	0.497119
GSA-rs8135192	22	42142725	NC	0.017977	0.475989
GSA-rs17449595	22	42144372	NC	-0.041641	0.511826
GSA-rs79634727	22	42151926	NC	-0.025318	0.491212
rs17377643	22	42152988	NC	0.021010	0.489373
GSA-rs713988	22	42159072	NC	0.063752	0.499298
GSA-rs117206252	22	42167358	NC	0.127073	0.493568
rs73163330	22	42177317	NC	-0.037356	0.004185
GSA-rs738247	22	42190309	NC	0.043023	0.494720
rs75338000	22	42191844	NC	0.026296	0.476429
rs139568	22	42210985	NC	0.011310	0.492167
rs7292894	22	42214719	NC	0.042671	1.000000
GSA-rs17378709	22	42223410	NC	0.000330	0.985666
GSA-rs113193963	22	42230472	NC	0.103776	0.995499
rs9607850	22	42235352	NC	-0.044117	0.505054
rs2267439	22	42237769	NC	0.080504	0.514764
GSA-rs117634052	22	42240378	NC	-0.102503	0.004178
rs80094991	22	42248289	NC	0.030035	0.510849
GSA-rs375131126	22	42250802	NC	-0.057278	0.495872
rs9607852	22	42258272	NC	0.002217	0.519644
rs133290	22	42267605	NC	0.022464	0.488398
rs2229439	22	42271363	NC	-0.070690	0.000000
rs142520642	22	42276792	NC	0.061990	0.511163
rs2229440	22	42276825	NC	-0.058527	0.527985
rs5751174	22	42280135	NC	0.005171	0.491009
rs9623468	22	42281294	NC	-0.100523	0.496619
rs1052717	22	42281429	NC	-0.037207	1.000000
rs17002737	22	42282012	NC	0.048948	0.512818
rs2267443	22	42287454	NC	-0.060929	1.000000
rs200341971	22	42290857	NC	0.064181	0.000000
rs200865732	22	42294757	NC	-0.020288	0.001829
GSA-rs117728734	22	42295992	NC	0.017276	0.482571
chr22-42296381	22	42296381	NC	0.141241	0.000000
rs149314298	22	42299116	NC	-0.126661	0.502337
rs61756766	22	42321451	NC	-0.054274	0.501067
rs67516067	22	42335970	NC	-0.088987	0.000000
rs10483213	22	42339525	NC	0.004645	0.517519
GSA-rs1023500	22	42340844	NC	-0.035879	0.477507
rs8140869	22	42344297	NC	0.011829	0.000110
rs5996094	22	42347060	NC	-0.017072	1.000000
GSA-rs62240996	22	42354389	NC	0.065632	1.000000
GSA-rs77350866	22	42364432	NC	0.031959	0.515393
rs5751191	22	42370991	NC	0.112744	0.509987
GSA-rs118061137	22	42374985	NC	-0.026096	0.487741
rs2269665	22	42377878	NC	-0.004327	0.985536
rs5751194	22	42379813	NC	-0.080592	0.497284
GSA-rs112204402	22	42381703	NC	0.063313	0.001915
GSA-rs133299	22	42388841	NC	-0.028630	0.000000
GSA-rs133302	22	42391176	NC	-0.044661	0.995914
GSA-rs55758879	22	42392091	NC	0.087991	0.486900
rs1062753	22	42392811	NC	0.070049	0.000000
GSA-rs133333	22	42412365	NC	0.134215	0.506364
rs5758550	22	42412711	NC	0.106759	0.032078
GSA-rs117242066	22	42428104	NC	-0.005904	0.000000
GSA-rs147771475	22	42433887	NC	0.019112	0.996571
GSA-rs78036465	22	42445174	NC	0.038221	0.509595
GSA-rs5751208	22	42446215	NC	-0.041282	0.500058
GSA-rs5758563	22	42448761	NC	-0.023435	0.499056
GSA-rs11703233	22	42454587	NC	-0.036415	0.492679
rs121434529	22	42457056	NC	-0.098327	0.518246
chr22-42458950	22	42458950	NC	0.089427	0.000000
rs201294991	22	42461804	NC	0.046677	0.491883
GSA-rs73167109	22	42464645	NC	0.061066	0.000000
chr22-42473986	22	42473986	NC	-0.042109	0.492352
chr22-42474049	22	42474049	NC	0.022422	0.000000
GSA-rs62238591	22	42480007	NC	0.092275	0.000000
rs113437301	22	42482252	NC	0.065370	0.000000
rs6002616	22	42504679	NC	0.097522	0.986334
GSA-rs5751216	22	42508937	NC	0.024505	0.502480
rs79292917	22	42523854	NC	0.029729	1.000000
seq-rs5030867	22	42523858	NC	-0.034242	0.987497
rs61736512	22	42525134	NC	-0.085246	0.487295
rs1135823	22	42525176	NC	-0.053864	0.476598
rs1081003	22	42525756	NC	0.040529	0.489419
chr22-42525772:rs28371706	22	42525772	NC	0.029519	0.000000
rs138100349	22	42526712	NC	0.011665	0.000000
rs72549358	22	42526775	NC	0.021678	0.501012
rs1080989	22	42527793	NC	0.071148	1.000000
rs1080983	22	42528568	NC	-0.054134	0.499616
rs28360521	22	42528976	NC	0.108947	1.000000
GSA-22:42539385	22	42539385	NC	0.068139	0.511979
chr22-42540297	22	42540297	NC	-0.091188	0.499352
rs5751229	22	42545221	NC	-0.042725	0.986220
rs6519313	22	42552875	NC	0.130060	0.000000
GSA-rs4453786	22	42563308	NC	-0.000190	0.496594
rs9306356	22	42567090	NC	-0.025292	1.000000
GSA-rs5758632	22	42578054	NC	0.057837	0.512424
GSA-rs73169115	22	42583871	NC	0.122593	0.979956
GSA-rs117965774	22	42593624	NC	-0.007075	0.000795
chr22-42605862	22	42605862	NC	-0.018012	1.000000
GSA-rs17386314	22	42612296	NC	0.073437	0.484214
GSA-rs932376	22	42614362	NC	0.017657	0.516209
rs56906457	22	42628335	NC	0.014795	0.991694
GSA-rs78870601	22	42630772	NC	0.090425	0.501822
rs4822099	22	42659964	NC	-0.012096	0.994291
rs134874	22	42661144	NC	0.018892	0.521442
GSA-rs134875	22	42661935	NC	-0.031907	0.000000
GSA-rs134882	22	42670965	NC	-0.032544	0.000000
GSA-rs143432784	22	42677324	NC	0.074670	0.000000
rs134904	22	42685537	NC	0.009579	0.998828
rs9611766	22	42688639	NC	0.067279	0.502811
GSA-rs112585007	22	42690000	NC	-0.138355	0.510664
GSA-rs5758701	22	42690262	NC	-0.036488	0.508219
rs9623554	22	42692339	NC	-0.093275	1.000000
rs6002674	22	42694220	NC	0.061401	0.000000
rs8137939	22	42696005	NC	0.079319	0.485706
GSA-rs4822104	22	42698800	NC	0.055572	1.000000
rs8138069	22	42727231	NC	0.008499	0.018084
rs739150	22	42728168	NC	0.021665	0.989261
GSA-rs79527556	22	42730837	NC	0.081988	1.000000
rs79463777	22	42733021	NC	0.005313	0.998042
GSA-rs57892117	22	42733867	NC	0.057959	1.000000
rs7285654	22	42737789	NC	0.054173	0.471992
rs9620039	22	42738766	NC	-0.046969	1.000000
GSA-rs6002695	22	42742451	NC	0.022510	1.000000
rs2157294	22	42750618	NC	0.020164	0.502483
GSA-rs73435512	22	42758726	NC	-0.023044	0.497623
GSA-rs116900029	22	42761285	NC	-0.182137	0.495804
GSA-rs9623572	22	42772101	NC	0.066669	0.011159
GSA-rs9611784	22	42773732	NC	0.082718	0.998790
GSA-rs73435518	22	42773943	NC	-0.041941	1.000000
rs11090090	22	42777621	NC	-0.023676	0.500592
GSA-rs73173004	22	42784944	NC	0.087911	0.489069
GSA-rs117199695	22	42787471	NC	0.019677	0.000000
GSA-rs113685239	22	42789950	NC	0.118419	0.995638
rs17003024	22	42793122	NC	0.106580	0.514545
GSA-rs76257850	22	42812820	NC	0.027223	0.508301
rs8139063	22	42813753	NC	0.023831	0.505290
GSA-rs28405495	22	42817792	NC	0.120032	0.025365
GSA-rs192249179	22	42826710	NC	-0.062144	0.000000
GSA-rs55896880	22	42832748	NC	-0.064091	0.992733
rs5758731	22	42855277	NC	0.059746	0.506055
GSA-rs62239665	22	42855719	NC	-0.076565	0.991073
rs5996168	22	42862481	NC	-0.003622	0.000000
rs2839705	22	42866614	NC	0.126109	0.501658
rs6002745	22	42871115	NC	-0.001457	0.492811
GSA-rs112709268	22	42875373	NC	-0.005327	0.508486
rs4822135	22	42876604	NC	0.014663	0.000000
rs5758756	22	42884997	NC	0.084730	0.505424
GSA-rs146723886	22	42914033	NC	0.027060	0.494072
GSA-rs141049505	22	42915843	NC	-0.016942	0.000000
GSA-rs117060806	22	42941519	NC	0.051345	0.992137
GSA-rs117885227	22	42959624	NC	0.073298	0.517238
rs200238208	22	42962330	NC	0.072101	1.000000
chr22-42968452	22	42968452	NC	-0.045326	0.511783
GSA-rs183456205	22	42969911	NC	-0.179217	0.506283
GSA-rs137058	22	42970680	NC	-0.031032	0.983485
rs137085	22	42981138	NC	-0.010324	0.000000
rs144152039	22	42995724	NC	-0.120477	0.990896
GSA-rs373221123	22	42997627	NC	0.022558	0.006784
GSA-rs113513063	22	42998902	NC	0.012887	0.493963
rs61744232	22	43010821	NC	0.035962	0.492761
rs76458556	22	43015795	NC	0.007664	0.505253
rs137126	22	43019252	NC	-0.011480	0.493137
GSA-rs8190457	22	43020234	NC	0.124065	0.498916
GSA-rs34103809	22	43021954	NC	-0.026549	0.489601
chr22-43023680	22	43023680	NC	-0.082005	0.006066
GSA-rs8190441	22	43024701	NC	0.015433	0.509975
rs121965007	22	43027437	NC	0.025338	0.504699
rs8190377	22	43044149	NC	0.049158	0.000000
rs5758837	22	43049014	NC	0.036328	0.000000
GSA-rs148760589	22	43058398	NC	0.029208	0.519969
rs130328	22	43061482	NC	-0.075775	0.000000
GSA-rs111911231	22	43062797	NC	-0.074398	1.000000
rs130334	22	43066531	NC	-0.005115	0.483054
GSA-rs62238287	22	43071309	NC	-0.007443	1.000000
GSA-rs145925808	22	43076708	NC	-0.059836	1.000000
GSA-rs130347	22	43076809	NC	0.080289	0.994214
JHU_22.43088412	22	43088413	NC	-0.048166	0.506818
rs3747193	22	43088463	NC	0.023113	0.515387
22:43088927-GA	22	43088927	NC	0.029153	0.501084
rs9623659	22	43088971	NC	0.022643	0.000025
22:43088972-GA	22	43088972	NC	-0.126834	0.000824
exm1614514	22	43089044	NC	-0.077718	0.506603
22:43089066-CA	22	43089066	NC	0.028579	0.994402
22:43089164-CT	22	43089164	NC	0.019165	0.513063
22:43089281-CT	22	43089281	NC	0.066678	0.484594
22:43089354-GA	22	43089354	NC	-0.075975	0.519037
22:43089762-GA	22	43089762	NC	0.149382	0.000000
exm1614556	22	43089849	NC	-0.049583	0.986042
rs3788594	22	43090249	NC	-0.128940	0.500950
rs5758871	22	43095600	NC	0.040494	0.503846
JHU_22.43096506	22	43096507	NC	-0.089576	0.498895
JHU_22.43096594	22	43096595	NC	0.038645	0.502110
rs5751341	22	43097551	NC	0.037482	0.484872
JHU_22.43098309	22	43098310	NC	-0.041761	0.491824
GSA-rs73174925	22	43099621	NC	0.039106	0.487336
GSA-rs28992193	22	43099957	NC	-0.029124	0.511097
JHU_22.43100132	22	43100133	NC	0.032808	0.000000
JHU_22.43100701	22	43100702	NC	-0.027977	1.000000
JHU_22.43100785	22	43100786	NC	0.015234	0.994146
JHU_22.43100855	22	43100856	NC	0.019098	0.497958
rs7285550	22	43103684	NC	-0.009129	0.000000
rs5758894	22	43110919	NC	-0.048155	0.000000
22:43112475-C-T	22	43112475	NC	-0.072708	1.000000
rs738527	22	43112961	NC	0.099549	0.000000
rs9623671	22	43113434	NC	-0.040506	0.475980
JHU_22.43114155	22	43114156	NC	-0.129341	0.517795
rs73427300	22	43114204	NC	0.049145	0.519159
rs5758896	22	43115576	NC	-0.060155	0.492563
rs12166331	22	43121426	NC	0.037714	0.001165
rs9607931	22	43122720	NC	-0.067929	1.000000
GSA-rs75737464	22	43126236	NC	0.004508	1.000000
GSA-rs9611869	22	43135731	NC	-0.087351	0.478060
GSA-rs9611875	22	43153807	NC	-0.008806	1.000000
rs9611876	22	43155357	NC	-0.022094	0.496952
rs9611883	22	43158867	NC	-0.002230	0.000000
rs56360850	22	43159368	NC	0.005003	0.503268
rs5758925	22	43161405	NC	-0.131869	0.002919
rs2413716	22	43162952	NC	-0.006353	0.012739
rs6002950	22	43165866	NC	-0.015124	0.506402
GSA-rs148823036	22	43174578	NC	-0.093165	0.488663
rs5758935	22	43175821	NC	0.087625	0.000000
GSA-rs4822199	22	43178043	NC	0.000540	0.995425
GSA-rs8140100	22	43187236	NC	-0.089528	1.000000
rs4820484	22	43188309	NC	-0.009873	0.502299
GSA-rs11551619	22	43195109	NC	-0.061345	0.505611
rs5758948	22	43195296	NC	-0.063747	0.018684
GSA-rs5758951	22	43197034	NC	-0.028623	0.000000
rs35498349	22	43203086	NC	-0.040623	1.000000
GSA-rs117585418	22	43212635	NC	-0.109103	1.000000
rs144427016	22	43213187	NC	0.018154	0.508040
rs17003362	22	43217080	NC	-0.024161	0.490280
GSA-rs9607957	22	43218397	NC	0.099857	0.491745
rs5758962	22	43225174	NC	0.012325	0.012665
GSA-rs5758972	22	43232973	NC	0.062510	0.000000
GSA-rs78960244	22	43255049	NC	0.030635	0.984205
GSA-rs141956945	22	43273219	NC	0.036316	0.000000
chr22-43275082	22	43275082	NC	0.011464	1.000000
GSA-rs117551605	22	43298426	NC	-0.046894	0.010785
GSA-rs9623713	22	43303882	NC	0.041715	0.980973
GSA-rs17003413	22	43313954	NC	0.063846	0.006292
rs2284093	22	43325352	NC	0.032170	0.509808
rs738387	22	43329819	NC	0.053391	0.000000
GSA-rs118112833	22	43331540	NC	-0.046416	0.503575
GSA-rs75910415	22	43339467	NC	-0.105138	0.012402
GSA-rs112051070	22	43341718	NC	-0.051104	0.499656
rs5759052	22	43342723	NC	0.012576	0.481421
GSA-rs151215238	22	43343890	NC	0.039507	0.506545
GSA-rs71329167	22	43346878	NC	0.077084	0.491722
GSA-rs74823263	22	43347699	NC	0.012835	0.512999
GSA-rs1569507	22	43356699	NC	-0.029569	0.988655
GSA-rs62231618	22	43371787	NC	-0.134038	0.513222
rs5759070	22	43375701	NC	-0.054754	0.504451
GSA-rs3819678	22	43386716	NC	-0.007820	0.476061
rs2413739	22	43397036	NC	0.033055	0.485597
rs5759095	22	43411887	NC	0.013909	1.000000
GSA-rs3091364	22	43414330	NC	0.032495	0.503136
GSA-rs118178599	22	43414728	NC	0.064622	0.497619
rs5759097	22	43415116	NC	0.075317	0.000000
rs13057591	22	43415581	NC	0.030850	0.008861
rs12484214	22	43419385	NC	-0.047350	0.000000
rs5751416	22	43432826	NC	-0.050489	0.474392
GSA-rs7349054	22	43439296	NC	0.053245	0.484529
rs5759111	22	43442599	NC	-0.024347	0.504268
rs2076160	22	43448117	NC	-0.012696	0.484651
GSA-rs9611993	22	43456450	NC	0.010932	0.519023
rs5996262	22	43458018	NC	-0.056452	0.008112
GSA-rs56168056	22	43465063	NC	0.038108	0.514472
rs2076154	22	43465529	NC	-0.070822	0.502990
rs2076156	22	43466217	NC	0.007699	0.519231
rs5759143	22	43473662	NC	0.035996	0.007440
rs10427660	22	43475508	NC	0.081421	0.983118
GSA-rs5751429	22	43478509	NC	0.076265	1.000000
GSA-rs62231654	22	43481948	NC	-0.077080	0.509181
rs8141749	22	43483242	NC	-0.028218	0.005761
GSA-rs76850054	22	43486745	NC	-0.092891	0.016090
rs6003065	22	43500003	NC	0.009134	0.520587
rs5759167	22	43500212	NC	-0.086645	1.000000
GSA-rs74867164	22	43513244	NC	0.043577	0.489971
rs5751436	22	43514187	NC	0.097081	0.520265
rs4988389	22	43515339	NC	0.066841	1.000000
rs742136	22	43518822	NC	-0.075548	0.515308
GSA-rs11090143	22	43520105	NC	0.051749	0.994244
rs2072855	22	43533515	NC	-0.031236	0.500594
GSA-rs9612015	22	43540174	NC	-0.049887	0.490864
GSA-rs72619546	22	43542792	NC	0.042024	0.493204
GSA-rs739092	22	43544823	NC	-0.127119	1.000000
rs138908	22	43548155	NC	0.021213	0.018805
rs5759197	22	43550149	NC	-0.011223	0.500475
rs762960	22	43551052	NC	0.009321	0.000000
rs138915	22	43556316	NC	-0.013925	0.496518
rs199899658	22	43557085	NC	0.031228	0.501276
GSA-rs6971	22	43558926	NC	-0.002084	0.000000
rs6972	22	43558972	NC	-0.148948	0.490598
rs80411	22	43561675	NC	0.015159	0.013521
GSA-rs17514783	22	43562247	NC	-0.108754	0.022802
GSA-rs5759205	22	43566559	NC	-0.096976	0.492864
GSA-rs117663029	22	43568096	NC	0.061448	0.997270
seq-rs34074034	22	43568512	NC	-0.018200	0.981502
rs762953	22	43570068	NC	0.099455	0.489298
rs6003097	22	43572180	NC	0.038450	0.493664
GSA-rs77808662	22	43574090	NC	-0.047888	0.494446
GSA-rs112366138	22	43575129	NC	-0.030433	0.000000
rs2071724	22	43577048	NC	-0.009385	0.507933
rs75572484	22	43577307	NC	0.074922	0.000000
rs138960	22	43585305	NC	0.019537	0.508068
GSA-rs112727859	22	43586327	NC	0.060833	0.473786
rs138974	22	43594138	NC	-0.011726	0.497074
GSA-rs138983	22	43599917	NC	-0.079130	0.517801
GSA-rs34782724	22	43605127	NC	-0.018145	0.976176
GSA-rs117267143	22	43605708	NC	0.104096	0.991326
GSA-rs113386696	22	43607868	NC	0.019650	0.964997
GSA-rs35738631	22	43609197	NC	0.024971	1.000000
rs138994	22	43610808	NC	-0.009569	0.499398
GSA-rs56221413	22	43610867	NC	0.025690	0.505203
rs73163949	22	43613252	NC	-0.079939	0.992999
rs12053796	22	43614099	NC	0.028635	0.492110
rs5759219	22	43614601	NC	0.022082	0.506552
GSA-rs138997	22	43615005	NC	0.052406	0.004207
rs58377227	22	43618192	NC	0.049050	0.000000
rs148458324	22	43618695	NC	-0.066407	0.498140
GSA-rs6003114	22	43619200	NC	-0.012307	0.495494
rs139006	22	43619631	NC	-0.009139	0.000000
rs73886454	22	43622819	NC	0.011691	0.490433
rs139013	22	43624305	NC	-0.006209	1.000000
rs9620126	22	43629518	NC	-0.044037	0.493980
GSA-rs113834836	22	43631736	NC	0.079676	1.000000
GSA-rs139021	22	43632100	NC	0.048807	0.000000
rs8137393	22	43633977	NC	0.040073	0.503170
rs6003121	22	43635549	NC	0.018096	0.499084
rs75761381	22	43636729	NC	0.062541	0.513335
GSA-rs739094	22	43639989	NC	0.041355	0.490763
GSA-rs5759225	22	43640728	NC	-0.074883	1.000000
rs11705577	22	43645133	NC	0.015220	0.000000
GSA-rs62232089	22	43646613	NC	-0.016327	0.995751
GSA-rs8140084	22	43646647	NC	0.021949	0.475186
rs762950	22	43647870	NC	-0.059883	0.000000
GSA-rs5751454	22	43649715	NC	-0.041659	0.520367
rs139028	22	43650729	NC	-0.113091	0.473031
GSA-rs17003573	22	43650988	NC	0.079561	0.004151
rs139030	22	43653625	NC	0.006951	0.002086
rs5751457	22	43655427	NC	-0.098248	1.000000
rs59766248	22	43657040	NC	0.159195	0.521703
rs5751462	22	43661080	NC	-0.016725	0.512554
rs5759238	22	43662468	NC	0.003389	0.497778
rs878734	22	43663734	NC	-0.016398	0.009827
rs139035	22	43664665	NC	0.096202	0.005060
GSA-rs139037	22	43667423	NC	0.159962	0.994223
GSA-rs7291800	22	43673471	NC	0.067790	0.477425
rs5759250	22	43673800	NC	-0.103756	0.000000
GSA-rs59052863	22	43678135	NC	0.005218	0.502654
rs5759256	22	43680239	NC	0.125096	0.000000
GSA-rs74511791	22	43681537	NC	-0.014648	0.504869
GSA-rs117250968	22	43682503	NC	0.034718	0.496621
rs5759258	22	43684257	NC	-0.006708	0.478468
rs7290575	22	43685657	NC	-0.021609	0.977162
GSA-rs75327112	22	43688504	NC	-0.009557	0.000000
GSA-rs5759267	22	43696688	NC	0.016340	0.506580
rs2269668	22	43699774	NC	0.037539	0.990952
rs2269670	22	43700013	NC	-0.006954	0.484554
GSA-rs5759273	22	43701218	NC	0.003235	0.011463
rs17003642	22	43704192	NC	0.041512	0.520229
rs17003643	22	43705185	NC	0.161590	0.992253
rs11704418	22	43705678	NC	0.001169	0.520410
rs3213584	22	43716324	NC	-0.013757	0.515132
GSA-rs75142160	22	43717635	NC	-0.022592	0.008912
GSA-rs74924289	22	43721994	NC	0.094758	0.471571
rs77888863	22	43729172	NC	0.003953	0.000000
rs41307223	22	43735185	NC	-0.048409	0.505259
rs5759291	22	43736392	NC	0.019823	0.505460
GSA-rs7293117	22	43742379	NC	-0.040695	0.475598
GSA-rs73166132	22	43754675	NC	0.044050	0.000000
GSA-rs5759305	22	43755827	NC	-0.105665	0.491795
rs57639948	22	43760031	NC	0.022045	0.022160
rs80083088	22	43761203	NC	0.140346	0.505504
GSA-rs6003177	22	43768298	NC	-0.038241	0.499898
rs1555242	22	43779867	NC	-0.035865	0.494677
GSA-rs761740	22	43781850	NC	0.149294	0.999199
GSA-rs117664014	22	43781881	NC	0.165888	0.495050
rs743029	22	43782937	NC	-0.096302	1.000000
GSA-rs73166158	22	43787437	NC	0.012450	0.979777
rs74529832	22	43798373	NC	0.002362	1.000000
rs112455927	22	43805095	NC	0.010527	0.500521
GSA-rs11090160	22	43805809	NC	-0.021769	0.497155
GSA-rs6003190	22	43810009	NC	-0.023249	0.000000
GSA-rs73166186	22	43812896	NC	-0.020698	0.998423
rs4822289	22	43823014	NC	0.136742	0.006843
GSA-rs739019	22	43825979	NC	-0.097487	0.998108
GSA-rs12158832	22	43826783	NC	-0.058457	0.487377
rs135071	22	43830353	NC	0.008669	0.495038
GSA-rs62234092	22	43830910	NC	-0.040476	0.504058
rs182725627	22	43831058	NC	-0.048655	0.000000
rs135068	22	43832845	NC	0.047386	0.991802
rs135062	22	43834820	NC	-0.049335	0.019489
GSA-rs74622997	22	43840982	NC	-0.016754	0.511114
exm2273066	22	43843065	NC	-0.061775	0.000000
rs135044	22	43845708	NC	0.061106	0.999343
GSA-rs20195	22	43857328	NC	0.091487	0.490399
rs76970628	22	43860845	NC	0.001219	0.000000
GSA-rs8138794	22	43866756	NC	-0.029518	0.516813
GSA-rs6003217	22	43870800	NC	-0.029645	1.000000
rs75142394	22	43872810	NC	0.009938	0.010051
rs8143131	22	43876153	NC	0.028605	0.498022
rs2024631	22	43877096	NC	-0.115899	0.508536
rs150980659	22	43886854	NC	-0.063559	0.973263
rs141075713	22	43894599	NC	0.038519	0.481129
rs28608705	22	43897310	NC	-0.061839	1.000000
GSA-rs112035174	22	43897433	NC	-0.127891	0.003075
rs28711226	22	43898650	NC	0.003697	0.494762
rs28501581	22	43900259	NC	0.008670	0.986527
rs62638146	22	43900524	NC	-0.085606	0.011896
rs117727854	22	43900530	NC	-0.004499	0.499051
GSA-rs116923938	22	43903769	NC	0.039233	0.000000
GSA-rs8140898	22	43907291	NC	0.013249	0.000000
GSA-rs117585796	22	43924609	NC	0.092848	0.495564
chr22-43926729	22	43926729	NC	-0.005262	0.498896
chr22-43926845	22	43926845	NC	-0.053468	1.000000
GSA-rs736621	22	43927320	NC	-0.111318	1.000000
GSA-rs143158205	22	43931236	NC	-0.085038	0.522091
GSA-rs61995891	22	43936117	NC	0.043689	0.982271
rs77935335	22	43936383	NC	-0.030645	0.999606
GSA-rs79909850	22	43949009	NC	0.064823	0.000735
GSA-rs34955597	22	43950853	NC	-0.009594	0.000000
GSA-rs74525878	22	43956566	NC	-0.034375	1.000000
rs9614382	22	43976396	NC	0.006266	0.502688
GSA-rs8138190	22	43985334	NC	0.066078	0.496223
GSA-rs9614453	22	43998724	NC	0.007091	0.992367
rs735234	22	44000711	NC	0.066068	0.468077
GSA-rs117851770	22	44012172	NC	0.074933	1.000000
GSA-rs9626001	22	44012951	NC	0.011230	0.000000
rs143713526	22	44022493	NC	-0.038071	0.511484
rs35376417	22	44028085	NC	-0.051923	0.982769
GSA-rs137731	22	44031042	NC	-0.020790	0.000000
GSA-rs75912267	22	44042383	NC	-0.174884	0.497668
rs115638616	22	44083002	NC	0.047961	0.005367
GSA-rs117462097	22	44090333	NC	-0.021462	0.000000
GSA-rs78773889	22	44092683	NC	-0.047505	1.000000
GSA-rs767249	22	44113813	NC	-0.086424	0.477400
rs5764236	22	44114861	NC	0.024290	0.000000
GSA-rs190656289	22	44127255	NC	0.029247	0.997008
GSA-rs9625942	22	44129156	NC	-0.082012	0.993363
GSA-rs79422722	22	44138332	NC	0.034076	0.506700
GSA-rs73174361	22	44143638	NC	0.026933	0.992941
GSA-rs66525552	22	44147012	NC	0.003181	0.486930
GSA-rs16990981	22	44151656	NC	0.043746	0.493922
rs146421624	22	44168935	NC	-0.013089	0.000000
GSA-rs2187887	22	44169426	NC	0.079023	0.000990
rs5764296	22	44181312	NC	-0.032825	0.000000
rs9968041	22	44183913	NC	-0.059515	0.512100
GSA-rs9614188	22	44194393	NC	-0.013377	0.495714
GSA-rs5764309	22	44195654	NC	-0.054485	0.000000
GSA-rs9614274	22	44196183	NC	-0.072722	0.523946
GSA-rs6006551	22	44205880	NC	-0.065209	0.500604
GSA-rs117098145	22	44212184	NC	0.001686	0.000000
rs138056	22	44220673	NC	0.113287	0.484761
GSA-rs74840344	22	44222744	NC	0.067619	0.501365
GSA-rs138060	22	44222807	NC	0.129877	0.501350
GSA-rs112497718	22	44227025	NC	-0.049723	0.000000
rs2285159	22	44228367	NC	-0.058003	0.000000
GSA-rs118143044	22	44236168	NC	-0.032575	0.005819
GSA-rs9614191	22	44238974	NC	0.060948	0.522011
rs80628	22	44245179	NC	0.008549	0.498977
rs7284196	22	44257833	NC	-0.066152	0.496329
GSA-rs117222100	22	44273276	NC	-0.134941	0.501717
GSA-rs129655	22	44274202	NC	0.031610	0.534797
rs181818400	22	44280150	NC	-0.032535	0.989196
rs149836456	22	44280193	NC	0.015990	0.014748
rs141704319	22	44282243	NC	0.041196	0.501619
rs739231	22	44282276	NC	0.002532	0.000000
rs139512427	22	44282368	NC	0.113703	0.492058
GSA-rs2401203	22	44284854	NC	-0.086361	0.505785
GSA-rs62621223	22	44285258	NC	0.078990	0.504286
GSA-rs62226145	22	44285428	NC	0.009043	0.497718
GSA-rs713964	22	44286531	NC	0.045644	0.516212
rs367895146	22	44287051	NC	0.072470	0.992326
rs743936	22	44290315	NC	0.000560	0.005183
rs77101796	22	44293787	NC	-0.132394	0.487094
GSA-rs5764394	22	44293814	NC	-0.060480	0.986741
rs6006570	22	44298499	NC	-0.020158	1.000000
rs4823103	22	44304419	NC	-0.077596	0.477658
GSA-rs9614194	22	44305065	NC	0.092664	0.470962
rs5764023	22	44305218	NC	0.050885	0.000000
GSA-rs9626055	22	44318244	NC	-0.052085	0.496599
chr22-44322876	22	44322876	NC	-0.019967	0.994826
chr22-44322910	22	44322910	NC	0.049424	1.000000
rs79118505	22	44322936	NC	0.103316	0.000806
rs2076212	22	44322970	NC	0.046601	0.000000
GSA-rs117414666	22	44326204	NC	0.136632	1.000000
GSA-rs9625963	22	44327219	NC	-0.088727	0.000000
rs1883350	22	44328043	NC	0.067159	0.500653
rs190477302	22	44328870	NC	-0.044785	1.000000
rs115531341	22	44328950	NC	0.006415	0.523079
rs2281135	22	44332570	NC	0.000277	1.000000
rs2896019	22	44333694	NC	0.135440	0.502804
rs144233415	22	44335885	NC	-0.066885	1.000000
GSA-rs2294915	22	44340904	NC	-0.095236	0.018124
GSA-rs76015644	22	44355693	NC	0.002919	0.478786
rs117826724	22	44360001	NC	-0.117156	0.989179
rs2073082	22	44360007	NC	-0.070077	0.000000
GSA-rs932430	22	44368741	NC	0.028817	0.006363
rs738492	22	44370336	NC	0.173716	0.499653
rs61473277	22	44371406	NC	0.014797	0.499610
chr22-44371983	22	44371983	NC	-0.040271	0.498430
GSA-rs117721198	22	44378368	NC	-0.011588	0.999142
rs8418	22	44379838	NC	-0.117393	0.994278
GSA-rs17580791	22	44388281	NC	-0.103317	0.508216
rs3827386	22	44389392	NC	0.064197	0.000000
rs2281298	22	44391234	NC	0.028032	0.483801
GSA-rs2073080	22	44394402	NC	0.038859	1.000000
GSA-rs2281292	22	44395389	NC	-0.011528	1.000000
rs6006610	22	44399761	NC	0.037821	0.501562
rs16991328	22	44404484	NC	0.032556	0.000000
rs9614308	22	44404522	NC	0.004643	0.503471
rs5764058	22	44410173	NC	-0.098739	1.000000
GSA-rs11912129	22	44411804	NC	-0.013546	0.508552
rs9614313	22	44411910	NC	0.096470	0.470956
rs114704228	22	44412635	NC	0.012310	0.000000
rs8142117	22	44416429	NC	0.000226	0.499228
GSA-rs74427758	22	44417927	NC	0.062422	0.492295
rs135114	22	44417970	NC	-0.067144	0.000000
rs7289308	22	44418039	NC	0.034783	0.000000
rs5764467	22	44418444	NC	0.036535	0.000000
GSA-rs2267592	22	44421563	NC	0.040024	0.000000
rs6006622	22	44424108	NC	0.006131	0.988068
GSA-rs117803375	22	44425836	NC	-0.071310	1.000000
rs2267595	22	44427251	NC	-0.064240	0.999329
rs2246843	22	44427967	NC	0.068953	0.993085
rs5764066	22	44435552	NC	-0.076692	0.000000
rs72619557	22	44448402	NC	-0.020595	0.506195
rs1004529	22	44452318	NC	0.101125	0.507130
rs12168526	22	44456692	NC	0.048813	0.479240
rs67447085	22	44456841	NC	-0.014271	1.000000
rs130311	22	44466550	NC	0.097159	0.510519
GSA-rs117342927	22	44467446	NC	-0.021580	0.005390
rs73181227	22	44467676	NC	0.025636	0.000000
GSA-rs79330384	22	44472281	NC	-0.119910	0.523031
GSA-rs11705487	22	44474024	NC	-0.019411	0.501602
rs738482	22	44480397	NC	-0.155362	0.973380
GSA-rs78366367	22	44488632	NC	0.007918	1.000000
rs1983609	22	44489868	NC	-0.048402	0.497334
rs738479	22	44489896	NC	-0.039564	1.000000
rs12169088	22	44494466	NC	0.018600	1.000000
GSA-rs8137149	22	44494527	NC	-0.025985	0.979574
rs56194750	22	44495953	NC	0.086671	0.500565
rs8140244	22	44496917	NC	0.032115	0.493443
GSA-rs9614326	22	44499343	NC	-0.080676	0.524149
GSA-rs79263841	22	44499859	NC	0.058288	1.000000
rs6006486	22	44503633	NC	0.086997	0.489973
GSA-rs6006488	22	44506233	NC	0.016629	0.502298
GSA-rs112067135	22	44511918	NC	-0.032369	0.512353
GSA-rs742550	22	44515711	NC	0.008165	0.510635
GSA-rs6006665	22	44517438	NC	-0.047875	1.000000
rs7291712	22	44517889	NC	-0.077163	0.008384
rs1535009	22	44522312	NC	-0.007881	1.000000
rs9614202	22	44524638	NC	-0.141392	0.002375
GSA-rs75617873	22	44526105	NC	-0.052003	1.000000
rs9625985	22	44530201	NC	0.050033	0.522532
rs2267614	22	44530420	NC	0.010491	0.501633
rs742404	22	44542873	NC	0.010133	0.484130
rs5764558	22	44544028	NC	-0.032262	0.977164
rs139072	22	44554779	NC	-0.108436	0.506777
rs139090	22	44562756	NC	-0.010570	0.004853
rs77288331	22	44563678	NC	0.028987	0.493459
GSA-rs139099	22	44566226	NC	-0.051001	0.008646
GSA-rs139101	22	44566906	NC	0.046386	1.000000
rs9614207	22	44567435	NC	0.020454	1.000000
rs139110	22	44571828	NC	0.063490	1.000000
rs9614362	22	44572578	NC	0.038816	0.000000
rs3747208	22	44575868	NC	-0.135478	1.000000
rs139124	22	44576132	NC	-0.062176	0.526517
rs6006693	22	44581549	NC	0.045418	0.503120
rs79478	22	44582499	NC	0.105803	0.497980
rs139133	22	44582820	NC	-0.004968	0.975034
rs932381	22	44589008	NC	-0.037089	0.491208
chr22-44592248	22	44592248	NC	-0.064458	0.486129
GSA-rs16991639	22	44595239	NC	0.130712	0.496859
rs470111	22	44595591	NC	0.059957	0.007457
rs139164	22	44598088	NC	-0.019553	0.507885
rs139167	22	44598692	NC	-0.040810	0.484654
chr22-44602262	22	44602262	NC	0.031386	0.476309
rs909850	22	44614313	NC	-0.084479	0.000000
GSA-rs755944	22	44614363	NC	-0.021035	1.000000
rs713927	22	44615218	NC	0.054583	0.492332
rs139240	22	44617864	NC	-0.023278	0.978637
rs11703924	22	44623871	NC	-0.036719	0.489812
GSA-rs139265	22	44628068	NC	-0.048642	0.000000
GSA-rs117073572	22	44633619	NC	-0.055887	0.000000
rs9614390	22	44634211	NC	-0.018606	0.504227
GSA-rs5764659	22	44646105	NC	0.083973	1.000000
GSA-rs5764148	22	44646119	NC	-0.028770	0.991902
GSA-rs16991714	22	44649665	NC	-0.008051	0.489679
GSA-rs77782627	22	44653054	NC	-0.061636	0.520779
GSA-rs117549213	22	44654646	NC	-0.185366	1.000000
GSA-rs135427	22	44657628	NC	-0.012257	0.005287
rs113870793	22	44661641	NC	0.095682	0.498298
GSA-rs117833833	22	44663209	NC	0.079166	0.988105
GSA-rs112151230	22	44664764	NC	0.036830	0.003730
rs135420	22	44664866	NC	-0.052127	0.495853
rs55746438	22	44671960	NC	-0.020171	0.008098
rs135400	22	44677081	NC	0.023351	0.010837
GSA-rs135396	22	44677647	NC	0.101315	0.495381
rs135391	22	44679762	NC	0.018490	0.003352
GSA-rs76877800	22	44682737	NC	-0.104855	0.471476
rs9614422	22	44684979	NC	0.097180	0.506377
rs8136994	22	44685618	NC	0.034137	1.000000
GSA-rs75196408	22	44686967	NC	-0.048457	0.000000
GSA-rs73165813	22	44687571	NC	-0.022315	1.000000
rs7289182	22	44692540	NC	0.152941	0.492904
rs3935378	22	44695088	NC	0.077839	1.000000
GSA-rs62226817	22	44695739	NC	-0.069080	0.999200
rs12162773	22	44698909	NC	0.157128	1.000000
GSA-rs3935524	22	44700267	NC	0.107143	1.000000
rs7511423	22	44701372	NC	-0.025673	0.497039
GSA-rs76267418	22	44701906	NC	-0.013081	0.487727
rs7510953	22	44703234	NC	0.028541	0.000000
GSA-rs12162783	22	44703774	NC	-0.034138	0.503696
rs12163376	22	44705095	NC	-0.000583	0.503683
GSA-rs117475466	22	44706649	NC	-0.060095	0.000000
rs12158741	22	44706814	NC	0.076671	0.492261
rs1130274	22	44710758	NC	0.106800	0.500939
rs73888999	22	44714544	NC	-0.015808	0.504495
rs68062760	22	44715032	NC	0.050860	0.011086
rs73434505	22	44715451	NC	0.065268	0.986944
GSA-rs116806648	22	44717751	NC	0.082253	1.000000
rs34255233	22	44723069	NC	0.060934	0.508244
rs34420568	22	44723271	NC	-0.002883	0.000000
GSA-rs117386044	22	44723542	NC	0.013985	0.000000
GSA-rs117032738	22	44734901	NC	0.017251	0.993008
GSA-rs9614891	22	44737646	NC	-0.081368	0.000000
rs111554526	22	44739592	NC	-0.011305	0.996335
GSA-rs11090718	22	44740406	NC	-0.054503	0.512890
GSA-rs74464138	22	44740415	NC	-0.049436	0.496559
rs5765896	22	44744080	NC	-0.123645	0.015372
rs7284718	22	44744453	NC	0.045202	0.000000
rs5766088	22	44745694	NC	0.115383	0.487400
GSA-rs116925001	22	44745765	NC	-0.069978	0.524308
GSA-rs77866744	22	44745963	NC	-0.047127	0.000000
rs743864	22	44747100	NC	0.056709	0.489926
rs8139097	22	44747334	NC	0.036468	0.501922
GSA-rs80296798	22	44747800	NC	-0.026044	0.993592
rs5764718	22	44751158	NC	0.036174	1.000000
rs2013512	22	44753351	NC	-0.123531	0.501537
GSA-rs71330746	22	44754444	NC	0.073664	0.000000
rs11705079	22	44754963	NC	-0.083842	1.000000
GSA-rs2014530	22	44757071	NC	0.062289	1.000000
GSA-rs76498283	22	44758421	NC	-0.004777	1.000000
rs8138173	22	44760039	NC	0.023931	0.000000
rs1557553	22	44760984	NC	-0.004161	0.493901
GSA-rs58662916	22	44761314	NC	-0.089995	0.492722
rs143763029	22	44761529	NC	-0.025438	0.009915
rs1557554	22	44763277	NC	0.021051	1.000000
rs5764924	22	44763651	NC	0.006539	0.009129
rs5764925	22	44763799	NC	-0.040270	0.988667
GSA-rs116950775	22	44764343	NC	-0.046305	1.000000
GSA-rs2097443	22	44768559	NC	-0.001524	0.990857
GSA-rs4823353	22	44769535	NC	-0.080962	0.000000
rs62228630	22	44770316	NC	-0.122536	0.993909
rs1041887	22	44771763	NC	-0.000146	0.491599
GSA-rs117238564	22	44773183	NC	0.047909	0.503511
rs135890	22	44774868	NC	-0.084698	0.501700
rs62228632	22	44775847	NC	0.130200	1.000000
GSA-rs9626550	22	44776964	NC	-0.010868	0.472541
rs4426	22	44778354	NC	-0.095744	0.503212
rs2071815	22	44778738	NC	0.012346	0.518987
GSA-rs1041890	22	44779501	NC	-0.040282	0.000000
GSA-rs117429554	22	44780843	NC	0.096068	0.000000
rs135905	22	44784847	NC	-0.032488	1.000000
rs13055798	22	44787383	NC	0.051609	0.496647
rs5766061	22	44788714	NC	0.211043	0.980164
GSA-rs2187828	22	44790471	NC	-0.045848	0.520640
rs916294	22	44791343	NC	0.015316	0.020132
rs35449812	22	44792065	NC	0.023601	0.497017
rs13058072	22	44792128	NC	0.020467	1.000000
GSA-rs117822775	22	44793300	NC	0.025508	1.000000
rs135914	22	44795895	NC	0.048601	0.495610
rs713888	22	44797723	NC	0.004875	0.000000
rs5766249	22	44803722	NC	-0.035945	0.494752
rs135920	22	44803990	NC	-0.034985	0.011481
rs135924	22	44807473	NC	0.022224	0.000000
rs135925	22	44807977	NC	-0.042768	0.495574
rs135938	22	44812036	NC	-0.030086	0.000000
rs35536840	22	44818780	NC	0.034102	1.000000
rs135970	22	44824399	NC	0.050924	1.000000
rs115020852	22	44826561	NC	0.070896	1.000000
GSA-rs79354586	22	44827204	NC	0.009984	0.498262
rs135976	22	44828077	NC	0.089234	1.000000
GSA-rs58198963	22	44833655	NC	-0.063721	0.000000
rs8135880	22	44834292	NC	-0.003643	0.480175
rs8139046	22	44834394	NC	0.093190	1.000000
rs19994	22	44836139	NC	0.042413	0.496936
GSA-rs114370433	22	44840030	NC	-0.084383	0.506674
rs133795	22	44842354	NC	-0.090556	0.002242
GSA-rs117771526	22	44843171	NC	0.025567	0.495837
GSA-rs8136951	22	44869030	NC	0.025949	0.972412
GSA-rs117843471	22	44875600	NC	-0.015726	1.000000
GSA-rs74279820	22	44875959	NC	0.029353	0.524571
rs12628484	22	44881837	NC	0.046258	0.007150
GSA-rs6007154	22	44881968	NC	-0.038433	0.507837
GSA-rs6006809	22	44886297	NC	-0.113331	0.991003
GSA-rs149192147	22	44886854	NC	0.096243	0.000000
GSA-rs62231468	22	44888397	NC	-0.008452	0.497927
rs131162	22	44892058	NC	-0.025499	0.003902
GSA-rs73169708	22	44903465	NC	0.002013	0.000000
rs5764884	22	44922843	NC	0.013550	0.498115
GSA-rs11702972	22	44924394	NC	0.008649	1.000000
rs4823237	22	44926599	NC	0.037542	0.000000
GSA-rs62228389	22	44932250	NC	0.102877	0.001610
rs11704450	22	44933114	NC	-0.081561	0.000000
rs2076096	22	44933987	NC	0.085710	0.513977
GSA-rs876232	22	44934539	NC	-0.098954	0.498194
rs11912553	22	44942507	NC	-0.029124	0.986886
rs2349623	22	44943401	NC	-0.155762	0.000000
rs138593	22	44965320	NC	0.005263	0.515512
rs4453	22	44968170	NC	-0.003988	0.508921
rs115455098	22	44972159	NC	-0.033802	0.987835
rs2349633	22	44973723	NC	0.065410	0.492153
rs2349634	22	44973739	NC	0.074922	1.000000
rs138601	22	44975213	NC	0.044877	0.518386
GSA-rs76834294	22	44979441	NC	0.063088	0.498577
rs138614	22	44980838	NC	0.012842	1.000000
rs138616	22	44980963	NC	-0.092622	0.000000
GSA-rs11913146	22	44981992	NC	-0.047115	0.486005
rs9614827	22	44996319	NC	0.001322	0.008859
rs4422244	22	45003748	NC	-0.033352	0.516994
GSA-rs73171550	22	45004364	NC	0.068660	0.516755
rs965027	22	45005361	NC	-0.055979	0.505057
rs6007211	22	45007348	NC	-0.145916	0.498023
GSA-rs78745626	22	45011401	NC	-0.033452	0.494428
rs4823246	22	45011761	NC	-0.021942	0.503492
rs9614840	22	45012097	NC	-0.077905	0.487956
rs114675065	22	45012570	NC	-0.091497	0.487962
rs12484755	22	45017526	NC	-0.010606	1.000000
GSA-rs12170682	22	45022668	NC	-0.004291	0.022545
GSA-rs117228312	22	45024282	NC	0.058645	0.021909
GSA-rs57706163	22	45026573	NC	0.001633	0.501146
rs136890	22	45044681	NC	0.009066	1.000000
GSA-rs6007232	22	45046319	NC	-0.003722	0.499626
rs136899	22	45048253	NC	0.019106	1.000000
rs9614866	22	45052844	NC	0.047067	0.500494
rs5765880	22	45055741	NC	0.069327	0.489373
rs136904	22	45057826	NC	0.006504	1.000000
rs73416538	22	45067165	NC	-0.143904	0.507135
GSA-rs12484158	22	45069235	NC	-0.026087	0.011535
rs136920	22	45071679	NC	0.054295	0.497760
GSA-rs79507698	22	45073039	NC	-0.028210	0.486329
rs9614872	22	45074565	NC	0.181206	0.494779
GSA-rs117587153	22	45075116	NC	0.038086	1.000000
GSA-rs9626513	22	45075303	NC	-0.023895	0.000000
rs763213	22	45075738	NC	-0.031334	1.000000
GSA-rs9626515	22	45075871	NC	-0.065126	0.481811
GSA-rs34504565	22	45078443	NC	-0.106788	0.521630
GSA-rs5765900	22	45078454	NC	0.022121	0.481794
GSA-rs7285102	22	45083619	NC	-0.023789	1.000000
GSA-rs140531353	22	45088305	NC	-0.015832	1.000000
GSA-rs12169466	22	45088880	NC	-0.055036	0.000000
rs4823364	22	45090008	NC	-0.043519	0.996522
GSA-rs74666121	22	45091748	NC	0.055662	1.000000
rs74958718	22	45095466	NC	-0.030895	0.486383
rs9614882	22	45095527	NC	0.111138	0.996040
rs73891743	22	45095654	NC	-0.060934	0.493080
rs5764965	22	45097815	NC	-0.145120	0.006091
rs873724	22	45109027	NC	-0.087060	0.000000
rs2097535	22	45109666	NC	0.088161	0.506489
GSA-rs75115283	22	45111398	NC	0.055752	0.000000
GSA-rs9614563	22	45114672	NC	-0.098117	0.502489
GSA-rs9614888	22	45115000	NC	0.010954	0.000000
rs5765930	22	45115579	NC	-0.070694	0.019547
rs17601899	22	45116127	NC	0.034052	0.514444
GSA-rs73173636	22	45117395	NC	-0.076681	0.497791
rs1476049	22	45118533	NC	0.057450	0.487688
rs2269571	22	45123084	NC	-0.030776	0.992657
rs3761481	22	45124846	NC	-0.180370	0.500774
GSA-rs73173644	22	45125680	NC	0.036972	0.027012
rs114892135	22	45129531	NC	0.079839	0.479460
rs132405	22	45130428	NC	-0.003038	0.491084
GSA-rs75368138	22	45134981	NC	0.166588	0.514508
GSA-rs3747221	22	45139506	NC	-0.060357	1.000000
GSA-rs117339841	22	45139569	NC	0.000800	0.996340
GSA-rs76308520	22	45142816	NC	-0.060603	0.000000
rs116056464	22	45144268	NC	0.074643	1.000000
rs4372	22	45149541	NC	0.034546	0.000000
rs5765956	22	45150659	NC	-0.052517	0.484287
GSA-rs112380053	22	45151106	NC	0.029619	0.490823
GSA-rs132448	22	45154502	NC	0.089820	0.505802
GSA-rs186101564	22	45155509	NC	0.011960	0.003308
GSA-rs117447696	22	45156143	NC	-0.051976	0.000000
rs132453	22	45157608	NC	0.057748	0.010714
GSA-rs112852059	22	45158714	NC	0.021912	0.023578
rs56970873	22	45160622	NC	0.047635	0.996525
rs132462	22	45163228	NC	-0.069817	0.991639
GSA-rs75186072	22	45165408	NC	-0.047759	0.519016
rs6007284	22	45169167	NC	-0.056954	0.490880
rs132470	22	45169376	NC	-0.084843	0.531197
rs6007285	22	45169471	NC	0.111939	1.000000
rs132472	22	45170122	NC	-0.122162	0.509764
GSA-rs4823376	22	45171729	NC	0.049398	0.501845
rs132479	22	45173060	NC	-0.036327	0.508529
rs6007287	22	45176861	NC	0.024498	0.012720
rs4499536	22	45177112	NC	0.010384	0.475854
GSA-rs1557559	22	45177118	NC	-0.049471	0.977391
rs11705445	22	45178823	NC	0.031964	0.000000
rs2349849	22	45179647	NC	0.178829	0.018328
GSA-rs5766005	22	45180554	NC	0.097524	0.495598
GSA-rs117972570	22	45180663	NC	-0.007101	0.999230
rs16992796	22	45183014	NC	-0.011139	0.001689
rs17532423	22	45187679	NC	-0.069994	0.000000
rs877666	22	45188601	NC	-0.005429	0.000000
rs5766029	22	45189299	NC	0.011550	0.491319
rs9626245	22	45192621	NC	-0.020240	1.000000
rs1001728	22	45192660	NC	0.000984	0.004147
rs75104861	22	45194424	NC	0.082504	1.000000
GSA-rs55877906	22	45194632	NC	0.018057	0.480749
GSA-rs1076933	22	45198494	NC	-0.045894	1.000000
GSA-rs10222313	22	45202328	NC	0.141394	0.510963
GSA-rs149680585	22	45208159	NC	0.055343	0.497750
rs2071758	22	45210666	NC	-0.054010	0.486277
rs13053938	22	45216340	NC	-0.073327	1.000000
GSA-rs78585553	22	45216899	NC	0.023069	0.000000
rs136661	22	45217779	NC	-0.013555	0.005687
rs55849456	22	45218339	NC	0.000365	1.000000
rs6007308	22	45220994	NC	-0.023873	0.504437
rs9614576	22	45225297	NC	-0.051236	0.477441
rs144172455	22	45225826	NC	0.032679	0.494608
GSA-rs12168414	22	45234658	NC	0.083115	0.024782
rs8138412	22	45237092	NC	0.043835	0.496860
chr22-45241216	22	45241216	NC	-0.023085	0.000000
GSA-rs136680	22	45242474	NC	0.031163	0.479296
rs5766099	22	45245359	NC	0.052647	0.481365
rs5765056	22	45248283	NC	0.029678	0.008195
GSA-rs77112416	22	45248580	NC	0.063210	0.491787
rs5765057	22	45248971	NC	-0.039532	1.000000
GSA-rs5766113	22	45251423	NC	-0.019143	0.001329
rs4823397	22	45253112	NC	0.046496	0.000000
rs6007331	22	45253464	NC	0.041974	0.986352
rs73176182	22	45253718	NC	0.144943	0.991105
rs7293197	22	45253839	NC	0.063919	0.992229
rs59455021	22	45256418	NC	0.090334	0.520143
GSA-rs117976437	22	45259044	NC	0.035213	0.489493
rs8136460	22	45260929	NC	-0.098773	0.501842
GSA-rs77164366	22	45271266	NC	0.014343	0.494920
rs3747226	22	45279529	NC	-0.010694	1.000000
rs61739200	22	45283971	NC	0.005203	0.995832
rs12157651	22	45286318	NC	-0.021988	0.523845
GSA-rs80157630	22	45286357	NC	-0.004112	0.017951
GSA-rs117824015	22	45292126	NC	-0.010694	0.496691
rs933233	22	45308878	NC	0.095707	0.493379
rs138308961	22	45312474	NC	0.070364	0.010884
rs79141386	22	45313694	NC	-0.100842	0.000000
rs4823418	22	45315232	NC	0.009299	1.000000
rs4823262	22	45318725	NC	0.021786	0.510538
rs4823421	22	45319317	NC	-0.095304	0.502137
rs762977	22	45322493	NC	0.040358	0.988743
rs136684	22	45322792	NC	-0.044506	0.004877
GSA-rs745460	22	45326141	NC	-0.007476	1.000000
rs4514991	22	45330934	NC	0.008217	0.000000
rs5766209	22	45331817	NC	0.020862	0.013375
GSA-rs181400736	22	45332417	NC	-0.070952	1.000000
rs5766213	22	45333182	NC	-0.045195	0.505871
rs129447	22	45337145	NC	-0.111406	0.506177
GSA-rs2349864	22	45339209	NC	-0.010723	0.988524
GSA-rs111618908	22	45341279	NC	-0.046881	0.519631
rs6006911	22	45345833	NC	0.014701	0.012852
rs16993202	22	45353413	NC	-0.000939	0.000000
rs2350224	22	45354918	NC	0.084490	0.012465
GSA-rs117178489	22	45386997	NC	0.138919	0.494612
rs6007404	22	45388501	NC	-0.063607	0.017128
rs78770253	22	45395342	NC	0.019027	0.516345
rs761673	22	45395468	NC	0.010462	0.494664
rs761676	22	45397507	NC	-0.033963	0.491302
rs6006914	22	45397719	NC	-0.007543	0.970467
GSA-rs117603629	22	45406566	NC	-0.066164	0.488624
rs5766289	22	45408177	NC	-0.040171	0.489428
rs131992	22	45409136	NC	-0.058276	0.499593
rs5766305	22	45415412	NC	-0.018409	1.000000
GSA-rs5766306	22	45415430	NC	0.032835	0.534664
rs132005	22	45415832	NC	0.121939	0.496846
rs738544	22	45415847	NC	-0.097178	0.516866
rs132007	22	45416349	NC	0.112484	0.005924
rs1005617	22	45421242	NC	0.026921	0.006727
rs132011	22	45421536	NC	-0.073190	0.994429
GSA-rs117680337	22	45426220	NC	0.014063	0.000000
rs132034	22	45431455	NC	-0.063769	0.488574
rs6007414	22	45431796	NC	-0.013975	1.000000
rs132039	22	45435202	NC	0.044940	0.480644
rs5766358	22	45441442	NC	-0.072679	0.498698
rs738548	22	45443845	NC	-0.043212	0.497107
GSA-rs78441172	22	45447052	NC	0.036036	0.000000
rs2013581	22	45449273	NC	-0.065191	0.512062
rs140572	22	45451727	NC	0.010666	0.514096
GSA-rs132075	22	45453731	NC	0.070293	0.490261
GSA-rs111226774	22	45454918	NC	-0.043060	0.006678
rs66474843	22	45456900	NC	-0.055290	0.017657
GSA-rs13053621	22	45457915	NC	-0.059418	0.501227
rs9614601	22	45458558	NC	0.113050	1.000000
rs5766384	22	45458827	NC	-0.038703	1.000000
GSA-rs74739849	22	45461071	NC	-0.020090	0.000000
rs79985279	22	45463797	NC	0.112834	0.001528
rs2057114	22	45465068	NC	0.124404	0.008378
GSA-rs62231069	22	45469482	NC	0.006603	0.492280
rs35712616	22	45469983	NC	-0.040218	0.980039
rs6007443	22	45471360	NC	0.034062	0.000000
rs8136226	22	45472574	NC	-0.001461	0.491856
GSA-rs6006926	22	45475332	NC	0.104450	0.496872
GSA-rs17628824	22	45475874	NC	0.021158	1.000000
GSA-rs5765163	22	45484509	NC	-0.012805	0.500876
rs6007447	22	45491007	NC	0.033795	0.493178
rs5766414	22	45491630	NC	0.044359	0.018884
rs4358236	22	45497395	NC	0.022888	0.490286
rs5766421	22	45501151	NC	-0.018895	0.483394
rs9615025	22	45503517	NC	-0.123069	0.502957
GSA-rs73167223	22	45505755	NC	0.009952	0.021914
rs6007455	22	45513168	NC	0.031666	0.995830
GSA-rs55836719	22	45518762	NC	0.065708	0.497360
rs723553	22	45518890	NC	0.014894	0.480238
rs6006941	22	45523391	NC	0.019744	0.501282
rs9306489	22	45525484	NC	0.088531	0.491630
rs7290824	22	45527815	NC	-0.084313	0.496912
rs547698	22	45527845	NC	0.029065	0.500218
rs132813	22	45528073	NC	-0.132501	0.999777
rs132817	22	45532666	NC	-0.018881	0.004088
GSA-rs117397985	22	45558525	NC	0.053753	1.000000
rs5766503	22	45566360	NC	0.101083	0.993288
rs132874	22	45566843	NC	-0.012999	0.520497
GSA-rs132878	22	45567067	NC	-0.009088	0.994176
GSA-rs8135904	22	45568419	NC	0.037783	0.486878
GSA-rs2075952	22	45579502	NC	0.110012	0.511127
rs226516	22	45584396	NC	-0.044324	0.500927
rs7456	22	45588248	NC	0.052337	0.000620
rs1125398	22	45589490	NC	-0.021761	0.500920
rs41278911	22	45590899	NC	-0.078935	1.000000
GSA-rs76353358	22	45592354	NC	-0.029730	0.000000
rs2235160	22	45596506	NC	0.000295	0.483280
rs5766536	22	45602407	NC	-0.087903	0.020198
chr22-45608002	22	45608002	NC	-0.024310	0.496936
GSA-rs75464288	22	45609416	NC	0.009172	0.494746
rs6007503	22	45610373	NC	0.027897	0.514344
GSA-rs5766564	22	45622351	NC	0.017800	0.490138
GSA-rs58721007	22	45623487	NC	0.061742	0.000000
GSA-rs145790542	22	45623759	NC	0.008339	1.000000
rs9615075	22	45629572	NC	0.035427	0.011053
rs2294196	22	45630662	NC	-0.143476	0.011193
GSA-rs8136284	22	45642157	NC	0.077096	1.000000
rs60829688	22	45644825	NC	-0.056360	0.521907
rs5766592	22	45645469	NC	-0.013653	0.495816
rs6006959	22	45648846	NC	-0.009690	0.505580
rs6007529	22	45651045	NC	-0.000640	0.495250
rs6007552	22	45660094	NC	-0.056378	0.511022
GSA-rs184220282	22	45660616	NC	0.110717	0.488975
rs2350625	22	45663043	NC	0.047177	0.996425
rs6006973	22	45665663	NC	0.056660	0.497367
GSA-rs117404891	22	45670133	NC	-0.015277	1.000000
rs5765242	22	45671343	NC	-0.062176	1.000000
rs2742648	22	45672574	NC	-0.068358	0.506289
GSA-rs77049647	22	45674199	NC	0.049859	0.000935
GSA-rs76645083	22	45675375	NC	0.036516	0.520627
rs2742624	22	45676678	NC	0.097494	0.489134
rs2742630	22	45680473	NC	0.059213	0.508289
GSA-rs9626671	22	45682334	NC	0.038852	0.488480
rs9306493	22	45682425	NC	0.007598	0.000000
rs2673087	22	45682975	NC	-0.033875	0.002059
22:45683205	22	45683205	NC	0.133831	0.514563
rs147609981	22	45684998	NC	0.022771	0.502038
GSA-rs111723166	22	45685149	NC	-0.057235	0.494972
rs3788643	22	45686090	NC	0.012930	0.994883
rs16993800	22	45690462	NC	0.027299	0.489414
rs4823458	22	45693828	NC	-0.087764	0.500412
rs104664	22	45711854	NC	-0.063322	0.992177
GSA-rs7285172	22	45726345	NC	-0.099426	0.507568
rs2350629	22	45731050	NC	-0.087189	0.988673
rs3827392	22	45734931	NC	0.044410	1.000000
GSA-rs140383625	22	45738072	NC	-0.020442	0.503033
GSA-rs76584200	22	45742512	NC	0.032247	0.489222
GSA-rs77223685	22	45752299	NC	0.040619	0.989289
chr22-45765939	22	45765939	NC	0.037432	1.000000
GSA-rs136604	22	45789743	NC	0.049756	0.499800
GSA-rs59823491	22	45794280	NC	0.068715	1.000000
GSA-rs117892067	22	45804887	NC	0.079863	0.000099
rs114380830	22	45811431	NC	0.086149	0.000000
chr22-45813479	22	45813479	NC	-0.033861	0.510483
rs12172195	22	45813687	NC	-0.014958	0.003863
GSA-rs117786136	22	45814977	NC	0.054360	0.501091
rs5765340	22	45817800	NC	-0.161014	0.999051
GSA-rs142579982	22	45821917	NC	0.015171	0.988920
rs1022479	22	45822347	NC	-0.021697	1.000000
chr22-45826804	22	45826804	NC	0.075711	0.000000
chr22-45828237	22	45828237	NC	0.039617	0.001643
GSA-rs80042866	22	45830187	NC	-0.019175	0.508239
rs5765364	22	45836722	NC	-0.022087	0.026823
GSA-rs5765370	22	45838156	NC	-0.043288	0.508535
rs6006753	22	45846472	NC	0.020555	0.001493
GSA-rs73889958	22	45851175	NC	-0.007443	0.495526
rs60852449	22	45853963	NC	-0.022865	0.503545
rs34400920	22	45856865	NC	0.000906	0.993157
rs73441275	22	45858097	NC	-0.011097	1.000000
rs5764742	22	45864459	NC	0.020037	0.495092
rs7290896	22	45871468	NC	0.072363	0.000000
rs5765397	22	45878984	NC	-0.017192	0.489235
GSA-rs9614474	22	45879644	NC	-0.017838	1.000000
rs5765401	22	45881315	NC	-0.014628	0.000000
rs6006756	22	45884487	NC	-0.053730	0.511359
rs5765425	22	45892433	NC	0.114838	0.483199
GSA-rs117938903	22	45894098	NC	-0.150671	0.525339
rs28436897	22	45903132	NC	-0.090195	0.984117
GSA-rs73171291	22	45904019	NC	-0.119745	0.990155
GSA-rs74764103	22	45905373	NC	-0.059606	0.494532
rs713896	22	45908895	NC	-0.020205	0.500828
rs2238810	22	45912376	NC	-0.133243	1.000000
chr22-45913562	22	45913562	NC	-0.036142	0.482607
GSA-rs11702909	22	45914051	NC	-0.053884	0.510226
rs136723	22	45916679	NC	-0.053660	0.994104
GSA-rs13053630	22	45922063	NC	0.073965	0.524057
rs7287670	22	45926585	NC	-0.030185	0.992636
rs136741	22	45928660	NC	-0.045940	0.488144
GSA-rs79513756	22	45929427	NC	-0.102728	0.011635
rs9682	22	45937149	NC	0.033656	1.000000
rs5765463	22	45942726	NC	0.108324	0.516018
rs5764781	22	45943677	NC	-0.000650	1.000000
rs151076402	22	45946495	NC	-0.018262	0.500237
GSA-rs118001978	22	45959439	NC	-0.073964	0.993469
rs743931	22	45959540	NC	-0.093911	0.509218
rs739215	22	45967526	NC	0.012898	0.005382
GSA-rs13057220	22	45969722	NC	0.014970	0.499689
rs200901023	22	45970414	NC	0.055072	0.513698
rs2071868	22	45970957	NC	-0.044440	0.008839
rs134822	22	45971158	NC	-0.028450	0.511822
rs3788654	22	45971490	NC	0.046360	1.000000
rs4415	22	45971880	NC	-0.061307	0.001676
rs4416	22	45972017	NC	0.023510	1.000000
rs143377110	22	45972941	NC	0.010708	0.510123
rs5765490	22	45974913	NC	-0.003540	0.490286
GSA-rs73173337	22	45978925	NC	-0.040548	0.000000
rs3788658	22	45980298	NC	0.044792	1.000000
GSA-rs79930833	22	45985371	NC	-0.059463	0.008335
rs7292820	22	45986536	NC	-0.062496	0.517188
rs3788669	22	45989581	NC	-0.100923	0.484457
rs5765523	22	45992149	NC	-0.006338	0.479060
GSA-rs17649376	22	45993743	NC	0.078591	0.501829
GSA-rs3788673	22	45994189	NC	0.009658	0.000000
GSA-rs13268	22	45996298	NC	0.073196	0.507625
rs16994329	22	45997852	NC	0.059327	0.472049
GSA-rs117509940	22	46002177	NC	-0.085722	0.999189
GSA-rs78339110	22	46002688	NC	-0.009780	0.000000
GSA-rs78098381	22	46005170	NC	0.100439	0.508035
rs17564843	22	46009063	NC	0.078728	0.482750
GSA-rs116888451	22	46010621	NC	-0.036205	0.501989
GSA-rs73886444	22	46013824	NC	-0.031983	0.507219
rs5765545	22	46022046	NC	-0.060881	0.003595
GSA-rs9614494	22	46023645	NC	-0.038426	0.012278
GSA-rs113799639	22	46026992	NC	-0.023542	0.992521
GSA-rs117701482	22	46031344	NC	-0.006450	0.991839
rs16994390	22	46035521	NC	-0.059134	0.013856
rs2301449	22	46038908	NC	0.022465	0.015247
GSA-rs12168655	22	46044479	NC	0.172103	0.996995
GSA-rs79559969	22	46045856	NC	-0.026898	0.497883
GSA-rs79371209	22	46049288	NC	0.107442	1.000000
GSA-rs111271344	22	46069687	NC	-0.043743	0.000000
GSA-rs55882179	22	46070249	NC	0.044424	0.490008
GSA-rs78985624	22	46078549	NC	-0.069846	0.503872
GSA-rs117040129	22	46080620	NC	0.039677	0.981693
GSA-rs74485548	22	46084828	NC	-0.057151	0.476938
GSA-rs78689861	22	46094850	NC	0.057232	0.000000
rs199766375	22	46096174	NC	-0.002731	0.002050
GSA-rs74861871	22	46096862	NC	-0.023822	0.501428
rs5765585	22	46107508	NC	0.035745	0.992075
GSA-rs117989001	22	46126927	NC	0.165235	1.000000
GSA-rs117615085	22	46144326	NC	-0.001334	0.003848
GSA-rs34876313	22	46144520	NC	0.026151	0.500685
GSA-rs111884888	22	46151322	NC	0.091445	0.000000
rs6007155	22	46154366	NC	-0.039215	0.505608
GSA-rs73173391	22	46164098	NC	0.087905	0.000000
GSA-rs73173392	22	46172288	NC	-0.041451	1.000000
rs135991	22	46174057	NC	0.060096	0.986072
GSA-rs79917314	22	46177845	NC	-0.094641	0.491582
GSA-rs191805253	22	46178253	NC	-0.048379	1.000000
GSA-rs117989805	22	46185280	NC	-0.056910	0.012410
rs136007	22	46194973	NC	-0.103705	0.990715
GSA-rs56232057	22	46196189	NC	-0.042359	0.990643
GSA-rs183599326	22	46202164	NC	-0.056373	0.509125
rs61289397	22	46206515	NC	0.044815	0.000000
GSA-rs190548125	22	46225985	NC	-0.030458	0.516862
rs763010	22	46235105	NC	0.131290	0.000000
rs1023470	22	46235677	NC	0.008284	0.000000
GSA-rs34402219	22	46237230	NC	0.053657	0.504225
rs140014542	22	46238930	NC	-0.028030	0.000000
rs11704609	22	46251927	NC	-0.052204	0.996904
rs136033	22	46255004	NC	-0.004104	0.502806
rs5765681	22	46259060	NC	-0.054580	0.011441
rs136037	22	46259880	NC	0.004459	1.000000
GSA-rs136042	22	46261909	NC	0.020503	0.000000
GSA-rs136051	22	46266331	NC	-0.113215	0.508524
rs112090150	22	46270236	NC	-0.053701	0.989430
GSA-rs74507317	22	46273902	NC	-0.092003	1.000000
rs74677197	22	46274399	NC	-0.060330	1.000000
rs28561624	22	46281667	NC	-0.071260	0.000000
GSA-rs73886526	22	46290571	NC	-0.021663	0.020262
GSA-rs73175030	22	46292650	NC	0.016784	0.000000
GSA-rs73450279	22	46292939	NC	-0.075433	0.489513
rs28587491	22	46293746	NC	-0.060997	1.000000
rs28480017	22	46294704	NC	0.103367	0.492720
rs9777732	22	46297609	NC	-0.062832	0.515421
GSA-rs10453443	22	46298649	NC	-0.159928	0.517879
rs73452309	22	46302035	NC	-0.068240	0.497844
GSA-rs151319987	22	46303266	NC	-0.025841	1.000000
rs9286457	22	46304440	NC	-0.000926	0.501118
GSA-rs117551517	22	46307335	NC	0.002410	0.987348
GSA-rs76895390	22	46310967	NC	-0.021764	0.500672
rs28421618	22	46313215	NC	-0.094414	0.497835
GSA-rs112963801	22	46313688	NC	-0.051631	0.487246
rs113343186	22	46316508	NC	0.011683	0.462710
rs111885193	22	46318462	NC	-0.035188	0.482574
GSA-rs9286452	22	46320275	NC	-0.077367	0.492602
GSA-rs79233925	22	46323861	NC	-0.021091	0.995588
rs56398559	22	46324492	NC	0.043910	0.000000
GSA-rs28755830	22	46324957	NC	-0.230214	0.000000
GSA-rs75832228	22	46325021	NC	-0.007175	0.514932
GSA-rs184823118	22	46325353	NC	-0.067173	0.509736
GSA-rs75662824	22	46325996	NC	-0.028135	0.510661
GSA-rs76104782	22	46330601	NC	-0.067609	0.498032
rs9330790	22	46334234	NC	0.115186	0.005202
rs56115219	22	46338556	NC	-0.051397	0.489427
GSA-rs10448589	22	46339118	NC	-0.076565	0.993343
rs10448592	22	46346121	NC	0.144215	0.989921
rs10448600	22	46347922	NC	0.002750	0.506818
GSA-rs28446149	22	46348143	NC	-0.008683	0.472022
GSA-rs28668243	22	46348913	NC	-0.061289	0.002899
GSA-rs75725186	22	46351350	NC	-0.090668	0.519516
rs113538971	22	46353286	NC	-0.033574	0.005583
rs10448585	22	46356554	NC	0.012585	0.514604
rs10448606	22	46360083	NC	0.079800	0.025163
rs10453441	22	46363739	NC	-0.073032	0.000000
rs9330813	22	46364161	NC	0.085501	0.997358
rs28615830	22	46365501	NC	-0.019422	0.507008
GSA-rs74912875	22	46365928	NC	-0.005518	0.992512
rs10453460	22	46366165	NC	0.090440	0.000000
GSA-rs113951080	22	46378575	NC	-0.068638	0.493026
GSA-rs118176697	22	46379353	NC	0.015327	0.978543
rs35877437	22	46385917	NC	0.088271	0.498621
GSA-rs112022355	22	46387296	NC	-0.041709	1.000000
GSA-rs28419158	22	46391695	NC	-0.003999	0.001506
rs28562363	22	46391888	NC	0.014312	1.000000
rs4077498	22	46394928	NC	-0.083620	0.018809
rs113953187	22	46400764	NC	0.035783	0.487855
rs28685663	22	46403383	NC	-0.100892	0.501938
GSA-rs116990915	22	46407865	NC	0.011915	0.494385
GSA-rs79665205	22	46411918	NC	-0.034028	0.000000
GSA-rs193238077	22	46414380	NC	-0.013557	0.000000
rs6519955	22	46421842	NC	0.138051	0.994420
GSA-rs78211501	22	46422922	NC	-0.037925	0.993630
rs9626908	22	46428306	NC	-0.017785	0.522748
rs59929908	22	46447714	NC	0.053879	0.000668
GSA-rs117930260	22	46448488	NC	0.026941	0.516713
rs7292297	22	46458123	NC	-0.021175	0.486325
rs7291412	22	46459132	NC	0.120132	0.473195
GSA-rs77910960	22	46461934	NC	0.014659	1.000000
GSA-rs73888761	22	46470291	NC	-0.038273	0.000000
rs35245641	22	46473845	NC	-0.043035	0.986742
rs11913069	22	46475878	NC	-0.089767	0.500712
GSA-rs62228098	22	46477858	NC	0.020872	0.517167
GSA-rs9616084	22	46480602	NC	-0.090068	1.000000
rs9626891	22	46482948	NC	-0.059824	0.514636
rs12160757	22	46486508	NC	0.137067	0.998774
rs910923	22	46487902	NC	-0.062574	0.000000
rs11702999	22	46490826	NC	-0.028560	0.988063
GSA-rs77251783	22	46496056	NC	-0.017456	0.000000
chr22-46499106	22	46499106	NC	0.008677	1.000000
chr22-46505816	22	46505816	NC	0.049125	0.002086
rs56367023	22	46513536	NC	0.063880	0.000000
rs5768763	22	46520955	NC	-0.028917	0.993481
GSA-rs77623192	22	46525009	NC	0.063020	0.503949
GSA-rs117621208	22	46525414	NC	-0.049260	0.478809
GSA-rs12628025	22	46529619	NC	0.042005	0.991615
rs135550	22	46553234	NC	0.047083	0.000000
GSA-rs135549	22	46553308	NC	-0.040121	0.512756
rs135543	22	46555321	NC	-0.038695	0.034799
rs9626730	22	46562183	NC	-0.010098	0.018750
GSA-rs117057849	22	46564547	NC	0.064287	0.002854
rs881740	22	46567388	NC	-0.004420	0.503718
GSA-rs117691119	22	46574646	NC	-0.049958	0.499670
GSA-rs118147297	22	46582072	NC	-0.037351	0.000000
rs4253712	22	46595035	NC	-0.115646	0.498415
rs4823613	22	46598307	NC	0.056160	0.494400
rs4253728	22	46610067	NC	0.037935	0.523132
rs4253730	22	46610409	NC	-0.123226	0.990816
rs1800206	22	46614274	NC	-0.110421	0.987218
rs6007662	22	46621045	NC	0.040008	0.500095
GSA-rs73177040	22	46625638	NC	0.143614	0.002209
rs1042311	22	46627780	NC	0.126788	0.993638
rs4253778	22	46630634	NC	-0.022237	0.515022
rs182181094	22	46631192	NC	-0.045108	0.498817
GSA-rs55774449	22	46632875	NC	-0.028691	1.000000
rs61748935	22	46644177	NC	0.036138	0.000000
GSA-rs4508712	22	46652959	NC	-0.131361	0.000000
chr22-46653681	22	46653681	NC	-0.027633	0.495942
chr22-46654185	22	46654185	NC	-0.042202	0.000224
rs143126011	22	46654628	NC	-0.061956	0.500164
GSA-rs41302599	22	46657308	NC	-0.008926	1.000000
chr22-46658624	22	46658624	NC	0.061853	0.992329
GSA-rs117135869	22	46664412	NC	0.002714	0.983183
GSA-rs62226994	22	46665209	NC	0.103791	0.995004
rs35883013	22	46681141	NC	-0.035721	0.491885
GSA-rs8142248	22	46684906	NC	0.005425	0.503220
GSA-rs76688525	22	46699857	NC	-0.025599	0.507450
GSA-rs79334853	22	46714748	NC	0.062406	0.496417
exm2268444	22	46722256	NC	0.011600	0.495021
rs11090865	22	46731689	NC	-0.178897	0.498259
rs138044544	22	46739182	NC	0.048600	0.022104
rs144586525	22	46742350	NC	0.026593	0.986280
rs201749101	22	46746319	NC	-0.089750	0.000000
GSA-rs114058457	22	46748481	NC	-0.059642	0.979663
GSA-rs12166377	22	46756315	NC	-0.032303	0.499562
rs144722111	22	46760109	NC	0.035410	0.006606
rs201509338	22	46760121	NC	0.105289	0.496554
rs118156355	22	46761221	NC	-0.028733	0.500038
GSA-rs56325154	22	46762360	NC	0.014930	0.520614
rs138303327	22	46762970	NC	0.077507	0.479591
rs75983687	22	46762988	NC	-0.013061	0.000000
rs201155196	22	46765644	NC	-0.003971	0.481074
rs200072284	22	46773053	NC	0.110188	0.990671
rs147639520	22	46776707	NC	0.026209	0.990383
rs140996267	22	46780446	NC	0.023620	0.492976
rs6007897	22	46780521	NC	-0.094503	0.508560
rs4044210	22	46786315	NC	-0.022046	1.000000
GSA-rs6008793	22	46787434	NC	-0.072479	0.000000
rs138703288	22	46790142	NC	-0.040678	0.988221
rs144122307	22	46793621	NC	0.023713	0.995015
GSA-rs79453499	22	46794819	NC	0.037948	0.490504
GSA-rs6520011	22	46797331	NC	0.011038	0.485268
GSA-rs117664381	22	46799957	NC	0.001086	0.991754
GSA-rs11704506	22	46805772	NC	0.046858	1.000000
GSA-rs118015765	22	46813134	NC	0.032634	0.000000
GSA-rs117562354	22	46813336	NC	-0.097536	0.000534
rs11703127	22	46817423	NC	-0.090497	0.490991
GSA-rs74756314	22	46823558	NC	0.027071	1.000000
GSA-rs73890425	22	46823952	NC	0.039760	0.000550
GSA-rs7288371	22	46825043	NC	-0.037706	1.000000
GSA-rs6008822	22	46827038	NC	-0.015740	0.517416
GSA-rs56126954	22	46827609	NC	0.100210	1.000000
GSA-rs77717991	22	46829422	NC	0.159368	0.000000
GSA-rs62227005	22	46829927	NC	-0.064700	0.003017
GSA-rs117310355	22	46831590	NC	0.028613	0.489994
GSA-rs6008826	22	46831965	NC	-0.088669	0.000000
GSA-rs4823810	22	46835000	NC	0.021091	0.018288
rs9616008	22	46835338	NC	0.024538	0.522186
rs8137581	22	46835558	NC	0.048567	0.508700
rs73177083	22	46837508	NC	0.030978	0.026208
rs874827	22	46846881	NC	-0.160029	0.481129
rs6008833	22	46847579	NC	-0.062754	0.497664
rs760991	22	46854398	NC	-0.036834	1.000000
GSA-rs8139196	22	46854651	NC	-0.019327	0.503200
GSA-rs8138156	22	46855322	NC	-0.003005	0.982632
rs8139582	22	46857558	NC	0.107901	0.004894
GSA-rs75094022	22	46858432	NC	-0.036276	1.000000
rs5768788	22	46858687	NC	0.068395	0.973917
rs11914038	22	46858809	NC	0.042598	0.978812
rs6008842	22	46860063	NC	-0.015583	1.000000
GSA-rs6008858	22	46867968	NC	-0.048888	0.480190
rs3788705	22	46869059	NC	0.041951	1.000000
rs35973286	22	46869457	NC	-0.109393	1.000000
GSA-rs78522011	22	46870068	NC	0.016228	0.485926
rs6520023	22	46873011	NC	-0.052453	0.004679
rs28474716	22	46873345	NC	-0.115877	1.000000
GSA-rs118127983	22	46876773	NC	-0.014765	0.483013
GSA-rs188671195	22	46879277	NC	-0.078226	1.000000
GSA-rs80253568	22	46883221	NC	-0.028073	0.487729
GSA-rs117259753	22	46883693	NC	0.030550	0.999848
rs9616019	22	46886036	NC	-0.021651	0.508493
rs12628943	22	46890899	NC	-0.042956	0.995117
rs10211986	22	46896834	NC	-0.007343	0.492003
rs9616028	22	46898454	NC	0.170963	0.000000
rs5768857	22	46900462	NC	-0.053758	0.498649
rs6008880	22	46905066	NC	-0.039124	0.500861
rs5768864	22	46906098	NC	0.026894	0.496725
GSA-rs78804481	22	46909662	NC	0.119037	1.000000
GSA-rs77068715	22	46910763	NC	-0.018799	0.998431
GSA-rs3827411	22	46912974	NC	-0.010693	1.000000
rs3827412	22	46913478	NC	0.046914	0.501632
GSA-rs73888541	22	46914145	NC	0.014552	0.993669
GSA-rs9615375	22	46915621	NC	-0.053340	0.009705
rs5768880	22	46916960	NC	0.022027	1.000000
rs5767240	22	46919906	NC	0.051880	1.000000
GSA-rs5768892	22	46921858	NC	0.088263	0.020698
rs713917	22	46922611	NC	-0.001419	0.512303
rs5767244	22	46924254	NC	0.015787	0.489989
rs4823561	22	46929692	NC	-0.019172	0.501250
rs148349145	22	46929899	NC	-0.004515	0.528888
rs61737811	22	46930013	NC	0.054701	0.493596
rs201855257	22	46930205	NC	-0.070371	0.996391
rs146508060	22	46930589	NC	0.025035	0.994108
rs142220741	22	46930927	NC	-0.020485	0.495172
rs41279837	22	46931050	NC	-0.035231	0.506605
rs4823850	22	46931077	NC	-0.002027	0.507342
GSA-rs117345830	22	46936760	NC	0.008937	0.011791
GSA-rs118085077	22	46939326	NC	-0.006007	0.514457
GSA-rs5768935	22	46943554	NC	-0.089312	0.483488
rs9615382	22	46947914	NC	-0.069068	0.490935
rs738240	22	46961278	NC	0.026567	1.000000
rs5767265	22	46964267	NC	-0.042102	0.514002
rs5768964	22	46964740	NC	-0.007736	0.000000
rs8138073	22	46969552	NC	0.078797	1.000000
rs11090889	22	46976557	NC	-0.057909	0.503900
rs12485133	22	46980242	NC	-0.081464	1.000000
rs714024	22	47013535	NC	0.013857	0.504926
rs138492	22	47015444	NC	-0.063166	0.008296
rs138481	22	47021203	NC	-0.107140	0.507133
GSA-rs732925	22	47026467	NC	-0.089839	0.504889
rs875559	22	47034838	NC	-0.011110	0.987436
GSA-rs117094395	22	47041692	NC	0.020968	0.507095
rs2542038	22	47059282	NC	0.082012	0.000000
rs885792	22	47063359	NC	-0.089418	0.000000
GSA-rs34212133	22	47070747	NC	-0.007907	0.489670
GSA-rs73176536	22	47077006	NC	-0.085494	0.532770
rs4823869	22	47081268	NC	0.036432	0.506428
rs801721	22	47081716	NC	-0.046008	0.000000
GSA-rs8143065	22	47082577	NC	0.026387	1.000000
GSA-rs9616098	22	47091231	NC	0.008476	0.982125
rs135676	22	47091321	NC	-0.047968	0.492991
GSA-rs78424	22	47093846	NC	-0.080612	0.009342
rs62232615	22	47094937	NC	-0.000024	0.018494
GSA-rs13057352	22	47095235	NC	-0.030087	0.002046
rs743035	22	47098969	NC	0.017957	0.500446
rs135698	22	47104011	NC	-0.221701	0.482731
rs801728	22	47104306	NC	-0.000323	0.001169
GSA-rs78444025	22	47105302	NC	-0.120481	0.015765
rs135701	22	47106800	NC	-0.017532	0.488440
rs6008957	22	47108669	NC	0.045367	0.992856
GSA-rs9616103	22	47112396	NC	-0.028782	1.000000
GSA-rs117327271	22	47114308	NC	0.077108	0.509057
GSA-rs149080196	22	47114904	NC	0.040075	0.498221
rs9627540	22	47115825	NC	-0.060706	0.514212
GSA-rs62232639	22	47137783	NC	0.053096	0.488907
rs761906	22	47138659	NC	0.009378	1.000000
GSA-22:47141080	22	47141080	NC	-0.050587	0.996321
GSA-rs117051531	22	47142436	NC	-0.034782	0.013264
GSA-rs77665308	22	47142950	NC	0.034701	0.492285
GSA-rs73182605	22	47144956	NC	-0.069254	0.488248
rs16995672	22	47146222	NC	0.028852	0.527451
GSA-rs78601517	22	47150613	NC	0.027559	0.995339
rs5767343	22	47150813	NC	-0.077952	0.497934
rs5769136	22	47156703	NC	0.120668	0.996325
rs801640	22	47159028	NC	0.053953	0.991131
rs12628080	22	47171343	NC	0.047099	0.974525
rs801628	22	47171456	NC	0.123556	0.509293
GSA-rs5769152	22	47182944	NC	0.057718	0.989193
GSA-rs117245190	22	47183250	NC	0.026936	0.010214
GSA-rs62233785	22	47190159	NC	0.096169	0.481882
rs974226	22	47230348	NC	-0.023955	0.989827
GSA-rs76948592	22	47241711	NC	0.023732	0.000000
rs1984405	22	47249002	NC	0.088919	0.519071
GSA-rs78057761	22	47249424	NC	-0.007689	0.006301
GSA-rs117502253	22	47264797	NC	-0.022441	1.000000
rs131861	22	47268167	NC	0.018774	0.999921
GSA-rs73891034	22	47272844	NC	-0.051734	0.000000
rs131873	22	47275828	NC	-0.086610	1.000000
GSA-rs6009015	22	47276684	NC	0.046335	0.512818
rs362154	22	47278852	NC	-0.079021	1.000000
GSA-rs73184520	22	47282589	NC	0.009760	0.491392
GSA-rs79173093	22	47287369	NC	0.088629	0.999024
GSA-rs35119670	22	47288232	NC	0.004830	0.495569
GSA-rs12160779	22	47292254	NC	-0.057190	0.490053
GSA-rs6009040	22	47295656	NC	0.010748	1.000000
rs4823889	22	47296574	NC	-0.018827	0.007489
GSA-rs117964110	22	47297356	NC	0.037375	0.482144
GSA-rs3891508	22	47297850	NC	0.000955	0.014467
rs5769220	22	47298873	NC	0.049415	0.499709
rs4823890	22	47299533	NC	-0.069981	0.000000
rs867086	22	47300250	NC	0.118697	0.492330
rs5767402	22	47302584	NC	-0.013605	0.505597
rs6009047	22	47304870	NC	-0.002623	0.999808
GSA-rs16995967	22	47308942	NC	-0.031311	0.997510
GSA-rs112370377	22	47308949	NC	-0.004533	0.998911
GSA-rs73888455	22	47308974	NC	0.047141	0.513182
GSA-rs73478582	22	47309019	NC	-0.078922	0.000000
GSA-rs73478584	22	47309290	NC	-0.049942	0.501874
GSA-rs16995971	22	47309351	NC	0.026047	0.484740
rs9616165	22	47332082	NC	0.126554	0.511945
GSA-rs56205905	22	47335227	NC	-0.112797	0.017671
GSA-rs4823900	22	47335392	NC	-0.097624	0.000000
GSA-rs136068	22	47344209	NC	-0.049869	0.534195
GSA-rs76850005	22	47344627	NC	-0.066597	0.505261
GSA-rs116994256	22	47346042	NC	-0.026906	0.510278
rs73890505	22	47349882	NC	0.014429	0.512181
GSA-rs73186520	22	47350898	NC	-0.024034	0.008369
GSA-rs9616177	22	47351838	NC	-0.004214	0.484476
rs136101	22	47363413	NC	-0.036122	0.491325
rs4437	22	47370343	NC	0.063763	0.014373
rs112648855	22	47371086	NC	0.046843	0.509508
GSA-rs8142299	22	47374454	NC	-0.025732	0.487545
GSA-rs117449195	22	47381883	NC	-0.076124	0.501665
rs55878044	22	47382150	NC	-0.071150	1.000000
GSA-rs143658723	22	47386745	NC	-0.026676	0.000000
GSA-rs75430848	22	47387771	NC	-0.017122	0.511230
rs112913638	22	47397600	NC	-0.053626	0.009166
GSA-rs62225117	22	47409522	NC	0.133799	0.491005
rs55641454	22	47410000	NC	-0.052048	0.495756
GSA-rs9616197	22	47411246	NC	0.012188	1.000000
GSA-rs75104550	22	47413392	NC	0.070859	0.499992
GSA-rs16996168	22	47414062	NC	-0.032916	0.013366
GSA-rs74560453	22	47419938	NC	0.024657	0.000000
rs131946	22	47422310	NC	-0.042132	0.008507
GSA-rs7291161	22	47434170	NC	0.130237	0.000000
rs5767437	22	47436702	NC	0.108678	0.497600
GSA-rs9615456	22	47439597	NC	0.001909	0.500266
rs4476	22	47440669	NC	0.075692	0.471845
rs131896	22	47440700	NC	0.050116	0.993349
GSA-22:47444307	22	47444307	NC	-0.109544	0.982423
rs4823588	22	47446867	NC	0.006028	0.492448
rs16996234	22	47447370	NC	-0.064914	0.000000
rs131919	22	47447437	NC	0.074207	1.000000
GSA-rs117941345	22	47450668	NC	-0.018099	0.000697
GSA-rs13054137	22	47454130	NC	-0.024626	1.000000
rs86559	22	47454664	NC	0.052537	1.000000
rs131929	22	47458767	NC	-0.091994	0.000000
GSA-rs9615127	22	47464074	NC	0.000698	0.968921
rs739013	22	47471713	NC	-0.003028	0.004238
GSA-rs71313092	22	47476259	NC	0.095305	0.998802
rs4823464	22	47489470	NC	0.089907	0.000000
GSA-rs79285278	22	47492833	NC	0.012520	0.000000
rs9615461	22	47497788	NC	-0.078043	0.995939
rs5767494	22	47503584	NC	0.148145	1.000000
GSA-rs78733435	22	47516111	NC	0.026256	0.490227
GSA-rs80299207	22	47523551	NC	0.029680	0.989372
rs738665	22	47529157	NC	-0.063801	0.504569
GSA-rs144351340	22	47530307	NC	0.009452	1.000000
rs5766691	22	47532396	NC	-0.060786	0.000000
GSA-rs78096288	22	47535534	NC	-0.092230	0.000115
rs56145009	22	47539561	NC	-0.002346	0.996517
GSA-rs17175403	22	47541927	NC	0.072219	0.024807
rs738669	22	47548321	NC	0.140426	0.012910
rs754890	22	47556231	NC	-0.043689	0.493467
rs4823603	22	47557638	NC	-0.018528	0.999806
rs4823473	22	47557878	NC	-0.088560	0.485726
GSA-rs34154253	22	47559548	NC	-0.003860	1.000000
rs9637352	22	47567319	NC	0.061392	0.996148
rs135363	22	47573107	NC	-0.127860	0.497031
GSA-rs17763384	22	47576867	NC	0.000686	0.998131
GSA-rs117622751	22	47579038	NC	-0.048736	0.526010
GSA-rs117632576	22	47585937	NC	0.110648	0.000650
GSA-rs116985463	22	47592350	NC	-0.019745	0.494707
exm2268445	22	47593413	NC	0.021146	0.000644
GSA-rs6007635	22	47601589	NC	-0.047334	0.504387
rs135379	22	47604319	NC	-0.080064	0.010054
rs875029	22	47604571	NC	-0.140231	1.000000
GSA-rs9626700	22	47609590	NC	-0.018591	0.003465
rs9626702	22	47609914	NC	0.049286	0.986832
rs4823617	22	47625244	NC	-0.023848	0.478153
rs8140251	22	47631491	NC	-0.004002	0.507288
GSA-rs73172511	22	47635091	NC	-0.064945	0.003652
rs136617	22	47636116	NC	0.115033	0.499689
GSA-rs116900944	22	47643204	NC	-0.021874	0.000000
rs8136752	22	47653468	NC	0.044756	0.000000
rs79083211	22	47653477	NC	-0.070419	0.000000
rs9615482	22	47653549	NC	-0.031932	0.496042
rs4342040	22	47655072	NC	-0.027625	0.000000
rs136636	22	47657635	NC	0.036888	0.491944
GSA-rs77576813	22	47668054	NC	-0.018999	0.525819
GSA-rs118179232	22	47669548	NC	0.111583	0.010001
rs73887242	22	47671028	NC	0.039751	0.000000
GSA-rs118077630	22	47671305	NC	-0.112422	0.491885
GSA-rs62225336	22	47673252	NC	-0.132304	0.999146
rs11913251	22	47675263	NC	0.092342	0.000000
GSA-rs73469736	22	47676867	NC	0.039284	0.005989
rs766168	22	47679901	NC	0.015041	0.493069
rs6008118	22	47683805	NC	0.017641	0.511161
rs2187793	22	47688003	NC	-0.003731	0.499080
rs9626993	22	47688227	NC	0.101606	0.498193
GSA-rs138903421	22	47691892	NC	-0.028971	0.492648
GSA-rs184677623	22	47692056	NC	-0.062539	1.000000
rs1029311	22	47696868	NC	0.098664	0.490851
GSA-rs73172554	22	47706426	NC	0.037248	0.000000
rs5766748	22	47709744	NC	0.055272	0.988657
rs5767676	22	47711836	NC	0.023864	0.990036
rs116740211	22	47721410	NC	0.022129	0.000000
GSA-rs79265174	22	47724889	NC	-0.014566	0.513860
rs4823632	22	47735419	NC	0.125514	0.515443
GSA-rs116251692	22	47747733	NC	0.050907	0.512187
rs6008150	22	47748531	NC	-0.034567	0.504786
GSA-rs61670807	22	47748958	NC	0.079622	0.002499
GSA-rs117718838	22	47756494	NC	-0.186190	0.986644
GSA-rs55876127	22	47757237	NC	-0.138055	0.002044
rs2337542	22	47758290	NC	-0.025889	0.491524
GSA-rs131853	22	47763158	NC	-0.071639	0.000000
GSA-rs73475602	22	47765327	NC	-0.007724	0.503427
rs59039117	22	47765729	NC	0.019284	0.504441
rs713983	22	47767893	NC	0.049161	0.000000
GSA-rs62225357	22	47770118	NC	0.026202	0.499366
GSA-rs112887208	22	47777675	NC	0.095501	1.000000
rs9626722	22	47783287	NC	-0.098152	0.486208
GSA-rs76148675	22	47785456	NC	-0.016151	0.485663
rs34214957	22	47788396	NC	0.073808	0.009864
GSA-rs5767722	22	47788961	NC	0.130613	0.494091
rs910081	22	47797442	NC	0.072680	0.000000
GSA-rs77031946	22	47800416	NC	0.080408	0.996953
GSA-rs9615158	22	47817880	NC	-0.001849	0.000000
rs4823482	22	47820668	NC	0.079054	0.993699
rs7287901	22	47823761	NC	-0.039203	1.000000
rs73172599	22	47827401	NC	0.092426	0.985564
rs763031	22	47830777	NC	-0.053377	0.507099
rs2027855	22	47837513	NC	-0.016168	0.000000
rs130872	22	47851349	NC	0.027601	0.000000
GSA-rs929048	22	47851757	NC	-0.099114	1.000000
GSA-rs4823645	22	47852481	NC	0.041599	0.004229
GSA-rs76811265	22	47852696	NC	0.015986	0.526755
GSA-rs117162572	22	47853167	NC	0.046176	0.986986
GSA-rs116961986	22	47857356	NC	-0.019017	0.000000
GSA-rs62225361	22	47861355	NC	-0.004824	0.506972
GSA-rs115183643	22	47864743	NC	-0.076625	0.000000
rs6007671	22	47864764	NC	0.030729	0.498128
GSA-rs117081659	22	47870544	NC	-0.074934	0.496308
GSA-rs73174714	22	47874082	NC	-0.069398	0.994412
GSA-rs9615162	22	47875335	NC	-0.139356	0.006248
GSA-rs34476782	22	47876012	NC	-0.101152	0.996630
rs9627057	22	47880162	NC	-0.039078	0.005666
rs146006978	22	47882492	NC	-0.051356	0.010359
rs9627062	22	47885425	NC	0.043561	0.986204
rs1981462	22	47890114	NC	-0.090814	0.492942
GSA-rs16996925	22	47896174	NC	0.051538	0.000000
GSA-rs9615539	22	47898444	NC	0.066426	0.478131
rs6008239	22	47898585	NC	0.002754	0.506272
GSA-rs131056	22	47905322	NC	0.028099	0.000000
GSA-rs117787677	22	47931188	NC	-0.025376	0.512575
rs6008250	22	47931216	NC	-0.050776	0.509948
GSA-rs12628793	22	47932395	NC	0.025669	0.499032
rs5767791	22	47937655	NC	0.005462	0.999292
rs135143	22	47937891	NC	-0.011399	0.493883
rs130481	22	47940908	NC	-0.034109	0.511220
GSA-rs77650614	22	47941280	NC	0.096682	0.980715
GSA-rs118159773	22	47942207	NC	-0.054802	0.000000
GSA-rs7288712	22	47942764	NC	-0.107612	0.984627
rs10460765	22	47944748	NC	-0.041368	0.000000
GSA-rs79829102	22	47946836	NC	-0.036804	0.009550
GSA-rs5767806	22	47950158	NC	0.025803	0.513613
GSA-rs2064433	22	47957146	NC	-0.009961	0.518098
rs6007694	22	47959703	NC	-0.057493	0.010111
rs2285093	22	47961708	NC	0.060284	0.497272
GSA-rs79369357	22	47962574	NC	-0.002691	0.506530
GSA-rs115118	22	47973949	NC	-0.030463	0.500840
rs131120	22	47976235	NC	0.079992	0.995571
GSA-rs117364427	22	47981350	NC	-0.017944	1.000000
rs2337969	22	47983376	NC	0.070588	0.504874
GSA-rs13056610	22	47983952	NC	-0.072095	0.000000
GSA-rs75188320	22	47984014	NC	0.075899	0.512461
rs56813510	22	47986266	NC	-0.043785	0.003996
rs5766806	22	47987698	NC	0.000130	0.003080
rs131103	22	47987803	NC	0.092899	0.000000
rs131100	22	47989391	NC	-0.031424	0.520226
GSA-rs78449155	22	47990424	NC	-0.008944	0.488299
GSA-rs1858755	22	47993409	NC	-0.088878	1.000000
rs6007701	22	47995497	NC	-0.059116	0.481480
GSA-rs75834517	22	47997712	NC	-0.112075	1.000000
rs9615171	22	48001879	NC	-0.059310	0.528729
rs6008295	22	48008933	NC	-0.016766	0.989974
rs5767834	22	48010698	NC	-0.102900	1.000000
GSA-rs28725442	22	48016110	NC	-0.090851	0.000000
rs5767849	22	48022020	NC	0.021563	0.996085
GSA-rs9626749	22	48022887	NC	0.029900	0.499813
GSA-rs117194462	22	48025787	NC	0.041146	0.009595
rs9627093	22	48028984	NC	0.052678	0.493527
GSA-rs73174771	22	48032189	NC	0.137804	0.496683
GSA-rs76887417	22	48036950	NC	0.044779	0.000000
rs113962256	22	48043352	NC	0.004969	0.507398
GSA-rs17669761	22	48047131	NC	-0.028425	0.488057
rs371022	22	48065145	NC	0.141959	0.028670
rs132125	22	48070614	NC	-0.039659	0.018835
GSA-rs73174785	22	48071492	NC	0.014809	0.494634
rs61521756	22	48077017	NC	0.100712	0.500907
GSA-rs62227799	22	48084888	NC	-0.107300	0.004803
GSA-rs62227807	22	48093502	NC	0.004462	0.014025
rs397723	22	48112790	NC	-0.011161	0.012982
GSA-rs79046739	22	48120843	NC	-0.050875	0.000000
rs9627120	22	48121985	NC	0.125760	0.509765
GSA-rs74780177	22	48131294	NC	0.036660	1.000000
GSA-rs6008359	22	48132588	NC	0.022599	0.533893
GSA-rs145744511	22	48133557	NC	0.013088	0.000480
rs12158109	22	48138017	NC	-0.057616	0.000000
GSA-rs6008372	22	48144783	NC	0.044084	0.514680
rs5767968	22	48145834	NC	-0.134296	0.477044
rs6008375	22	48153237	NC	0.038678	0.518341
GSA-rs2338254	22	48162131	NC	-0.029841	0.000000
GSA-rs73176710	22	48162458	NC	0.013802	0.015590
GSA-rs11703458	22	48164478	NC	0.020577	0.492672
rs16997552	22	48174656	NC	0.001701	1.000000
rs878487	22	48177116	NC	-0.075090	0.996254
rs738738	22	48180475	NC	0.052117	0.510670
GSA-rs7290606	22	48181793	NC	0.074805	0.507993
rs9626773	22	48182991	NC	-0.182199	1.000000
GSA-rs117057152	22	48184082	NC	-0.061170	1.000000
rs117825507	22	48187732	NC	0.085122	0.012350
rs5767992	22	48188253	NC	0.069893	0.502729
rs77876633	22	48193505	NC	-0.026481	0.488873
GSA-rs2103954	22	48196529	NC	0.014524	0.997049
rs4823694	22	48202555	NC	-0.000553	0.507940
GSA-rs6008400	22	48207896	NC	0.035160	0.984441
rs6008402	22	48209939	NC	-0.031790	0.507740
rs11703828	22	48212275	NC	-0.031664	0.998002
rs6007751	22	48214076	NC	0.020374	1.000000
GSA-rs118168483	22	48216236	NC	-0.028179	0.483114
rs5768015	22	48216602	NC	0.076112	0.504221
rs4823703	22	48222045	NC	0.009062	0.998661
GSA-rs4823709	22	48225753	NC	-0.029805	0.504536
GSA-rs738744	22	48231357	NC	-0.026019	0.000000
rs5766904	22	48237819	NC	0.046691	0.480964
GSA-rs117713082	22	48238803	NC	0.048909	0.981160
rs11704818	22	48248892	NC	-0.101989	0.003592
GSA-rs150774015	22	48250952	NC	0.037440	0.481712
rs5768088	22	48255862	NC	-0.021318	0.000000
GSA-rs113251484	22	48256537	NC	-0.115656	1.000000
rs761917	22	48258293	NC	-0.015441	0.494225
rs2064803	22	48269511	NC	-0.145127	0.483581
rs4823719	22	48274032	NC	0.036696	0.000000
rs4823721	22	48274134	NC	0.106194	0.505220
rs5768107	22	48281227	NC	-0.087025	0.489325
rs6007757	22	48282594	NC	-0.027922	0.495669
GSA-rs62224237	22	48284296	NC	-0.017744	0.510337
GSA-rs738728	22	48285991	NC	0.093605	0.504350
GSA-rs5768114	22	48287937	NC	-0.024518	0.992845
rs738733	22	48295417	NC	0.023299	0.001969
rs5768148	22	48307904	NC	0.009121	0.997352
GSA-rs5768149	22	48309365	NC	0.004846	1.000000
GSA-rs12157373	22	48311561	NC	-0.038792	0.488735
rs112432957	22	48312904	NC	-0.042851	0.504184
rs5768156	22	48314463	NC	-0.091442	0.989776
rs6008456	22	48317614	NC	0.013886	0.000000
rs4990141	22	48318002	NC	-0.122662	0.018208
rs874961	22	48318237	NC	0.061713	0.989357
GSA-rs73182791	22	48319386	NC	-0.020702	1.000000
GSA-rs117663002	22	48320482	NC	0.011770	1.000000
GSA-rs117162349	22	48320652	NC	0.100392	1.000000
rs9615234	22	48321123	NC	0.067645	0.507069
rs5768178	22	48324344	NC	0.112094	1.000000
GSA-rs78965479	22	48329533	NC	0.078513	0.988210
rs5768202	22	48334119	NC	-0.017483	1.000000
GSA-rs5766957	22	48336091	NC	0.037222	0.495130
GSA-rs73888015	22	48341265	NC	0.055911	0.510748
rs5766958	22	48343389	NC	0.043751	0.997343
GSA-rs113212741	22	48345524	NC	-0.053969	0.519847
GSA-rs56091638	22	48352440	NC	0.104082	0.518460
rs4823509	22	48363970	NC	-0.033107	0.999025
rs13055322	22	48365123	NC	-0.017755	1.000000
GSA-rs77386801	22	48367070	NC	-0.083153	1.000000
rs6008485	22	48371416	NC	0.039643	0.494411
rs5768220	22	48371721	NC	-0.033037	0.494048
rs76192177	22	48371991	NC	-0.094868	0.014666
rs9615717	22	48381376	NC	-0.054172	0.523369
GSA-rs79669777	22	48387242	NC	-0.122076	0.000000
GSA-rs118027103	22	48390279	NC	0.110435	0.990296
rs9615251	22	48392711	NC	0.057597	1.000000
GSA-rs117336966	22	48393657	NC	0.113996	1.000000
GSA-rs6007780	22	48395782	NC	0.093480	0.504118
rs9615252	22	48396897	NC	0.045547	0.029209
rs5766971	22	48397852	NC	-0.024111	0.501271
GSA-rs62225670	22	48403186	NC	-0.047028	0.972597
rs6008503	22	48404527	NC	0.030688	1.000000
rs135345	22	48409635	NC	-0.016716	0.489429
GSA-rs117639066	22	48413953	NC	0.047476	0.479063
GSA-rs77730349	22	48421654	NC	-0.028137	0.494287
rs743094	22	48434062	NC	0.081789	0.000000
rs738704	22	48434712	NC	0.095460	0.497250
rs6008523	22	48444881	NC	0.093865	0.998530
rs135264	22	48454693	NC	0.022128	0.025183
rs5768311	22	48457140	NC	0.102065	0.497449
rs9627236	22	48471352	NC	0.038375	0.502327
GSA-rs7284100	22	48473412	NC	-0.083594	0.521876
rs135294	22	48477781	NC	0.003851	0.502856
GSA-rs6008549	22	48478158	NC	0.113430	0.504667
GSA-rs116988783	22	48483057	NC	-0.090255	0.011709
rs11703784	22	48483072	NC	-0.022260	0.023413
GSA-rs117805886	22	48491227	NC	0.034886	0.505688
rs12172234	22	48492542	NC	0.047687	1.000000
GSA-rs35941134	22	48493463	NC	0.034048	0.012313
rs5768350	22	48494758	NC	0.035955	0.499743
GSA-rs117403545	22	48495161	NC	0.032383	1.000000
GSA-rs16998356	22	48496616	NC	-0.097909	0.993642
rs9626807	22	48501694	NC	-0.029082	0.000000
GSA-rs117577285	22	48509151	NC	-0.114946	0.477757
rs16998380	22	48510196	NC	0.072972	0.497199
GSA-rs17625488	22	48510973	NC	-0.023465	0.012018
rs16994730	22	48514296	NC	-0.046184	0.026162
GSA-rs77850061	22	48514561	NC	-0.045446	1.000000
rs715500	22	48529709	NC	-0.061629	0.008692
GSA-rs131127	22	48530770	NC	0.010465	0.999054
GSA-rs73480896	22	48533127	NC	0.021752	0.527315
GSA-rs117969706	22	48534015	NC	-0.014269	1.000000
rs2338671	22	48538763	NC	-0.054070	0.005808
rs34511869	22	48540651	NC	-0.057093	0.494581
rs131137	22	48546285	NC	-0.034668	0.515757
GSA-rs78191372	22	48548256	NC	0.003860	0.990853
GSA-rs80128396	22	48557822	NC	0.081743	0.998339
GSA-rs5768412	22	48567467	NC	0.059792	0.000000
GSA-rs117210489	22	48580665	NC	-0.020598	0.000000
rs926233	22	48587960	NC	-0.070079	0.020925
rs133528	22	48590929	NC	0.103458	0.966209
rs6007812	22	48591245	NC	-0.000324	0.494120
rs133530	22	48591444	NC	0.025010	0.543706
rs12169853	22	48594309	NC	0.017390	0.992308
rs5768434	22	48598852	NC	0.017153	0.991304
GSA-rs12484143	22	48599065	NC	0.006179	0.000000
GSA-rs5767060	22	48600260	NC	-0.018165	0.505646
GSA-rs117657266	22	48602385	NC	0.066347	0.515611
GSA-rs7286079	22	48603295	NC	0.082190	0.490649
rs60349186	22	48605650	NC	-0.061448	0.986471
GSA-rs73186731	22	48605975	NC	-0.102626	0.001387
rs74507238	22	48607490	NC	-0.067906	0.489368
rs76711243	22	48607847	NC	0.043457	0.000000
GSA-rs117670747	22	48609675	NC	0.021010	0.503220
rs9615800	22	48609843	NC	0.016860	1.000000
rs738184	22	48615721	NC	0.041794	0.012632
rs9615811	22	48617522	NC	-0.026461	0.502552
rs5768453	22	48621722	NC	0.039310	0.011605
GSA-rs34204455	22	48622929	NC	0.029155	0.010863
rs2013591	22	48624809	NC	0.041193	0.998331
rs13054085	22	48630184	NC	-0.035383	1.000000
GSA-rs76884740	22	48631939	NC	0.017922	0.000334
rs5767072	22	48634223	NC	-0.026822	0.488218
rs5768461	22	48636212	NC	-0.060063	0.980618
rs469999	22	48637056	NC	0.056541	0.485228
rs74278741	22	48642910	NC	-0.042378	0.491700
GSA-rs5768480	22	48645780	NC	0.018498	0.002808
rs4499	22	48646288	NC	-0.033062	0.502448
rs77652610	22	48649223	NC	0.024883	0.001513
GSA-rs79506914	22	48651368	NC	0.005542	0.013323
GSA-rs73479545	22	48657382	NC	0.028233	0.501154
rs4392	22	48658493	NC	0.045084	0.499295
GSA-rs34326441	22	48658601	NC	0.141216	1.000000
GSA-rs74755044	22	48658891	NC	-0.035407	0.486215
rs133580	22	48659880	NC	0.063388	0.493271
GSA-rs133584	22	48665415	NC	0.041850	0.499879
GSA-rs133588	22	48666450	NC	0.091852	0.513553
GSA-rs62226623	22	48667212	NC	0.041230	0.503907
rs6007822	22	48671102	NC	0.147599	0.508907
rs909502	22	48672302	NC	-0.029501	0.000000
GSA-rs111536152	22	48677603	NC	-0.105498	0.986148
rs35835342	22	48677819	NC	0.103106	0.487620
GSA-rs76663933	22	48679174	NC	-0.008214	0.003243
rs73169417	22	48684220	NC	0.001352	0.000000
rs11702956	22	48687076	NC	-0.035050	0.000000
rs35679622	22	48689626	NC	-0.085767	0.988350
rs36007025	22	48689786	NC	-0.101987	1.000000
rs133616	22	48691715	NC	-0.024151	0.991535
rs28675311	22	48696193	NC	0.069728	0.997261
rs133620	22	48698117	NC	0.059253	0.501007
GSA-rs12627978	22	48699609	NC	0.034833	0.513514
rs4396	22	48701023	NC	-0.115778	0.000000
GSA-rs9615863	22	48701826	NC	-0.063107	0.000000
GSA-rs117789314	22	48705432	NC	-0.001313	0.000000
rs133631	22	48707427	NC	0.015953	0.519937
rs9615864	22	48708954	NC	-0.023256	0.990255
GSA-rs73169441	22	48713074	NC	0.064817	0.501867
GSA-rs133649	22	48715166	NC	0.021148	0.488392
rs742019	22	48715863	NC	-0.030051	0.476597
GSA-rs133651	22	48717026	NC	0.007194	0.509579
rs6008628	22	48717101	NC	0.028294	0.000000
GSA-rs9615867	22	48719458	NC	0.043788	0.997524
rs133658	22	48722383	NC	-0.014034	0.000000
GSA-rs9615868	22	48723377	NC	0.111866	0.000933
rs133662	22	48725114	NC	0.024192	0.491655
GSA-rs74848814	22	48725278	NC	-0.140609	0.499001
GSA-rs75753551	22	48725319	NC	0.027723	0.512064
GSA-rs909497	22	48726517	NC	0.044778	0.997018
GSA-rs117863393	22	48728671	NC	0.126977	0.999017
GSA-rs34134485	22	48729670	NC	0.039058	0.498847
rs6008655	22	48739456	NC	-0.007675	1.000000
rs10427669	22	48742097	NC	-0.019834	0.492473
GSA-rs73169466	22	48746037	NC	-0.020609	0.013566
rs13054685	22	48747116	NC	-0.089806	0.003243
rs1883131	22	48749424	NC	-0.082182	0.517975
rs5768555	22	48750445	NC	-0.021505	1.000000
GSA-rs2179060	22	48752757	NC	-0.046834	0.492595
rs9627314	22	48757897	NC	0.039470	0.000612
rs5767121	22	48762687	NC	-0.077683	1.000000
rs133679	22	48766025	NC	0.061394	0.495125
rs4823756	22	48766791	NC	-0.013983	0.000391
GSA-rs133693	22	48768431	NC	0.022804	0.491544
GSA-rs116854386	22	48768677	NC	-0.013816	1.000000
GSA-rs78239657	22	48782213	NC	0.033454	0.510345
rs73487196	22	48793169	NC	-0.001658	0.519526
rs73888588	22	48793192	NC	0.057416	1.000000
GSA-rs73487197	22	48793605	NC	-0.115518	0.995759
GSA-rs58286997	22	48799877	NC	0.002198	0.505505
GSA-rs117696728	22	48800032	NC	-0.008857	0.514735
GSA-rs130804	22	48801666	NC	-0.018734	0.969430
rs130830	22	48809362	NC	-0.050310	0.987913
rs73171414	22	48810817	NC	0.002321	1.000000
rs16998984	22	48811068	NC	0.054844	0.000000
GSA-rs75066394	22	48814168	NC	0.001526	0.994585
rs6007848	22	48815752	NC	0.130765	0.979201
rs5767136	22	48816766	NC	0.002671	0.019637
rs17707481	22	48818021	NC	-0.013046	0.503605
rs6007850	22	48819398	NC	0.084658	0.001554
GSA-rs76332574	22	48819532	NC	-0.211750	1.000000
rs12106638	22	48820023	NC	-0.073955	0.000000
GSA-rs4823768	22	48822390	NC	0.110284	0.986201
rs7293013	22	48823357	NC	-0.055698	0.510882
rs916268	22	48826019	NC	0.040045	0.482944
GSA-rs75207814	22	48828134	NC	0.000107	0.495811
GSA-rs77857154	22	48828659	NC	-0.105358	0.513776
rs4823535	22	48830958	NC	-0.015421	0.023290
GSA-rs73485269	22	48831652	NC	0.014424	0.516290
rs8136255	22	48832904	NC	0.036842	0.487602
GSA-rs5768620	22	48834199	NC	-0.085693	0.000000
rs78574224	22	48835424	NC	-0.040503	0.512265
rs9627347	22	48836042	NC	0.022817	0.483706
rs135168	22	48836425	NC	-0.147890	0.508752
rs13056560	22	48837867	NC	0.005639	0.504364
rs4823776	22	48838815	NC	0.148506	0.000000
GSA-rs74763425	22	48842959	NC	-0.168190	0.494456
exm2273068	22	48843119	NC	-0.049260	0.000000
GSA-rs8140841	22	48844608	NC	-0.134159	0.497241
rs2001078	22	48844751	NC	-0.003985	0.490921
GSA-rs9615893	22	48851078	NC	0.092424	0.516889
GSA-rs12169429	22	48852587	NC	-0.059617	0.996804
GSA-rs76893291	22	48855036	NC	0.054753	0.496466
rs5768643	22	48855412	NC	-0.039616	0.001546
GSA-rs9627357	22	48857484	NC	0.029529	0.000000
GSA-rs75698695	22	48871294	NC	0.034402	0.988627
GSA-rs76164244	22	48872140	NC	-0.024572	0.992097
rs6008718	22	48872692	NC	0.026225	0.009544
rs5768657	22	48873919	NC	0.069239	0.989327
rs11913664	22	48877273	NC	0.047015	0.995907
rs6007864	22	48883081	NC	0.069581	0.012150
rs6008735	22	48888351	NC	-0.006551	0.014673
rs5767172	22	48892314	NC	-0.116259	0.508695
rs11913116	22	48894613	NC	-0.092830	0.497463
rs10460766	22	48896580	NC	-0.026437	0.503271
GSA-rs6008741	22	48897881	NC	-0.157104	0.498408
rs763002	22	48901623	NC	0.037474	0.491970
rs4823790	22	48903278	NC	0.015185	1.000000
rs133513	22	48908084	NC	-0.069616	0.487497
rs133503	22	48911602	NC	0.006686	0.980993
rs6520007	22	48921733	NC	-0.012117	0.506569
rs916283	22	48928215	NC	0.024409	0.493966
rs133473	22	48929226	NC	0.029640	0.001206
rs5768709	22	48929569	NC	-0.060631	0.009508
rs80517	22	48929867	NC	-0.095564	0.000000
GSA-rs73888446	22	48930780	NC	0.034539	0.000000
GSA-rs73173404	22	48934772	NC	-0.024028	0.485792
GSA-rs78011702	22	48940506	NC	0.090088	0.981131
rs9615919	22	48940644	NC	-0.040393	0.507122
rs16999364	22	48941730	NC	-0.021220	0.497806
rs16999372	22	48943842	NC	0.085729	0.001544
GSA-rs76141473	22	48949588	NC	-0.020702	0.985620
GSA-rs10483242	22	48958927	NC	0.017358	0.017626
rs5767194	22	48960409	NC	0.031218	0.000289
GSA-rs73425926	22	48965771	NC	0.074903	0.500655
rs74755527	22	48970145	NC	0.019283	1.000000
rs5768744	22	48974855	NC	0.036211	0.989548
GSA-rs73173418	22	48975696	NC	-0.036275	0.512632
rs28607216	22	48976795	NC	-0.114521	0.492373
rs35442569	22	48977485	NC	-0.019636	0.501027
rs145463015	22	48979600	NC	-0.054418	0.518152
GSA-rs35883968	22	48982923	NC	0.040563	0.000000
rs34282403	22	48984016	NC	0.005540	0.518831
GSA-rs28385606	22	48989851	NC	-0.091266	0.483951
rs28670921	22	48990016	NC	-0.022231	0.000000
GSA-rs76703344	22	48994925	NC	0.006933	0.491340
GSA-rs77637002	22	48998731	NC	-0.045125	0.996986
rs28540533	22	49003874	NC	-0.039466	0.498580
rs28470428	22	49004138	NC	0.005134	0.978102
rs28619115	22	49004395	NC	-0.097158	0.012098
GSA-rs28660539	22	49008816	NC	0.007866	0.502242
GSA-rs117373929	22	49009460	NC	0.032609	0.500079
rs73173452	22	49010940	NC	0.025295	0.004581
rs28480167	22	49011701	NC	0.015049	0.481392
rs28478619	22	49012304	NC	0.022461	0.504695
rs28621643	22	49012662	NC	0.004336	0.487284
GSA-rs28437626	22	49013430	NC	-0.067278	0.982679
rs9617409	22	49019380	NC	0.039902	0.001650
rs1116488	22	49020010	NC	0.030361	0.500520
rs5771622	22	49027446	NC	-0.072460	0.509996
GSA-rs116849156	22	49028388	NC	0.071210	0.491322
rs6010520	22	49028732	NC	-0.066769	0.981549
rs12484497	22	49029262	NC	0.097059	0.496589
GSA-rs117604295	22	49033025	NC	-0.025887	0.996397
GSA-rs7290651	22	49033984	NC	-0.025234	0.001155
GSA-rs73429964	22	49035766	NC	0.015878	0.000985
GSA-rs76500988	22	49036323	NC	0.063912	0.494009
rs761788	22	49039797	NC	-0.007729	0.995889
GSA-rs117293902	22	49041016	NC	0.007217	0.475066
rs730147	22	49043912	NC	-0.056852	0.502884
rs9617477	22	49045770	NC	0.008103	0.000000
rs2337487	22	49048646	NC	0.030128	0.000000
rs11704388	22	49049468	NC	0.054844	0.498208
rs8142256	22	49050435	NC	-0.028338	0.488401
rs11204493	22	49055167	NC	0.047035	0.526428
rs73891343	22	49056438	NC	-0.118901	0.507475
rs17823579	22	49059226	NC	-0.063730	0.003478
GSA-rs4925431	22	49060976	NC	-0.086483	1.000000
rs4925432	22	49060994	NC	-0.010730	0.993339
rs77899570	22	49061028	NC	0.110579	0.492863
rs11913836	22	49062315	NC	0.076745	0.488917
GSA-rs58887993	22	49062369	NC	0.016239	0.491680
GSA-rs9617493	22	49065116	NC	0.021072	0.000000
GSA-rs73175134	22	49065704	NC	0.029687	0.503226
rs73889542	22	49065939	NC	0.104542	1.000000
rs5771705	22	49065944	NC	0.024219	0.505641
rs12485086	22	49068081	NC	0.060338	0.511815
rs9617419	22	49068935	NC	-0.094874	0.522109
rs10483243	22	49069693	NC	0.017543	1.000000
rs58577646	22	49072727	NC	0.027854	1.000000
rs11912386	22	49076187	NC	0.057185	0.000000
rs132220	22	49076564	NC	0.102047	1.000000
rs73175151	22	49078213	NC	0.118772	0.002341
rs4244607	22	49078382	NC	0.032955	0.529680
rs5771713	22	49080458	NC	-0.028649	0.994941
rs5771716	22	49080775	NC	-0.026441	0.499543
rs13053354	22	49083660	NC	0.028044	0.000000
rs11204500	22	49085175	NC	0.004870	0.511256
rs4925435	22	49085205	NC	-0.038459	0.492122
GSA-rs77043864	22	49086346	NC	0.091144	0.529740
rs7288241	22	49086481	NC	0.127218	0.988123
GSA-rs130129	22	49096694	NC	0.014660	0.011941
rs130132	22	49097331	NC	-0.038174	0.000000
rs9617422	22	49099451	NC	-0.053245	0.000000
GSA-rs4925446	22	49099888	NC	-0.087106	0.487439
GSA-rs132231	22	49102667	NC	0.047025	0.000000
rs130158	22	49107829	NC	-0.031898	0.480907
rs13053451	22	49108592	NC	-0.083280	0.496843
rs130163	22	49109677	NC	0.019071	1.000000
GSA-rs77087614	22	49118535	NC	0.163666	0.989328
rs130191	22	49118598	NC	-0.044392	0.504649
rs130199	22	49120754	NC	0.084028	0.000000
rs6587310	22	49123661	NC	0.002505	0.000000
GSA-rs13058052	22	49128427	NC	-0.025835	0.000000
GSA-rs7286059	22	49145128	NC	-0.055206	0.481275
GSA-rs117229848	22	49146379	NC	-0.029029	0.017714
GSA-rs75154671	22	49150068	NC	0.073452	0.486987
rs13056461	22	49155087	NC	0.119885	0.511239
rs5771629	22	49157079	NC	-0.087097	0.516485
GSA-rs77756067	22	49158148	NC	-0.046894	0.518129
GSA-rs76476178	22	49163067	NC	0.120973	0.986701
rs7286383	22	49163473	NC	0.034658	0.997215
GSA-rs75968298	22	49171081	NC	0.074418	0.980383
rs5771644	22	49174803	NC	0.045000	1.000000
rs131025	22	49175009	NC	-0.036093	0.025699
rs6010527	22	49176220	NC	-0.103915	0.000000
rs78492	22	49176977	NC	-0.076166	1.000000
rs17824173	22	49177358	NC	0.066306	0.992320
GSA-rs79806349	22	49178339	NC	-0.164573	0.000000
GSA-rs140383675	22	49178786	NC	-0.104221	0.998276
rs2337497	22	49179546	NC	-0.057505	0.498049
GSA-rs117567961	22	49179673	NC	-0.037482	0.506147
GSA-rs8136148	22	49189233	NC	-0.084776	0.501884
GSA-rs117458295	22	49191060	NC	0.133231	0.513033
rs16999916	22	49194740	NC	-0.008462	0.015427
rs5771851	22	49195316	NC	0.112345	0.000000
rs5771853	22	49195990	NC	0.077595	0.000000
GSA-rs9617458	22	49196699	NC	-0.010794	0.488505
GSA-rs58163826	22	49201009	NC	0.056980	0.507262
GSA-rs9617397	22	49201452	NC	0.019817	0.500208
rs9617464	22	49201704	NC	-0.009644	0.499331
GSA-rs5771860	22	49203073	NC	-0.076683	0.991957
GSA-rs62225981	22	49203076	NC	0.016016	0.500799
GSA-rs34353439	22	49203159	NC	0.032320	0.010795
rs34407081	22	49203503	NC	0.080619	0.006170
rs9628553	22	49203679	NC	0.033235	1.000000
rs5771862	22	49203968	NC	-0.057883	0.509395
rs9617402	22	49205090	NC	0.026940	0.487548
GSA-rs62225983	22	49206565	NC	-0.046109	0.000000
rs7288568	22	49209360	NC	-0.085446	0.501283
GSA-rs143215324	22	49212470	NC	-0.056684	0.000000
rs7286388	22	49212730	NC	-0.169181	0.511206
rs143297251	22	49216289	NC	-0.051518	0.479443
GSA-rs80126241	22	49220600	NC	0.095530	0.509519
rs7511364	22	49220704	NC	0.219246	0.000000
GSA-rs11204487	22	49225538	NC	0.028292	1.000000
GSA-rs7284992	22	49226374	NC	-0.026246	0.495318
GSA-rs28444486	22	49231540	NC	0.060850	0.500397
rs78375305	22	49233543	NC	-0.026425	0.006269
rs28704073	22	49235593	NC	0.057124	0.500239
rs73179552	22	49241330	NC	-0.010028	0.009443
rs28419286	22	49241617	NC	0.057243	0.499790
GSA-rs28375551	22	49241664	NC	-0.110731	0.979561
GSA-rs73179563	22	49261591	NC	-0.047881	0.997507
GSA-rs115520670	22	49262021	NC	-0.041635	0.012468
rs3935733	22	49262144	NC	-0.026146	0.504346
rs73889859	22	49262255	NC	-0.066215	0.486157
rs4076042	22	49262579	NC	0.041945	0.508943
GSA-rs117353787	22	49262584	NC	-0.096082	1.000000
GSA-rs116974058	22	49262840	NC	0.025314	0.006903
rs28451832	22	49263108	NC	-0.012043	0.478937
GSA-rs77293382	22	49263117	NC	-0.138791	0.519575
rs28497237	22	49263192	NC	0.073351	0.995841
rs28578895	22	49264313	NC	0.093599	0.006161
rs28496358	22	49264574	NC	0.061557	0.503753
rs28538790	22	49264683	NC	-0.062119	0.000000
rs35938512	22	49264754	NC	-0.126247	1.000000
rs73427900	22	49266666	NC	-0.043663	0.982730
GSA-rs77311868	22	49270838	NC	-0.221906	0.000000
GSA-rs117445710	22	49272303	NC	0.056484	0.993269
rs4075230	22	49273804	NC	0.040827	0.477361
rs80326259	22	49275828	NC	-0.098665	0.523168
GSA-rs3935258	22	49279149	NC	-0.120251	0.495900
rs3936054	22	49279277	NC	0.034157	0.000000
rs28395391	22	49281965	NC	0.006077	1.000000
GSA-rs76229632	22	49289448	NC	0.074439	0.008101
rs6009275	22	49294205	NC	0.021900	0.500111
GSA-rs73179587	22	49295721	NC	0.063340	0.518677
rs875576	22	49302644	NC	0.003771	0.502254
rs12171007	22	49302696	NC	0.005606	0.001910
rs6009352	22	49305099	NC	-0.104470	0.990706
rs2318399	22	49305789	NC	-0.088432	0.498407
rs56876325	22	49305921	NC	0.029334	0.005751
rs6009448	22	49313561	NC	-0.040614	1.000000
rs5769415	22	49316305	NC	-0.040254	0.000000
rs73179602	22	49318696	NC	-0.011097	0.493913
rs4824005	22	49321780	NC	0.018316	0.500434
GSA-rs73181703	22	49322837	NC	0.113968	0.511748
rs62225909	22	49325245	NC	0.028125	0.489474
rs73431814	22	49326715	NC	-0.021027	0.006326
rs71314884	22	49330313	NC	-0.064677	0.991488
GSA-rs76018071	22	49335065	NC	-0.017600	0.000322
rs12170462	22	49335738	NC	-0.052721	1.000000
GSA-rs12159798	22	49339311	NC	-0.059731	0.502338
GSA-rs76866981	22	49340712	NC	-0.028356	0.492759
GSA-rs55636250	22	49340866	NC	-0.067708	0.515908
GSA-rs78307189	22	49341179	NC	0.070318	0.980614
rs7284528	22	49341458	NC	0.088738	1.000000
GSA-rs62225940	22	49341733	NC	0.038042	0.501432
GSA-rs5769616	22	49342625	NC	0.083964	1.000000
rs5770398	22	49343781	NC	-0.066275	0.990301
rs35673575	22	49344361	NC	-0.074271	0.010852
GSA-rs148870277	22	49347077	NC	-0.001152	1.000000
rs116026358	22	49348797	NC	0.045589	1.000000
rs6009715	22	49351462	NC	-0.129848	0.499509
rs7287396	22	49352846	NC	-0.101687	0.509781
GSA-rs6009734	22	49353557	NC	-0.014623	1.000000
rs9628063	22	49360424	NC	-0.019488	0.001521
GSA-rs73433971	22	49363742	NC	-0.007475	1.000000
rs5770581	22	49364780	NC	0.016722	0.000000
rs5769705	22	49365356	NC	0.008367	1.000000
rs5769706	22	49365517	NC	-0.089412	0.522684
GSA-rs75651092	22	49369775	NC	-0.097951	0.000000
rs17824774	22	49369993	NC	-0.010904	0.494727
GSA-rs73181796	22	49370365	NC	-0.013261	1.000000
rs5770666	22	49375244	NC	0.056090	0.499247
GSA-rs62221247	22	49375523	NC	-0.033564	0.981623
rs742976	22	49377893	NC	-0.026311	0.511556
GSA-rs117877573	22	49393541	NC	-0.073716	0.491196
rs62223365	22	49396259	NC	0.013443	0.497668
rs2873699	22	49396512	NC	0.030152	0.506323
rs34189568	22	49398026	NC	0.039302	0.992817
GSA-rs117084099	22	49403008	NC	-0.085945	0.492246
rs4823966	22	49404049	NC	0.108984	0.478086
GSA-rs2318432	22	49405594	NC	0.054328	0.000000
rs5769796	22	49408735	NC	0.017987	0.478959
rs5769373	22	49411595	NC	-0.044013	0.510613
rs5769381	22	49417110	NC	-0.014159	0.974334
GSA-rs77312977	22	49418050	NC	-0.099727	0.000000
rs12169316	22	49419778	NC	-0.018206	1.000000
GSA-rs12169358	22	49419807	NC	0.009168	0.491128
rs12170605	22	49419902	NC	0.079488	0.507607
rs5769385	22	49422075	NC	0.147231	0.004447
rs5769386	22	49422263	NC	0.053698	0.999626
GSA-rs117270697	22	49422362	NC	0.015519	0.512168
rs4823975	22	49430125	NC	-0.009713	1.000000
GSA-rs13055527	22	49433983	NC	0.054368	0.486310
rs5769389	22	49434131	NC	-0.113227	0.000000
GSA-rs113944715	22	49434803	NC	0.045090	1.000000
rs5769843	22	49438550	NC	0.050881	1.000000
rs5769849	22	49446616	NC	-0.024606	0.491757
rs4823981	22	49448164	NC	-0.023250	0.000000
rs5769852	22	49448476	NC	0.021019	0.506059
GSA-rs12628155	22	49450895	NC	-0.106756	0.504050
GSA-rs111314200	22	49450949	NC	-0.036151	0.503555
rs73183564	22	49451932	NC	-0.002029	1.000000
GSA-rs73183565	22	49454022	NC	0.006805	0.999869
rs6009399	22	49459944	NC	-0.007601	0.971243
rs4402864	22	49465735	NC	0.203552	0.000000
rs5769393	22	49467831	NC	-0.095149	0.017979
rs910308	22	49484533	NC	-0.028607	0.979633
GSA-rs113960506	22	49485723	NC	0.010385	1.000000
rs926761	22	49486490	NC	0.055525	0.490888
rs8137626	22	49487114	NC	0.024956	0.006174
rs12628360	22	49491078	NC	-0.054068	0.000000
rs7292709	22	49492784	NC	0.156655	0.007719
GSA-rs76192598	22	49494989	NC	0.016204	0.005713
rs75167430	22	49499223	NC	-0.003136	0.994078
rs6009459	22	49504790	NC	0.003685	0.000000
rs80571	22	49504833	NC	-0.021587	0.011591
rs7289310	22	49505505	NC	-0.089496	0.996578
GSA-rs76833936	22	49512664	NC	-0.026662	0.514238
rs135230	22	49513663	NC	0.040974	1.000000
GSA-rs86750	22	49514228	NC	-0.030040	0.494766
rs1547426	22	49518724	NC	0.106912	0.000000
GSA-rs11090930	22	49522372	NC	0.023516	0.000000
GSA-rs12484100	22	49526445	NC	-0.024332	1.000000
GSA-rs80567	22	49529366	NC	-0.126341	0.016190
rs739194	22	49529458	NC	-0.132832	1.000000
rs135256	22	49530425	NC	0.027793	0.989158
rs6009503	22	49532043	NC	-0.029407	0.000000
GSA-rs9627870	22	49533337	NC	0.034835	0.498493
rs4823998	22	49535105	NC	0.064115	0.979365
rs73185576	22	49544961	NC	-0.060041	0.005520
rs5769954	22	49545244	NC	-0.046657	0.507513
rs5769966	22	49552804	NC	-0.056117	0.511595
rs5769967	22	49552877	NC	-0.036810	0.000000
rs5769975	22	49557457	NC	0.032920	1.000000
GSA-rs9616470	22	49558756	NC	0.091462	0.488364
rs5769440	22	49559242	NC	-0.072245	0.485301
rs80078075	22	49559827	NC	0.083569	0.013391
rs76230687	22	49559888	NC	0.010704	1.000000
GSA-rs117896431	22	49564068	NC	-0.096876	0.500285
rs76884665	22	49565418	NC	0.073180	0.000000
GSA-rs34540191	22	49565879	NC	0.075771	0.507608
rs9627883	22	49566426	NC	0.110076	0.494941
GSA-rs5769985	22	49570399	NC	-0.011171	0.492605
rs6009527	22	49570587	NC	-0.052558	1.000000
GSA-rs12170052	22	49571596	NC	0.113986	0.996677
rs2318940	22	49573394	NC	0.058765	0.987735
GSA-rs78974176	22	49573417	NC	0.050326	0.000000
rs4621267	22	49574991	NC	0.164654	0.987269
rs5769445	22	49578082	NC	-0.041868	0.503640
GSA-rs73889940	22	49578486	NC	-0.014617	0.513327
rs6009535	22	49580450	NC	-0.109664	0.005242
rs6009538	22	49581463	NC	-0.082141	1.000000
rs2027840	22	49585153	NC	-0.014818	0.502278
rs940114	22	49589243	NC	-0.037372	0.000000
GSA-rs111819340	22	49590045	NC	0.042339	0.990748
rs739081	22	49591786	NC	0.088460	0.498367
GSA-rs75743466	22	49591992	NC	-0.067662	0.507603
rs12628677	22	49592595	NC	0.022737	0.502942
GSA-rs737832	22	49593847	NC	-0.014236	0.501832
GSA-rs111984504	22	49594179	NC	-0.046600	1.000000
GSA-rs11705420	22	49595756	NC	-0.041211	0.503579
rs9616496	22	49597244	NC	0.029506	0.530821
GSA-rs140578869	22	49597914	NC	0.044931	0.009372
GSA-rs2688071	22	49597935	NC	0.069590	1.000000
rs1107799	22	49602052	NC	0.079245	0.510337
GSA-rs1076919	22	49603484	NC	-0.038043	0.000000
GSA-rs6520091	22	49603693	NC	-0.035135	0.000000
GSA-rs140151753	22	49605428	NC	-0.123225	0.993701
rs2688173	22	49610157	NC	-0.037806	0.501624
rs76564284	22	49614349	NC	0.042704	0.000000
GSA-rs117398593	22	49615418	NC	-0.080911	0.502573
GSA-rs118136011	22	49622767	NC	0.037351	0.996737
rs6009557	22	49625210	NC	0.015529	0.000000
rs77547443	22	49625895	NC	0.024624	0.497846
rs1533926	22	49631217	NC	-0.061845	0.507714
rs762942	22	49634468	NC	0.018321	0.491100
rs762943	22	49634914	NC	-0.081285	0.492710
GSA-rs5770112	22	49636259	NC	0.132970	1.000000
rs16999584	22	49640648	NC	-0.096499	0.995907
GSA-rs73173120	22	49642262	NC	0.056577	0.000000
rs7289031	22	49643618	NC	0.061688	0.006865
rs17180054	22	49649814	NC	-0.016816	0.019032
rs5770142	22	49653029	NC	-0.077253	0.000000
rs7291215	22	49656585	NC	0.055742	0.000000
GSA-rs6009575	22	49657976	NC	0.002184	0.999752
rs8139745	22	49658337	NC	0.010877	0.000000
GSA-rs8139089	22	49658926	NC	-0.062435	0.525253
rs78066928	22	49658998	NC	0.025049	0.505117
rs2858648	22	49659547	NC	0.171365	0.500516
rs2177319	22	49659604	NC	-0.049359	0.519468
GSA-rs75168966	22	49659772	NC	0.059091	0.994778
rs1880008	22	49661137	NC	0.056339	0.494961
GSA-rs56041766	22	49663540	NC	-0.116650	0.480763
rs2248965	22	49665638	NC	0.035464	0.996209
rs1880009	22	49665841	NC	0.018119	1.000000
GSA-rs2858578	22	49666841	NC	-0.020899	0.488722
GSA-rs6520095	22	49668364	NC	-0.004733	0.000000
rs5769520	22	49671776	NC	0.025244	0.014910
rs2858534	22	49676609	NC	0.111213	0.513707
rs6009583	22	49677646	NC	0.080983	0.999506
GSA-rs117802941	22	49679865	NC	-0.022459	0.483570
rs2858500	22	49681231	NC	0.056507	0.492428
rs9627692	22	49684807	NC	0.000345	1.000000
rs977299	22	49685240	NC	-0.063077	0.480219
rs7286313	22	49686438	NC	-0.041024	0.984825
GSA-rs13058252	22	49688184	NC	-0.018899	0.508081
rs2858509	22	49689312	NC	-0.009882	0.504286
GSA-rs762927	22	49691300	NC	0.047037	0.000000
rs6009594	22	49696067	NC	-0.005325	0.512483
GSA-rs2858517	22	49699362	NC	0.004274	0.997885
GSA-rs117322830	22	49701946	NC	0.041167	1.000000
rs5769554	22	49702017	NC	0.025628	0.000000
GSA-rs34656530	22	49703261	NC	-0.092438	0.014205
GSA-rs73173191	22	49703976	NC	0.026598	0.503867
rs6009217	22	49708767	NC	0.012931	0.491815
rs11912713	22	49710325	NC	-0.013079	1.000000
rs10427793	22	49715710	NC	0.022029	0.999528
GSA-rs117659079	22	49718544	NC	0.082003	0.984932
GSA-rs79850777	22	49720737	NC	0.061190	0.004405
rs848756	22	49722925	NC	-0.159126	0.999586
GSA-rs5770249	22	49727753	NC	0.113717	0.006787
rs860238	22	49729390	NC	-0.016787	0.508086
rs11702899	22	49733217	NC	-0.019830	0.014712
GSA-rs73174810	22	49739725	NC	0.063991	0.000000
GSA-rs708443	22	49740368	NC	0.014980	0.499885
rs848728	22	49740746	NC	-0.121946	0.503876
rs848726	22	49741960	NC	0.014693	1.000000
rs929025	22	49742889	NC	-0.046131	0.508349
rs11914210	22	49743605	NC	-0.051858	0.496926
GSA-rs9627980	22	49746231	NC	-0.011184	0.516776
rs737844	22	49746915	NC	-0.005310	0.483253
rs2177321	22	49751418	NC	-0.083082	0.008217
rs994774	22	49754109	NC	-0.013258	0.508038
rs8138475	22	49754325	NC	-0.080758	0.516705
rs877161	22	49757783	NC	0.007429	0.003940
rs7290667	22	49759734	NC	0.004615	0.519786
rs12484636	22	49764048	NC	0.026185	0.000000
rs2239777	22	49764893	NC	0.038892	0.479348
rs12170978	22	49766197	NC	-0.009985	1.000000
rs77385887	22	49767024	NC	-0.004604	1.000000
rs5770316	22	49769729	NC	-0.007784	0.496818
GSA-rs13054716	22	49770061	NC	-0.018133	0.489001
GSA-rs73442846	22	49774002	NC	-0.106987	0.493420
rs743782	22	49778214	NC	-0.020251	0.000000
rs6520112	22	49783907	NC	0.030826	1.000000
rs713997	22	49784591	NC	-0.031600	0.502522
rs5770370	22	49785676	NC	-0.033860	0.000000
rs8143098	22	49786016	NC	-0.003207	0.507751
rs7291202	22	49788186	NC	0.083886	0.495426
rs5770391	22	49790713	NC	0.024540	0.995093
rs9616608	22	49791853	NC	-0.026858	0.495255
GSA-rs9627719	22	49796800	NC	-0.115037	0.506457
rs9306539	22	49797422	NC	0.025693	0.000000
GSA-rs190660408	22	49798010	NC	0.030473	0.000000
rs136771	22	49800445	NC	0.094376	0.020962
GSA-rs77283331	22	49800639	NC	0.129513	0.512351
rs12166144	22	49800746	NC	0.033214	1.000000
rs62231860	22	49801770	NC	-0.017587	0.993472
rs136773	22	49802450	NC	0.021414	0.499072
rs6009661	22	49803108	NC	-0.017339	0.993477
rs6009663	22	49803587	NC	0.018717	0.000000
GSA-rs35894977	22	49807960	NC	0.027190	0.502155
rs6009674	22	49809716	NC	0.049222	0.486407
rs5770418	22	49812076	NC	0.068853	0.000000
GSA-rs13057116	22	49816283	NC	0.060243	0.507730
rs7287788	22	49817197	NC	-0.020027	0.010965
GSA-rs140665342	22	49818270	NC	0.019272	0.516983
rs5770423	22	49818315	NC	0.127061	0.509239
GSA-rs2032482	22	49823026	NC	0.096831	0.503818
rs136782	22	49823224	NC	-0.005325	0.002503
GSA-rs34156481	22	49823400	NC	0.046180	0.509989
rs6009680	22	49825733	NC	-0.033766	0.025394
rs7287094	22	49825947	NC	0.045611	0.000000
rs136790	22	49829118	NC	-0.078517	0.488487
rs6009689	22	49832070	NC	0.024808	0.501708
GSA-rs12159113	22	49832693	NC	-0.047116	1.000000
GSA-rs62231918	22	49833933	NC	0.084190	0.500219
rs5770437	22	49836765	NC	0.064267	0.000000
GSA-rs9616625	22	49837653	NC	-0.105257	0.995482
rs1075850	22	49840474	NC	0.027360	0.000000
rs732641	22	49840983	NC	-0.004654	0.516519
rs8138283	22	49841479	NC	-0.072366	0.002212
rs714006	22	49847719	NC	0.043546	0.506073
rs60271258	22	49847736	NC	0.010415	0.000494
GSA-rs6009264	22	49848716	NC	-0.046345	0.507993
rs760515	22	49849407	NC	0.050959	0.505219
rs74579996	22	49849834	NC	0.052258	1.000000
GSA-rs73176909	22	49851802	NC	0.092712	0.509064
GSA-rs77826050	22	49853431	NC	0.120352	0.503796
rs76886620	22	49854245	NC	0.021691	1.000000
GSA-rs118071569	22	49854803	NC	0.025435	0.013899
GSA-rs12158321	22	49874196	NC	-0.061392	1.000000
rs6009723	22	49876600	NC	-0.094152	1.000000
rs75712748	22	49878719	NC	0.035345	1.000000
GSA-rs10427998	22	49882219	NC	0.080931	0.000000
GSA-rs116863378	22	49883061	NC	-0.041275	0.484055
GSA-rs76726786	22	49888301	NC	-0.062004	0.506560
rs9616661	22	49890246	NC	0.040063	0.506618
GSA-rs80061114	22	49895891	NC	-0.042732	0.010350
GSA-rs116876575	22	49899208	NC	0.062701	0.494608
rs11090973	22	49901566	NC	-0.086271	0.994805
GSA-rs117693345	22	49906692	NC	-0.029144	1.000000
rs74557471	22	49907424	NC	-0.039321	0.988091
GSA-rs76793315	22	49909658	NC	0.003234	0.496018
rs12169586	22	49912350	NC	-0.007727	0.508298
rs10854872	22	49912406	NC	-0.015691	0.485368
rs134461	22	49915815	NC	0.066733	0.987242
rs134458	22	49916533	NC	-0.059294	0.494921
GSA-rs117550993	22	49917098	NC	0.000708	0.500105
GSA-rs6520124	22	49917935	NC	-0.091479	0.496318
GSA-rs73176947	22	49921566	NC	0.006970	0.000000
rs3810643	22	49924929	NC	0.148351	0.509860
GSA-rs80146006	22	49925841	NC	-0.111112	1.000000
rs9627740	22	49926464	NC	-0.007927	0.986240
GSA-rs10483248	22	49927745	NC	0.086121	0.510390
GSA-rs74462673	22	49927924	NC	0.008812	0.492580
exm2273069	22	49928018	NC	-0.078239	0.994237
GSA-rs10483249	22	49928169	NC	0.011712	0.509362
GSA-rs117204269	22	49929202	NC	0.017893	0.000000
rs135771	22	49937184	NC	-0.001170	0.517753
GSA-rs144405648	22	49937914	NC	0.050393	0.504527
GSA-rs135775	22	49939309	NC	-0.125098	1.000000
GSA-rs743947	22	49942573	NC	0.109200	0.511566
rs135793	22	49946905	NC	-0.046932	0.517743
GSA-rs135809	22	49950208	NC	0.053507	1.000000
GSA-rs34120047	22	49963596	NC	-0.021179	0.510624
GSA-rs135846	22	49965048	NC	0.012732	0.000000
rs1008320	22	49968720	NC	0.100599	1.000000
GSA-rs77747294	22	49977172	NC	-0.149608	0.000000
GSA-rs117082807	22	49977768	NC	0.073741	0.506072
GSA-rs5770568	22	49985339	NC	0.147088	0.500419
GSA-rs117419894	22	49994044	NC	0.079414	0.984594
GSA-rs76052213	22	49996915	NC	-0.012787	0.500913
rs9628072	22	50000058	NC	-0.117142	0.486756
GSA-rs73177000	22	50002290	NC	-0.009220	0.524664
rs143000916	22	50014172	NC	0.046603	0.498395
rs151137991	22	50014219	NC	-0.027138	0.000000
GSA-rs77941260	22	50016519	NC	0.052951	1.000000
rs916362	22	50017234	NC	0.014017	0.007142
rs11705461	22	50021973	NC	-0.042476	0.995882
rs6009794	22	50027456	NC	-0.005399	0.005017
GSA-rs117580258	22	50030043	NC	0.020028	0.484324
GSA-rs2071901	22	50034660	NC	-0.036241	0.000000
GSA-rs147368314	22	50036206	NC	-0.091096	0.001576
GSA-rs75475638	22	50048642	NC	-0.144700	1.000000
GSA-rs5770630	22	50058022	NC	-0.071865	1.000000
rs73179148	22	50058635	NC	0.012511	0.510131
rs739245	22	50066750	NC	0.067726	0.992207
rs5770638	22	50069833	NC	0.001021	0.513117
rs71316554	22	50072710	NC	0.111896	0.006331
rs8135992	22	50073254	NC	-0.039891	0.504880
GSA-rs78994182	22	50073603	NC	-0.019606	0.496399
rs5769725	22	50076099	NC	0.057616	0.501750
rs5770651	22	50077531	NC	-0.019142	0.474314
rs760842	22	50079434	NC	0.008625	1.000000
GSA-rs117000576	22	50083650	NC	0.019453	0.003398
rs11090995	22	50085210	NC	0.038615	0.988451
rs113125752	22	50088272	NC	0.129822	0.507268
rs738413	22	50092148	NC	-0.027839	0.491337
rs35795505	22	50100581	NC	-0.125981	1.000000
GSA-rs79363272	22	50103845	NC	0.050345	0.505979
GSA-rs111392589	22	50109212	NC	-0.004704	0.987860
rs114815082	22	50110334	NC	0.007881	0.008706
rs12171156	22	50113185	NC	0.034790	1.000000
rs6009845	22	50117191	NC	0.061487	0.498134
GSA-rs62234096	22	50118945	NC	-0.075351	0.002343
GSA-rs76160051	22	50119275	NC	0.048677	0.496284
GSA-rs76527509	22	50123003	NC	0.005911	0.490367
rs139789	22	50124094	NC	-0.009406	0.987745
GSA-rs112599482	22	50129308	NC	0.025344	0.000000
GSA-rs7289670	22	50142299	NC	0.027153	0.000000
rs9616347	22	50145276	NC	0.006075	0.000000
GSA-rs188079446	22	50147936	NC	-0.080142	0.000000
GSA-rs117438528	22	50151080	NC	-0.095402	0.484489
GSA-rs118148725	22	50154629	NC	-0.113652	1.000000
GSA-rs12158007	22	50157112	NC	-0.080424	0.497300
GSA-rs117905061	22	50166642	NC	0.077930	0.485570
rs916418	22	50169205	NC	-0.018528	0.006904
GSA-rs916419	22	50169421	NC	-0.036055	0.987336
rs139630692	22	50181050	NC	-0.025160	0.511676
rs138843	22	50183162	NC	-0.049518	0.022837
GSA-rs78264894	22	50194348	NC	0.024561	0.489732
rs10427831	22	50202124	NC	-0.036776	0.507423
rs147595191	22	50216725	NC	-0.002116	0.530436
GSA-rs117613664	22	50219447	NC	-0.012125	0.486446
GSA-rs78279592	22	50222348	NC	0.022907	0.015476
GSA-rs80045995	22	50225761	NC	0.058286	0.966799
rs58422561	22	50232527	NC	0.097424	0.507402
GSA-rs117482615	22	50240010	NC	0.001433	0.499502
GSA-rs761878	22	50249677	NC	-0.029496	0.502232
GSA-rs75796394	22	50252076	NC	-0.058134	0.493823
GSA-rs372675865	22	50254413	NC	0.026051	0.499967
GSA-rs117217676	22	50259686	NC	-0.091633	0.005469
rs2295407	22	50260904	NC	-0.048569	0.966432
GSA-rs6009335	22	50266156	NC	0.054495	0.493028
GSA-rs6009338	22	50273790	NC	-0.058822	0.984258
GSA-rs55748279	22	50277523	NC	0.057668	0.989724
rs151212072	22	50278541	NC	-0.089341	1.000000
GSA-rs17001403	22	50281187	NC	-0.005278	0.995267
rs3922872	22	50297888	NC	0.010870	0.015922
GSA-rs62233155	22	50298118	NC	-0.083153	1.000000
rs121907932	22	50304114	NC	-0.023643	0.500098
rs121907933	22	50304250	NC	0.054459	0.491633
rs149112831	22	50313452	NC	0.062412	0.993191
GSA-rs139946841	22	50314970	NC	0.063936	0.493297
GSA-rs8139422	22	50315363	NC	-0.028232	0.001519
GSA-rs75892493	22	50315726	NC	0.074464	0.011609
rs7410612	22	50317296	NC	-0.041972	0.503832
GSA-rs11912619	22	50317401	NC	0.021290	0.490248
GSA-rs11703995	22	50321290	NC	0.049559	1.000000
GSA-rs7287579	22	50321623	NC	-0.028231	1.000000
GSA-rs28493499	22	50324154	NC	0.020547	0.506991
GSA-rs28434404	22	50324403	NC	-0.145060	0.987158
rs28372042	22	50324428	NC	0.115034	0.000000
GSA-rs28652639	22	50330345	NC	-0.116056	0.497952
rs28523661	22	50332324	NC	-0.020108	0.000000
GSA-rs117796274	22	50334870	NC	0.091358	1.000000
GSA-rs62231868	22	50341729	NC	-0.033245	0.482785
GSA-rs73445922	22	50342295	NC	0.063024	0.969456
rs73445933	22	50345080	NC	0.025325	0.011954
GSA-rs73445937	22	50345509	NC	0.078352	0.000000
rs28479081	22	50345729	NC	-0.062470	0.491541
rs28634968	22	50347850	NC	0.036125	0.990798
GSA-rs28570255	22	50347996	NC	0.030649	0.506074
GSA-rs73891201	22	50350697	NC	-0.036807	0.981548
rs28372448	22	50350971	NC	-0.005307	1.000000
rs77981919	22	50351837	NC	0.099021	0.520825
GSA-rs143904075	22	50363413	NC	0.031204	0.502729
rs141460854	22	50417668	NC	-0.086092	0.000000
rs5771069	22	50435480	NC	-0.103173	0.000000
rs149914294	22	50435827	NC	0.052934	0.006762
GSA-rs9617098	22	50439626	NC	0.021888	0.491101
GSA-rs137862	22	50446550	NC	0.068219	0.520484
GSA-rs369901019	22	50448050	NC	-0.044678	0.517823
rs713669	22	50451771	NC	0.104717	0.000000
GSA-rs78270429	22	50456312	NC	0.055511	0.007263
rs137878	22	50456791	NC	-0.088788	0.017505
rs114396700	22	50458664	NC	0.021280	0.483735
GSA-rs137885	22	50463231	NC	-0.019140	0.000000
rs73183330	22	50465324	NC	-0.044650	0.500816
GSA-rs115704036	22	50468220	NC	-0.031314	0.000000
chr22-50470192	22	50470192	NC	0.105996	0.500752
rs11101958	22	50470516	NC	0.065416	0.493097
GSA-rs76786083	22	50472838	NC	-0.034649	0.986036
rs56327033	22	50473055	NC	-0.000452	0.984751
GSA-rs1079653	22	50474857	NC	-0.064292	0.502728
rs5771131	22	50478828	NC	-0.081476	0.000000
rs79814761	22	50490935	NC	-0.009855	0.504236
rs7290681	22	50492235	NC	-0.032643	0.515912
chr22-50493004	22	50493004	NC	0.058587	0.477877
rs2294384	22	50498869	NC	-0.011114	0.505956
GSA-rs41283496	22	50499957	NC	-0.076350	0.990696
GSA-rs183916737	22	50500375	NC	-0.104658	0.495785
rs137920	22	50501059	NC	0.006103	0.489839
rs2294385	22	50504446	NC	-0.131769	0.491268
rs35110809	22	50506385	NC	-0.062657	1.000000
rs2076132	22	50508781	NC	-0.068766	0.485412
GSA-rs73183393	22	50511819	NC	0.061250	0.489188
rs41302601	22	50512705	NC	-0.121512	0.496417
rs11568178	22	50512731	NC	-0.019187	1.000000
rs121908345	22	50518820	NC	-0.078424	0.510361
rs28362607	22	50523745	NC	-0.089553	1.000000
rs140532446	22	50537980	NC	0.050327	0.010274
rs6010173	22	50546467	NC	0.108306	0.014178
GSA-rs117054355	22	50546485	NC	-0.064687	0.493091
chr22-50547272	22	50547272	NC	-0.059435	0.000000
GSA-rs77297773	22	50552012	NC	-0.036491	0.502383
chr22-50552156	22	50552156	NC	0.097035	0.507279
chr22-50555644	22	50555644	NC	0.054107	0.990352
rs138224	22	50556487	NC	-0.011793	1.000000
chr22-50558941	22	50558941	NC	-0.042555	0.998266
chr22-50582625	22	50582625	NC	-0.116117	1.000000
rs59650998	22	50582868	NC	-0.053175	0.496946
rs112256184	22	50583361	NC	-0.037505	0.000000
GSA-rs55747387	22	50584130	NC	-0.008816	0.494035
rs138270	22	50587979	NC	-0.010659	0.491534
GSA-rs12484907	22	50588313	NC	0.009838	0.509604
rs5771086	22	50595842	NC	0.080733	0.989905
chr22-50598215	22	50598215	NC	0.015765	0.506334
rs4838857	22	50601063	NC	0.007459	0.987973
GSA-rs9628267	22	50601721	NC	0.067598	0.507890
GSA-rs118178636	22	50610598	NC	0.075044	0.492781
GSA-rs75222915	22	50619422	NC	0.081677	0.495362
GSA-rs28479153	22	50620200	NC	0.091004	0.500641
rs1555050	22	50627253	NC	-0.028680	0.993697
rs56036086	22	50628996	NC	-0.025966	1.000000
rs6537637	22	50632963	NC	-0.011679	0.505331
rs151171493	22	50647038	NC	0.110441	0.998452
chr22-50647092	22	50647092	NC	-0.084897	1.000000
chr22-50654298	22	50654298	NC	0.035954	0.000000
GSA-rs34163881	22	50655543	NC	-0.000325	0.016822
rs2272852	22	50655676	NC	0.053016	0.999038
chr22-50655781	22	50655781	NC	0.079985	1.000000
chr22-50656430	22	50656430	NC	0.027811	0.992567
rs146532216	22	50656736	NC	0.088059	0.006878
chr22-50656773	22	50656773	NC	-0.137110	0.511488
rs138207892	22	50657206	NC	-0.009793	0.990990
rs145518427	22	50658082	NC	-0.018820	0.000000
rs115418729	22	50658203	NC	-0.006711	0.000000
GSA-rs17248287	22	50659094	NC	0.053211	0.502565
GSA-rs149231425	22	50659598	NC	-0.059885	0.514952
rs138592738	22	50663015	NC	0.057190	1.000000
rs5771259	22	50675962	NC	0.045639	0.504438
rs7511006	22	50676259	NC	-0.060911	0.506999
rs192919234	22	50678643	NC	0.034486	0.000000
chr22-50678653	22	50678653	NC	0.022572	0.016833
rs148626062	22	50682800	NC	0.076935	1.000000
rs138919111	22	50684515	NC	-0.036591	0.000000
chr22-50685303	22	50685303	NC	-0.011877	0.508346
GSA-rs35820251	22	50686830	NC	0.094870	0.506921
rs143228101	22	50688573	NC	0.164473	0.512337
rs138582408	22	50691870	NC	-0.019276	0.998533
chr22-50694238	22	50694238	NC	-0.058785	1.000000
rs2230823	22	50694529	NC	-0.069903	0.005737
rs73187284	22	50696662	NC	-0.050844	0.510228
rs34422484	22	50696678	NC	-0.002922	0.490482
rs742184	22	50697119	NC	0.013809	0.507054
rs138533200	22	50699625	NC	-0.128188	0.002457
GSA-rs33932986	22	50704028	NC	-0.139997	0.000000
rs2076139	22	50704661	NC	-0.018487	0.487305
chr22-50705137	22	50705137	NC	0.133488	0.485371
chr22-50705203	22	50705203	NC	0.044254	0.498037
GSA-rs117450593	22	50708291	NC	-0.008899	0.516791
GSA-rs61760587	22	50709226	NC	0.015455	0.487647
GSA-rs34823637	22	50709415	NC	-0.015387	0.007848
rs909691	22	50709495	NC	-0.020505	0.511892
rs4838815	22	50713409	NC	-0.007919	0.018488
rs149124212	22	50714320	NC	0.052002	0.511412
GSA-rs75930249	22	50715888	NC	0.049722	0.988978
rs1127000	22	50716167	NC	0.050721	1.000000
rs182970183	22	50717060	NC	0.120948	0.495343
GSA-rs76461841	22	50717787	NC	-0.131677	0.486609
chr22-50721187	22	50721187	NC	0.102646	0.010904
GSA-rs62621372	22	50721492	NC	0.045506	0.504296
GSA-rs144108995	22	50724504	NC	-0.061740	0.997354
GSA-rs58705604	22	50726627	NC	-0.036752	0.488198
rs28379706	22	50728062	NC	-0.060215	0.477483
rs73437463	22	50734244	NC	-0.145073	0.008459
GSA-rs73891214	22	50739049	NC	0.069530	0.502524
GSA-rs11553142	22	50750481	NC	0.045015	1.000000
rs35812349	22	50754363	NC	-0.025980	0.006781
GSA-rs11553143	22	50754512	NC	-0.077025	0.994368
rs139295151	22	50755012	NC	0.073949	0.521657
GSA-rs150997450	22	50774042	NC	-0.038338	0.498072
rs58971390	22	50802699	NC	-0.008695	0.000000
GSA-rs8142229	22	50814075	NC	0.019872	0.497432
rs7290471	22	50814524	NC	-0.110586	0.501219
GSA-rs7287079	22	50815903	NC	0.006662	1.000000
rs7284516	22	50817485	NC	-0.024688	1.000000
GSA-rs78225146	22	50820671	NC	-0.052037	0.000000
rs117246629	22	50827756	NC	0.071724	1.000000
rs7510868	22	50830044	NC	-0.050610	0.006854
rs7410465	22	50856222	NC	0.004656	0.494340
rs2334099	22	50868013	NC	-0.110491	0.981189
rs150134312	22	50873450	NC	0.051653	0.481106
rs201604809	22	50876612	NC	-0.088538	0.511104
rs11555194	22	50876662	NC	0.048435	0.493592
GSA-rs118082496	22	50876761	NC	-0.021035	0.483031
rs200173779	22	50878409	NC	-0.030563	0.015693
rs146207636	22	50882323	NC	-0.098283	0.495966
GSA-rs56269507	22	50882338	NC	-0.036282	0.483453
GSA-rs117141973	22	50890009	NC	-0.061839	0.000000
rs4824146	22	50892415	NC	-0.101847	0.494032
rs147869659	22	50893019	NC	-0.153227	0.494813
rs5771040	22	50902390	NC	0.056875	0.000000
rs185916020	22	50904223	NC	-0.142460	0.490433
rs146989767	22	50905850	NC	0.143401	0.497306
GSA-rs738683	22	50910875	NC	0.079010	0.485157
GSA-rs57016867	22	50911723	NC	-0.095021	0.998507
rs9628167	22	50923868	NC	-0.027933	0.987422
chr22-50926366	22	50926366	NC	-0.020269	0.467100
GSA-rs41280565	22	50927956	NC	-0.230570	0.000000
GSA-rs41280567	22	50928012	NC	-0.007815	0.005522
rs2232887	22	50928331	NC	-0.026938	0.983360
GSA-rs4824157	22	50929581	NC	-0.065517	1.000000
rs6009972	22	50930266	NC	0.042571	0.501609
rs8138406	22	50937445	NC	0.064124	0.484383
rs114166322	22	50944045	NC	-0.011758	0.010348
rs6010121	22	50947611	NC	-0.044184	0.493480
GSA-rs115920265	22	50951347	NC	-0.063852	0.000000
GSA-rs75276302	22	50952989	NC	-0.077789	0.503319
rs73172241	22	50955615	NC	0.029212	0.014167
chr22-50956067	22	50956067	NC	-0.024179	0.988050
rs141300835	22	50957143	NC	-0.009980	1.000000
GSA-rs17850507	22	50957733	NC	0.031955	0.498414
rs140524	22	50960682	NC	0.004992	1.000000
rs74315511	22	50962423	NC	-0.040403	0.490858
seq-rs748973032	22	50962558	NC	0.086432	1.000000
chr22-50964207	22	50964207	NC	-0.095341	0.005322
GSA-22:50965801	22	50965801	NC	0.066648	1.000000
rs121913039	22	50966041	NC	-0.053342	1.000000
rs470119	22	50966914	NC	0.095000	0.006125
rs188802138	22	50967020	NC	-0.091394	0.495185
seq-rs863224250	22	50967624	NC	0.004606	0.000000
rs140522	22	50971266	NC	-0.156833	0.486793
rs131794	22	50971752	NC	0.048082	0.486547
rs131788	22	50976754	NC	0.062342	0.462394
rs6009986	22	50983936	NC	-0.016902	0.992158
GSA-rs62239508	22	50986647	NC	-0.063812	0.005657
rs141222336	22	50988376	NC	-0.168411	0.495815
rs6009989	22	50989678	NC	0.019715	0.000000
rs55829948	22	50989742	NC	-0.038441	0.972465
GSA-rs6520149	22	50990669	NC	0.017457	0.000000
rs131777	22	50991033	NC	0.041901	0.012914
rs138319189	22	50994831	NC	0.016542	0.997146
GSA-rs6010000	22	50996147	NC	0.000388	0.499083
GSA-rs6010001	22	50996156	NC	-0.122265	0.514905
GSA-rs6010006	22	50997261	NC	-0.019361	0.512961
GSA-rs9628177	22	50999490	NC	0.001253	1.000000
rs5770893	22	51000346	NC	0.055744	1.000000
GSA-rs2073604	22	51008925	NC	-0.078283	0.522281
rs5770911	22	51011241	NC	0.001689	0.511885
rs2269383	22	51012775	NC	-0.053591	0.000000
GSA-rs73445514	22	51015572	NC	-0.133522	0.000000
GSA-rs3213445	22	51015838	NC	0.058617	0.006621
GSA-rs131749	22	51024624	NC	-0.145682	1.000000
rs62239540	22	51025326	NC	0.015743	0.508379
rs7287960	22	51026405	NC	0.057826	0.000000
GSA-rs3213444	22	51035829	NC	0.008384	0.511378
rs3213443	22	51035885	NC	0.064513	0.500898
GSA-rs75209192	22	51039317	NC	-0.038116	0.510692
rs3219201	22	51043278	NC	-0.051865	1.000000
rs181823777	22	51043833	NC	0.010708	1.000000
chr22-51045355	22	51045355	NC	0.055498	0.014414
rs11091008	22	51046189	NC	-0.018126	0.507071
rs149970240	22	51048150	NC	0.069737	0.010545
chr22-51048176	22	51048176	NC	0.030704	0.492264
rs14136	22	51048721	NC	-0.057913	0.000000
GSA-rs140510	22	51052379	NC	-0.017187	0.985145
rs131728	22	51054264	NC	0.011399	0.003427
GSA-rs131724	22	51055900	NC	0.055449	1.000000
GSA-rs131718	22	51057923	NC	-0.063373	1.000000
rs73172277	22	51061827	NC	0.074578	0.505961
rs6151429	22	51063477	NC	0.033848	0.000000
rs28940893	22	51063820	NC	0.040952	0.495558
rs80338820	22	51064006	NC	-0.040230	0.000667
rs2071421	22	51064416	NC	0.084838	1.000000
rs143994992	22	51064489	NC	-0.024832	0.499298
rs199476349	22	51064678	NC	-0.029824	1.000000
rs74315472	22	51065046	NC	0.013269	1.000000
rs74315483	22	51065110	NC	-0.030766	0.497517
rs74315470	22	51065137	NC	-0.096259	0.005148
rs201251634	22	51065287	NC	0.024175	0.015465
rs201794808	22	51065341	NC	0.024862	0.512260
rs74315457	22	51065404	NC	-0.030202	0.498456
rs80338815	22	51065593	NC	0.004472	0.003884
rs74315461	22	51065689	NC	0.040221	0.484077
seq-rs74315455	22	51065757	NC	0.062513	0.493960
rs74315456	22	51065766	NC	0.008390	0.515744
rs74315458	22	51065802	NC	0.085162	0.481592
rs9616802	22	51072161	NC	-0.025842	0.491803
GSA-rs78222150	22	51079446	NC	-0.011172	0.000000
GSA-rs117063829	22	51094492	NC	-0.056277	0.512575
rs6010044	22	51101938	NC	0.010737	0.490531
rs9616906	22	51104680	NC	0.002541	0.978888
GSA-rs9616812	22	51105556	NC	0.037410	0.523295
rs78399651	22	51111460	NC	0.163717	1.000000
rs9616915	22	51117580	NC	-0.082912	0.992008
GSA-rs117641416	22	51123287	NC	-0.000490	0.990983
rs9616816	22	51123505	NC	0.053046	0.512468
GSA-rs7354797	22	51128648	NC	-0.126271	1.000000
GSA-rs77452243	22	51134387	NC	-0.003674	0.504414
rs736334	22	51139178	NC	-0.062862	0.491890
rs2341010	22	51139380	NC	0.057816	0.001956
rs739365	22	51140316	NC	-0.023646	0.000000
rs201986012	22	51142642	NC	-0.082781	0.507314
rs147941361	22	51143191	NC	0.114579	0.499465
rs182897668	22	51143287	NC	0.009743	1.000000
chr22-51144590	22	51144590	NC	0.091490	1.000000
GSA-rs142356721	22	51145746	NC	-0.049300	0.000000
rs6009951	22	51151350	NC	-0.039964	0.494374
GSA-rs61729471	22	51153371	NC	-0.034753	0.015648
GSA-rs6010063	22	51156933	NC	-0.068318	0.510555
GSA-rs76161499	22	51157353	NC	-0.091551	0.001753
rs200572899	22	51159408	NC	0.045674	0.523597
rs200077311	22	51159624	NC	-0.205652	0.988010
rs201793890	22	51160140	NC	-0.042575	0.000000
rs186474600	22	51160539	NC	-0.052141	0.000000
rs10451	22	51162059	NC	-0.008762	0.000240
GSA-rs73174435	22	51174939	NC	0.024678	0.513934
rs79314756	22	51176734	NC	0.056643	0.502905
rs77216309	22	51177022	NC	-0.127093	0.504693
GSA-rs73174437	22	51177257	NC	-0.093959	0.518358
exm2268446	22	51181759	NC	-0.033521	0.511505
GSA-rs8135434	22	51186276	NC	-0.090745	0.000000
rs113391741	22	51187440	NC	-0.073762	0.000000
