Name	Chr	Position	GType	Log R Ratio	B Allele Freq
GSA-rs369330203	22	16868036	NC	-0.075231	0.483500
GSA-rs190051309	22	16874656	NC	0.037812	1.000000
rs5746643	22	17056038	NC	-0.036717	1.000000
rs16980739	22	17058616	NC	0.021059	0.996457
GSA-rs149971849	22	17061371	NC	-0.012840	0.507797
GSA-rs5993499	22	17068748	NC	0.120752	0.496381
GSA-rs13053626	22	17070109	NC	-0.077342	1.000000
chr22-17072482	22	17072482	NC	0.070724	1.000000
GSA-rs5747999	22	17075353	NC	-0.003825	0.000000
rs111636940	22	17079911	NC	-0.067395	0.480280
GSA-rs148392464	22	17099273	NC	0.064784	0.488307
rs9606008	22	17102604	NC	-0.030941	0.000000
GSA-rs117430084	22	17108381	NC	-0.021752	0.506101
GSA-rs147153575	22	17116070	NC	0.065669	0.000000
GSA-rs17347266	22	17128441	NC	-0.019738	0.492685
rs150699398	22	17169403	NC	-0.056895	0.000000
rs116456468	22	17169522	NC	0.024950	0.498313
rs116282162	22	17169762	NC	0.023621	0.520270
rs150206476	22	17171725	NC	0.133064	0.000000
rs202098051	22	17178015	NC	0.135032	0.512212
rs116224412	22	17178601	NC	-0.014983	1.000000
rs145241311	22	17187276	NC	0.075266	1.000000
GSA-rs117639349	22	17196213	NC	-0.025884	0.000000
GSA-rs147020688	22	17199548	NC	0.006996	0.496613
GSA-rs2845381	22	17203532	NC	-0.084827	1.000000
GSA-rs2845344	22	17212553	NC	-0.002577	0.014280
GSA-rs76031193	22	17217247	NC	0.050405	0.004366
rs1807512	22	17221495	NC	0.025357	1.000000
GSA-rs2529895	22	17222934	NC	-0.031440	0.992344
rs4819880	22	17223938	NC	0.019153	0.000000
rs5748593	22	17227461	NC	0.054723	0.493510
rs114289989	22	17255527	NC	0.037799	0.025988
rs114306778	22	17265124	NC	0.096943	0.000000
rs116510665	22	17274624	NC	0.028678	0.493751
GSA-rs5748642	22	17278928	NC	0.016758	0.993436
rs5748648	22	17280822	NC	-0.004958	0.482447
exm2273050	22	17285949	NC	0.089203	0.487544
rs2072466	22	17289118	NC	-0.015712	0.013080
rs874836	22	17301843	NC	-0.089097	0.000000
GSA-rs9606482	22	17317299	NC	0.091103	0.020288
GSA-rs5746906	22	17318333	NC	0.021144	0.506180
rs165778	22	17319156	NC	0.063605	0.500141
rs165927	22	17326914	NC	0.055928	0.511458
GSA-rs9617920	22	17327157	NC	-0.055672	0.497260
GSA-rs5748684	22	17337527	NC	-0.065190	0.529098
rs165886	22	17339003	NC	0.105871	0.503038
rs1974654	22	17340419	NC	0.040777	0.489149
rs165731	22	17346602	NC	-0.057765	1.000000
GSA-rs142725680	22	17392955	NC	0.010619	0.503608
GSA-22:17398426	22	17398426	NC	-0.027289	1.000000
rs7293026	22	17398800	NC	-0.027930	1.000000
rs8136206	22	17399211	NC	-0.046422	0.026208
GSA-rs79623605	22	17408459	NC	0.020108	1.000000
rs9605180	22	17412690	NC	-0.019352	0.995366
rs9618937	22	17414640	NC	-0.131699	0.012258
rs2385785	22	17427037	NC	0.031053	0.993933
GSA-rs116953556	22	17427455	NC	0.019118	0.000000
GSA-rs1981707	22	17429384	NC	0.075578	0.975843
rs5748762	22	17434521	NC	-0.038117	0.998002
GSA-rs76025168	22	17437133	NC	0.059111	0.472169
GSA-rs9606550	22	17443179	NC	-0.028121	0.000244
GSA-rs117673209	22	17444407	NC	-0.048357	0.512864
rs56349544	22	17446715	NC	0.086921	0.524536
rs4819925	22	17446991	NC	-0.037845	0.008014
GSA-rs17806562	22	17450247	NC	-0.007527	0.525252
rs61741409	22	17450929	NC	0.006729	0.509704
rs11703655	22	17450952	NC	-0.077477	0.489963
rs5992600	22	17451710	NC	0.166320	0.492436
GSA-rs144427521	22	17468918	NC	0.006119	1.000000
GSA-rs11704768	22	17469558	NC	-0.027358	0.986933
GSA-22:17471800	22	17471800	NC	0.043774	0.508622
GSA-rs5748787	22	17474773	NC	-0.019468	0.496708
rs11913227	22	17489890	NC	0.008960	0.997276
rs10439907	22	17491584	NC	0.066944	1.000000
GSA-rs917838	22	17492452	NC	0.034353	0.488143
rs62237429	22	17492987	NC	-0.022198	0.995342
rs5746962	22	17493520	NC	-0.056686	0.478804
rs10483090	22	17539678	NC	0.078734	0.000000
GSA-rs73149809	22	17542150	NC	0.114364	0.000071
GSA-rs112010533	22	17550694	NC	-0.050196	0.000000
GSA-rs76113509	22	17561569	NC	0.035473	0.013897
rs4819956	22	17561913	NC	0.169629	0.485883
rs1990502	22	17573272	NC	-0.090488	0.014620
rs9605215	22	17579013	NC	0.023256	0.000000
GSA-rs9606614	22	17579956	NC	0.048837	0.517884
rs2241044	22	17581838	NC	-0.043443	0.488103
rs140221307	22	17586757	NC	-0.025245	0.501571
rs879577	22	17589209	NC	0.132343	1.000000
rs146478431	22	17589283	NC	-0.011612	1.000000
GSA-rs12484684	22	17589794	NC	-0.001220	1.000000
GSA-rs11913443	22	17594977	NC	-0.023695	0.499135
GSA-rs79403391	22	17597501	NC	0.062944	0.508050
GSA-rs738033	22	17599844	NC	0.051617	0.483839
rs149370082	22	17600313	NC	-0.029243	0.522317
GSA-rs3827295	22	17600497	NC	0.039081	0.963880
rs61741012	22	17600689	NC	-0.055001	0.985353
rs28360663	22	17603503	NC	-0.030323	0.986778
rs5748875	22	17605899	NC	0.071567	0.999221
rs74276301	22	17610214	NC	-0.036116	0.495753
rs5748883	22	17611515	NC	0.109005	0.512443
rs4819558	22	17616217	NC	0.066912	0.001928
GSA-rs5994175	22	17618142	NC	-0.017588	0.514394
rs740422	22	17619292	NC	-0.047341	0.021881
GSA-rs41282459	22	17619393	NC	0.081089	0.515499
rs5747007	22	17620130	NC	0.074180	0.000000
GSA-rs5747008	22	17623408	NC	0.109795	0.510688
GSA-rs35665085	22	17625915	NC	-0.010645	0.505113
chr22-17625997	22	17625997	NC	-0.073360	0.494699
rs2286956	22	17630378	NC	0.015084	0.000000
chr22-17630548	22	17630548	NC	0.115469	0.519683
GSA-rs5994180	22	17634050	NC	0.059394	0.530630
GSA-rs11912533	22	17635874	NC	-0.029336	0.502564
GSA-rs79822985	22	17639837	NC	0.047067	1.000000
GSA-rs7287672	22	17640045	NC	-0.017134	0.996498
rs5748921	22	17645139	NC	0.098085	0.481835
rs73383947	22	17647520	NC	0.007334	0.000000
rs5748926	22	17649774	NC	0.092240	0.483977
rs72490628	22	17649805	NC	-0.064747	0.990526
GSA-rs7287046	22	17653020	NC	0.031842	0.500027
GSA-rs5748928	22	17654068	NC	-0.043808	0.489701
rs1125471	22	17656724	NC	0.020141	0.488287
rs1076102	22	17658341	NC	-0.084192	0.496048
GSA-rs73385926	22	17661372	NC	-0.073621	0.508031
GSA-rs74981457	22	17664307	NC	-0.001175	0.006515
GSA-rs7288243	22	17666839	NC	0.009387	0.499111
rs7284498	22	17669199	NC	-0.011334	0.475259
GSA-rs116020027	22	17669245	NC	-0.035096	1.000000
rs2231495	22	17669306	NC	0.026296	0.980347
chr22-17669339	22	17669339	NC	-0.041108	0.002966
rs5992636	22	17670224	NC	-0.142135	0.518278
rs2286347	22	17671052	NC	-0.000108	0.493138
GSA-rs4819973	22	17674117	NC	0.129926	0.481957
rs5992637	22	17675900	NC	-0.062497	0.511297
rs80063454	22	17680656	NC	-0.003884	0.990692
rs1076106	22	17682294	NC	0.185898	0.515947
rs28607941	22	17694949	NC	0.061961	0.487307
rs5748955	22	17698173	NC	0.024728	0.489056
rs737967	22	17702778	NC	-0.010003	0.514794
rs5994213	22	17709828	NC	-0.005830	0.500207
rs4819565	22	17713433	NC	-0.013931	0.023323
GSA-rs116724636	22	17714006	NC	-0.034610	0.494305
GSA-rs78588065	22	17714985	NC	-0.030718	0.006362
rs34611736	22	17715095	NC	0.065311	0.000000
rs5748974	22	17717841	NC	-0.028020	0.497892
rs9605241	22	17722053	NC	-0.060586	0.491273
rs1006015	22	17722536	NC	-0.053058	1.000000
rs727188	22	17722982	NC	-0.067611	0.993755
GSA-rs117577985	22	17723712	NC	0.021680	0.487861
GSA-rs62236465	22	17723899	NC	-0.143785	0.489052
rs5747037	22	17724093	NC	0.017081	0.000000
rs4819980	22	17725150	NC	-0.006009	1.000000
rs62236466	22	17725899	NC	0.027750	1.000000
rs5747039	22	17726469	NC	0.092702	0.018263
GSA-rs118191071	22	17727015	NC	-0.084102	1.000000
rs4819982	22	17727648	NC	0.013208	0.489623
rs5748987	22	17728523	NC	0.093588	0.466995
rs8138422	22	17728832	NC	-0.003009	0.497175
rs9605246	22	17731977	NC	-0.144815	0.999222
GSA-rs9606669	22	17733896	NC	0.023445	1.000000
GSA-rs114035176	22	17735864	NC	0.129003	0.001074
GSA-rs5749000	22	17738177	NC	0.034365	1.000000
rs10433302	22	17738321	NC	0.025528	0.505792
rs73876679	22	17741701	NC	0.047669	0.488711
GSA-rs148312974	22	17751002	NC	-0.050787	0.500760
rs116486267	22	17753699	NC	0.051126	0.000000
rs73387664	22	17762499	NC	-0.134347	1.000000
rs5749010	22	17765505	NC	0.065881	0.000000
rs11704699	22	17770181	NC	0.068460	0.480880
rs4819994	22	17781555	NC	-0.031346	0.518873
rs12160031	22	17784602	NC	0.002999	0.998408
rs737972	22	17785199	NC	0.003378	0.508576
rs4819996	22	17790731	NC	-0.037675	1.000000
rs11089427	22	17790906	NC	-0.128639	1.000000
GSA-rs117379082	22	17792855	NC	0.003269	0.494679
GSA-rs148829317	22	17797691	NC	-0.042645	0.000000
rs5994256	22	17798800	NC	0.018629	0.000000
GSA-rs78597019	22	17800461	NC	0.009576	0.989915
rs5992662	22	17803872	NC	0.004577	0.502363
GSA-rs149769792	22	17816691	NC	-0.013635	0.001082
rs115079653	22	17818807	NC	-0.114909	0.003643
rs5749039	22	17818894	NC	-0.016344	0.514143
GSA-rs10854596	22	17818918	NC	-0.016039	0.488630
GSA-rs12483852	22	17827558	NC	-0.176630	0.514718
GSA-rs117946543	22	17827613	NC	-0.047447	0.007876
rs2040692	22	17831813	NC	0.004551	0.019010
rs5749050	22	17834655	NC	-0.005949	0.497500
GSA-rs118128386	22	17839775	NC	-0.129681	0.481905
GSA-rs4413243	22	17840791	NC	-0.151407	0.497741
rs4607032	22	17841068	NC	0.054651	0.001413
GSA-rs73153485	22	17846148	NC	-0.018459	0.516587
rs73876413	22	17849249	NC	-0.039241	0.501508
GSA-rs116898257	22	17850483	NC	-0.029161	0.001144
rs9618000	22	17853714	NC	0.014140	1.000000
rs5992678	22	17858763	NC	-0.078981	0.512225
rs5746359	22	17860048	NC	-0.019945	0.019191
GSA-rs73153490	22	17860359	NC	0.015312	0.499202
GSA-rs11089174	22	17861131	NC	-0.058774	0.506382
rs79868360	22	17868593	NC	0.040895	0.000000
GSA-rs75103738	22	17874348	NC	0.129179	0.511767
GSA-rs76782662	22	17876723	NC	-0.040351	0.982083
GSA-rs7510854	22	17877985	NC	0.029202	0.002492
rs73153496	22	17881271	NC	-0.026879	0.506286
rs5747103	22	17883220	NC	-0.017724	0.000000
rs17808603	22	17886806	NC	0.021150	0.012495
GSA-rs5746366	22	17890558	NC	0.091462	0.000000
GSA-rs9605284	22	17891234	NC	-0.023257	0.007904
GSA-rs78287228	22	17892060	NC	0.049775	0.499593
rs5992044	22	17895051	NC	0.027552	0.499846
rs16982400	22	17897544	NC	-0.027021	0.007722
GSA-rs77992734	22	17898183	NC	-0.036815	0.000000
rs5992045	22	17898402	NC	0.040874	1.000000
rs2078734	22	17901683	NC	0.083153	0.505738
GSA-rs2518732	22	17901925	NC	0.088339	0.489884
rs2518734	22	17901940	NC	-0.028848	0.000000
rs5747122	22	17903914	NC	0.036167	0.000000
rs929167	22	17903917	NC	-0.140321	0.988528
GSA-rs73876434	22	17907583	NC	-0.056954	0.001979
rs1981533	22	17910586	NC	0.017552	1.000000
GSA-rs5992707	22	17915744	NC	-0.046162	0.502839
rs10460749	22	17916116	NC	0.039432	0.000000
GSA-rs5992708	22	17916235	NC	0.044185	1.000000
GSA-rs117622360	22	17924567	NC	0.022712	0.000170
GSA-rs78857836	22	17929594	NC	0.104003	0.994087
rs2157720	22	17932686	NC	-0.010580	0.996914
rs5747171	22	17936911	NC	0.022306	0.499359
rs5746410	22	17945922	NC	-0.060188	0.515536
rs66471604	22	17946058	NC	0.008518	0.010387
rs2522288	22	17946168	NC	-0.025617	0.498635
GSA-rs17741035	22	17952520	NC	-0.027287	1.000000
GSA-rs78110804	22	17965444	NC	-0.019543	1.000000
rs182513499	22	17979673	NC	0.036122	0.990076
GSA-rs78771124	22	17984525	NC	0.084002	0.502622
rs1296754	22	17985560	NC	0.095808	0.996917
rs9604751	22	17986344	NC	-0.073764	0.992160
rs8141657	22	17988394	NC	0.039979	0.479708
rs5747211	22	17990852	NC	-0.090591	0.507715
GSA-rs17741273	22	17992309	NC	0.024689	1.000000
GSA-rs16982577	22	17992460	NC	0.015659	0.515929
rs174306	22	17999158	NC	0.184345	0.484073
rs1296778	22	18005947	NC	0.188997	0.000000
rs174330	22	18009909	NC	-0.063481	0.519582
GSA-rs2401125	22	18010945	NC	0.068226	0.002972
rs1974713	22	18013723	NC	-0.035361	0.019847
GSA-rs2018494	22	18015567	NC	0.019983	0.505830
GSA-rs117791365	22	18016012	NC	0.174451	1.000000
rs174335	22	18016508	NC	0.043648	0.000000
GSA-rs116033717	22	18018821	NC	-0.093625	0.000000
GSA-rs5992732	22	18020796	NC	0.028184	0.501117
rs1296794	22	18021604	NC	-0.095734	0.516998
GSA-rs1296795	22	18021760	NC	0.049939	1.000000
rs55951662	22	18025719	NC	-0.055654	1.000000
chr22-18028639	22	18028639	NC	-0.060369	0.505754
rs142851999	22	18029251	NC	0.040701	0.507017
GSA-rs62238766	22	18029408	NC	0.026133	0.988922
GSA-rs1296801	22	18030738	NC	-0.067224	0.488043
rs181553013	22	18031793	NC	-0.043746	0.018131
rs174346	22	18036253	NC	0.099579	0.006411
GSA-rs148136596	22	18042154	NC	0.022025	0.995604
rs12483850	22	18046944	NC	0.017002	0.512957
rs412830	22	18049681	NC	0.004430	0.506600
GSA-rs1296809	22	18050386	NC	0.061011	0.475217
rs1296810	22	18054369	NC	-0.003537	0.002964
GSA-rs9306195	22	18055380	NC	-0.048210	0.000000
rs60322904	22	18067777	NC	0.040996	0.000000
GSA-rs5746439	22	18068785	NC	-0.014586	0.011379
GSA-rs5992749	22	18076523	NC	0.002490	1.000000
chr22:18076546	22	18076546	NC	0.070578	0.535954
rs74780212	22	18090664	NC	-0.003863	0.506485
rs1034470	22	18093102	NC	-0.111486	0.986864
rs2401162	22	18099460	NC	-0.115385	0.000000
GSA-rs45547040	22	18102498	NC	-0.095557	0.000000
rs9605348	22	18103861	NC	0.103317	1.000000
rs5747302	22	18118204	NC	0.028758	0.013965
GSA-rs117157566	22	18118296	NC	-0.037797	0.505482
rs66838241	22	18119761	NC	0.002675	0.496817
GSA-rs1080199	22	18120850	NC	0.017292	0.991327
GSA-rs73163139	22	18122180	NC	-0.062825	0.496090
rs16980984	22	18123036	NC	-0.018583	0.477645
GSA-rs76544340	22	18161762	NC	0.047935	0.486638
GSA-rs117986610	22	18163756	NC	-0.016492	0.516906
GSA-rs79783036	22	18166960	NC	0.051489	0.000000
rs73163153	22	18167335	NC	0.003866	0.481811
GSA-rs61741787	22	18171776	NC	0.008817	0.000000
rs2535704	22	18174658	NC	-0.047442	0.487999
rs78160286	22	18185123	NC	-0.115882	0.000000
rs62240511	22	18207220	NC	0.039509	0.000000
GSA-rs725768	22	18210409	NC	0.103049	0.000000
rs181380	22	18212530	NC	0.128886	0.482893
GSA-rs8190354	22	18218311	NC	0.021324	1.000000
rs4819626	22	18221958	NC	0.034391	0.003286
rs181390	22	18222263	NC	-0.020471	0.500726
rs181399	22	18225318	NC	0.094876	0.506679
GSA-rs1468926	22	18226327	NC	-0.014702	0.030654
GSA-rs2072392	22	18226612	NC	0.018346	1.000000
GSA-rs8190315	22	18226764	NC	0.134971	0.492561
GSA-rs8190307	22	18227564	NC	0.036180	0.000000
GSA-rs5747339	22	18229187	NC	0.008966	0.006450
GSA-rs2289713	22	18233154	NC	0.100729	0.988243
rs181408	22	18235305	NC	-0.073521	0.000000
GSA-rs76774406	22	18240602	NC	0.019162	0.467453
rs62238875	22	18247625	NC	0.000169	0.504819
GSA-rs13055924	22	18253187	NC	0.005870	0.000000
GSA-rs113584863	22	18253888	NC	0.027638	0.010298
rs738095	22	18255988	NC	-0.017876	0.500479
rs8190256	22	18258344	NC	0.051444	0.496514
GSA-rs8190251	22	18259071	NC	0.053941	0.000000
GSA-rs5992833	22	18261346	NC	-0.001039	0.007520
rs372204	22	18262517	NC	-0.015273	0.019165
rs408656	22	18263268	NC	0.066820	0.000000
GSA-rs741458	22	18265683	NC	0.005799	0.004900
rs34138371	22	18268130	NC	0.003060	0.506271
rs7675	22	18270779	NC	0.024244	0.000000
GSA-rs76020454	22	18275187	NC	0.036755	0.000000
rs382013	22	18276101	NC	-0.059534	0.983769
GSA-rs77264692	22	18278393	NC	-0.001610	0.500788
GSA-rs433415	22	18279383	NC	0.065114	0.497074
GSA-rs421464	22	18282526	NC	-0.017579	0.000000
GSA-rs11913358	22	18288040	NC	-0.028337	0.992828
rs390041	22	18288362	NC	0.041637	0.494363
rs8140645	22	18289555	NC	-0.050305	0.993358
GSA-rs61739631	22	18293502	NC	0.010295	0.521548
rs201337842	22	18293533	NC	0.026233	0.981191
rs388415	22	18294211	NC	0.008438	0.503031
GSA-rs2277831	22	18299197	NC	-0.001746	0.988137
rs5992854	22	18300240	NC	0.041376	0.497705
chr22-18301076	22	18301076	NC	0.012129	0.494237
rs148613283	22	18301508	NC	-0.083114	0.000000
GSA-rs7286597	22	18304426	NC	-0.036300	0.016791
rs74826570	22	18307079	NC	-0.082621	0.000000
rs34837770	22	18309658	NC	-0.038144	0.000000
rs61744286	22	18310439	NC	0.015920	0.529031
rs5992122	22	18312343	NC	-0.020525	1.000000
rs367922	22	18314391	NC	0.017256	0.496929
rs139179926	22	18314815	NC	0.008516	0.987176
rs80133101	22	18317550	NC	-0.012868	0.503213
GSA-rs73384554	22	18320739	NC	0.041568	1.000000
rs2587108	22	18320886	NC	0.053135	0.493586
rs2587109	22	18323438	NC	0.008212	0.499726
GSA-rs117402742	22	18330098	NC	-0.065955	0.000000
rs9617628	22	18333467	NC	-0.070823	0.510580
GSA-rs79975430	22	18333639	NC	0.097474	0.508049
GSA-rs5992124	22	18334573	NC	0.100467	1.000000
GSA-rs117463185	22	18336087	NC	-0.061959	0.002520
rs117662450	22	18343191	NC	-0.013124	1.000000
rs200738503	22	18347707	NC	-0.061499	0.517299
rs60472362	22	18349348	NC	0.084232	0.988240
chr22-18358242	22	18358242	NC	0.052422	0.486607
GSA-rs5992882	22	18358301	NC	0.027190	0.512813
rs1076113	22	18368147	NC	-0.047916	0.496625
rs148674116	22	18379670	NC	-0.121012	0.012881
chr22-18384643	22	18384643	NC	0.056358	0.476323
rs4819647	22	18391061	NC	-0.078436	0.491064
rs4819648	22	18393564	NC	0.104370	1.000000
rs5992902	22	18399007	NC	-0.144257	0.000000
rs5747413	22	18399017	NC	-0.001940	0.526329
rs5746497	22	18403629	NC	0.185308	0.488039
rs76487138	22	18425224	NC	-0.038238	0.982730
GSA-rs188030512	22	18428418	NC	0.063860	0.003066
rs411682	22	18434088	NC	-0.004611	1.000000
rs1076540	22	18439958	NC	0.169689	0.518173
GSA-rs113234048	22	18444570	NC	0.005781	1.000000
GSA-rs7286607	22	18444657	NC	-0.053145	1.000000
GSA-rs4992882	22	18445021	NC	0.074494	0.509968
rs9604813	22	18446610	NC	0.005536	0.000000
GSA-rs1978968	22	18448113	NC	0.034180	0.496239
rs444279	22	18451593	NC	0.079018	0.000000
rs74510107	22	18452188	NC	-0.062878	0.017599
rs5992943	22	18465756	NC	0.101838	0.008636
GSA-rs191766221	22	18469691	NC	-0.088594	0.007288
rs5992956	22	18484507	NC	-0.065050	1.000000
rs424765	22	18486017	NC	-0.009416	0.006592
GSA-rs5992962	22	18486282	NC	-0.077960	0.483137
GSA-rs79637342	22	18486441	NC	-0.017211	0.521541
rs397709	22	18489048	NC	-0.038891	0.515867
rs5747445	22	18497905	NC	-0.018045	0.015569
rs117233348	22	18502566	NC	0.042245	0.000000
rs390495	22	18504801	NC	0.074087	1.000000
rs2034299	22	18505121	NC	-0.120493	0.475079
GSA-rs117506424	22	18506158	NC	-0.036529	0.491694
rs1867357	22	18507030	NC	-0.019542	1.000000
GSA-rs5992970	22	18514305	NC	-0.045136	0.510163
rs73876556	22	18515081	NC	-0.014989	0.000000
rs75697900	22	18520416	NC	-0.026623	0.483599
rs8142189	22	18520612	NC	-0.125812	0.496340
rs465101	22	18523214	NC	0.034784	0.997694
rs462904	22	18526789	NC	-0.012649	0.501960
rs466954	22	18528673	NC	-0.002716	0.000000
GSA-rs186852983	22	18531787	NC	0.091753	0.989610
rs458888	22	18533434	NC	-0.024563	0.487130
GSA-rs5992983	22	18534292	NC	0.002984	0.493942
rs460036	22	18539553	NC	0.049893	0.000000
rs11703193	22	18542023	NC	-0.086056	0.000000
rs13057524	22	18542185	NC	-0.000615	0.489700
GSA-rs74276622	22	18543172	NC	0.032060	0.505435
rs5992985	22	18545634	NC	0.014400	0.000000
rs61681033	22	18546612	NC	-0.032988	0.004561
rs11703744	22	18546667	NC	-0.002620	1.000000
GSA-rs5992990	22	18547507	NC	-0.032840	0.502574
rs17809705	22	18552662	NC	-0.005279	1.000000
rs4819664	22	18553542	NC	0.076491	0.992892
GSA-rs5992991	22	18553808	NC	-0.003207	0.491123
rs62641228	22	18562701	NC	0.007582	0.511224
rs45567240	22	18562734	NC	0.070378	0.000000
rs361780	22	18565346	NC	0.048018	0.000000
rs12484657	22	18566288	NC	-0.011131	0.000000
chr22-18566405	22	18566405	NC	-0.024029	0.510363
GSA-rs385130	22	18570175	NC	0.048878	0.011324
GSA-rs45489191	22	18573003	NC	-0.021105	0.000000
GSA-rs80132947	22	18574488	NC	0.029789	0.481351
GSA-rs112669995	22	18576447	NC	-0.020463	0.990663
GSA-rs78433674	22	18582532	NC	0.047414	0.507087
rs467998	22	18582650	NC	0.003634	0.998684
GSA-rs77943822	22	18583293	NC	-0.037282	0.498638
rs3827281	22	18584433	NC	-0.044668	0.503319
GSA-rs76863685	22	18586686	NC	-0.018017	0.503045
GSA-rs35137695	22	18587898	NC	-0.003875	0.000000
rs8142336	22	18592194	NC	0.017873	0.513571
rs362027	22	18594928	NC	0.114403	0.479545
GSA-rs9604829	22	18599687	NC	0.057345	0.000000
rs191820007	22	18604298	NC	0.070954	0.011964
GSA-rs144963058	22	18605382	NC	0.003933	0.504185
rs115847686	22	18606946	NC	0.032552	1.000000
rs112879682	22	18607638	NC	0.039097	0.507247
rs9618203	22	18607872	NC	0.084966	1.000000
rs2234331	22	18609128	NC	-0.108887	0.000000
rs145621219	22	18609493	NC	0.065730	0.005055
rs142925642	22	18609661	NC	-0.145265	0.494782
rs140202346	22	18609703	NC	-0.048645	0.505875
GSA-rs7286465	22	18610798	NC	-0.022589	0.476025
rs2540620	22	18614874	NC	-0.117463	0.505987
GSA-rs4819668	22	18617515	NC	-0.022777	0.998873
rs77515656	22	18619890	NC	-0.085018	0.510984
GSA-rs113002374	22	18628133	NC	-0.083857	0.493256
GSA-rs1465384	22	18628499	NC	-0.097488	0.510750
GSA-rs5747494	22	18629028	NC	-0.002132	0.000000
GSA-rs9618216	22	18631365	NC	0.126495	0.025618
GSA-rs5993016	22	18633860	NC	0.065509	0.985684
GSA-rs77044518	22	18635717	NC	-0.049826	0.000000
rs361898	22	18637094	NC	0.074219	1.000000
GSA-rs5993019	22	18637533	NC	-0.051886	0.000000
GSA-rs117896320	22	18639780	NC	0.037401	0.991148
rs2252257	22	18640300	NC	0.036939	0.004736
GSA-rs2542133	22	18644702	NC	0.109329	0.477807
rs55780002	22	18649861	NC	0.010881	0.494739
GSA-rs117593381	22	18935842	NC	-0.009488	0.500952
GSA-rs5993430	22	18936282	NC	0.129905	0.501206
rs5992339	22	18936993	NC	0.051439	1.000000
rs9605907	22	18941457	NC	-0.015079	0.504482
GSA-rs118190779	22	18945243	NC	-0.040858	0.000000
rs5993445	22	18951545	NC	0.081337	0.492493
GSA-rs376277583	22	18957827	NC	0.108076	0.000000
rs2540641	22	18959684	NC	0.012835	0.986146
rs13054104	22	18961405	NC	0.110050	0.502823
GSA-rs73382829	22	18965394	NC	-0.041893	0.991760
rs9680846	22	18965418	NC	-0.051574	0.484217
rs2540647	22	18966617	NC	0.029166	1.000000
rs2540648	22	18967349	NC	-0.110625	1.000000
rs2023634	22	18972450	NC	0.033193	0.517540
rs111728554	22	18975263	NC	0.090175	1.000000
rs116206919	22	18975458	NC	0.026131	0.516265
rs111452330	22	18975562	NC	-0.019506	0.000000
rs2518805	22	18975587	NC	-0.013441	0.000000
GSA-rs7291719	22	18981291	NC	-0.129171	0.507662
rs73382872	22	18981508	NC	-0.040419	0.508808
rs1210638	22	18981563	NC	-0.018411	0.997920
GSA-rs9604915	22	18982953	NC	0.035609	0.484678
GSA-rs75296969	22	18987039	NC	-0.054616	0.516472
rs117108862	22	18993172	NC	-0.158611	0.011946
GSA-rs116857530	22	18994633	NC	-0.111206	0.996719
GSA-rs73157257	22	18995855	NC	0.022878	0.494211
GSA-rs141247282	22	18996425	NC	0.023136	0.000000
rs62230768	22	19002159	NC	-0.066473	0.000000
GSA-rs112819192	22	19025082	NC	0.020153	0.000000
rs79840601	22	19028643	NC	0.017728	0.000000
rs10854539	22	19037734	NC	-0.000384	0.490100
GSA-rs111891748	22	19047047	NC	0.047050	0.503822
chr22-19048352	22	19048352	NC	-0.010754	0.511130
rs2238754	22	19058146	NC	0.062788	0.999343
rs113323394	22	19059888	NC	-0.078375	0.002789
GSA-rs117352899	22	19062020	NC	-0.039128	0.486180
GSA-rs118082227	22	19062060	NC	-0.094643	0.490930
GSA-rs118096274	22	19076575	NC	0.091223	0.006327
rs2800960	22	19077049	NC	-0.063711	0.987755
rs10483100	22	19085202	NC	-0.104156	0.483773
GSA-rs117733930	22	19089757	NC	0.040486	1.000000
GSA-rs117500388	22	19104439	NC	0.064442	0.510136
GSA-rs813229	22	19106144	NC	0.054064	0.996778
GSA-rs75048283	22	19113928	NC	-0.026915	0.508603
GSA-rs3747051	22	19118901	NC	0.106018	1.000000
GSA-rs1052763	22	19119751	NC	-0.048379	0.018736
rs712965	22	19121872	NC	0.072320	1.000000
rs17743887	22	19124865	NC	-0.045524	0.994820
GSA-rs3765610	22	19124866	NC	-0.068037	0.976166
rs140446137	22	19125938	NC	-0.049286	1.000000
rs111488352	22	19130247	NC	0.050629	0.990744
rs737923	22	19132325	NC	0.041967	0.493778
rs715544	22	19133605	NC	-0.082133	0.508850
GSA-rs11704965	22	19133850	NC	0.018159	0.499120
rs4819778	22	19134083	NC	-0.106634	1.000000
rs3761406	22	19139563	NC	0.098966	0.986380
rs12484562	22	19141162	NC	-0.080198	0.515096
rs5748014	22	19148721	NC	-0.000695	0.511058
rs5993549	22	19149300	NC	-0.131730	0.508990
rs4819782	22	19149580	NC	0.028360	1.000000
rs807669	22	19154522	NC	0.046370	0.501182
rs807670	22	19154608	NC	-0.014297	0.000000
rs712964	22	19156117	NC	0.038079	0.496872
rs2298271	22	19160297	NC	-0.051648	0.499313
GSA-rs807665	22	19160414	NC	0.180195	0.000000
chr22-19168288	22	19168288	NC	0.018735	0.512500
rs190366603	22	19178854	NC	0.029827	0.501507
GSA-rs7292849	22	19180573	NC	-0.011209	0.005655
rs1633399	22	19183787	NC	-0.076178	0.504329
rs1061325	22	19184095	NC	-0.080384	0.989735
rs723414	22	19185736	NC	0.016106	1.000000
GSA-rs9605957	22	19187375	NC	-0.012578	0.000000
GSA-rs117870181	22	19190223	NC	0.041753	0.000000
GSA-rs807547	22	19195680	NC	0.008150	0.489827
rs1060376	22	19196502	NC	0.010007	0.501024
GSA-rs34486244	22	19196615	NC	-0.060458	0.492332
GSA-rs62223883	22	19197381	NC	0.076620	0.994107
rs191966359	22	19197948	NC	-0.000119	0.503708
GSA-rs712952	22	19197949	NC	0.066247	0.483584
GSA-rs928907	22	19203060	NC	-0.052782	1.000000
rs5748048	22	19204478	NC	0.049975	0.520432
rs36077768	22	19207479	NC	-0.020346	1.000000
chr22-19208911	22	19208911	NC	0.061803	0.000000
rs2073755	22	19210740	NC	0.044225	0.482764
rs181639433	22	19211467	NC	-0.021739	0.996516
GSA-rs118055717	22	19212001	NC	0.037795	0.000000
rs182917063	22	19212999	NC	-0.011074	0.994472
rs1060374	22	19213033	NC	0.096971	0.499695
rs145514163	22	19213744	NC	0.003054	0.000000
rs45489597	22	19217422	NC	0.027508	0.496605
rs116398959	22	19220768	NC	-0.032436	0.003436
GSA-rs807459	22	19223352	NC	0.022874	0.000000
GSA-rs809901	22	19228736	NC	0.014494	0.012502
rs5746697	22	19230365	NC	-0.008387	0.995399
chr22-19230405	22	19230405	NC	0.125460	1.000000
rs34869740	22	19263266	NC	-0.035924	0.506636
rs361787	22	19263698	NC	0.063009	0.977811
rs5746711	22	19264625	NC	0.026184	0.011754
GSA-rs1858771	22	19267580	NC	-0.100414	0.014337
rs5748099	22	19268873	NC	0.001434	0.511016
GSA-rs71328296	22	19269267	NC	0.040953	0.511665
rs2078750	22	19271831	NC	0.067429	0.509166
rs5993581	22	19285816	NC	-0.001946	0.513094
GSA-rs5748106	22	19287227	NC	-0.077567	0.514717
GSA-rs117832423	22	19295688	NC	-0.048902	0.504759
rs5993595	22	19299703	NC	0.020978	0.025905
rs982520	22	19310812	NC	0.104585	0.510455
rs885981	22	19337633	NC	-0.000055	1.000000
GSA-rs5993613	22	19343881	NC	0.013488	0.486762
rs737810	22	19348199	NC	0.015422	0.525062
GSA-rs115461898	22	19348896	NC	-0.041544	0.987971
GSA-rs112751848	22	19367956	NC	0.029895	0.000000
GSA-rs5993624	22	19380714	NC	0.079452	0.000000
GSA-rs5748177	22	19381507	NC	0.062620	0.965809
GSA-rs117344257	22	19387965	NC	0.088173	0.521328
GSA-rs10483102	22	19414222	NC	-0.030848	0.512011
GSA-rs7575	22	19423250	NC	-0.096398	0.482701
rs756649	22	19431396	NC	0.092823	0.516385
GSA-rs885976	22	19432456	NC	0.061564	1.000000
GSA-rs117750028	22	19434626	NC	-0.057313	0.499189
chr22-19435251	22	19435251	NC	-0.040623	0.009821
GSA-rs5748212	22	19443931	NC	-0.118665	1.000000
GSA-rs146716859	22	19446757	NC	-0.035897	0.497536
GSA-rs117062301	22	19456264	NC	0.041776	0.492732
rs112952006	22	19460180	NC	-0.040948	0.500558
rs13447203	22	19470249	NC	-0.087797	0.000000
rs149459036	22	19471407	NC	0.036873	0.497896
rs5746748	22	19472843	NC	0.050142	0.501467
GSA-rs5748239	22	19479695	NC	-0.045109	0.481311
rs9606038	22	19487192	NC	-0.092685	0.514680
GSA-rs141307573	22	19487212	NC	-0.067154	0.013156
GSA-rs5748248	22	19491392	NC	-0.002092	0.497433
GSA-rs143375740	22	19493094	NC	0.032536	0.000000
GSA-rs5746758	22	19496882	NC	0.064080	0.997452
GSA-rs79114187	22	19499829	NC	-0.148314	0.000000
GSA-rs13447281	22	19503920	NC	-0.080580	1.000000
GSA-rs13447298	22	19507447	NC	0.039924	0.001755
rs13447302	22	19508290	NC	0.035066	0.518963
rs113850893	22	19515778	NC	0.070672	1.000000
rs112135032	22	19521298	NC	0.059253	0.000000
rs5748267	22	19528458	NC	-0.064073	0.505722
rs5748270	22	19529130	NC	-0.000172	0.000000
GSA-rs116994305	22	19533898	NC	0.078894	0.000000
rs5748277	22	19534856	NC	-0.032713	0.000000
rs8140097	22	19537262	NC	0.032507	1.000000
rs2157728	22	19538527	NC	-0.004580	0.988693
GSA-rs62222320	22	19547442	NC	0.056674	0.000000
rs77580281	22	19551431	NC	0.002893	0.009803
GSA-rs117222416	22	19555172	NC	0.013016	0.996499
rs111735701	22	19556893	NC	0.008110	0.976579
rs5746779	22	19558475	NC	-0.011884	0.982366
rs7287561	22	19561712	NC	-0.071776	0.020845
GSA-rs117972552	22	19564765	NC	0.002898	0.995972
rs5748306	22	19565341	NC	0.059150	1.000000
rs2157727	22	19565395	NC	0.055687	0.000000
rs76642175	22	19569988	NC	0.027884	1.000000
GSA-rs117849233	22	19577438	NC	-0.012132	0.973152
rs57462258	22	19580050	NC	-0.037578	0.488995
GSA-rs9606080	22	19581164	NC	-0.046351	0.504228
rs5993715	22	19581946	NC	0.043790	0.016808
rs5748336	22	19588535	NC	-0.018910	0.991917
GSA-rs16983911	22	19593220	NC	-0.015394	1.000000
rs5748346	22	19593301	NC	0.194990	0.501259
rs9606090	22	19593854	NC	-0.116557	0.010228
rs9617812	22	19594775	NC	0.094557	0.505901
rs12159966	22	19596825	NC	0.008802	0.975255
GSA-rs117262034	22	19597257	NC	0.044233	1.000000
rs13058085	22	19600574	NC	-0.075927	0.989827
rs5992442	22	19600961	NC	-0.005482	0.000000
rs9617814	22	19609943	NC	0.102235	0.496726
GSA-rs73162676	22	19611680	NC	-0.086422	0.992951
rs5993748	22	19616331	NC	-0.029265	1.000000
rs5993752	22	19616913	NC	-0.058295	0.496654
GSA-rs5993755	22	19618257	NC	-0.069180	0.508126
rs11912807	22	19618533	NC	0.096944	0.500124
GSA-rs117828840	22	19620523	NC	-0.017206	0.511635
rs1476445	22	19621011	NC	-0.136167	1.000000
GSA-rs112929230	22	19621998	NC	-0.006423	0.977353
rs4141526	22	19622603	NC	0.020922	0.503399
rs8135843	22	19624048	NC	-0.019847	0.510079
GSA-rs8139720	22	19624256	NC	-0.027558	0.498878
GSA-rs58544504	22	19627947	NC	-0.010497	0.014881
GSA-rs7292259	22	19629784	NC	0.038116	0.488048
rs7292279	22	19629837	NC	0.046032	0.483363
rs28560290	22	19633151	NC	-0.000556	1.000000
rs190895236	22	19633696	NC	0.036968	0.010923
rs2871039	22	19634330	NC	0.090401	0.493274
rs5993760	22	19634877	NC	-0.070229	0.010470
rs9606101	22	19636615	NC	-0.039839	0.508986
GSA-rs5748376	22	19639383	NC	-0.001248	0.988134
rs5748377	22	19640406	NC	-0.045860	0.999917
rs1985884	22	19643245	NC	0.038861	0.513593
GSA-rs9606112	22	19644376	NC	-0.032215	0.005066
GSA-rs77257525	22	19652901	NC	0.003292	0.004259
GSA-rs34378388	22	19654144	NC	0.126971	0.486008
rs9618653	22	19655862	NC	-0.033431	0.509921
rs5748391	22	19659099	NC	-0.009849	0.000000
GSA-rs79097546	22	19662319	NC	0.043987	0.002087
rs9605002	22	19665133	NC	-0.027548	0.013758
GSA-rs8136044	22	19667336	NC	-0.000193	1.000000
rs1123657	22	19675944	NC	0.018168	0.000000
rs5993794	22	19676248	NC	0.049175	0.014946
rs5992460	22	19677822	NC	0.069668	0.513722
rs1015939	22	19678655	NC	0.017096	0.490245
GSA-rs5993800	22	19682627	NC	0.026305	0.001436
rs2097599	22	19690250	NC	0.003488	0.496343
rs9606146	22	19698129	NC	0.144585	0.992097
GSA-rs75662441	22	19701341	NC	-0.118293	1.000000
GSA-rs373098364	22	19712778	NC	-0.045586	0.507332
rs9618676	22	19717043	NC	-0.034512	0.498146
GSA-rs79131864	22	19717856	NC	-0.033920	0.000000
rs55711444	22	19724224	NC	-0.106767	1.000000
GSA-rs41295222	22	19732685	NC	-0.124946	0.497934
rs6518580	22	19735854	NC	0.001035	0.498831
rs41295657	22	19738290	NC	0.078352	1.000000
rs41298605	22	19741910	NC	0.072846	0.527087
GSA-rs72646958	22	19750645	NC	0.038912	0.977447
GSA-rs41298818	22	19751065	NC	-0.047392	1.000000
rs201993443	22	19754211	NC	0.062953	0.491530
GSA-rs41299350	22	19755127	NC	-0.068435	0.000000
rs2238777	22	19758228	NC	0.018429	0.491922
rs4819522	22	19766782	NC	0.075720	0.997082
rs5746826	22	19767051	NC	-0.126964	0.510730
rs713675	22	19767420	NC	0.048228	0.999744
GSA-rs41298864	22	19772131	NC	0.051003	0.998984
GSA-rs58980837	22	19775444	NC	-0.040480	0.486626
rs73148914	22	19776365	NC	-0.000523	0.520289
rs9606160	22	19788347	NC	0.098319	0.004260
chr22-19789625	22	19789625	NC	-0.126129	0.501475
rs13057609	22	19797745	NC	0.039362	0.478756
rs201108123	22	19799963	NC	0.151721	0.011474
rs2073765	22	19800322	NC	0.002522	0.489773
GSA-rs9606164	22	19807031	NC	0.021362	1.000000
chr22-19808120	22	19808120	NC	0.037863	0.000000
rs150444079	22	19808205	NC	0.118404	1.000000
rs36070348	22	19808874	NC	-0.026520	0.508819
GSA-rs117452300	22	19808938	NC	0.045035	0.000000
rs7285337	22	19814714	NC	-0.165812	0.000000
rs7285519	22	19825152	NC	-0.090472	0.000000
rs1053001	22	19833781	NC	-0.006136	0.505600
GSA-rs116941290	22	19836102	NC	0.008056	1.000000
rs11705143	22	19836705	NC	0.056370	0.499544
exm2268433	22	19840123	NC	-0.062746	0.511930
rs11913285	22	19844492	NC	0.099966	0.502908
rs12106549	22	19846987	NC	0.071046	1.000000
rs201391000	22	19864680	NC	0.089642	0.498819
rs192869629	22	19868177	NC	-0.013986	0.511827
rs1139793	22	19868218	NC	0.023562	0.993840
GSA-rs117016540	22	19873606	NC	0.128823	0.498012
GSA-rs117446426	22	19874955	NC	-0.033388	0.503446
rs3788310	22	19880340	NC	-0.030415	0.503794
rs34553125	22	19880821	NC	-0.013650	0.489296
rs4819845	22	19881027	NC	0.009428	0.000000
GSA-rs78239309	22	19883189	NC	0.026425	0.991305
rs183950022	22	19885576	NC	-0.047974	0.000000
rs76692419	22	19886443	NC	-0.035696	0.508277
GSA-rs3788313	22	19887376	NC	-0.031366	0.495378
rs3788314	22	19889423	NC	0.030839	0.488973
rs3788317	22	19889825	NC	-0.028620	0.000000
GSA-rs10427571	22	19891935	NC	0.055092	0.013041
rs188258380	22	19898900	NC	-0.104627	0.992666
rs199510610	22	19898906	NC	0.092902	0.491908
rs1005873	22	19900075	NC	0.082983	0.000000
22:19900957	22	19900957	NC	-0.041809	1.000000
GSA-rs117014524	22	19904898	NC	-0.036894	0.992573
rs756661	22	19905802	NC	-0.023318	0.514248
rs11541479	22	19906511	NC	0.015594	0.499317
rs5748469	22	19907099	NC	0.036347	0.000000
rs1012157	22	19909977	NC	0.019352	0.503403
GSA-rs79960807	22	19918723	NC	0.071700	0.000433
rs5746847	22	19921003	NC	-0.008274	0.488796
rs9605030	22	19921137	NC	0.068483	0.494224
rs6518591	22	19924021	NC	0.061079	1.000000
GSA-rs9332314	22	19928000	NC	0.131459	0.000000
rs13306278	22	19929027	NC	0.049454	0.481717
rs737866	22	19930109	NC	-0.068618	0.520956
rs737865	22	19930121	NC	-0.015617	0.499895
GSA-rs9332316	22	19930274	NC	0.049121	1.000000
GSA-rs45616631	22	19930810	NC	-0.028054	0.504001
rs933271	22	19931407	NC	-0.008375	0.000000
rs174674	22	19934025	NC	-0.047048	0.000000
rs5993883	22	19937638	NC	-0.012856	0.994319
rs35788262	22	19940583	NC	-0.099988	0.499067
rs3819619	22	19941495	NC	0.044498	0.497504
rs5746849	22	19942997	NC	-0.014084	0.485811
rs740603	22	19945177	NC	0.006498	0.991579
rs4646312	22	19948337	NC	-0.016947	0.495591
rs6269	22	19949952	NC	0.115213	0.504305
rs4633	22	19950235	NC	0.011540	0.004319
rs6267	22	19950263	NC	-0.023837	0.515633
rs2239393	22	19950428	NC	-0.025269	0.996260
rs5031015	22	19951103	NC	0.103828	1.000000
rs4680	22	19951271	NC	-0.115724	0.501762
rs769224	22	19951804	NC	0.025947	0.000000
GSA-rs165631	22	19951816	NC	-0.072443	1.000000
rs4646316	22	19952132	NC	-0.065089	0.000000
rs34068292	22	19952224	NC	-0.038707	0.499314
rs165774	22	19952561	NC	-0.037775	1.000000
rs174697	22	19953832	NC	0.024044	0.992041
rs174699	22	19954458	NC	0.056361	1.000000
rs139797392	22	19954870	NC	0.016561	0.502844
rs9332377	22	19955692	NC	0.039375	0.492265
rs165599	22	19956781	NC	-0.050748	0.996740
GSA-rs165815	22	19959473	NC	0.034909	0.997693
GSA-rs2239395	22	19962203	NC	0.004993	0.000000
GSA-rs117359238	22	19965295	NC	-0.059435	0.994382
rs116102961	22	19966579	NC	0.036636	0.000000
rs185461067	22	19967673	NC	0.018533	0.000000
rs113625788	22	19969182	NC	0.103042	0.006335
rs1990277	22	19970502	NC	0.059798	0.001377
GSA-rs917479	22	19973205	NC	-0.013928	0.528110
rs756653	22	19976845	NC	-0.076507	0.508992
rs116782322	22	19978218	NC	0.083199	0.994829
rs186539515	22	19978253	NC	0.015663	0.512409
rs11089325	22	19984200	NC	-0.005157	0.001851
rs1034566	22	19984277	NC	0.022108	0.000000
GSA-rs75665527	22	19991611	NC	0.029848	0.488709
rs115608310	22	19995634	NC	0.066522	0.000000
rs9605047	22	20002848	NC	0.069204	0.493400
rs1858770	22	20006992	NC	0.020700	0.018301
rs2518829	22	20012286	NC	0.104954	0.514699
rs5748505	22	20015016	NC	-0.003107	0.492962
GSA-rs2531708	22	20017445	NC	-0.161714	0.000102
GSA-rs118191255	22	20019791	NC	-0.063658	0.494975
rs73150856	22	20025652	NC	-0.002012	0.000000
chr22-20030915	22	20030915	NC	-0.064690	0.505053
rs405342	22	20037315	NC	-0.128995	1.000000
rs174876	22	20043370	NC	-0.023404	0.011512
GSA-rs76926687	22	20043630	NC	0.056181	0.505605
rs174877	22	20045419	NC	0.049849	0.000000
chr22-20049207	22	20049207	NC	-0.001003	0.489252
GSA-rs116946483	22	20051787	NC	0.045498	0.013494
rs17818431	22	20052420	NC	-0.019283	0.512010
rs7285397	22	20057143	NC	0.078197	0.492492
GSA-rs116983927	22	20060137	NC	0.101218	0.496981
GSA-rs186724154	22	20076910	NC	0.070658	0.000214
rs1640297	22	20081852	NC	0.017028	0.000000
rs35569747	22	20082293	NC	-0.002641	0.509731
GSA-rs78201040	22	20084368	NC	0.079179	0.983474
rs443678	22	20093126	NC	-0.044931	0.486105
rs417309	22	20098544	NC	-0.015243	0.505450
rs1633445	22	20100596	NC	0.010378	1.000000
chr22-20100640	22	20100640	NC	0.005760	0.518524
rs139208599	22	20101045	NC	-0.053803	0.497583
chr22-20101054	22	20101054	NC	-0.133998	0.508498
GSA-rs117298840	22	20101124	NC	0.073719	0.495672
GSA-rs9605068	22	20103264	NC	0.069611	0.000000
chr22-20103915	22	20103915	NC	-0.154115	0.511277
rs175171	22	20121848	NC	-0.056406	0.497923
GSA-rs75031525	22	20122091	NC	-0.074499	0.000000
GSA-22:20125621	22	20125621	NC	0.026264	0.513035
chr22-20127408	22	20127408	NC	-0.037571	0.013220
rs4819867	22	20136379	NC	0.043203	0.000000
rs9605074	22	20146533	NC	0.028685	0.000519
rs373747	22	20155192	NC	-0.030318	0.487047
rs28384	22	20156415	NC	-0.082465	0.487942
GSA-rs175199	22	20168295	NC	0.047665	0.493240
GSA-rs9306236	22	20170093	NC	0.020033	0.983430
rs75766	22	20174853	NC	0.032085	0.500178
GSA-rs2537857	22	20178929	NC	0.023373	0.000868
rs701446	22	20179255	NC	0.075111	0.491402
rs625704	22	20185457	NC	0.032210	1.000000
rs673062	22	20189202	NC	0.060176	0.996216
rs684423	22	20189378	NC	-0.022947	0.496021
rs2098257	22	20190055	NC	-0.092776	1.000000
rs640836	22	20193114	NC	0.025430	0.504490
rs589089	22	20196469	NC	0.063928	1.000000
rs730669	22	20201954	NC	-0.102128	0.487393
rs9606286	22	20202422	NC	0.119204	1.000000
rs5993933	22	20204791	NC	-0.043488	0.994679
GSA-rs1962811	22	20213718	NC	-0.025229	0.497929
rs854967	22	20217628	NC	-0.070123	1.000000
GSA-rs117703390	22	20219641	NC	0.038468	0.484748
GSA-rs1076449	22	20220111	NC	0.076525	0.499738
GSA-rs9618757	22	20222641	NC	0.038877	0.990228
rs759577	22	20225536	NC	-0.053770	0.992702
rs701430	22	20227551	NC	-0.029401	0.000749
rs55943359	22	20230959	NC	0.100146	0.482249
GSA-rs9606293	22	20233865	NC	0.005534	0.503854
GSA-rs7287730	22	20241436	NC	-0.014113	0.994741
GSA-rs78055866	22	20244259	NC	-0.030293	0.000000
rs855050	22	20248391	NC	-0.080846	0.497913
GSA-rs117954831	22	20248996	NC	0.044716	0.511414
GSA-rs34141746	22	20258194	NC	0.056522	0.980917
exm2273051	22	20260814	NC	-0.026868	0.489771
GSA-rs855060	22	20262166	NC	-0.043525	0.525715
rs854944	22	20264937	NC	-0.044085	0.492072
GSA-rs377561594	22	20265476	NC	0.100430	0.523683
GSA-rs117755631	22	20272957	NC	0.039738	0.006018
rs12168751	22	20279533	NC	0.095911	0.995818
GSA-rs12169202	22	20279718	NC	0.005458	0.486398
rs75341343	22	20280634	NC	0.083611	0.003639
GSA-rs5993955	22	20283228	NC	0.025626	0.503554
GSA-rs117170873	22	20284656	NC	0.073822	0.000000
GSA-rs112074972	22	20298515	NC	0.026155	0.980770
GSA-rs145639142	22	20300738	NC	0.047900	0.496206
GSA-22:20301508	22	20301508	NC	-0.003406	0.500710
rs2280117	22	20306993	NC	0.084895	0.002331
GSA-rs55828031	22	20309073	NC	-0.010833	0.490466
GSA-rs7287644	22	20311646	NC	-0.034973	0.484299
GSA-rs3827282	22	20718116	NC	-0.025511	0.997591
GSA-rs147440632	22	20719325	NC	0.004370	0.002853
chr22-20723763	22	20723763	NC	0.079356	0.525537
rs361689	22	20742450	NC	0.026688	0.004837
rs57342969	22	20753135	NC	0.023615	0.516888
rs361640	22	20753615	NC	0.060823	0.513241
rs6005267	22	20764994	NC	0.013079	0.994223
rs5761913	22	20765021	NC	-0.141574	0.493395
rs5762014	22	20766284	NC	0.075626	0.502215
GSA-rs73879356	22	20767303	NC	0.072459	0.502402
GSA-rs76881461	22	20772773	NC	0.035903	0.980798
rs5752676	22	20774614	NC	0.042756	0.505501
rs738084	22	20778066	NC	-0.038219	0.996836
rs9680797	22	20780296	NC	0.016837	0.994119
rs5997411	22	20783485	NC	0.047026	0.528585
rs1005640	22	20789074	NC	-0.009394	0.983853
rs1477178	22	20789688	NC	0.057478	0.498024
rs1153427	22	20795757	NC	0.003369	0.477865
rs8748	22	20800835	NC	0.034264	0.496535
rs76649694	22	20806397	NC	-0.135923	0.000000
rs361988	22	20810054	NC	0.025407	0.994051
rs1771144	22	20842362	NC	-0.084890	0.508728
GSA-rs12484813	22	20844663	NC	-0.077941	0.000000
GSA-rs75946839	22	20862548	NC	0.008866	0.997029
rs2014654	22	20872855	NC	-0.068433	0.000000
rs7291930	22	20876509	NC	-0.083570	0.003816
GSA-rs145160293	22	20877989	NC	-0.043411	0.507850
GSA-rs11090206	22	20881678	NC	-0.083124	0.001723
GSA-rs57997330	22	20887166	NC	0.019073	0.000000
rs4821915	22	20891545	NC	0.011736	0.493297
GSA-rs118084073	22	20893767	NC	0.084096	0.481518
rs886319	22	20903410	NC	0.205563	0.492222
GSA-rs1075339	22	20906367	NC	-0.060958	0.993303
GSA-rs115069799	22	20910482	NC	-0.115559	0.995251
GSA-rs189225333	22	20933209	NC	0.071825	0.015600
rs595272	22	20946403	NC	0.049183	0.000000
rs361646	22	20947274	NC	-0.051853	0.980517
rs554733	22	20950564	NC	-0.008216	1.000000
GSA-rs165626	22	20954760	NC	-0.013637	0.993854
rs5759527	22	20956600	NC	-0.019380	0.994339
rs552823	22	20956906	NC	-0.078281	0.487258
rs596114	22	20957000	NC	0.065901	0.011412
rs9612414	22	20957037	NC	0.079775	0.497545
rs17819599	22	20962978	NC	0.108729	1.000000
rs602808	22	20963475	NC	-0.041865	0.000000
rs544887	22	20964056	NC	0.037917	0.479661
GSA-rs5759562	22	20966125	NC	0.043434	0.999243
rs17818796	22	20978672	NC	0.135602	0.013487
GSA-rs145875329	22	20990570	NC	0.043757	0.997684
GSA-rs78260733	22	20992947	NC	-0.102111	1.000000
rs759224	22	20993328	NC	-0.042798	0.487879
rs759225	22	20993477	NC	0.098597	0.016411
rs741194	22	20993519	NC	0.026916	0.992712
rs658793	22	20996595	NC	-0.072063	0.496954
rs7290923	22	20999208	NC	0.177215	0.000000
GSA-rs41368547	22	20999626	NC	-0.007569	1.000000
rs57434751	22	21001472	NC	0.084331	0.007492
rs5759767	22	21004805	NC	0.073982	0.989340
rs1339959	22	21005697	NC	-0.029494	0.000000
rs651851	22	21009596	NC	0.098222	0.509037
GSA-rs5751684	22	21015218	NC	-0.168596	1.000000
GSA-rs368322022	22	21025441	NC	-0.101633	0.509050
rs116918025	22	21028007	NC	0.054647	0.524741
GSA-rs1058552	22	21062168	NC	0.032301	0.007875
GSA-rs117274744	22	21062177	NC	-0.060380	0.015245
GSA-rs181389523	22	21071147	NC	0.027570	0.000000
GSA-rs112905927	22	21078991	NC	0.099979	0.524411
rs16988764	22	21105255	NC	-0.090247	0.997204
GSA-rs9612888	22	21106550	NC	0.073427	1.000000
GSA-rs190475625	22	21113894	NC	0.098507	0.017555
rs2072517	22	21115244	NC	0.027825	0.517860
chr22-21119239	22	21119239	NC	-0.090189	0.478103
GSA-rs117786120	22	21120359	NC	-0.007120	1.000000
GSA-rs17819104	22	21133618	NC	0.062929	0.000000
seq-rs5903	22	21133831	NC	-0.029486	0.490833
GSA-rs35646566	22	21134023	NC	-0.046434	0.513533
rs5907	22	21134223	NC	0.048071	0.000000
GSA-rs117858197	22	21139239	NC	-0.027076	0.526745
GSA-rs118185464	22	21145397	NC	-0.125764	0.000000
GSA-rs149520312	22	21146015	NC	0.129765	0.502640
GSA-rs79462859	22	21147077	NC	-0.066691	0.012909
GSA-rs117151217	22	21147113	NC	0.110806	0.002812
GSA-rs141712057	22	21148180	NC	0.016476	0.998278
GSA-rs76782505	22	21157174	NC	0.009994	0.973924
GSA-rs61752248	22	21165311	NC	0.098959	0.507999
rs165854	22	21167787	NC	0.064432	1.000000
GSA-rs17758477	22	21174444	NC	-0.037011	0.502031
rs4822606	22	21198776	NC	-0.049082	0.009859
GSA-rs80068797	22	21219710	NC	0.029379	0.504137
GSA-rs73162849	22	21224023	NC	0.142654	0.484123
rs116892729	22	21235389	NC	0.102699	0.997464
GSA-rs117104177	22	21236559	NC	-0.007674	0.991774
rs141934766	22	21241976	NC	-0.032057	0.522187
rs148156702	22	21242113	NC	-0.012660	1.000000
GSA-rs73162856	22	21244675	NC	0.077857	0.017437
GSA-rs12162703	22	21246902	NC	0.094342	0.500351
GSA-rs118128340	22	21247007	NC	0.024330	0.514517
GSA-rs75118078	22	21260951	NC	-0.031817	0.504716
GSA-rs73162870	22	21261417	NC	0.117144	0.491627
GSA-rs9613260	22	21261449	NC	0.008447	1.000000
GSA-rs73162872	22	21263353	NC	0.081281	0.500601
rs737892	22	21272734	NC	0.073163	1.000000
GSA-rs9613388	22	21305473	NC	-0.027055	0.016525
rs2285547	22	21307058	NC	-0.116291	0.014776
rs2018682	22	21317432	NC	0.032384	0.020643
rs756875	22	21318433	NC	-0.037060	0.491967
rs6005061	22	21320528	NC	-0.044110	0.503270
rs756878	22	21323357	NC	0.020169	0.003095
rs878938	22	21324484	NC	0.037573	0.000000
rs114399555	22	21327642	NC	0.078543	0.495608
GSA-rs56179977	22	21328568	NC	-0.021554	0.001823
rs7285694	22	21330787	NC	-0.073217	0.000000
GSA-rs178271	22	21331556	NC	0.075355	0.483140
GSA-rs61626201	22	21335135	NC	-0.062043	0.003470
GSA-rs389183	22	21335606	NC	-0.087743	0.504448
GSA-rs13054302	22	21338036	NC	-0.038319	0.998464
GSA-rs178283	22	21338632	NC	-0.022327	0.000000
rs178285	22	21339751	NC	-0.046419	0.502095
rs4822783	22	21342811	NC	-0.050480	0.000000
chr22-21343948	22	21343948	NC	0.027414	0.499693
rs189150283	22	21346593	NC	0.019777	0.000310
chr22-21348999	22	21348999	NC	0.016175	0.960735
rs148677674	22	21349277	NC	0.039629	0.000978
chr22-21350251	22	21350251	NC	0.039461	0.523659
rs199625022	22	21350370	NC	0.000987	0.487317
chr22-21351034	22	21351034	NC	0.004546	0.029098
GSA-rs56113960	22	21355501	NC	-0.006718	0.013746
rs71314757	22	21357119	NC	-0.002899	0.504846
GSA-rs62238544	22	21358127	NC	0.033079	0.003546
GSA-rs373092	22	21361870	NC	-0.125533	1.000000
rs398577	22	21362849	NC	0.128762	0.000000
rs2239961	22	21363960	NC	-0.127400	0.502923
rs145000335	22	21370308	NC	0.034520	0.487955
GSA-rs9625334	22	21371227	NC	0.053329	1.000000
rs9613540	22	21377071	NC	0.023002	0.497161
rs2277838	22	21377650	NC	0.034484	0.987552
rs929671	22	21377958	NC	0.016873	0.475747
chr22-21380772	22	21380772	NC	0.123857	0.000000
rs2270384	22	21384578	NC	0.047956	0.020379
GSA-rs76136208	22	21385277	NC	0.018505	0.010229
chr22-21385708	22	21385708	NC	0.144675	1.000000
GSA-rs2072550	22	21386019	NC	-0.019973	0.496534
rs12627919	22	21392943	NC	-0.011713	0.993835
GSA-rs149427937	22	21393701	NC	0.006366	1.000000
GSA-rs117468585	22	21398354	NC	0.048834	0.019000
GSA-rs77133550	22	21402372	NC	-0.018816	1.000000
GSA-rs76460419	22	21406353	NC	0.088222	0.000000
GSA-rs117587161	22	21406460	NC	-0.037536	0.496880
exm2261181	22	21408430	NC	0.044870	0.015675
GSA-rs5762105	22	21409018	NC	-0.017353	0.010179
GSA-rs2241223	22	21409191	NC	-0.063991	1.000000
rs383331	22	21424414	NC	0.009515	0.999361
GSA-rs408718	22	21425769	NC	-0.042170	0.014909
GSA-rs117198675	22	21427621	NC	0.035685	0.513428
GSA-rs74935988	22	21430958	NC	-0.002831	0.506615
rs400946	22	21431054	NC	0.010605	0.490534
GSA-rs75694724	22	21432229	NC	-0.037555	0.499397
rs6005562	22	21438369	NC	-0.087551	0.000000
rs421390	22	21438417	NC	-0.142641	1.000000
GSA-rs16989111	22	21441353	NC	-0.085892	0.980585
rs435980	22	21442000	NC	0.033756	0.988476
rs73396468	22	21443310	NC	-0.057109	1.000000
rs12628319	22	21445920	NC	0.001204	0.510187
rs430678	22	21447294	NC	-0.021419	0.506487
rs1210606	22	21452237	NC	0.027082	0.000000
GSA-rs118111569	22	21454525	NC	0.072520	0.516626
rs140390	22	21460008	NC	0.028798	0.988627
rs2543398	22	21460220	NC	-0.025592	0.000000
rs5762401	22	21461607	NC	0.041122	0.513121
chr22-21800680	22	21800680	NC	-0.045590	0.000000
rs41282591	22	21804903	NC	-0.058935	0.988641
rs460106	22	21806401	NC	-0.034403	0.512004
rs131654	22	21917190	NC	0.051761	0.988547
rs2266959	22	21922904	NC	0.097623	0.509309
GSA-rs78456257	22	21926013	NC	0.094933	0.000839
rs181359	22	21928641	NC	0.007117	0.499961
rs181362	22	21932068	NC	-0.013023	0.502644
22:21936642	22	21936642	NC	0.016116	0.506855
rs5754217	22	21939675	NC	0.042961	0.019815
rs117663329	22	21939765	NC	0.049722	0.998255
rs4821112	22	21964761	NC	0.040779	0.499613
GSA-rs453343	22	21967395	NC	-0.024414	0.502357
rs4821116	22	21973319	NC	-0.012922	1.000000
rs11089637	22	21979096	NC	0.018587	0.012293
rs2298428	22	21982892	NC	-0.085423	0.021079
rs12170285	22	21988833	NC	-0.004741	0.001156
rs35113423	22	21989142	NC	0.094256	0.501095
rs730882	22	21989325	NC	0.005876	0.496396
rs11705259	22	21990823	NC	0.027400	0.506894
rs11705317	22	21991120	NC	-0.058010	0.499718
GSA-rs34035987	22	21994044	NC	-0.015280	0.497173
GSA-rs73166641	22	21998280	NC	0.038659	0.000000
GSA-rs71314788	22	22000109	NC	-0.028921	0.000000
rs447001	22	22010918	NC	-0.041587	1.000000
rs9941935	22	22015144	NC	-0.032723	0.986438
GSA-rs78272461	22	22015771	NC	-0.028026	0.504673
rs3788329	22	22028124	NC	0.031386	0.486195
GSA-rs55831940	22	22035555	NC	0.059214	0.500914
GSA-rs443192	22	22036640	NC	-0.032131	0.000000
rs141789375	22	22042377	NC	0.011763	0.008041
rs141406819	22	22049263	NC	-0.099699	0.013124
GSA-rs74836292	22	22050361	NC	-0.045939	0.998930
GSA-rs710172	22	22055280	NC	0.004028	0.999250
GSA-rs1860	22	22055394	NC	-0.046696	0.998577
GSA-rs5994805	22	22059968	NC	0.082491	0.000000
GSA-rs7285365	22	22068740	NC	-0.023389	0.499932
GSA-rs55741555	22	22076177	NC	-0.044032	0.497282
GSA-rs7290787	22	22077124	NC	0.027451	0.992741
GSA-rs118049714	22	22078367	NC	0.003981	0.000000
rs5994846	22	22082919	NC	-0.079671	0.984562
GSA-rs5749769	22	22094016	NC	-0.036603	1.000000
rs5999264	22	22095920	NC	-0.002109	0.008966
GSA-rs73149931	22	22107057	NC	0.104995	0.492386
rs61387590	22	22111985	NC	-0.031652	0.012470
rs9340	22	22115353	NC	-0.014013	0.482345
rs13515	22	22115886	NC	0.030174	0.506795
GSA-rs41282607	22	22118229	NC	0.010697	0.998705
rs743409	22	22129215	NC	0.090809	0.492509
rs2283792	22	22131125	NC	0.039448	0.005055
rs9610417	22	22199970	NC	0.043118	1.000000
rs5755694	22	22200530	NC	-0.012021	0.501281
rs8136867	22	22204793	NC	-0.076252	0.017784
GSA-rs4821401	22	22214572	NC	0.071608	0.482596
GSA-rs73149968	22	22259174	NC	0.081377	0.481897
rs8143081	22	22262369	NC	-0.028889	0.484381
GSA-rs117189726	22	22271797	NC	0.125725	0.515078
GSA-rs16979617	22	22274021	NC	0.061193	0.527634
rs2070507	22	22277571	NC	-0.064523	0.499809
rs9610645	22	22288560	NC	0.045179	0.518329
GSA-rs240068	22	22290403	NC	0.000861	0.518231
GSA-rs117218983	22	22304127	NC	0.044353	0.501087
rs9610690	22	22304943	NC	-0.056902	0.492371
chr22-22316765	22	22316765	NC	0.020731	1.000000
rs199633721	22	22318346	NC	-0.009273	0.991348
GSA-rs75602167	22	22318354	NC	0.013973	0.493788
rs143308485	22	22318364	NC	0.005370	0.000000
rs9610728	22	22318538	NC	-0.025131	1.000000
rs181255589	22	22318568	NC	-0.057553	0.504277
rs239927	22	22330082	NC	-0.025061	0.015697
GSA-rs5756326	22	22335639	NC	0.230643	0.505422
rs238783	22	22342195	NC	0.010136	1.000000
GSA-rs77973739	22	22342678	NC	0.021693	0.517451
GSA-rs116872618	22	22343023	NC	0.090130	1.000000
rs1866859	22	22343553	NC	0.003377	0.487168
GSA-rs4821537	22	22344848	NC	-0.031499	0.001342
rs34643644	22	22349201	NC	-0.024068	0.501051
rs1016548	22	22355496	NC	-0.059000	0.995781
GSA-rs117775579	22	22357620	NC	-0.013202	0.521742
rs6000509	22	22358201	NC	-0.000263	1.000000
rs61139	22	22360650	NC	-0.167827	1.000000
GSA-rs17821917	22	22372518	NC	-0.086689	0.480257
rs56786473	22	22372593	NC	0.019360	0.505383
GSA-rs60507728	22	22375705	NC	-0.045660	1.000000
rs12159720	22	22377206	NC	-0.064787	0.491462
GSA-rs58036485	22	22384364	NC	-0.035321	0.982565
rs366116	22	22394227	NC	-0.004474	0.525312
rs4820285	22	22399916	NC	0.079534	0.000000
GSA-rs5756660	22	22401170	NC	0.000070	0.490395
rs5750427	22	22401267	NC	-0.011207	0.510412
rs5750432	22	22402940	NC	-0.055083	0.501107
rs13340082	22	22404083	NC	0.076580	0.005342
rs5756720	22	22416707	NC	-0.058829	1.000000
rs5750449	22	22418813	NC	-0.052867	0.482958
GSA-rs4490292	22	22419249	NC	-0.008293	0.510362
rs6000820	22	22421249	NC	0.057939	0.995342
GSA-rs17820606	22	22421412	NC	0.026936	1.000000
rs6000838	22	22422622	NC	-0.031621	0.015023
rs1894252	22	22426145	NC	-0.061912	0.506825
GSA-rs118039352	22	22426545	NC	0.099770	0.000000
rs7291038	22	22428083	NC	-0.015283	0.007672
GSA-rs16982463	22	22428155	NC	-0.052176	0.504776
GSA-rs743529	22	22435843	NC	-0.019968	0.003356
rs5756807	22	22437655	NC	-0.028429	0.499931
rs1894251	22	22440499	NC	-0.080134	0.996576
rs5750496	22	22440788	NC	-0.091514	0.994775
GSA-rs13058323	22	22440829	NC	0.016910	0.498934
rs7286062	22	22450073	NC	0.006098	0.990776
GSA-rs12484368	22	22451791	NC	-0.017427	0.000000
GSA-rs67371756	22	22454496	NC	0.005440	0.001682
GSA-rs78826497	22	22456900	NC	-0.035372	0.501339
GSA-rs117097235	22	22467903	NC	0.044810	0.508055
GSA-rs77392912	22	22478113	NC	0.021905	0.506269
GSA-rs117931929	22	22479924	NC	-0.148954	0.994912
rs5756977	22	22484210	NC	-0.046222	0.507624
rs5756987	22	22486646	NC	-0.088951	1.000000
rs9637337	22	22489904	NC	-0.031646	0.992861
GSA-rs116846750	22	22493764	NC	-0.012384	0.008983
GSA-rs17558061	22	22505762	NC	-0.001213	0.000000
rs5750619	22	22517705	NC	0.020697	0.980850
GSA-rs5757136	22	22517826	NC	-0.001889	0.512763
GSA-rs5757142	22	22518517	NC	0.086748	1.000000
rs743518	22	22522265	NC	0.017854	0.497284
rs2105815	22	22531074	NC	-0.006790	0.000000
rs5757247	22	22531572	NC	0.019582	0.000000
GSA-rs4991801	22	22533348	NC	-0.068419	0.510326
GSA-rs16985406	22	22535082	NC	-0.009507	1.000000
GSA-rs8139876	22	22535973	NC	-0.027386	0.497558
rs4145536	22	22536846	NC	0.085226	0.493290
rs10483109	22	22537581	NC	0.011542	0.484788
GSA-rs111460696	22	22548577	NC	0.008330	0.508299
GSA-rs7293219	22	22548831	NC	0.021349	0.477929
GSA-rs9619829	22	22549738	NC	-0.042691	0.991799
GSA-rs77180908	22	22554512	NC	-0.085335	0.505351
GSA-rs9623076	22	22560977	NC	0.118660	0.511210
rs2040345	22	22561973	NC	-0.038937	0.507712
GSA-rs138843768	22	22563845	NC	0.026651	0.497066
chr22-22569469	22	22569469	NC	-0.047766	0.002811
rs140258196	22	22569609	NC	0.046168	0.510784
rs116733113	22	22569649	NC	0.052975	0.480415
rs12159423	22	22573637	NC	0.090600	0.495883
GSA-rs78501378	22	22579286	NC	0.079223	0.000000
rs5757568	22	22583571	NC	0.103895	1.000000
rs8141482	22	22584809	NC	0.048587	0.013124
GSA-rs6001548	22	22597173	NC	-0.006568	0.988262
GSA-rs11089978	22	22599216	NC	-0.085104	0.508813
rs77632478	22	22603373	NC	0.041283	0.002188
GSA-rs370528154	22	22668453	NC	0.013598	1.000000
rs140594791	22	22681967	NC	-0.017301	0.511674
GSA-rs16987300	22	22696066	NC	0.072168	1.000000
rs148899698	22	22698031	NC	-0.020716	0.500224
GSA-rs10483111	22	22702390	NC	-0.062999	1.000000
GSA-rs112049143	22	22702508	NC	0.020480	0.517911
GSA-rs2330108	22	22716637	NC	0.025407	0.991691
GSA-rs713654	22	22727571	NC	0.015451	0.501527
GSA-rs75791812	22	22737744	NC	-0.055208	0.017574
rs116998290	22	22741239	NC	-0.144897	0.002676
GSA-rs12158271	22	22743959	NC	0.140451	0.000000
GSA-rs79901931	22	22753204	NC	0.038135	0.506879
GSA-rs2156885	22	22775802	NC	-0.146134	0.990447
rs111480336	22	22782258	NC	-0.039293	1.000000
GSA-rs5751064	22	22782477	NC	-0.027439	0.998487
GSA-rs143355132	22	22786144	NC	0.089897	0.492986
GSA-rs6002371	22	22801645	NC	-0.038621	0.489938
GSA-rs1894242	22	22806795	NC	0.035406	0.515965
GSA-rs7291770	22	22811375	NC	0.059277	0.489027
GSA-rs117755520	22	22811601	NC	0.018032	0.000000
chr22-22868626	22	22868626	NC	-0.027846	0.502809
GSA-rs76383811	22	22869439	NC	-0.117252	0.498788
rs149749715	22	22869477	NC	-0.020991	0.000000
GSA-rs117276452	22	22875841	NC	-0.043636	0.508061
GSA-rs59717931	22	22878110	NC	0.060917	0.003399
GSA-rs144672120	22	22886433	NC	-0.061104	0.000000
GSA-rs61178761	22	22889639	NC	0.078316	0.000000
GSA-rs61730840	22	22890552	NC	-0.011518	0.489220
GSA-rs143505065	22	22890869	NC	0.001637	0.998633
GSA-rs16989531	22	22893823	NC	0.032912	0.499409
chr22-22898325	22	22898325	NC	-0.060846	0.013756
rs139219466	22	22898343	NC	0.097395	0.515632
chr22-22901816	22	22901816	NC	-0.015285	0.994436
GSA-rs117138581	22	22902760	NC	-0.027900	1.000000
GSA-rs148069608	22	22940409	NC	0.017011	0.510065
GSA-rs16990531	22	23011972	NC	-0.023207	0.002550
GSA-rs10483113	22	23019958	NC	-0.003970	1.000000
GSA-rs76124814	22	23032847	NC	-0.005965	0.503661
GSA-rs59747512	22	23038081	NC	-0.066395	0.492608
GSA-rs112989302	22	23049065	NC	0.108439	0.990725
GSA-rs62218439	22	23057420	NC	0.002110	0.515445
GSA-rs117502909	22	23060499	NC	-0.029773	0.992833
rs191985323	22	23063421	NC	0.038433	0.506214
GSA-rs62220405	22	23098587	NC	0.007510	0.491657
GSA-rs6003288	22	23106898	NC	-0.032526	0.000000
GSA-rs117397387	22	23110658	NC	0.013198	0.994398
GSA-rs12159531	22	23125050	NC	-0.060244	0.471241
GSA-rs75410681	22	23130548	NC	-0.013341	0.016144
chr22-23161646	22	23161646	NC	-0.024578	0.494968
GSA-rs5996399	22	23173290	NC	0.095069	0.998894
GSA-rs77881253	22	23180275	NC	-0.014535	0.989669
GSA-rs5759488	22	23184117	NC	0.016545	0.500321
GSA-rs13058682	22	23205980	NC	-0.021135	0.010631
GSA-rs144507690	22	23240507	NC	0.048885	0.499758
GSA-rs117956113	22	23250088	NC	0.098808	0.491745
rs1475930	22	23250737	NC	-0.065906	0.999246
rs189343862	22	23256422	NC	-0.006118	0.505879
rs118093337	22	23257499	NC	-0.070505	0.476859
rs6003388	22	23258438	NC	0.085381	1.000000
rs76121504	22	23260329	NC	-0.026924	0.004462
GSA-rs368346609	22	23262118	NC	-0.141704	1.000000
GSA-rs115248992	22	23262137	NC	0.035931	0.492208
rs737885	22	23263708	NC	-0.063709	0.499846
GSA-rs394409	22	23266118	NC	0.078202	0.018300
GSA-rs5759535	22	23268390	NC	0.153546	0.505927
GSA-rs78339303	22	23270732	NC	0.014229	0.504888
rs429942	22	23275227	NC	0.003460	0.490244
rs436599	22	23276421	NC	-0.008756	0.007605
rs463235	22	23278593	NC	0.072333	0.987867
GSA-rs7288450	22	23278613	NC	0.025258	0.502037
GSA-rs8139942	22	23279385	NC	-0.033137	0.512169
rs2106122	22	23279752	NC	0.052753	1.000000
GSA-rs147712328	22	23281789	NC	-0.043433	1.000000
GSA-rs756737	22	23283517	NC	0.042323	0.492836
rs5759542	22	23283632	NC	0.007849	0.520506
rs10470284	22	23284781	NC	-0.104802	1.000000
GSA-rs73166817	22	23285223	NC	-0.000555	0.478954
rs12160186	22	23285967	NC	-0.003391	0.481407
rs459488	22	23286059	NC	-0.032953	0.000000
GSA-rs11703761	22	23287367	NC	0.153515	0.502879
GSA-rs9623979	22	23291613	NC	0.039203	1.000000
rs11705658	22	23292407	NC	0.120569	0.503053
rs9612174	22	23295133	NC	0.022269	0.502228
rs62220900	22	23296231	NC	0.072141	1.000000
GSA-rs113522889	22	23299147	NC	0.025744	1.000000
rs915613	22	23299769	NC	0.078742	1.000000
rs2213953	22	23320339	NC	0.043706	0.000000
GSA-rs137893834	22	23329477	NC	0.009226	0.006081
rs13053230	22	23335538	NC	-0.083552	1.000000
rs980595	22	23337642	NC	-0.019961	0.499355
GSA-rs62220905	22	23338634	NC	-0.112991	0.500299
rs6003447	22	23339200	NC	0.095444	0.009429
GSA-rs73166864	22	23340580	NC	0.051735	0.987169
GSA-rs56102358	22	23350450	NC	-0.021664	0.000000
rs116873473	22	23350708	NC	0.060298	0.000000
GSA-rs77978020	22	23352798	NC	-0.110138	0.006082
rs78529900	22	23353442	NC	-0.076602	0.504540
GSA-rs6003461	22	23362084	NC	-0.001303	0.004184
rs11705689	22	23375062	NC	-0.005520	0.986682
GSA-rs74332294	22	23375624	NC	0.039168	0.512478
GSA-rs6003484	22	23379985	NC	-0.005787	1.000000
GSA-rs112864221	22	23380766	NC	0.176527	0.006968
GSA-rs187564522	22	23395750	NC	0.052493	0.986184
GSA-rs55978620	22	23397014	NC	0.017700	0.994257
GSA-rs55964741	22	23401865	NC	0.027733	0.488972
rs114722798	22	23406302	NC	0.058679	0.475766
rs9624019	22	23407301	NC	-0.037229	0.503323
rs5751574	22	23416005	NC	0.134945	0.981236
GSA-22:23417593	22	23417593	NC	-0.030878	0.498811
rs6003497	22	23421736	NC	0.090746	0.486811
GSA-rs79581211	22	23430889	NC	-0.086254	1.000000
GSA-rs75764644	22	23445483	NC	-0.061655	0.985723
GSA-rs2283801	22	23454485	NC	0.094572	0.500041
rs2283803	22	23454881	NC	-0.044778	0.481807
rs2267000	22	23455366	NC	-0.073540	1.000000
GSA-rs117327666	22	23460443	NC	-0.054696	1.000000
GSA-rs56339124	22	23461300	NC	-0.056173	0.992491
GSA-rs79854927	22	23468790	NC	0.040133	0.005513
GSA-rs77460005	22	23474579	NC	0.034632	0.000000
rs56369240	22	23474756	NC	-0.036645	0.501903
GSA-rs117809204	22	23475102	NC	0.042439	0.981049
rs116303473	22	23476266	NC	-0.032169	0.996979
rs35211242	22	23482483	NC	-0.043473	0.015401
rs148686768	22	23482528	NC	0.002678	0.006295
rs78340958	22	23486453	NC	0.037831	1.000000
rs61747143	22	23488859	NC	-0.066218	1.000000
GSA-rs9612247	22	23492082	NC	0.050614	0.489299
rs5751592	22	23497674	NC	-0.035522	0.475761
chr22-23503185	22	23503185	NC	-0.043995	0.481544
chr22-23503186	22	23503186	NC	0.043260	0.500696
rs4820541	22	23504405	NC	0.079350	0.000000
GSA-rs141042691	22	23506771	NC	0.030922	0.000000
exm2264740	22	23506826	NC	0.022275	1.000000
rs768513	22	23512554	NC	0.040182	0.510700
GSA-rs5759646	22	23545434	NC	-0.053896	1.000000
GSA-rs117582309	22	23558688	NC	0.001074	0.508357
rs762601	22	23568858	NC	-0.046539	1.000000
GSA-rs117802493	22	23571481	NC	-0.098697	0.509074
rs6003582	22	23584163	NC	-0.042459	1.000000
GSA-rs5996503	22	23584361	NC	0.009727	0.000000
rs80233084	22	23584441	NC	0.006925	0.977089
rs5759661	22	23587341	NC	0.027515	0.486750
rs5751613	22	23587894	NC	0.089505	0.499548
GSA-rs118119551	22	23592166	NC	-0.018572	0.483968
GSA-rs5751614	22	23593051	NC	-0.003608	0.000000
GSA-rs73152641	22	23598009	NC	-0.013418	0.984793
GSA-rs73152643	22	23602419	NC	-0.006627	0.494503
rs200190160	22	23603636	NC	0.017077	0.516949
GSA-rs140502	22	23606544	NC	-0.093545	0.508918
GSA-rs79769038	22	23610765	NC	-0.083969	0.499987
GSA-rs17533177	22	23610800	NC	0.137572	0.000000
GSA-rs117486344	22	23611456	NC	-0.042250	0.486497
GSA-rs5759676	22	23621387	NC	-0.017966	0.479638
rs7288846	22	23623284	NC	0.098388	0.504918
GSA-rs35727393	22	23627256	NC	0.056335	0.476600
rs140504	22	23627369	NC	0.084109	0.500778
GSA-rs73152652	22	23631147	NC	0.005510	0.987118
rs2229038	22	23634790	NC	0.049096	0.505878
rs73388594	22	23644631	NC	-0.045235	0.491403
rs9608102	22	23644794	NC	-0.082269	0.494844
rs2267027	22	23648478	NC	0.068007	1.000000
rs131693	22	23649242	NC	-0.048545	0.000000
GSA-rs77227437	22	23657766	NC	-0.075058	1.000000
GSA-rs1042660	22	23658006	NC	0.017193	1.000000
GSA-rs116875264	22	23665372	NC	0.017930	0.505747
GSA-rs77982068	22	23667018	NC	-0.104832	0.510140
rs5759723	22	23673094	NC	-0.031802	0.489541
GSA-rs8141321	22	23680734	NC	-0.015792	0.495549
GSA-rs8142297	22	23688345	NC	0.010867	0.014031
GSA-rs8137677	22	23688412	NC	0.051561	0.000000
rs4820550	22	23695404	NC	0.032117	0.504683
rs5759742	22	23700907	NC	-0.028744	0.505825
rs9612334	22	23708020	NC	-0.065732	0.512097
GSA-rs9608133	22	23710013	NC	-0.067724	0.500445
rs2073386	22	23712520	NC	-0.072369	0.492725
rs5996529	22	23712647	NC	-0.026784	0.000972
rs8142127	22	23717465	NC	0.104287	0.504679
GSA-rs28656233	22	23737214	NC	0.089490	0.490956
GSA-rs77473109	22	23739622	NC	0.017910	0.503968
GSA-rs55756930	22	23740460	NC	0.032915	0.000000
rs2330452	22	23754578	NC	0.009511	0.000000
rs7284162	22	23755228	NC	0.134011	0.008558
GSA-rs62218982	22	23756475	NC	-0.013764	0.007222
rs6003697	22	23757786	NC	-0.000968	0.993209
rs4822406	22	23757964	NC	0.038059	1.000000
GSA-rs4991267	22	23758531	NC	-0.089940	0.481276
rs5751654	22	23763114	NC	-0.037659	0.515272
rs9612352	22	23763969	NC	0.105263	0.497733
GSA-rs4822409	22	23765006	NC	0.054979	0.988126
GSA-rs115151152	22	23765246	NC	0.013207	0.004473
rs4822410	22	23765265	NC	-0.077829	0.500354
GSA-rs17001563	22	23766423	NC	-0.025053	0.483777
rs76095513	22	23769665	NC	-0.084640	0.496725
rs6003708	22	23770554	NC	0.105243	0.000000
rs5751660	22	23781075	NC	0.021079	0.496930
GSA-rs73880824	22	23787187	NC	0.012601	0.995979
rs117490704	22	23788736	NC	-0.073924	0.994764
GSA-rs150455125	22	23808436	NC	0.034107	0.000000
rs5759832	22	23815760	NC	0.043087	0.499361
GSA-rs4822416	22	23816428	NC	0.050796	1.000000
rs7289380	22	23817486	NC	-0.093176	0.504699
rs17002022	22	23827584	NC	0.057353	0.500878
rs140157	22	23836819	NC	0.009295	0.000000
rs58155100	22	23842972	NC	-0.039431	0.493762
GSA-rs5996564	22	23843439	NC	0.000610	0.000000
GSA-rs140161	22	23845547	NC	0.097318	1.000000
GSA-rs6003747	22	23846436	NC	0.088871	0.024176
GSA-rs1108741	22	23846520	NC	0.023603	1.000000
rs79937830	22	23847843	NC	-0.059006	0.494232
rs5759855	22	23849044	NC	-0.047181	0.497651
GSA-rs117639432	22	23849126	NC	-0.065311	0.007962
GSA-rs73395362	22	23849683	NC	-0.032204	0.000000
rs9612366	22	23850130	NC	0.058302	1.000000
GSA-rs140827489	22	23851629	NC	-0.015290	0.004595
rs4822422	22	23852494	NC	-0.018495	0.014063
GSA-rs118029159	22	23852526	NC	-0.005959	0.491694
rs4629265	22	23854226	NC	-0.036373	0.499165
rs738781	22	23854282	NC	-0.027572	1.000000
GSA-rs117477639	22	23855320	NC	-0.095627	0.505877
GSA-rs113173094	22	23856954	NC	-0.112945	0.502784
rs9620283	22	23858666	NC	0.001449	0.520560
GSA-rs4822423	22	23867924	NC	-0.041556	0.492579
rs5759882	22	23872787	NC	-0.015469	1.000000
GSA-rs112790080	22	23874713	NC	-0.016074	1.000000
GSA-rs111264312	22	23875592	NC	0.051147	0.988339
GSA-rs79839343	22	23875963	NC	0.089584	0.987995
GSA-rs139505206	22	23886337	NC	0.098499	0.485884
GSA-rs371914942	22	23889980	NC	-0.063331	0.526291
rs179304	22	23894242	NC	0.071009	0.015919
GSA-rs74336902	22	23898047	NC	-0.189871	0.497065
rs9620289	22	23899964	NC	-0.012114	0.495310
GSA-rs73878950	22	23912806	NC	0.045455	0.000000
GSA-rs115415403	22	23912877	NC	0.007051	1.000000
GSA-rs149967788	22	23913717	NC	-0.115883	1.000000
GSA-rs117166029	22	23916424	NC	-0.088050	0.504762
GSA-rs12167599	22	23920102	NC	-0.055598	0.000000
GSA-rs116760479	22	23922281	NC	0.045578	0.499078
rs131422	22	23923425	NC	-0.058067	0.492606
rs12627824	22	23925335	NC	0.078223	0.997775
rs131428	22	23925431	NC	0.061490	0.012631
GSA-rs118124522	22	23925566	NC	-0.003627	0.009017
rs131429	22	23925779	NC	0.111506	0.496821
rs66623543	22	23925837	NC	0.033745	0.000000
rs11090262	22	23930279	NC	0.108202	0.010026
GSA-rs74337053	22	23934280	NC	0.095001	0.501664
rs3747125	22	23937732	NC	-0.027353	0.529451
GSA-rs113670883	22	23938120	NC	0.055546	0.506983
rs7288250	22	23938204	NC	0.172406	0.504949
rs60644391	22	23938941	NC	0.024826	0.497195
rs17627842	22	23948561	NC	0.015878	0.017612
rs10427863	22	23949744	NC	0.054571	1.000000
rs5759930	22	23949997	NC	0.006274	0.982307
rs34140548	22	23951928	NC	0.118613	0.488210
rs9624229	22	23952160	NC	-0.091106	0.511479
GSA-rs17627963	22	23955765	NC	-0.028413	0.492986
GSA-rs55926718	22	23956673	NC	-0.012607	0.022717
rs150057438	22	23959054	NC	-0.039742	0.477617
rs61479247	22	23963154	NC	-0.082066	0.984885
chr22-23968167	22	23968167	NC	-0.004030	1.000000
GSA-rs12167140	22	23971028	NC	0.033592	1.000000
rs3827318	22	23974200	NC	0.043680	0.017442
GSA-rs117215798	22	23975185	NC	0.064101	0.013724
rs9306387	22	23979219	NC	0.044026	1.000000
GSA-rs6003824	22	23993051	NC	-0.039669	0.995643
GSA-rs6519460	22	23996463	NC	0.007619	0.009796
GSA-rs1807624	22	24017929	NC	0.058996	0.505913
GSA-rs2330579	22	24024430	NC	-0.018710	0.500637
rs8140340	22	24029646	NC	0.069692	0.992588
GSA-rs2070446	22	24035970	NC	0.009642	0.495970
rs140819650	22	24038809	NC	0.126811	1.000000
rs1007298	22	24038847	NC	-0.037848	0.498006
GSA-rs117585592	22	24039410	NC	0.100992	0.000000
chr22-24040405	22	24040405	NC	0.081530	0.992374
GSA-rs45570945	22	24040692	NC	-0.034662	0.000000
chr22-24041058	22	24041058	NC	0.030634	1.000000
GSA-rs11090282	22	24042963	NC	0.057383	0.495544
GSA-rs79084668	22	24047199	NC	-0.053094	1.000000
rs6003847	22	24047657	NC	0.043828	0.973349
GSA-rs76433013	22	24048743	NC	0.017629	0.511863
GSA-rs6003849	22	24049993	NC	0.058063	0.500785
GSA-rs117412075	22	24074312	NC	0.087913	0.003411
GSA-rs76241428	22	24083128	NC	0.011523	0.000000
GSA-rs41277301	22	24086026	NC	0.128166	0.002448
rs149048131	22	24086640	NC	0.023085	0.000134
GSA-rs6003872	22	24094295	NC	-0.004555	0.000000
chr22-24095268	22	24095268	NC	-0.055254	0.006281
rs184593742	22	24095337	NC	-0.011160	0.508772
rs2070453	22	24096400	NC	-0.001032	0.497009
rs1076123	22	24096783	NC	0.079649	1.000000
GSA-rs2330621	22	24105274	NC	-0.044100	0.000000
rs2298375	22	24106448	NC	-0.000348	1.000000
rs143257161	22	24106506	NC	-0.030822	0.000000
chr22-24106840	22	24106840	NC	0.001455	0.481435
chr22-24107048	22	24107048	NC	0.085121	0.003002
chr22-24108314	22	24108314	NC	-0.041640	0.502429
rs131444	22	24109550	NC	0.013065	0.498712
rs111527940	22	24109588	NC	-0.028862	0.019185
GSA-rs131445	22	24111044	NC	0.029587	0.515697
rs738789	22	24116586	NC	0.055574	0.505709
rs28363642	22	24120982	NC	-0.011500	0.486947
GSA-rs11704945	22	24121067	NC	0.030765	0.000000
rs28363645	22	24121288	NC	0.008396	0.992082
rs200191913	22	24121539	NC	0.071721	0.996058
rs199846081	22	24123479	NC	-0.056096	0.495451
rs141200301	22	24123521	NC	0.075590	0.000000
GSA-rs28363665	22	24123727	NC	0.006179	1.000000
chr22-24124547	22	24124547	NC	-0.067902	0.505449
rs28382575	22	24125689	NC	-0.042808	0.498445
rs151200657	22	24125916	NC	-0.049681	0.494970
GSA-rs17003784	22	24131009	NC	0.033108	0.007755
GSA-rs2073390	22	24133570	NC	-0.025210	0.493588
GSA-rs34396426	22	24137149	NC	-0.035368	0.469991
rs738800	22	24158315	NC	0.052624	0.992511
rs2186369	22	24170996	NC	-0.068678	1.000000
GSA-rs9612479	22	24172071	NC	-0.077817	0.001917
rs1128127	22	24179132	NC	0.060681	0.000000
rs144605010	22	24179357	NC	0.017742	1.000000
GSA-rs5760063	22	24179819	NC	-0.077082	0.502888
GSA-rs182066878	22	24184398	NC	-0.058833	0.000000
rs12159218	22	24184696	NC	0.141409	0.002385
rs762268	22	24187113	NC	0.073416	0.018910
GSA-rs735750	22	24187123	NC	-0.001452	0.981709
rs5760066	22	24187820	NC	-0.086440	0.004969
rs738803	22	24192879	NC	0.147257	0.007839
rs5760071	22	24194941	NC	-0.120323	0.000000
rs2330625	22	24207962	NC	0.043149	0.501814
rs2236620	22	24222710	NC	0.021065	0.974442
chr22-24226213	22	24226213	NC	0.147586	0.494916
GSA-rs181437217	22	24226674	NC	0.060386	1.000000
GSA-rs60699980	22	24226890	NC	0.081569	0.499146
rs28475393	22	24233046	NC	-0.024327	0.495252
rs738806	22	24234172	NC	0.011009	0.514893
rs5751759	22	24234493	NC	0.022117	0.000000
rs35565661	22	24237303	NC	-0.014703	0.000000
rs62239046	22	24239868	NC	0.061389	0.010048
GSA-rs5760093	22	24240340	NC	0.056346	1.000000
rs1007888	22	24241101	NC	-0.066138	0.000000
rs5760096	22	24247310	NC	0.025698	0.492654
rs60114871	22	24256056	NC	-0.049089	1.000000
rs4822461	22	24268120	NC	-0.160472	0.000000
rs5760124	22	24272122	NC	0.112221	1.000000
rs9620341	22	24312589	NC	-0.012669	0.995153
rs149353985	22	24313483	NC	-0.056714	0.508234
GSA-rs117446468	22	24402531	NC	0.025768	0.000415
rs738809	22	24405492	NC	0.052736	0.510989
GSA-rs190649764	22	24409792	NC	0.056952	0.016153
GSA-rs140517486	22	24410374	NC	-0.143518	0.000000
rs5760180	22	24414829	NC	0.083901	0.507546
GSA-rs117139356	22	24424831	NC	-0.063905	0.520254
GSA-rs17640037	22	24427490	NC	0.093025	0.480722
GSA-rs4822470	22	24428001	NC	0.058169	0.501557
rs201341706	22	24434850	NC	0.118005	0.000000
rs5760189	22	24442459	NC	0.029150	0.000000
GSA-rs17640355	22	24445320	NC	-0.035260	1.000000
GSA-rs17004823	22	24447303	NC	0.016937	1.000000
rs192766862	22	24447436	NC	0.007763	0.500057
rs184430120	22	24451389	NC	0.014152	1.000000
rs201606398	22	24456455	NC	-0.041800	0.468620
rs140878813	22	24456473	NC	-0.020116	0.505071
rs200164122	22	24456518	NC	-0.060714	0.509866
GSA-rs182210831	22	24458016	NC	0.002391	0.007860
GSA-rs13058260	22	24459843	NC	-0.080092	1.000000
GSA-rs9624395	22	24460593	NC	-0.015995	0.990792
GSA-rs112234981	22	24462180	NC	-0.086948	0.483134
rs3788367	22	24463996	NC	-0.127057	0.011139
rs3827321	22	24464377	NC	-0.052517	0.483111
rs62231971	22	24466964	NC	0.059647	0.519450
rs113890347	22	24469083	NC	0.051044	0.509324
GSA-rs117829709	22	24469397	NC	-0.021122	0.987949
GSA-rs117340640	22	24477037	NC	-0.105704	0.484545
chr22-24483633	22	24483633	NC	0.035322	1.000000
rs185237636	22	24487546	NC	-0.027099	0.007868
rs117908385	22	24487739	NC	0.068062	0.004990
rs149239737	22	24509645	NC	-0.051731	0.490054
GSA-rs111736007	22	24509986	NC	0.110775	0.471921
GSA-rs77353424	22	24515881	NC	0.082555	0.997896
GSA-rs73167538	22	24522144	NC	-0.075581	0.511419
GSA-rs189936288	22	24525666	NC	0.061590	0.502007
rs9612557	22	24535630	NC	-0.051624	1.000000
GSA-rs117001360	22	24539368	NC	0.011581	0.985708
GSA-rs142452636	22	24545912	NC	0.013092	1.000000
rs145513360	22	24567795	NC	-0.073179	0.515452
GSA-rs75303441	22	24571852	NC	0.015171	0.487044
rs144524781	22	24574054	NC	0.056585	0.496410
chr22-24580210	22	24580210	NC	0.075622	0.497184
rs8141797	22	24582041	NC	-0.030596	0.006466
rs143805165	22	24582080	NC	0.034922	0.481451
rs9608247	22	24587303	NC	0.015586	1.000000
GSA-rs35344394	22	24594349	NC	-0.010277	0.504636
rs6004094	22	24608924	NC	0.097300	0.507804
GSA-rs117077425	22	24610854	NC	0.077708	0.500078
GSA-rs7288201	22	24621293	NC	-0.024367	0.485980
GSA-rs140980900	22	24621541	NC	0.123763	0.000000
rs149456868	22	24622188	NC	-0.103514	0.488599
rs2275984	22	24622648	NC	0.057726	0.017362
GSA-rs117249571	22	24628908	NC	-0.083104	0.005286
GSA-rs116976546	22	24629912	NC	-0.000825	0.991923
rs2267073	22	24639069	NC	0.098372	0.506279
GSA-rs204711	22	24643540	NC	0.123598	0.507568
GSA-rs181246888	22	24667478	NC	-0.019494	0.515347
GSA-rs57636940	22	24679907	NC	0.055593	0.498245
GSA-rs74444893	22	24682696	NC	0.099786	0.509678
GSA-rs146982683	22	24704732	NC	-0.011545	0.007461
rs35783914	22	24709420	NC	0.027452	0.009137
rs5751846	22	24715049	NC	0.084166	0.984232
rs140178777	22	24717258	NC	0.073059	0.000470
rs148203655	22	24717411	NC	0.042912	0.983372
rs56168869	22	24717510	NC	0.013359	0.498419
rs142144652	22	24717517	NC	0.004969	0.000000
rs55723436	22	24718408	NC	0.034138	0.500084
rs201275356	22	24718681	NC	0.051953	0.492115
GSA-rs71318977	22	24723444	NC	0.022790	1.000000
rs201618130	22	24726329	NC	-0.017102	0.994725
rs2298380	22	24726718	NC	0.032803	0.511037
GSA-rs78254370	22	24729210	NC	0.021130	1.000000
GSA-rs7293001	22	24742493	NC	0.023993	0.989412
GSA-rs62233136	22	24744702	NC	-0.034593	0.494095
GSA-rs62233138	22	24745877	NC	0.154678	0.500531
GSA-rs188902098	22	24748394	NC	0.019729	0.012021
GSA-rs5760364	22	24755025	NC	0.011189	0.498575
GSA-rs79694428	22	24764081	NC	-0.001380	1.000000
GSA-rs28659842	22	24776451	NC	-0.101845	0.982694
GSA-rs117071777	22	24797178	NC	-0.035650	0.000000
GSA-rs34531254	22	24798294	NC	0.028930	0.012154
GSA-rs76082184	22	24801367	NC	0.042118	0.515412
rs5760405	22	24813841	NC	0.078341	0.484985
rs5760410	22	24815406	NC	-0.015041	1.000000
rs3761422	22	24826672	NC	0.045120	1.000000
rs5996696	22	24827622	NC	-0.041532	0.000000
rs71651683	22	24828853	NC	0.032339	0.000000
rs2267076	22	24830595	NC	-0.004828	0.000000
rs2236624	22	24836024	NC	0.010097	0.998175
rs5751876	22	24837301	NC	-0.031511	1.000000
GSA-rs17651189	22	24844883	NC	0.035255	0.510435
GSA-rs186518929	22	24863017	NC	-0.015358	0.502090
GSA-rs143454032	22	24876628	NC	-0.020819	0.489405
rs4822502	22	24881781	NC	-0.011984	0.497351
GSA-rs1543757	22	24882925	NC	0.009416	0.004044
GSA-rs62231885	22	24888192	NC	0.045090	0.000000
rs200145797	22	24891462	NC	-0.054247	0.482843
rs3788372	22	24894856	NC	-0.083473	0.000000
GSA-rs5760457	22	24895416	NC	-0.035438	0.980210
GSA-rs73169837	22	24895723	NC	-0.060868	0.485094
chr22-24896073	22	24896073	NC	0.089671	0.000000
GSA-rs117578416	22	24897241	NC	0.002319	0.984683
rs138872001	22	24898175	NC	0.061920	0.500950
rs2232866	22	24898310	NC	0.027216	0.490309
rs79110614	22	24898353	NC	-0.078739	0.501240
GSA-rs8142051	22	24901186	NC	-0.070689	0.985262
GSA-rs117038722	22	24904003	NC	0.052739	0.005342
rs140330	22	24908352	NC	-0.021576	0.512304
GSA-rs117529934	22	24914297	NC	0.024186	0.000000
rs143493067	22	24919586	NC	0.043503	0.020640
GSA-rs118163237	22	24919647	NC	0.058964	0.501383
GSA-rs114662807	22	24924177	NC	0.027621	0.000000
rs6004179	22	24933069	NC	-0.000796	0.990075
GSA-rs9704	22	24936970	NC	0.019387	0.513762
rs141689012	22	24944943	NC	-0.050825	0.996638
GSA-rs73152516	22	24955484	NC	-0.060104	0.502591
GSA-rs713666	22	24955609	NC	0.071206	0.968650
GSA-rs146711207	22	24955863	NC	0.006889	0.000000
GSA-rs117279121	22	24971692	NC	-0.129998	0.497698
chr22-24984261	22	24984261	NC	-0.020156	0.010723
rs4820599	22	24990213	NC	0.081597	1.000000
rs2070477	22	24990916	NC	-0.000769	1.000000
rs5751901	22	24992266	NC	0.007806	0.501187
rs5751902	22	24996630	NC	0.016840	0.001702
GSA-rs186765281	22	25010855	NC	-0.008262	1.000000
GSA-rs9624542	22	25069276	NC	-0.044390	0.995726
rs5760575	22	25079925	NC	0.062059	0.989060
rs5751940	22	25086734	NC	0.035468	1.000000
rs5760584	22	25089751	NC	-0.158200	0.000000
rs743377	22	25097248	NC	0.024599	0.006246
rs9612740	22	25099115	NC	0.072763	0.003369
GSA-rs5996749	22	25100466	NC	0.021978	0.487678
GSA-rs9608323	22	25102033	NC	0.007332	0.012343
rs5760596	22	25103024	NC	-0.038628	0.506496
rs2007382	22	25109027	NC	-0.024067	0.984855
rs115525	22	25112325	NC	0.029897	1.000000
rs131476	22	25117920	NC	0.004947	1.000000
GSA-rs73152579	22	25124143	NC	0.004606	0.491986
rs148034582	22	25124155	NC	0.085564	0.485211
GSA-rs118105649	22	25128338	NC	0.021316	0.000000
rs6004252	22	25129826	NC	0.080274	0.000000
rs5760613	22	25130948	NC	0.041127	0.495171
rs8139987	22	25131425	NC	-0.012434	0.970022
GSA-rs74510932	22	25135200	NC	0.070525	0.520747
chr22-25145369	22	25145369	NC	-0.103419	1.000000
rs75611858	22	25152511	NC	-0.014376	0.510050
GSA-rs79429059	22	25153457	NC	-0.072227	0.000000
GSA-rs56032751	22	25158445	NC	0.080586	0.500934
rs1001445	22	25168397	NC	-0.025712	1.000000
rs117841213	22	25168878	NC	0.105561	0.991551
rs5751997	22	25187544	NC	-0.046406	0.492418
GSA-rs139606	22	25189055	NC	-0.086535	0.000000
GSA-rs117357447	22	25194795	NC	0.094032	0.000000
GSA-rs41281559	22	25200426	NC	-0.076277	1.000000
rs139622	22	25205100	NC	-0.055229	0.506310
GSA-rs117091576	22	25206344	NC	-0.085606	0.993389
rs7287595	22	25208398	NC	0.052850	0.012042
rs12170037	22	25209481	NC	-0.045666	0.507643
rs5996763	22	25209724	NC	0.110736	0.000000
rs1883993	22	25211229	NC	0.035532	0.000000
rs5760680	22	25211793	NC	-0.025053	0.011058
GSA-rs73155726	22	25214733	NC	0.022624	0.000593
rs9612777	22	25217740	NC	0.004216	0.500333
GSA-rs9608342	22	25220446	NC	-0.014879	0.513804
rs4820615	22	25223662	NC	0.014149	0.000399
GSA-rs7288359	22	25225580	NC	-0.040909	0.501147
rs139633	22	25225879	NC	-0.013886	0.521320
GSA-rs116886049	22	25227705	NC	0.012074	0.491536
rs139646	22	25232862	NC	0.102001	1.000000
rs139662	22	25242592	NC	0.014313	0.018455
rs9620446	22	25245838	NC	0.109013	0.477113
rs41516144	22	25256011	NC	0.092632	1.000000
rs4572701	22	25260984	NC	0.025832	0.495612
rs56022312	22	25263048	NC	0.054046	0.487767
rs9917557	22	25269424	NC	0.097014	0.503875
rs6004338	22	25269518	NC	0.076731	0.506610
GSA-rs6004341	22	25274327	NC	-0.018596	0.013083
GSA-rs16979152	22	25280841	NC	0.041672	0.002685
rs16979179	22	25282711	NC	0.040909	0.491386
GSA-rs8142617	22	25283063	NC	-0.024407	0.016465
rs4541332	22	25283602	NC	-0.119171	0.507033
rs139724	22	25284829	NC	0.147168	0.003504
rs139729	22	25286983	NC	0.054909	0.986291
GSA-rs9612804	22	25287528	NC	-0.105434	1.000000
GSA-rs116892768	22	25287815	NC	0.046862	0.499961
rs75850566	22	25288102	NC	-0.046817	0.502373
rs2877253	22	25290487	NC	0.004531	1.000000
GSA-rs73157918	22	25290643	NC	0.051108	0.499538
GSA-rs2073201	22	25294369	NC	0.023998	1.000000
GSA-rs2073202	22	25294376	NC	-0.095659	0.511682
rs139735	22	25297338	NC	-0.085367	0.508435
rs139736	22	25297404	NC	0.036972	0.487507
GSA-rs139740	22	25298169	NC	0.009779	0.000000
rs11914055	22	25303941	NC	0.062456	0.499716
rs73157931	22	25307611	NC	-0.018722	0.992214
rs139763	22	25308272	NC	0.059292	1.000000
GSA-rs60529841	22	25308991	NC	-0.032369	0.495620
rs1997886	22	25314193	NC	0.031554	0.495029
rs5760738	22	25320371	NC	-0.021960	0.508584
GSA-rs118007271	22	25330911	NC	-0.066954	0.026149
GSA-rs41281561	22	25347070	NC	0.106650	0.490630
rs715554	22	25351379	NC	0.017674	0.992982
rs9620475	22	25376200	NC	0.066647	0.486157
rs11090362	22	25381045	NC	0.023401	0.481843
GSA-rs137890971	22	25386266	NC	-0.118520	0.000000
GSA-rs113973584	22	25390088	NC	0.008939	0.505931
GSA-rs77079889	22	25390274	NC	0.006785	0.513664
rs5752038	22	25390704	NC	0.040453	0.993442
rs7287818	22	25393014	NC	-0.000108	0.522532
rs5752040	22	25397740	NC	0.032990	0.008075
GSA-rs80040835	22	25401483	NC	0.065729	0.500141
rs114434007	22	25414834	NC	-0.053289	0.995433
rs116376862	22	25415632	NC	0.080168	0.482638
rs114525981	22	25415890	NC	-0.016967	0.998801
rs115184250	22	25416023	NC	0.075694	0.509509
rs116692185	22	25416292	NC	0.008035	0.498663
rs115437381	22	25419524	NC	0.011497	0.005866
rs114205557	22	25420696	NC	0.089615	0.998759
rs116342806	22	25426113	NC	-0.010150	0.492985
rs114644317	22	25426950	NC	0.053372	0.997495
rs192071285	22	25449764	NC	0.090613	0.502659
rs2006738	22	25454424	NC	0.064336	1.000000
rs2179237	22	25455087	NC	0.014481	0.512963
rs5760818	22	25458813	NC	-0.033741	0.519396
rs8135118	22	25467632	NC	-0.079291	0.496319
rs9612851	22	25468406	NC	0.142138	0.498709
GSA-rs726133	22	25473134	NC	-0.009888	0.496648
GSA-rs116914395	22	25474752	NC	0.025050	0.510039
rs5760837	22	25481086	NC	-0.136079	0.515228
GSA-rs77161003	22	25481989	NC	-0.112556	0.500654
GSA-rs117875166	22	25488051	NC	0.006949	0.000000
rs1076047	22	25495049	NC	0.010093	0.507892
GSA-rs77363603	22	25504247	NC	0.063534	0.007547
rs7284432	22	25504760	NC	0.034916	0.515109
GSA-rs9608369	22	25508375	NC	-0.067502	0.011135
rs2294371	22	25509030	NC	-0.017535	1.000000
GSA-rs5760863	22	25510459	NC	-0.072699	1.000000
rs7289890	22	25510694	NC	0.057186	0.498126
GSA-rs116988242	22	25530376	NC	0.006609	0.992619
GSA-rs742164	22	25530408	NC	-0.022549	0.521373
rs5760868	22	25530896	NC	-0.044280	1.000000
GSA-rs117502424	22	25541388	NC	-0.088416	0.517567
GSA-rs9624734	22	25548986	NC	0.092795	0.000000
GSA-rs190729144	22	25551002	NC	-0.030221	0.000000
GSA-rs55941025	22	25554936	NC	-0.068489	0.502602
rs5760890	22	25569939	NC	-0.045487	0.489403
GSA-rs73162213	22	25571815	NC	-0.118201	1.000000
rs5752075	22	25572748	NC	0.048168	0.991796
GSA-rs117517166	22	25577862	NC	-0.006004	1.000000
rs41281563	22	25595556	NC	-0.074583	0.994594
GSA-rs60507348	22	25596227	NC	0.068725	0.517254
GSA-rs116080510	22	25596638	NC	0.047351	0.477870
chr22-25597439	22	25597439	NC	-0.072852	0.493676
rs200457939	22	25599770	NC	0.045872	0.497700
GSA-rs17670506	22	25599849	NC	-0.004796	0.017151
GSA-rs117311393	22	25601114	NC	-0.004204	0.992698
chr22-25601330	22	25601330	NC	-0.059770	0.000000
rs4455261	22	25603018	NC	0.042288	0.998068
rs5760904	22	25603553	NC	0.097860	0.992209
rs4820621	22	25608548	NC	0.070757	0.504469
rs969623	22	25616213	NC	-0.000027	0.500870
GSA-rs117813616	22	25616584	NC	-0.076962	0.503067
GSA-rs111755447	22	25618615	NC	0.009790	0.000000
rs9608379	22	25620142	NC	-0.069502	0.506543
GSA-rs9608380	22	25622442	NC	0.010973	0.491028
GSA-rs16986560	22	25623839	NC	0.041474	0.004553
rs5760923	22	25624049	NC	0.052837	0.999498
rs5760930	22	25628386	NC	0.057588	1.000000
rs5752088	22	25629682	NC	0.026299	0.507055
rs4822584	22	25632493	NC	-0.107832	0.008572
rs4988744	22	25640962	NC	0.106908	0.000000
rs9612907	22	25642206	NC	0.031893	0.000000
seq-rs9941952	22	25646493	NC	-0.026105	0.520733
GSA-rs151164693	22	25647528	NC	-0.037697	0.026635
GSA-rs117189502	22	25648715	NC	-0.120488	0.000000
GSA-rs117820111	22	25650333	NC	0.068263	0.503608
rs5760942	22	25650406	NC	0.006397	0.992585
rs4822597	22	25658525	NC	0.129202	0.993058
GSA-rs57911975	22	25662513	NC	0.065790	0.007368
GSA-rs79098520	22	25669106	NC	-0.012093	0.490457
GSA-22:25680106	22	25680106	NC	-0.082398	1.000000
GSA-rs77216574	22	25688138	NC	0.060155	0.507819
GSA-rs4083400	22	25700895	NC	0.036701	1.000000
GSA-rs118161393	22	25713343	NC	-0.083125	0.991628
GSA-rs117086965	22	25714539	NC	-0.016483	1.000000
GSA-rs111620891	22	25716759	NC	-0.004977	0.988664
GSA-rs6004579	22	25723537	NC	0.062372	0.000000
GSA-rs6004588	22	25731679	NC	0.020957	0.496585
rs2294373	22	25753387	NC	-0.003494	0.989412
GSA-rs17616994	22	25755878	NC	0.087760	1.000000
rs58905020	22	25755885	NC	-0.027628	0.998194
chr22-25755924	22	25755924	NC	0.033303	0.514012
chr22-25755984	22	25755984	NC	0.122928	0.509458
GSA-rs79854676	22	25761309	NC	0.002104	0.486631
GSA-rs118136332	22	25762338	NC	0.025552	0.000000
GSA-rs78345670	22	25768387	NC	0.085395	0.513364
GSA-rs112545545	22	25770201	NC	0.150629	0.490516
GSA-rs369562860	22	25773378	NC	-0.022367	0.987043
GSA-rs116869380	22	25779198	NC	0.113003	0.494637
GSA-rs35022386	22	25785191	NC	0.028387	0.488714
GSA-rs4315631	22	25791019	NC	-0.024758	0.015000
GSA-rs77961563	22	25809940	NC	0.170958	0.003357
rs1123139	22	25815491	NC	-0.085085	0.490763
GSA-rs9624822	22	25818327	NC	-0.021105	0.483833
GSA-rs118133467	22	25824572	NC	0.035234	0.491057
GSA-rs17680597	22	25842934	NC	-0.096262	1.000000
GSA-rs73166941	22	25844874	NC	-0.088742	0.000000
GSA-rs76280871	22	25846283	NC	-0.021840	0.494460
GSA-rs75170820	22	25849697	NC	-0.003488	0.500653
GSA-rs35241381	22	25871709	NC	-0.027115	1.000000
GSA-rs73410917	22	25872690	NC	0.014047	0.011269
rs5996945	22	25875573	NC	-0.076134	0.494935
GSA-rs9612975	22	25875813	NC	0.054200	0.000000
GSA-rs613392	22	25880883	NC	-0.050409	0.497984
GSA-rs117605166	22	25882628	NC	-0.054465	0.487245
GSA-rs73166947	22	25885084	NC	0.031274	0.996449
GSA-rs1930966	22	25885704	NC	-0.006459	0.507200
rs7292626	22	25887513	NC	0.104357	0.498079
GSA-rs11090398	22	25889157	NC	0.060370	0.000614
rs74433423	22	25892660	NC	0.078882	0.515955
rs681478	22	25896979	NC	-0.028733	1.000000
GSA-rs117484607	22	25903901	NC	0.115931	0.988591
GSA-rs17692668	22	25911465	NC	-0.020546	0.496943
rs5752173	22	25924444	NC	0.052779	0.000000
GSA-rs35224782	22	25929538	NC	0.006353	1.000000
rs1467387	22	25931372	NC	0.048968	1.000000
rs9612986	22	25931437	NC	0.032851	0.497515
GSA-rs542162	22	25938025	NC	-0.064121	0.000000
GSA-rs5761102	22	25938944	NC	-0.041205	0.515682
rs80041057	22	25939254	NC	-0.022568	0.001920
rs5752175	22	25940411	NC	-0.085875	0.034692
GSA-rs2331111	22	25942595	NC	0.060137	0.000000
rs5752177	22	25945704	NC	0.074925	0.515597
GSA-rs74863143	22	25946301	NC	0.017994	0.517222
GSA-rs73166990	22	25950921	NC	0.006846	0.506037
GSA-rs5752182	22	25951739	NC	0.083932	0.494047
GSA-rs41257974	22	25953350	NC	0.015929	0.495034
rs74935100	22	25955459	NC	-0.021508	0.490556
rs113646180	22	25955765	NC	0.078801	0.999394
rs5761122	22	25959309	NC	0.139953	0.507137
GSA-rs41262444	22	25959702	NC	-0.001124	0.515022
rs7285640	22	25964737	NC	0.120967	0.489579
GSA-rs16980490	22	25969455	NC	0.027333	0.995725
GSA-rs41261944	22	25973678	NC	0.089329	0.000000
GSA-rs111778243	22	25978279	NC	0.035798	0.000000
GSA-rs74805376	22	25978464	NC	0.077539	0.512468
rs73166997	22	25985070	NC	0.062351	0.000000
rs111268308	22	25988497	NC	0.054337	0.989705
GSA-rs7286623	22	25993171	NC	0.050611	0.506047
rs2179243	22	25995783	NC	0.053535	0.997669
GSA-rs117375099	22	26011073	NC	-0.060577	0.497438
GSA-rs9612998	22	26022728	NC	-0.032489	0.479512
GSA-rs78807374	22	26031613	NC	0.053164	0.495590
GSA-rs146681989	22	26039263	NC	-0.050581	0.525182
GSA-rs8142086	22	26046513	NC	-0.000840	0.498634
GSA-rs80183404	22	26058852	NC	-0.130847	0.486202
GSA-rs146563811	22	26061048	NC	-0.008243	0.010703
rs6004737	22	26065034	NC	0.047898	0.499089
GSA-rs5752196	22	26071558	NC	-0.048971	0.487951
rs3817819	22	26075188	NC	0.126734	0.506214
rs3730314	22	26086323	NC	-0.038849	0.502489
GSA-rs3730114	22	26091306	NC	0.026218	0.512605
GSA-rs3730315	22	26100037	NC	-0.062397	0.494048
GSA-rs28763891	22	26110305	NC	-0.088867	0.989913
GSA-rs77839692	22	26115228	NC	0.006488	1.000000
GSA-rs78294019	22	26117001	NC	-0.046263	0.000000
GSA-rs41281565	22	26119378	NC	0.065473	0.487201
GSA-rs41277329	22	26122513	NC	0.093470	0.519529
rs10212011	22	26132612	NC	-0.064840	0.504948
GSA-rs9608418	22	26133455	NC	-0.000077	0.486378
GSA-rs79846137	22	26134776	NC	-0.029161	0.501063
rs133860	22	26144760	NC	-0.116559	0.512755
rs11090409	22	26146429	NC	0.082104	0.501931
rs61734946	22	26157068	NC	-0.008029	0.500025
rs139296373	22	26157081	NC	0.148746	0.500332
rs6004758	22	26157299	NC	0.038585	0.003738
GSA-rs8138918	22	26158448	NC	-0.004129	0.504577
rs133885	22	26159289	NC	-0.027959	0.992541
GSA-rs4820654	22	26162902	NC	-0.056561	0.987088
rs133902	22	26164079	NC	-0.124627	0.491062
rs192379299	22	26164290	NC	0.051855	0.505697
rs2748221	22	26165514	NC	-0.001317	0.000000
rs9608422	22	26167705	NC	-0.019605	0.999028
rs78365988	22	26169203	NC	0.097474	0.497070
GSA-rs147614587	22	26169910	NC	0.008932	0.993690
rs9624894	22	26170627	NC	-0.012091	0.502414
rs5761170	22	26173661	NC	0.145824	0.008768
rs9624898	22	26175283	NC	0.013137	0.500296
chr22-26176068	22	26176068	NC	0.157934	0.492469
GSA-rs8142661	22	26179312	NC	0.029309	0.492408
GSA-rs78253204	22	26179340	NC	0.007174	0.000000
rs13058364	22	26180032	NC	-0.002345	1.000000
rs112900389	22	26181397	NC	0.034021	0.989284
rs12628523	22	26184205	NC	0.081909	0.998223
rs5996973	22	26185235	NC	0.097009	0.000000
rs17624941	22	26185291	NC	-0.126118	0.505576
GSA-rs117162364	22	26185771	NC	-0.019524	0.499498
rs910521	22	26197929	NC	0.033368	1.000000
GSA-rs79758417	22	26199527	NC	-0.046090	0.505843
GSA-rs5752216	22	26202924	NC	0.128228	0.500425
GSA-rs5761250	22	26209553	NC	-0.107587	0.523153
GSA-rs117058083	22	26210585	NC	0.059222	0.505839
rs6004774	22	26216160	NC	0.022217	0.507219
GSA-rs16980808	22	26216282	NC	-0.074721	1.000000
22:26218557	22	26218557	NC	0.012998	0.000000
rs9624909	22	26222454	NC	0.003991	0.499530
rs41281575	22	26224704	NC	0.084436	0.483240
GSA-rs5996984	22	26225298	NC	0.016515	0.496534
rs7286591	22	26225384	NC	0.010008	0.479208
GSA-rs77822208	22	26226133	NC	0.100748	0.996694
GSA-rs12166250	22	26226815	NC	0.032227	0.513206
rs73879558	22	26227109	NC	-0.039741	0.000000
rs6004789	22	26229142	NC	-0.003218	1.000000
GSA-rs3887776	22	26230640	NC	-0.013071	0.514194
GSA-rs117854317	22	26232096	NC	0.040349	0.509738
GSA-rs41281577	22	26239698	NC	-0.124159	0.002442
rs144564568	22	26239784	NC	-0.027153	0.488188
rs5761271	22	26239950	NC	0.009989	0.505987
GSA-rs141637414	22	26244940	NC	-0.036044	0.510557
rs5996988	22	26247456	NC	-0.007935	0.986613
rs9624920	22	26250235	NC	0.054927	0.507625
rs695427	22	26254248	NC	-0.112600	0.017494
rs5996993	22	26265711	NC	-0.034127	0.523491
rs2301492	22	26266939	NC	-0.020526	0.014176
GSA-rs111369675	22	26268476	NC	-0.014362	0.003903
rs35578357	22	26272244	NC	0.013413	0.006742
GSA-rs17633130	22	26273049	NC	-0.049167	0.497250
rs1158340	22	26274949	NC	0.098420	0.501239
GSA-rs739281	22	26277148	NC	-0.025326	0.498643
rs695430	22	26278427	NC	0.055357	0.472028
rs4822669	22	26280942	NC	0.002899	0.490285
rs739282	22	26283020	NC	-0.041600	0.482463
rs35761934	22	26287482	NC	-0.179664	0.011339
rs9968038	22	26290723	NC	0.045317	0.000000
GSA-rs55959401	22	26293158	NC	0.110350	0.503685
rs77999892	22	26297142	NC	0.034640	0.976240
GSA-rs5761308	22	26304988	NC	-0.025473	0.504136
GSA-rs34427191	22	26309130	NC	-0.047274	0.987640
rs5761313	22	26313745	NC	0.044771	0.493327
rs9613037	22	26316491	NC	-0.104569	0.005513
rs183362649	22	26317261	NC	-0.027507	0.488220
GSA-rs117775260	22	26319451	NC	-0.077576	0.501376
GSA-rs199762739	22	26324320	NC	-0.017792	0.996136
GSA-rs35141530	22	26326222	NC	0.059136	0.004932
rs2269638	22	26329516	NC	0.041874	0.981542
rs1013815	22	26330370	NC	0.090183	0.989079
rs2331195	22	26335966	NC	-0.086058	0.523455
rs6004851	22	26346108	NC	0.014286	0.986165
rs139536173	22	26351314	NC	-0.055451	0.510467
rs1894677	22	26361327	NC	0.040092	0.000000
rs9306419	22	26369358	NC	-0.212308	0.499841
GSA-rs7287110	22	26376541	NC	-0.085977	0.999321
rs9620576	22	26378715	NC	0.012443	0.000000
rs61174692	22	26378722	NC	-0.077888	1.000000
rs6004864	22	26379837	NC	0.069234	0.496060
GSA-rs76569725	22	26383294	NC	0.091447	0.508452
GSA-rs73154155	22	26385093	NC	-0.014959	0.499135
rs7292853	22	26387064	NC	-0.055137	0.000000
rs147898739	22	26388398	NC	0.041231	0.000000
rs8139900	22	26394724	NC	0.102145	0.000000
GSA-rs116989446	22	26395407	NC	-0.053136	0.500923
GSA-rs79359390	22	26403975	NC	-0.008576	1.000000
rs12485167	22	26407134	NC	-0.088272	0.526709
rs7288885	22	26408660	NC	-0.018707	0.520629
rs5752254	22	26415475	NC	0.054526	0.517853
rs4822682	22	26418568	NC	0.083758	1.000000
rs114927091	22	26422536	NC	-0.061724	0.513292
rs149103381	22	26423285	NC	-0.053340	0.468306
rs117042106	22	26423579	NC	-0.078860	0.991019
GSA-rs73154188	22	26425690	NC	-0.012542	0.501929
rs5752257	22	26427848	NC	-0.041216	0.000000
rs8136102	22	26429185	NC	0.071784	1.000000
GSA-rs148544935	22	26430149	NC	0.051944	0.501982
GSA-rs17361758	22	26430221	NC	-0.003616	0.491509
rs75620797	22	26440366	NC	0.021832	0.504759
GSA-rs76496928	22	26440520	NC	-0.109276	1.000000
rs9624968	22	26453030	NC	0.050850	0.992111
rs2207531	22	26466235	NC	-0.025332	1.000000
GSA-rs62224195	22	26467325	NC	0.061126	0.500831
GSA-rs16981327	22	26471046	NC	0.093538	0.501214
rs4499534	22	26472006	NC	-0.116018	0.502828
GSA-rs191709607	22	26473643	NC	0.011071	1.000000
GSA-rs16981352	22	26476063	NC	-0.095081	0.479710
GSA-rs134693	22	26479951	NC	-0.045742	0.491910
rs11090428	22	26485668	NC	-0.031285	0.987150
rs11705662	22	26487205	NC	0.063392	0.009210
GSA-rs73883982	22	26496258	NC	0.060082	0.026008
rs134703	22	26500417	NC	0.102182	0.523030
rs9608458	22	26500958	NC	-0.024996	1.000000
GSA-rs62224199	22	26501161	NC	0.064835	0.000000
GSA-rs6519640	22	26504839	NC	-0.068153	0.501901
GSA-rs35930634	22	26506851	NC	0.037984	0.000000
rs134738	22	26520808	NC	0.113340	0.982897
rs134740	22	26521071	NC	-0.133115	0.977821
GSA-rs12160621	22	26536088	NC	0.099236	1.000000
GSA-rs134748	22	26543287	NC	0.022329	0.997746
GSA-rs189116857	22	26544820	NC	0.046227	0.499874
GSA-rs5752271	22	26546312	NC	0.004163	1.000000
rs9613115	22	26548342	NC	0.099815	1.000000
GSA-rs117700807	22	26549355	NC	-0.120459	0.001722
GSA-rs79619632	22	26555239	NC	-0.034467	0.500316
rs134755	22	26565156	NC	-0.039424	0.503659
rs9608467	22	26568194	NC	-0.065106	0.487686
GSA-rs5761393	22	26572830	NC	-0.017184	1.000000
GSA-rs12053781	22	26581926	NC	0.125506	0.483113
GSA-rs134762	22	26582436	NC	-0.088729	0.000000
GSA-rs17372172	22	26583547	NC	0.036995	0.029654
rs5997051	22	26593779	NC	-0.020814	0.000000
GSA-rs134769	22	26597805	NC	0.013356	0.486307
rs113368973	22	26602964	NC	-0.007690	1.000000
GSA-rs62224246	22	26610335	NC	0.032192	0.997928
GSA-rs9620595	22	26634750	NC	0.044499	0.008475
GSA-rs74362858	22	26642068	NC	0.036035	0.481842
GSA-rs79518473	22	26642646	NC	0.028714	0.499539
rs737792	22	26651766	NC	-0.067876	0.487365
rs713738	22	26653212	NC	-0.041475	0.012021
rs11705024	22	26653614	NC	-0.081581	0.001131
GSA-rs35486390	22	26659335	NC	-0.111645	0.000000
rs5752300	22	26660760	NC	-0.009288	0.503022
rs8141975	22	26664618	NC	0.013302	0.989026
GSA-rs138044027	22	26666748	NC	0.083769	0.012604
rs137182	22	26668524	NC	0.025841	0.484999
rs137190	22	26675608	NC	0.067868	0.003914
rs7292813	22	26681453	NC	0.014731	0.006727
rs677499	22	26681640	NC	0.111130	0.011169
chr22-26688542	22	26688542	NC	-0.060721	0.988429
rs137203	22	26688831	NC	-0.017055	0.517240
rs200380172	22	26690308	NC	0.019516	0.505785
rs137209	22	26692186	NC	0.019600	0.015270
GSA-rs74276944	22	26695920	NC	-0.016040	0.504100
GSA-rs76400344	22	26697120	NC	0.096663	0.510897
rs1210894	22	26702015	NC	0.010671	0.494128
rs138692969	22	26702041	NC	0.073582	0.487200
rs117917851	22	26706697	NC	0.054803	0.994242
rs142214073	22	26706743	NC	-0.031774	0.486089
rs581562	22	26715393	NC	0.026867	0.006244
rs3788378	22	26715923	NC	-0.037390	0.495637
rs628319	22	26718894	NC	0.039924	0.522316
rs2331244	22	26719009	NC	0.035279	0.487017
GSA-rs12169255	22	26720194	NC	0.109503	1.000000
rs596224	22	26722944	NC	0.032264	0.007564
GSA-rs74436227	22	26729475	NC	0.050546	0.983679
GSA-rs11705436	22	26729946	NC	-0.030564	0.495700
rs9613160	22	26735570	NC	-0.083492	0.504447
rs5761487	22	26738225	NC	-0.024551	0.000000
rs76929387	22	26739167	NC	0.165648	1.000000
rs6005020	22	26748225	NC	-0.076431	0.501729
rs582028	22	26748910	NC	-0.050113	0.503914
rs655581	22	26750230	NC	0.034992	0.004911
GSA-rs74582903	22	26751224	NC	0.187192	0.011412
rs4822712	22	26759177	NC	0.042804	0.986410
GSA-rs60652443	22	26760736	NC	-0.058382	0.490247
rs5761499	22	26767018	NC	0.109648	0.008132
rs654245	22	26767267	NC	-0.144002	0.986211
GSA-rs66508334	22	26769261	NC	-0.047619	0.499566
rs738400	22	26773254	NC	0.093671	0.490266
rs667577	22	26774580	NC	-0.037131	0.000000
GSA-rs16981994	22	26778335	NC	0.061477	0.506140
GSA-rs73160807	22	26784284	NC	-0.079588	0.494636
GSA-rs11090440	22	26789595	NC	0.002608	0.515911
rs2226691	22	26789849	NC	-0.026311	0.990991
rs59337862	22	26792243	NC	0.009251	1.000000
GSA-rs79637597	22	26792433	NC	-0.002442	0.505862
GSA-rs8139330	22	26792602	NC	0.088154	0.499913
rs5752319	22	26792643	NC	-0.025330	0.522722
rs621761	22	26794102	NC	0.000756	0.497336
GSA-rs8140344	22	26800199	NC	-0.021707	0.490398
rs600878	22	26800975	NC	-0.002703	0.496127
rs6005042	22	26801287	NC	0.050551	0.002169
GSA-rs77204037	22	26808788	NC	0.023832	1.000000
GSA-rs78082758	22	26812132	NC	0.043192	0.996515
GSA-rs74457675	22	26813302	NC	-0.075038	0.000050
GSA-rs13057979	22	26833455	NC	0.049198	0.484694
rs5761524	22	26836008	NC	-0.030215	0.001669
rs112893535	22	26840074	NC	-0.066794	0.507568
rs11913750	22	26841390	NC	0.029613	0.508810
GSA-rs6005051	22	26844866	NC	0.016500	0.000000
GSA-rs117935333	22	26846387	NC	0.044221	0.000000
GSA-rs76698785	22	26846447	NC	0.098573	0.013416
rs149568178	22	26849285	NC	0.021487	0.007985
GSA-rs1894704	22	26853905	NC	0.068235	0.487672
rs5761540	22	26858108	NC	-0.005480	0.000000
rs140234219	22	26859896	NC	0.103956	0.473635
chr22-26864537	22	26864537	NC	0.027624	0.495709
chr22-26868797	22	26868797	NC	0.000113	0.000000
rs9608491	22	26870985	NC	0.090398	0.503926
rs149830675	22	26872985	NC	-0.115703	0.001277
rs5752332	22	26874614	NC	0.027146	0.506745
GSA-rs41281585	22	26878283	NC	0.132347	0.999382
GSA-rs80306655	22	26880174	NC	-0.065070	0.531909
rs34764403	22	26906216	NC	-0.130776	0.495532
rs134145	22	26909750	NC	-0.035018	0.508075
GSA-rs73421329	22	26910261	NC	0.118474	0.506486
rs134157	22	26916722	NC	0.056301	0.996138
rs13056218	22	26917626	NC	-0.002886	0.504049
rs3088103	22	26920048	NC	-0.084673	0.015203
rs4149485	22	26922228	NC	0.025663	0.017019
rs2283817	22	26923155	NC	0.063594	0.503534
rs2283822	22	26924312	NC	0.116049	1.000000
rs5752341	22	26929558	NC	0.003192	1.000000
rs4822733	22	26930156	NC	-0.016902	1.000000
chr22-26932231	22	26932231	NC	-0.021301	0.994384
rs117701840	22	26937139	NC	0.077928	0.978562
GSA-rs77223678	22	26939365	NC	-0.125742	0.987482
rs75453083	22	26941385	NC	0.032147	0.000000
rs7288210	22	26942127	NC	-0.038743	0.000000
rs75587512	22	26954578	NC	-0.007422	0.499055
rs9613208	22	26955896	NC	0.010474	0.478182
GSA-rs58767350	22	26956562	NC	-0.036351	0.984132
GSA-rs2283832	22	26959859	NC	0.105271	1.000000
GSA-rs117981463	22	26961570	NC	-0.003638	0.515685
rs13055271	22	26962033	NC	0.034651	1.000000
rs4822740	22	26963254	NC	-0.020483	0.503029
rs763088	22	26963438	NC	-0.028597	1.000000
rs73163219	22	26973261	NC	-0.064518	0.502819
rs8140872	22	26977835	NC	0.100470	0.495133
rs4822743	22	26981039	NC	-0.138740	1.000000
rs73163238	22	26982787	NC	-0.039361	0.515832
GSA-rs5752351	22	26990807	NC	0.154367	0.497601
rs78165948	22	27002555	NC	-0.100444	1.000000
rs147206089	22	27003957	NC	0.015648	0.982101
rs4822753	22	27011460	NC	-0.139280	0.000000
rs142090709	22	27019197	NC	-0.019121	0.488580
GSA-rs35520672	22	27019264	NC	0.045220	0.003615
rs2071862	22	27021401	NC	0.021733	0.507627
rs182284999	22	27024395	NC	0.119149	0.507295
rs756505	22	27030951	NC	0.014971	0.020670
rs6005101	22	27033321	NC	-0.052333	0.983383
rs5997110	22	27036505	NC	0.010153	0.487608
rs5761655	22	27038853	NC	-0.020286	0.520311
rs739310	22	27051299	NC	-0.061048	0.496008
rs16982564	22	27054179	NC	0.006836	0.493503
rs7284198	22	27054199	NC	0.105035	0.522540
GSA-rs80337067	22	27056518	NC	-0.050340	0.008098
GSA-rs5761665	22	27057439	NC	-0.064542	0.496310
GSA-rs78699720	22	27061285	NC	-0.063636	0.508155
GSA-rs4274	22	27064287	NC	-0.172141	0.000354
rs5752378	22	27069835	NC	-0.049148	0.002937
rs60204004	22	27075281	NC	-0.114539	0.504682
rs1573765	22	27085224	NC	0.000955	0.000000
rs73425698	22	27085310	NC	-0.096312	0.481978
GSA-rs74384672	22	27089752	NC	0.016013	0.493810
GSA-rs28613882	22	27095262	NC	-0.054217	0.985843
GSA-rs73165442	22	27100562	NC	0.075127	0.011373
GSA-rs117274373	22	27107115	NC	0.033551	0.484798
rs5752388	22	27109475	NC	0.083528	0.471530
GSA-rs74357507	22	27117240	NC	0.036318	0.500492
rs4822782	22	27117672	NC	-0.002873	0.000000
GSA-rs6005148	22	27119905	NC	-0.096935	0.991871
GSA-rs117656360	22	27120699	NC	-0.048963	1.000000
rs6005150	22	27122480	NC	0.015741	0.511722
rs9625080	22	27128276	NC	0.101777	0.497521
rs28360616	22	27129463	NC	0.078703	0.498906
GSA-rs62650082	22	27132550	NC	-0.080186	0.000000
GSA-rs5761716	22	27133734	NC	-0.041894	0.996783
rs200966972	22	27136852	NC	-0.008435	0.988546
rs6005154	22	27141605	NC	0.021933	0.505167
rs1015067	22	27149053	NC	-0.109067	0.012027
rs5761730	22	27152775	NC	0.022126	0.499587
rs67292771	22	27153246	NC	0.075972	0.513134
GSA-rs5761732	22	27153785	NC	-0.112945	0.972341
GSA-rs78476966	22	27159657	NC	-0.080138	0.489016
rs6005159	22	27159832	NC	-0.026589	0.019141
rs1476034	22	27161035	NC	-0.056714	0.504405
rs11703244	22	27161589	NC	-0.075743	1.000000
GSA-rs80151504	22	27163014	NC	0.076054	0.488268
rs4820706	22	27167348	NC	-0.011825	0.990977
rs5761743	22	27170725	NC	0.049279	0.492359
GSA-rs73415934	22	27172360	NC	-0.024379	0.493905
rs5761748	22	27177355	NC	0.021217	0.000000
GSA-rs74756528	22	27179871	NC	-0.006708	0.001940
rs73415948	22	27180156	NC	0.040728	1.000000
rs5761749	22	27180392	NC	0.047201	0.994241
GSA-rs79482918	22	27182656	NC	0.108540	0.511526
GSA-rs117503488	22	27186310	NC	0.016127	0.002155
GSA-rs9608520	22	27188868	NC	-0.026673	0.487234
GSA-rs2285155	22	27189536	NC	-0.043645	1.000000
rs713752	22	27189774	NC	-0.020807	0.512399
rs737774	22	27190734	NC	-0.056475	0.516390
rs4822799	22	27191942	NC	-0.009552	0.000000
rs72617274	22	27195261	NC	0.048698	0.000000
GSA-rs62223037	22	27197034	NC	-0.130087	0.507134
rs4822801	22	27198719	NC	-0.080481	0.488693
rs9608521	22	27199237	NC	0.070903	0.997683
rs5752420	22	27205534	NC	0.072100	0.000000
rs1476033	22	27206289	NC	-0.046983	1.000000
GSA-rs12170701	22	27210131	NC	-0.019078	0.000000
rs12157601	22	27211083	NC	-0.110873	0.000000
rs2227187	22	27211572	NC	0.005138	0.988321
rs6005189	22	27213199	NC	-0.016145	0.012780
rs5761771	22	27213968	NC	-0.018802	0.491698
rs720914	22	27219881	NC	-0.041757	1.000000
rs13054025	22	27222059	NC	-0.051200	0.500086
GSA-rs10483128	22	27222694	NC	-0.036873	0.510889
GSA-rs11090455	22	27223656	NC	0.112965	0.502541
rs5761776	22	27227219	NC	-0.003374	0.000000
rs5761777	22	27227454	NC	0.063747	0.496058
rs6005198	22	27230983	NC	-0.033100	1.000000
GSA-rs75866554	22	27231303	NC	-0.097532	0.988360
rs136504	22	27236439	NC	-0.009483	1.000000
GSA-rs716153	22	27240175	NC	0.027061	0.517660
rs7284543	22	27240456	NC	-0.015117	1.000000
GSA-rs16982905	22	27242407	NC	-0.028334	0.000000
rs136519	22	27243234	NC	0.084018	0.002252
GSA-rs117129281	22	27244809	NC	0.044759	0.000000
rs136526	22	27245137	NC	-0.023984	0.000000
rs136531	22	27245485	NC	0.097252	0.513440
GSA-rs118086397	22	27248484	NC	-0.028281	1.000000
GSA-rs73167457	22	27251046	NC	-0.043110	0.506025
GSA-rs10483129	22	27258789	NC	0.033503	0.485790
GSA-rs117051882	22	27263317	NC	0.025761	0.000000
rs9306428	22	27264282	NC	0.126677	0.501799
rs5761797	22	27264880	NC	0.061565	0.491218
rs9613280	22	27268535	NC	-0.048505	0.495231
GSA-rs11913436	22	27273064	NC	0.039894	0.990537
rs9608535	22	27274720	NC	-0.042300	0.491850
GSA-rs113176204	22	27274880	NC	0.018634	0.484868
GSA-rs4822810	22	27277683	NC	0.004615	1.000000
rs4242	22	27284022	NC	0.024371	0.018108
rs5752435	22	27287323	NC	0.023012	0.525578
rs5997136	22	27296460	NC	0.009630	0.509654
GSA-rs13058632	22	27299692	NC	-0.030248	0.000000
rs4820717	22	27300463	NC	-0.025721	0.000000
rs1071957	22	27301137	NC	-0.012599	1.000000
GSA-rs117032058	22	27303200	NC	-0.074629	0.982593
rs6005232	22	27305180	NC	-0.037285	0.997529
rs11704127	22	27305781	NC	-0.093622	0.498614
GSA-rs117355313	22	27306502	NC	0.075822	1.000000
GSA-rs76209731	22	27310310	NC	-0.007001	0.019064
rs9613297	22	27314016	NC	0.002169	1.000000
GSA-rs6005236	22	27320093	NC	-0.015082	1.000000
rs5997146	22	27325416	NC	-0.030323	0.471011
exm2273055	22	27328787	NC	-0.016385	0.000000
rs5752447	22	27331206	NC	0.109306	0.992771
GSA-rs117432314	22	27333147	NC	0.062249	0.487680
rs2001134	22	27337048	NC	-0.032187	1.000000
GSA-rs117744983	22	27338017	NC	-0.018694	0.966993
rs739256	22	27339184	NC	-0.078809	1.000000
rs57166078	22	27341095	NC	0.031328	0.500761
GSA-rs16983208	22	27343107	NC	0.018942	0.009242
GSA-rs73410542	22	27343369	NC	-0.042426	0.472374
GSA-rs5761863	22	27348456	NC	-0.083855	0.510477
rs9613305	22	27349849	NC	-0.023827	0.000000
rs5752452	22	27350567	NC	-0.135985	0.025281
GSA-rs75346095	22	27353319	NC	-0.020871	0.510295
GSA-rs5761868	22	27355277	NC	0.019029	0.012870
rs763136	22	27355348	NC	0.002030	0.018851
GSA-rs5752454	22	27361417	NC	0.025927	1.000000
rs5761877	22	27361465	NC	-0.030254	0.528572
rs5761884	22	27369770	NC	-0.053829	0.000000
rs9613315	22	27372397	NC	-0.063288	0.475941
GSA-rs5752459	22	27373934	NC	-0.050157	1.000000
rs6005255	22	27376910	NC	0.013086	0.511434
rs7289738	22	27379830	NC	-0.056404	0.010941
GSA-rs2157465	22	27381346	NC	-0.099121	0.488482
GSA-rs117576819	22	27383227	NC	-0.032482	1.000000
GSA-rs74531784	22	27384411	NC	-0.011172	1.000000
GSA-rs74523482	22	27385471	NC	0.075919	0.000000
GSA-rs117737849	22	27385618	NC	-0.103832	0.000000
rs5761894	22	27388110	NC	-0.049735	0.007856
rs743959	22	27389201	NC	0.119464	0.987151
GSA-rs117442269	22	27394612	NC	0.064543	0.006089
rs6005260	22	27394843	NC	0.012138	1.000000
rs73882514	22	27395324	NC	0.011667	1.000000
rs8137218	22	27395937	NC	-0.016549	0.000000
GSA-rs117927378	22	27399100	NC	-0.001198	0.011044
rs56102329	22	27405928	NC	0.017689	1.000000
rs2516090	22	27406436	NC	0.006094	0.000000
rs12159895	22	27406501	NC	-0.133613	0.000000
rs9613340	22	27406912	NC	-0.000042	0.484397
GSA-rs134913	22	27413509	NC	-0.102339	0.496590
GSA-rs16983396	22	27416197	NC	-0.064567	0.499948
GSA-rs17343778	22	27419239	NC	-0.078502	0.489736
GSA-rs114559	22	27420113	NC	0.027765	0.495860
rs74536568	22	27424579	NC	-0.027314	0.484996
rs134932	22	27425365	NC	-0.064098	0.495907
rs9620654	22	27430724	NC	-0.022989	1.000000
rs742002	22	27435086	NC	-0.011573	0.495892
rs17428730	22	27435450	NC	0.073200	0.496018
GSA-rs760526	22	27435577	NC	0.024549	0.000000
GSA-rs116531902	22	27437755	NC	-0.038499	0.014861
rs1157613	22	27438359	NC	-0.090730	0.511686
rs5752472	22	27438543	NC	0.040921	0.501562
rs973902	22	27440326	NC	0.101925	0.493865
rs3091387	22	27441379	NC	-0.019423	0.000000
rs713706	22	27443484	NC	0.061914	0.521940
GSA-rs35283268	22	27444509	NC	-0.045863	0.504000
GSA-rs60393690	22	27444609	NC	0.052109	0.516374
rs13053916	22	27460810	NC	-0.029908	0.494758
rs5752476	22	27461803	NC	0.065428	0.496450
rs56234606	22	27463700	NC	0.166105	1.000000
rs5761940	22	27470329	NC	-0.003967	0.505967
rs4822843	22	27471525	NC	0.076495	0.004128
rs16983592	22	27473169	NC	-0.124588	0.513204
GSA-rs8140194	22	27481176	NC	-0.032691	0.524728
GSA-rs76976452	22	27481970	NC	0.029377	0.006905
rs1883117	22	27482638	NC	-0.054556	0.492037
rs10854797	22	27485111	NC	0.042483	0.508235
rs760529	22	27485345	NC	-0.057776	0.480158
rs115249322	22	27487640	NC	0.074589	0.034165
rs4822848	22	27487815	NC	0.012901	0.996810
rs5761954	22	27489102	NC	-0.042369	0.992322
rs5761960	22	27491363	NC	0.007674	0.509767
rs5761962	22	27492463	NC	-0.076688	0.502711
GSA-rs9625138	22	27493601	NC	-0.060706	1.000000
rs73880414	22	27497182	NC	-0.053669	1.000000
rs5761974	22	27497704	NC	-0.075916	0.486999
rs5752490	22	27499784	NC	-0.061472	0.000000
GSA-rs57544677	22	27499878	NC	0.041804	0.992490
GSA-rs78952095	22	27501497	NC	-0.097682	0.510176
rs8142849	22	27502783	NC	-0.038386	0.510627
GSA-rs7364181	22	27511707	NC	-0.000620	0.504860
rs5761993	22	27512383	NC	0.127582	0.488670
rs16983756	22	27520665	NC	-0.112384	0.003934
rs56020504	22	27520769	NC	-0.014382	0.000000
rs134944	22	27521114	NC	0.049392	0.979453
GSA-rs7291526	22	27521818	NC	0.013771	0.486625
rs738152	22	27522430	NC	0.073565	0.995000
rs1003704	22	27527005	NC	-0.073919	0.484859
rs9613383	22	27532926	NC	-0.073749	0.481293
GSA-rs148180098	22	27534117	NC	-0.005271	0.502678
GSA-rs74903581	22	27534520	NC	-0.077038	0.004000
GSA-rs59614553	22	27536125	NC	0.029092	0.501454
GSA-rs134958	22	27536275	NC	-0.012002	0.498531
GSA-rs113558614	22	27543843	NC	0.070964	0.499709
rs6005312	22	27548374	NC	0.055879	0.491757
rs6005315	22	27550639	NC	0.054562	0.989818
rs9625160	22	27552631	NC	-0.001175	0.500861
GSA-rs10427939	22	27553126	NC	-0.047704	0.985895
rs9620665	22	27557030	NC	-0.014811	1.000000
rs17433244	22	27557349	NC	-0.013294	1.000000
GSA-rs117586828	22	27557779	NC	-0.008107	0.502035
rs134967	22	27557929	NC	0.047630	0.493706
rs9625168	22	27559540	NC	0.023521	0.508169
rs77572739	22	27559701	NC	-0.044384	0.509748
rs7287230	22	27559902	NC	-0.048967	0.509900
rs738156	22	27561500	NC	-0.080245	0.491820
GSA-rs2342398	22	27561952	NC	0.009626	0.503914
rs77570866	22	27562937	NC	0.048741	0.477006
rs9625170	22	27563274	NC	-0.041209	0.007513
GSA-rs150479866	22	27563565	NC	0.027525	0.017414
rs9625172	22	27565531	NC	-0.039402	0.513901
GSA-rs760523	22	27565958	NC	-0.050067	0.007959
GSA-rs2090615	22	27566382	NC	0.063273	0.998940
rs117601748	22	27567120	NC	-0.118579	0.497471
GSA-rs17433761	22	27567244	NC	-0.037960	1.000000
rs13056281	22	27571639	NC	-0.131134	0.503125
GSA-rs9613392	22	27575927	NC	0.023045	0.511617
GSA-rs77296339	22	27576391	NC	0.046096	0.503844
GSA-rs147545700	22	27583397	NC	-0.121242	0.009510
rs8143105	22	27584291	NC	0.038363	0.506816
rs2342401	22	27587001	NC	-0.019438	0.974347
GSA-rs117920541	22	27588590	NC	-0.002004	0.005742
rs5762023	22	27591348	NC	-0.128935	0.497763
GSA-rs117960813	22	27592937	NC	0.052868	0.009953
GSA-rs77577528	22	27600211	NC	0.005314	1.000000
rs559474	22	27603908	NC	0.001170	0.498155
rs474758	22	27610995	NC	-0.109994	1.000000
rs75572116	22	27611054	NC	-0.072074	0.503029
GSA-rs570412	22	27614526	NC	-0.164189	0.505012
GSA-rs113890451	22	27616270	NC	0.041463	0.000000
rs5997198	22	27616993	NC	-0.028977	0.496258
GSA-rs715562	22	27617895	NC	0.086689	1.000000
rs75860721	22	27620995	NC	-0.018193	0.999734
rs75972762	22	27621252	NC	0.104954	0.506114
GSA-rs117789922	22	27626877	NC	-0.002583	0.502250
GSA-rs77445257	22	27627392	NC	-0.044144	0.012274
rs498789	22	27627416	NC	0.060308	0.000000
rs575783	22	27628728	NC	0.058440	0.502180
GSA-rs116958332	22	27632675	NC	-0.090969	1.000000
rs5762042	22	27636606	NC	0.007732	0.000000
rs9625187	22	27638662	NC	-0.048430	0.502773
GSA-rs190240198	22	27641031	NC	0.017227	0.005779
rs566039	22	27642581	NC	0.170997	0.507180
GSA-rs57894223	22	27644589	NC	0.005391	0.996138
rs738488	22	27647504	NC	0.045676	0.493189
GSA-rs134783	22	27651715	NC	0.132473	0.007881
rs134785	22	27652289	NC	-0.101735	0.000000
rs134788	22	27653252	NC	-0.106958	0.489091
rs73153914	22	27655025	NC	-0.007818	0.000229
rs79137	22	27657507	NC	-0.034348	0.000000
rs518350	22	27657544	NC	0.020147	0.991178
rs116570450	22	27657550	NC	-0.032874	0.484472
rs5997206	22	27659743	NC	-0.014609	0.003981
rs6005350	22	27660348	NC	0.099759	0.502512
GSA-rs472985	22	27660487	NC	-0.081787	0.487905
rs932299	22	27661009	NC	0.131308	0.497601
rs5762049	22	27662213	NC	0.124753	0.000000
GSA-rs6005353	22	27662460	NC	-0.062211	0.499434
rs134794	22	27668370	NC	-0.067741	0.486919
GSA-rs73153949	22	27673865	NC	-0.026150	0.482288
rs134810	22	27674832	NC	0.125648	0.989343
GSA-rs9625197	22	27676577	NC	-0.016923	0.986411
GSA-rs713704	22	27680780	NC	0.028576	1.000000
rs13058656	22	27681410	NC	-0.021920	1.000000
rs7293113	22	27682627	NC	-0.096976	0.477843
rs134815	22	27684158	NC	0.048525	0.488816
GSA-rs78471449	22	27687672	NC	0.004603	0.532339
rs8136576	22	27689956	NC	0.082136	0.510845
rs768784	22	27690377	NC	-0.129671	1.000000
GSA-rs117039602	22	27693774	NC	-0.099010	0.042760
rs5762059	22	27694867	NC	0.093713	0.492617
rs11705104	22	27696194	NC	-0.034409	1.000000
rs9625200	22	27700318	NC	0.032006	1.000000
GSA-rs79136	22	27701317	NC	0.118457	0.495184
rs543981	22	27712996	NC	-0.155088	0.478185
rs1607498	22	27715209	NC	0.047639	0.500895
rs980078	22	27715760	NC	-0.047936	1.000000
GSA-rs150050032	22	27719339	NC	-0.034692	0.512707
GSA-rs13056654	22	27719834	NC	0.106605	0.987560
GSA-rs77824277	22	27726472	NC	0.042943	0.000000
rs12628937	22	27728405	NC	0.037221	0.484271
rs545614	22	27729548	NC	-0.020890	0.490786
rs490362	22	27731470	NC	-0.099161	0.507646
rs9608600	22	27732598	NC	0.067188	0.019326
rs8136465	22	27733540	NC	0.073857	0.988331
GSA-rs1121442	22	27737024	NC	0.063713	1.000000
GSA-rs849357	22	27742732	NC	-0.026919	0.017116
GSA-rs55727276	22	27746401	NC	0.126538	0.496368
rs569626	22	27747270	NC	0.024953	0.996750
rs7511351	22	27748742	NC	-0.090570	1.000000
GSA-rs117282515	22	27749010	NC	0.048807	1.000000
rs5997228	22	27754802	NC	-0.005911	0.517341
GSA-rs2142619	22	27756300	NC	0.022059	0.486949
rs5752526	22	27757114	NC	0.091692	0.997860
GSA-rs73883143	22	27762454	NC	0.015683	0.518243
GSA-rs117425765	22	27764258	NC	0.001542	0.534006
rs9613438	22	27766758	NC	-0.006799	0.498961
GSA-rs76161898	22	27777552	NC	0.046991	0.005267
GSA-rs1006433	22	27778268	NC	-0.039426	0.511609
rs9620688	22	27779122	NC	0.004578	0.000000
rs6005413	22	27781783	NC	-0.010069	0.517126
rs6005414	22	27783185	NC	-0.027958	0.000000
GSA-rs738502	22	27784837	NC	0.095959	0.493366
rs136923	22	27785809	NC	0.001099	0.996722
GSA-rs136926	22	27786725	NC	0.006627	0.003314
GSA-rs117774785	22	27786950	NC	-0.116212	0.512264
rs60129675	22	27787622	NC	-0.014160	0.007488
GSA-rs75950407	22	27787906	NC	0.068649	0.003109
GSA-rs78825018	22	27788460	NC	-0.015605	0.997419
GSA-rs5762111	22	27789634	NC	-0.117671	0.516538
rs12627862	22	27793289	NC	0.063444	0.000232
rs5762112	22	27793641	NC	0.039303	0.503914
GSA-rs5762114	22	27794842	NC	-0.089907	0.000000
rs136929	22	27796866	NC	-0.033273	0.000000
GSA-rs75418297	22	27798982	NC	0.093506	0.000000
rs136944	22	27804019	NC	-0.075312	0.500913
GSA-22:27805137	22	27805137	NC	-0.094948	0.488891
GSA-rs136947	22	27805463	NC	-0.074603	0.502555
GSA-rs79556	22	27814314	NC	-0.045403	0.475362
GSA-rs9625225	22	27815426	NC	0.029804	0.018400
rs127190	22	27816514	NC	-0.076219	0.497769
rs733164	22	27816784	NC	-0.004581	0.524478
rs6005427	22	27817300	NC	-0.053516	0.999178
GSA-rs13055229	22	27819250	NC	0.072740	0.488440
rs56035550	22	27820156	NC	-0.118591	0.489988
rs4140448	22	27820751	NC	-0.019603	0.489773
GSA-rs79106317	22	27823827	NC	0.027870	0.487317
rs2207361	22	27825804	NC	-0.017858	0.497257
GSA-rs17448487	22	27829108	NC	-0.017660	0.995718
rs9306440	22	27831342	NC	0.034648	0.003442
rs13058149	22	27831347	NC	0.050502	1.000000
rs1884134	22	27831650	NC	-0.040494	0.493280
GSA-rs117653743	22	27831965	NC	-0.102689	0.479719
GSA-rs117537977	22	27835627	NC	-0.097721	0.492738
GSA-rs10222263	22	27838849	NC	-0.111044	0.492681
GSA-rs117612035	22	27839161	NC	-0.019829	0.485739
GSA-rs35050644	22	27840037	NC	0.028187	0.513359
GSA-rs16984688	22	27843494	NC	-0.019366	0.992911
rs9620697	22	27846802	NC	0.079806	0.477691
rs5762151	22	27847318	NC	0.046162	0.005041
GSA-rs9620698	22	27847393	NC	0.084469	0.000000
GSA-rs76080202	22	27847401	NC	-0.066629	0.502927
rs6005451	22	27852183	NC	0.028913	1.000000
rs73158493	22	27854724	NC	0.049829	0.491639
rs5752551	22	27857717	NC	-0.041536	0.500695
rs73158499	22	27861369	NC	0.080869	0.004011
rs5752554	22	27862808	NC	-0.000503	0.995271
rs5762168	22	27864048	NC	-0.079686	0.025083
rs16986845	22	27866472	NC	0.056012	0.504446
rs5762182	22	27876939	NC	-0.059088	0.485598
rs12484788	22	27878619	NC	0.015238	0.509507
GSA-rs1884132	22	27878857	NC	0.059128	0.498154
GSA-rs11913002	22	27886736	NC	-0.050118	1.000000
GSA-rs55970456	22	27891410	NC	0.045553	0.998334
rs926833	22	27894675	NC	-0.008188	0.980648
GSA-rs5762209	22	27895825	NC	0.058259	0.486407
rs6005480	22	27898321	NC	0.054442	1.000000
rs17465171	22	27899464	NC	-0.028752	0.488415
rs5762213	22	27899867	NC	0.006956	0.477580
rs4820763	22	27900025	NC	-0.108329	0.002998
rs738566	22	27900961	NC	0.024544	0.479433
rs738565	22	27901804	NC	-0.026369	1.000000
rs7284384	22	27903116	NC	0.129173	0.498231
GSA-rs742942	22	27905428	NC	0.045297	0.000000
GSA-rs8141487	22	27905762	NC	0.039749	0.987586
rs737384	22	27913012	NC	-0.105704	0.994969
rs4419326	22	27913532	NC	0.002347	0.000000
rs16984925	22	27914576	NC	-0.060877	0.985613
rs62236568	22	27915705	NC	0.083237	0.012112
rs8136304	22	27917070	NC	-0.011311	0.489877
rs9620701	22	27918710	NC	0.082607	1.000000
rs61376987	22	27920038	NC	-0.007083	0.492848
rs6005498	22	27920961	NC	-0.024589	0.502536
rs8140407	22	27923635	NC	0.057982	0.506350
GSA-rs75292981	22	27923644	NC	0.050935	1.000000
rs16984937	22	27924906	NC	-0.020756	0.508157
rs5762235	22	27925288	NC	0.114457	0.984511
rs137147	22	27931842	NC	-0.069732	0.000000
rs5762239	22	27932079	NC	0.076336	0.504562
GSA-rs926936	22	27934709	NC	-0.030816	0.484539
GSA-rs6005503	22	27935369	NC	0.033697	0.979612
GSA-rs6005504	22	27937681	NC	0.077844	1.000000
rs16985013	22	27944404	NC	-0.045965	0.994382
GSA-rs11703793	22	27946507	NC	0.018753	0.522248
rs910545	22	27946986	NC	0.055009	0.490011
rs8137926	22	27948878	NC	-0.020970	1.000000
rs4822907	22	27953418	NC	-0.096122	0.000579
rs4822908	22	27953716	NC	-0.009494	0.509080
GSA-rs116950499	22	27953924	NC	-0.057415	1.000000
rs960613	22	27957965	NC	0.058643	0.491861
GSA-rs34957067	22	27965330	NC	0.108421	0.499212
rs5762255	22	27966655	NC	-0.100702	0.487957
GSA-rs4822913	22	27967966	NC	-0.005037	1.000000
GSA-rs5762258	22	27970444	NC	0.013520	0.506843
rs762064	22	27974819	NC	0.112221	0.505905
rs6005518	22	27977011	NC	0.030273	1.000000
rs9625275	22	27979102	NC	-0.107457	0.510614
rs5762263	22	27980876	NC	-0.091694	0.521845
rs12483847	22	27985473	NC	-0.024453	0.013569
rs7287557	22	27988228	NC	0.015485	0.986646
rs12169489	22	27988234	NC	-0.033577	0.511882
rs9613476	22	27989777	NC	-0.042341	0.484243
GSA-rs12485080	22	27994183	NC	0.039824	0.980098
rs735848	22	27997290	NC	0.109924	1.000000
rs9613480	22	28004494	NC	-0.021834	0.503471
rs9613481	22	28005082	NC	0.100816	1.000000
rs9613483	22	28005495	NC	-0.035788	1.000000
rs12160358	22	28016068	NC	0.104230	0.505531
rs9613492	22	28016289	NC	0.153011	0.000000
rs9608633	22	28019060	NC	0.044111	0.000000
rs133980	22	28022728	NC	0.000925	0.506859
GSA-rs117623535	22	28025519	NC	0.039397	0.021283
rs16985179	22	28029538	NC	0.075517	0.992436
rs133999	22	28030650	NC	-0.020226	0.482111
rs16986928	22	28034964	NC	0.014663	0.502011
GSA-rs117683266	22	28036418	NC	-0.098301	0.987916
GSA-rs116954745	22	28040054	NC	0.054087	0.019682
rs16985255	22	28041883	NC	0.042305	0.502748
GSA-rs55926944	22	28046516	NC	-0.008796	0.000000
rs9613504	22	28050390	NC	0.164578	0.506860
GSA-rs134032	22	28050517	NC	-0.038762	0.511307
GSA-rs141371196	22	28051433	NC	0.008098	0.486694
GSA-rs5752606	22	28053874	NC	-0.126485	0.500616
GSA-rs181048202	22	28056207	NC	0.117882	0.987492
GSA-rs9620716	22	28058655	NC	-0.085243	0.496285
GSA-rs186577414	22	28062509	NC	0.078217	0.494968
GSA-rs134071	22	28062787	NC	-0.022378	0.492846
rs134083	22	28065480	NC	0.035936	0.017354
rs73162382	22	28069659	NC	0.020970	0.529263
GSA-rs73162383	22	28069802	NC	0.024987	0.523102
rs134099	22	28071675	NC	-0.058756	0.979443
rs17384972	22	28072029	NC	0.112128	0.496971
GSA-rs715559	22	28075879	NC	0.039377	0.499333
rs134116	22	28082093	NC	0.063753	0.491430
GSA-rs75232099	22	28085792	NC	-0.003600	0.001231
rs134128	22	28090374	NC	-0.014203	0.987640
GSA-rs79849446	22	28094751	NC	-0.037743	0.989416
GSA-rs1885364	22	28094845	NC	-0.037361	0.515224
rs77250638	22	28096820	NC	-0.112016	0.503935
exm2261199	22	28096963	NC	0.051097	0.503142
rs5762321	22	28098110	NC	-0.054532	0.000124
GSA-rs73164414	22	28099042	NC	0.001800	0.000000
rs9608643	22	28101366	NC	0.062839	0.000000
rs5762324	22	28101614	NC	-0.081610	0.019962
rs1885363	22	28101703	NC	0.077621	1.000000
rs4820773	22	28102627	NC	-0.055494	1.000000
rs1569950	22	28103259	NC	-0.004914	0.000000
rs11090507	22	28105851	NC	0.029759	0.976513
GSA-rs117884976	22	28107887	NC	0.023674	0.500035
rs9625309	22	28110965	NC	0.043293	0.000000
rs77028169	22	28114971	NC	0.011595	0.496882
GSA-rs80220843	22	28115498	NC	0.021676	0.499403
rs73164445	22	28118307	NC	0.051354	0.509313
GSA-rs73164449	22	28119559	NC	-0.137820	0.979759
rs78422325	22	28127758	NC	0.065613	0.458822
rs134131	22	28128858	NC	0.048888	0.497820
GSA-rs62235597	22	28129521	NC	-0.009257	0.518408
GSA-rs112702714	22	28129613	NC	-0.017532	0.001907
GSA-rs76237353	22	28133403	NC	0.021606	0.000000
rs5752628	22	28135297	NC	0.177559	0.486410
rs5752629	22	28136728	NC	-0.014154	1.000000
rs6005605	22	28141301	NC	-0.082578	0.000000
GSA-rs41277849	22	28145327	NC	-0.021597	0.509271
GSA-rs41277851	22	28146277	NC	0.020198	0.471389
GSA-rs45583937	22	28146735	NC	0.003690	1.000000
GSA-rs12233370	22	28147189	NC	0.031515	0.476808
rs45603340	22	28147477	NC	-0.019021	0.990736
rs7289065	22	28149693	NC	-0.145331	0.492328
rs2267107	22	28152601	NC	0.040892	0.993195
rs2106150	22	28152639	NC	0.010568	1.000000
rs2267113	22	28155404	NC	-0.050873	0.992046
rs3819658	22	28160074	NC	-0.025672	0.975415
GSA-rs74851938	22	28161931	NC	-0.047276	0.511559
rs4820777	22	28163994	NC	0.007234	0.000000
rs8142823	22	28171510	NC	0.070102	0.008796
rs2073780	22	28175162	NC	0.051307	0.988119
GSA-rs45512704	22	28178514	NC	-0.016389	0.002169
rs382819	22	28181436	NC	-0.099503	0.472505
rs424345	22	28182510	NC	-0.085305	0.981132
GSA-rs45443199	22	28183653	NC	0.028446	0.513523
rs12166473	22	28185452	NC	-0.026797	0.000000
GSA-rs13055370	22	28189171	NC	0.076296	0.499507
rs45571543	22	28191895	NC	-0.006133	0.985762
rs201879268	22	28193807	NC	0.028194	0.000000
rs45473596	22	28194749	NC	-0.015687	0.000000
rs200030766	22	28196476	NC	-0.025472	0.012549
rs8136754	22	28197815	NC	0.064366	0.510755
rs11704207	22	28208794	NC	-0.061791	0.991948
GSA-rs117447690	22	28209867	NC	-0.013209	0.994858
rs5997320	22	28270372	NC	-0.054237	1.000000
GSA-rs118096969	22	28281348	NC	0.004636	0.000000
rs1016495	22	28288136	NC	0.045719	0.504980
GSA-rs2267126	22	28288310	NC	0.049195	0.481648
GSA-rs2143180	22	28298336	NC	-0.083796	0.003719
GSA-rs35866626	22	28299705	NC	-0.135494	0.488017
GSA-rs17480971	22	28311543	NC	-0.084754	0.499924
GSA-rs79830144	22	28333183	NC	0.082864	0.492757
GSA-rs117718780	22	28335603	NC	0.116830	0.522732
GSA-rs73166759	22	28341895	NC	-0.048685	0.990295
GSA-rs113221608	22	28350807	NC	-0.116617	0.000000
rs7292859	22	28368266	NC	-0.038494	1.000000
GSA-rs470097	22	28373744	NC	-0.022424	0.995663
GSA-rs2294819	22	28374461	NC	-0.093838	0.486126
GSA-rs41277943	22	28377908	NC	0.054657	0.000000
rs5762430	22	28378472	NC	-0.048034	0.491160
GSA-rs17482652	22	28378998	NC	-0.034890	0.492597
GSA-rs75173815	22	28394985	NC	-0.044472	1.000000
rs61744141	22	28397505	NC	0.088540	0.529080
GSA-rs35098100	22	28406222	NC	0.176997	0.000000
GSA-rs16985903	22	28422777	NC	-0.046032	0.506622
GSA-rs17483998	22	28426321	NC	0.036747	1.000000
rs73880377	22	28444431	NC	-0.054338	0.485131
rs79037983	22	28459665	NC	0.026620	0.501113
GSA-rs117058256	22	28459871	NC	0.007693	0.992643
GSA-rs118067492	22	28477048	NC	-0.057185	0.998565
GSA-rs74604668	22	28498525	NC	0.041064	0.504436
GSA-rs77885044	22	28501414	NC	-0.006874	0.485560
GSA-rs73166793	22	28508895	NC	-0.019835	0.498091
GSA-rs17407481	22	28537490	NC	-0.029844	0.002941
rs2064360	22	28541350	NC	0.113127	0.000000
GSA-rs117963967	22	28546311	NC	-0.018077	1.000000
rs5762497	22	28546346	NC	-0.078368	1.000000
GSA-rs117267414	22	28570450	NC	0.027291	1.000000
rs5762511	22	28575543	NC	0.046167	0.000816
rs7284814	22	28583738	NC	-0.001909	0.000000
GSA-rs117436126	22	28605145	NC	-0.042951	0.496769
GSA-rs191767899	22	28613947	NC	-0.046814	0.516271
GSA-rs149588501	22	28620222	NC	-0.005965	0.992371
rs34637076	22	28620687	NC	-0.018779	0.503885
rs134178	22	28625291	NC	-0.092582	0.002187
GSA-rs9613584	22	28652769	NC	0.027810	0.000000
GSA-rs117786444	22	28669296	NC	-0.021889	1.000000
GSA-rs76453822	22	28672798	NC	0.040351	0.495948
GSA-rs74385072	22	28691677	NC	0.022038	0.016150
rs5762549	22	28693496	NC	0.072860	0.477678
GSA-rs6005757	22	28714205	NC	-0.016733	0.518860
GSA-rs117963935	22	28737499	NC	0.109228	0.988515
GSA-rs75552099	22	28740064	NC	0.014483	0.510295
GSA-rs9613597	22	28742156	NC	0.002265	0.497110
GSA-rs35313550	22	28769172	NC	-0.086154	0.519788
GSA-rs134529	22	28781758	NC	0.024675	0.502329
GSA-rs5997363	22	28794069	NC	0.043069	0.989161
GSA-rs13054496	22	28800401	NC	0.149995	0.000000
GSA-rs117075190	22	28819454	NC	0.118480	0.000000
GSA-rs16986438	22	28841049	NC	-0.031585	0.991387
GSA-rs117010837	22	28847723	NC	0.129397	0.491030
GSA-rs35286648	22	28861979	NC	-0.028545	0.509612
GSA-rs117166491	22	28869010	NC	0.037010	1.000000
GSA-rs695318	22	28882973	NC	-0.058351	0.507039
rs74720230	22	28894879	NC	0.084970	0.000000
GSA-rs117790963	22	28910679	NC	-0.045504	0.014248
rs695709	22	28912855	NC	0.050592	0.511229
GSA-rs118074551	22	28915176	NC	0.020303	0.512864
rs9620804	22	28919200	NC	0.095806	0.994126
GSA-rs2144922	22	28923317	NC	0.007969	0.512838
GSA-rs13056776	22	28972465	NC	-0.006223	0.508277
GSA-rs16986544	22	28995694	NC	0.010173	1.000000
GSA-rs75873242	22	28997273	NC	-0.056961	0.010781
GSA-rs77884683	22	29039167	NC	-0.022161	0.989529
GSA-rs117577667	22	29056152	NC	0.111745	0.011023
seq-rs200432447	22	29083962	NC	0.001115	0.491473
rs137853011	22	29091207	NC	0.040452	1.000000
seq-rs587780192	22	29095917	NC	-0.071674	0.503881
rs1547014	22	29100711	NC	-0.096453	0.000000
rs111724290	22	29101636	NC	0.051639	0.488776
CHEK2-chr22-29105993	22	29105993	NC	-0.066912	0.510208
seq-rs730881687	22	29106048	NC	0.025629	0.013597
GSA-rs1884816	22	29106733	NC	-0.062880	0.503938
rs16986640	22	29108112	NC	0.083726	0.502358
GSA-rs17882704	22	29108695	NC	-0.008128	0.985722
rs4822983	22	29115066	NC	0.025576	0.490790
rs200451612	22	29115403	NC	0.034767	0.493038
rs137853010	22	29121016	NC	-0.059234	0.486957
rs72552322	22	29121058	NC	-0.007107	0.489977
seq-rs730881701	22	29121266	NC	0.037217	0.000000
rs738722	22	29130012	NC	-0.156055	0.999924
rs1033667	22	29130300	NC	0.031278	0.487596
GSA-rs116925750	22	29132393	NC	-0.024364	0.483732
rs5762764	22	29132990	NC	0.010220	0.493391
rs5997389	22	29134719	NC	0.044488	0.000000
rs116568199	22	29138115	NC	0.068128	1.000000
rs5752792	22	29153759	NC	-0.068341	0.516842
rs6005861	22	29154237	NC	0.095002	0.477196
rs6005863	22	29156448	NC	0.037968	0.518892
rs6005868	22	29165766	NC	0.005266	0.492282
GSA-rs5762788	22	29174770	NC	-0.101998	0.488663
GSA-rs77099742	22	29182169	NC	0.020834	1.000000
rs56119508	22	29182795	NC	-0.015869	0.000000
rs2239815	22	29192670	NC	0.036134	0.503764
22:29196512	22	29196512	NC	0.053455	0.000000
rs2269577	22	29196757	NC	0.008705	0.492962
GSA-rs149608812	22	29196769	NC	-0.032423	0.516687
GSA-rs6005893	22	29199790	NC	0.024153	1.000000
rs59025667	22	29227672	NC	0.022138	0.507507
GSA-rs6005907	22	29227971	NC	0.001403	0.000000
GSA-rs75568974	22	29231383	NC	-0.018650	0.000000
GSA-rs116079686	22	29236395	NC	-0.027605	0.516734
GSA-rs76205571	22	29236402	NC	0.018079	0.521114
GSA-rs74542537	22	29261685	NC	0.079130	0.994535
GSA-rs62235754	22	29277895	NC	0.000121	0.000000
rs5762879	22	29286180	NC	-0.018869	0.478285
GSA-rs62235757	22	29299100	NC	-0.072710	0.486492
rs16986825	22	29300306	NC	-0.103461	0.000000
GSA-rs132541	22	29307158	NC	0.084742	0.519986
exm2273056	22	29318724	NC	0.126059	0.491115
GSA-rs17517292	22	29342963	NC	0.060286	0.494506
rs5762912	22	29351030	NC	0.070366	0.995391
GSA-rs13056576	22	29351381	NC	-0.086375	0.017384
rs13055470	22	29371761	NC	-0.057282	0.000000
GSA-rs117898841	22	29376972	NC	0.098563	1.000000
rs5762930	22	29378708	NC	-0.057708	0.012303
GSA-rs4823000	22	29379891	NC	-0.044294	0.488054
GSA-rs12628368	22	29383927	NC	0.037303	0.507953
rs5762942	22	29390049	NC	-0.014158	0.000000
rs5752851	22	29398459	NC	-0.123204	0.503243
GSA-rs76590496	22	29406609	NC	-0.021229	0.000493
GSA-rs115134039	22	29413019	NC	0.034756	1.000000
rs9613777	22	29420482	NC	0.095293	0.520423
GSA-rs8137391	22	29422227	NC	-0.064878	0.498092
GSA-rs73882433	22	29422855	NC	-0.069797	0.992664
GSA-rs73882442	22	29430848	NC	-0.088580	0.508662
rs2294239	22	29449477	NC	-0.006857	0.972763
rs4823006	22	29451671	NC	-0.112901	0.997166
rs3178915	22	29453027	NC	0.014264	0.500116
rs6005975	22	29454477	NC	0.004893	0.509171
rs41281607	22	29456467	NC	-0.013947	0.000000
rs35968360	22	29456671	NC	-0.012286	0.503776
rs9625679	22	29456699	NC	-0.002094	0.991828
rs6005977	22	29456733	NC	-0.001696	0.013382
GSA-rs186685575	22	29457550	NC	-0.107201	0.487732
rs134560	22	29458845	NC	0.070520	0.995709
rs134566	22	29463089	NC	0.062648	0.513747
rs5762981	22	29480954	NC	0.068029	0.490074
rs5752865	22	29489001	NC	-0.017795	0.997980
GSA-rs1540900	22	29490148	NC	-0.136205	0.000000
rs10483154	22	29492258	NC	0.038241	0.998827
GSA-rs12628787	22	29495373	NC	0.025214	0.500716
GSA-rs73154236	22	29498137	NC	-0.146552	1.000000
GSA-rs17443950	22	29508504	NC	-0.122139	1.000000
rs61751700	22	29517463	NC	0.066129	0.989626
rs132268	22	29520410	NC	0.031018	0.483515
GSA-rs79246010	22	29523124	NC	-0.039334	0.983998
rs132274	22	29525126	NC	-0.047976	0.485833
GSA-rs56062615	22	29531712	NC	-0.111016	0.000000
rs146078397	22	29534659	NC	-0.071241	0.989780
GSA-rs5763001	22	29536549	NC	0.125729	1.000000
rs713728	22	29538468	NC	-0.011641	0.000000
GSA-rs78460344	22	29541697	NC	0.020830	0.000000
GSA-rs3884934	22	29544839	NC	-0.086046	0.000000
rs730517	22	29550379	NC	0.018057	0.494495
GSA-rs116967489	22	29552276	NC	0.016094	0.989764
GSA-rs17451544	22	29553039	NC	-0.072955	0.012640
rs132304	22	29556739	NC	0.035743	0.505142
rs132314	22	29561826	NC	-0.010697	0.511844
rs60307207	22	29588634	NC	-0.002062	1.000000
GSA-rs132358	22	29596992	NC	-0.148072	1.000000
GSA-rs113501992	22	29597315	NC	-0.019223	0.987534
GSA-rs13055209	22	29599170	NC	0.015595	0.990503
exm2268436	22	29602971	NC	0.020334	0.487797
GSA-rs132369	22	29603611	NC	0.026843	0.501180
rs132370	22	29603796	NC	-0.035138	0.000000
rs12628475	22	29606907	NC	0.078011	0.503293
GSA-rs375210858	22	29620385	NC	-0.034976	0.000000
rs132390	22	29621477	NC	0.066512	1.000000
rs713992	22	29625911	NC	-0.023456	0.993802
GSA-rs78858203	22	29625946	NC	-0.061220	0.496711
rs139996840	22	29627111	NC	0.108347	0.484261
GSA-rs76176511	22	29630269	NC	-0.017343	0.499508
rs3950176	22	29630337	NC	-0.006962	0.000000
rs713886	22	29630564	NC	-0.068843	0.986069
GSA-rs79704889	22	29636110	NC	-0.035505	0.000000
GSA-rs6006075	22	29640019	NC	0.094964	0.006362
GSA-rs117971927	22	29640845	NC	0.084309	0.017558
rs5752890	22	29642365	NC	0.080090	1.000000
rs2744465	22	29653611	NC	-0.025630	0.501467
GSA-rs138870856	22	29656431	NC	0.059314	0.980310
rs141666277	22	29656905	NC	-0.048011	0.000000
chr22-29659823	22	29659823	NC	0.035673	1.000000
GSA-rs117950019	22	29666174	NC	-0.009792	0.997603
GSA-rs11703595	22	29685163	NC	0.078526	0.500287
GSA-rs117497222	22	29685831	NC	0.034287	1.000000
rs41311143	22	29693915	NC	-0.000379	0.495101
rs2518683	22	29695929	NC	-0.060874	0.000000
GSA-rs58026214	22	29702135	NC	0.014260	0.000000
GSA-rs13056977	22	29710360	NC	-0.002448	0.503617
GSA-rs78492681	22	29716768	NC	0.004190	0.019181
rs5763140	22	29718321	NC	-0.031349	0.492592
GSA-rs117242792	22	29720083	NC	-0.034222	0.499519
rs148564390	22	29735065	NC	-0.004353	0.000000
GSA-rs11702983	22	29737071	NC	-0.065481	0.999865
rs8140836	22	29748859	NC	-0.023423	0.491801
GSA-rs2267136	22	29767925	NC	-0.001604	0.498074
GSA-rs118082661	22	29772423	NC	0.007635	0.471591
rs174775	22	29791234	NC	0.069929	1.000000
rs8141229	22	29794913	NC	-0.063037	0.492241
rs2283857	22	29797373	NC	-0.002370	0.997882
GSA-rs117062078	22	29797743	NC	0.021665	0.000000
rs71329479	22	29805162	NC	0.056741	0.498479
GSA-rs2018515	22	29818854	NC	-0.086810	1.000000
GSA-rs117876558	22	29823860	NC	0.033478	0.499299
GSA-rs6006148	22	29827256	NC	0.069045	0.499548
chr22-29835150	22	29835150	NC	-0.047662	1.000000
chr22-29837599	22	29837599	NC	-0.047532	0.507376
rs13054354	22	29840180	NC	-0.036839	0.998813
rs4823038	22	29844314	NC	0.054348	0.499992
GSA-rs8135208	22	29845921	NC	-0.142276	0.506105
GSA-rs13053817	22	29847722	NC	-0.066720	0.000000
GSA-rs17523060	22	29850959	NC	-0.078352	0.000000
GSA-rs11703287	22	29851002	NC	-0.080241	0.510405
GSA-rs9608772	22	29852594	NC	0.056144	1.000000
rs7289240	22	29854959	NC	0.021856	0.000000
rs165649	22	29874250	NC	-0.062667	0.980987
GSA-rs57986874	22	29880261	NC	0.101410	0.984134
GSA-rs165602	22	29886043	NC	-0.047159	0.494320
rs138156220	22	29886230	NC	0.004207	0.499972
rs4333024	22	29889201	NC	-0.031248	0.508406
rs5763275	22	29891925	NC	-0.024347	0.489594
GSA-rs73156595	22	29898728	NC	-0.029527	0.485701
rs5763284	22	29899724	NC	0.047044	1.000000
rs5752933	22	29902192	NC	-0.039008	0.000000
rs76322387	22	29913033	NC	0.067076	1.000000
rs35832657	22	29913278	NC	-0.015645	0.500547
GSA-rs4823044	22	29924825	NC	0.039271	0.003796
rs56066153	22	29927243	NC	0.047712	0.000000
rs79004872	22	29939414	NC	-0.073455	0.506240
GSA-rs74916285	22	29955623	NC	-0.043616	0.507220
rs1058642	22	29957570	NC	-0.020350	0.494309
GSA-rs76637042	22	29967630	NC	0.077178	0.000000
GSA-rs146079589	22	29971431	NC	0.145017	0.000000
GSA-rs71640299	22	29977229	NC	-0.063831	0.992203
rs9613972	22	29981324	NC	-0.068975	1.000000
GSA-rs9620910	22	29989913	NC	0.032783	0.502898
rs2245194	22	30048182	NC	-0.089321	0.523755
GSA-rs149129654	22	30058754	NC	0.004576	0.001214
GSA-rs117296787	22	30062452	NC	0.054389	0.000000
rs7291645	22	30079213	NC	0.038439	1.000000
GSA-rs117089825	22	30089766	NC	-0.058221	0.005017
GSA-rs12628506	22	30108660	NC	-0.024900	0.003958
GSA-rs186809522	22	30110038	NC	-0.044992	0.485958
rs9614037	22	30121285	NC	0.071383	0.013802
rs2232903	22	30127367	NC	-0.044332	1.000000
GSA-rs17554391	22	30139377	NC	0.068877	1.000000
rs131278	22	30155113	NC	-0.041860	0.003366
GSA-rs76013375	22	30163526	NC	0.082432	0.000000
chr22-30163597	22	30163597	NC	-0.074598	0.508878
GSA-rs12158466	22	30164511	NC	-0.040882	0.499488
GSA-rs118125772	22	30175163	NC	0.054098	0.983545
GSA-rs61736786	22	30189642	NC	0.028902	1.000000
GSA-rs9620923	22	30192483	NC	-0.022302	0.013834
rs34833047	22	30197031	NC	0.023410	0.987646
rs4823054	22	30198025	NC	0.158502	0.504328
GSA-rs2057881	22	30208543	NC	0.004497	0.469156
GSA-rs17711508	22	30220834	NC	0.077469	0.501958
rs1894473	22	30221201	NC	0.061959	1.000000
GSA-rs7285800	22	30222678	NC	0.157808	0.000000
GSA-rs112670477	22	30223584	NC	0.062108	0.000000
rs34802688	22	30228268	NC	-0.071784	0.484718
rs4820821	22	30240575	NC	-0.015071	0.510901
rs77356598	22	30311198	NC	0.003529	1.000000
GSA-rs5763604	22	30312091	NC	0.132242	0.501453
GSA-rs9625885	22	30315173	NC	0.095003	1.000000
GSA-rs117423591	22	30317477	NC	-0.043531	0.000000
GSA-rs144881126	22	30318076	NC	0.064042	0.510294
GSA-rs117760358	22	30331577	NC	-0.044139	0.508921
rs36600	22	30337586	NC	-0.004017	0.007655
GSA-rs141687939	22	30355838	NC	0.019196	0.997134
rs73162767	22	30360781	NC	0.113797	0.016275
GSA-rs117528977	22	30374414	NC	0.025251	0.482381
rs5763662	22	30378703	NC	0.032117	0.473899
rs41162	22	30408710	NC	-0.056269	0.985922
GSA-rs41163	22	30411462	NC	0.098064	0.011212
rs41164	22	30412465	NC	0.048157	0.486863
rs184789735	22	30415938	NC	0.074426	1.000000
GSA-rs61737780	22	30415983	NC	0.092511	0.490856
rs41170	22	30421066	NC	-0.010804	0.492068
GSA-rs10212055	22	30422414	NC	-0.059480	0.988360
rs2285645	22	30422708	NC	0.012384	0.000000
chr22:30423460	22	30423460	NC	-0.062107	0.505470
GSA-rs41176	22	30432403	NC	0.017285	0.000000
rs41178	22	30440533	NC	0.000891	1.000000
GSA-rs2010916	22	30441219	NC	-0.029626	0.000000
GSA-rs78989133	22	30467773	NC	-0.034664	0.499702
GSA-rs117920337	22	30473712	NC	0.017089	0.999347
GSA-rs757026	22	30474310	NC	0.110597	0.512832
rs2412970	22	30486826	NC	0.057996	0.013047
GSA-rs34150968	22	30489945	NC	0.120895	0.497811
rs2412971	22	30494371	NC	0.062347	0.002744
GSA-rs185154372	22	30517476	NC	-0.084023	0.487995
chr22-30517715	22	30517715	NC	0.008760	0.000000
rs1468177	22	30544559	NC	0.103940	0.498249
GSA-rs117977244	22	30557267	NC	-0.056666	1.000000
rs11090600	22	30557278	NC	-0.095311	1.000000
rs5753037	22	30581722	NC	0.060283	0.005026
GSA-rs73164754	22	30586761	NC	-0.080150	0.493590
GSA-rs117342979	22	30595806	NC	0.054848	0.531975
GSA-rs9614157	22	30597810	NC	-0.002421	0.483743
GSA-rs77464740	22	30602105	NC	-0.053856	0.989066
rs9614164	22	30606986	NC	-0.041017	0.000000
rs73881408	22	30611005	NC	0.012482	0.500311
rs9606702	22	30611088	NC	-0.045958	1.000000
GSA-rs117382002	22	30617227	NC	0.093839	1.000000
GSA-rs8135148	22	30618648	NC	-0.087480	0.016978
rs9606703	22	30620360	NC	0.020681	1.000000
GSA-rs143112602	22	30627635	NC	0.034882	0.503909
GSA-rs144317390	22	30629289	NC	-0.098339	0.498855
GSA-rs8136774	22	30638664	NC	0.073621	1.000000
rs41281637	22	30639993	NC	0.043886	0.000000
GSA-rs737921	22	30640214	NC	-0.062623	0.009649
rs41282467	22	30641339	NC	0.030289	0.006257
exm2261205	22	30647657	NC	0.081973	0.504285
GSA-rs78239728	22	30650983	NC	-0.043077	1.000000
rs75292940	22	30656268	NC	-0.102112	1.000000
rs7289095	22	30658722	NC	0.036269	0.005578
rs1476576	22	30660517	NC	-0.008128	0.000000
rs148386625	22	30661028	NC	0.044548	0.507261
rs877549	22	30672420	NC	0.032396	0.020838
rs4473498	22	30673368	NC	0.045681	0.501469
rs2108093	22	30679387	NC	0.104170	0.003479
GSA-rs9608865	22	30682767	NC	0.036526	1.000000
rs61730760	22	30688488	NC	-0.073511	0.000000
GSA-rs2097919	22	30691631	NC	0.049075	1.000000
GSA-rs117873737	22	30694998	NC	-0.053836	0.004190
GSA-rs73168603	22	30695372	NC	0.013068	0.977861
GSA-rs78364627	22	30702551	NC	0.032618	0.518835
GSA-rs76345075	22	30714123	NC	0.113729	0.998665
GSA-rs2041199	22	30732236	NC	0.029397	0.511053
GSA-rs5753081	22	30740653	NC	0.000914	0.506778
GSA-rs117237368	22	30745204	NC	0.018922	0.000000
GSA-rs146589352	22	30749230	NC	-0.090522	0.998196
GSA-rs376401060	22	30753834	NC	-0.020314	0.000936
GSA-rs9606721	22	30762035	NC	-0.058631	0.513379
GSA-rs41281643	22	30762178	NC	0.033499	1.000000
GSA-rs117593119	22	30763735	NC	0.050092	1.000000
rs116038577	22	30766439	NC	0.003826	0.512298
rs1002189	22	30771458	NC	-0.066344	0.490745
GSA-rs117900841	22	30775120	NC	0.035287	0.004639
GSA-rs117174875	22	30783659	NC	-0.107905	0.997480
rs5997637	22	30794950	NC	0.033452	1.000000
rs142009018	22	30803114	NC	-0.123302	0.489159
chr22-30806644	22	30806644	NC	-0.039266	0.497621
GSA-rs9606726	22	30823250	NC	0.016506	0.011134
GSA-rs116910366	22	30830773	NC	-0.008409	0.515872
rs1009337	22	30833372	NC	-0.017195	0.000000
GSA-rs5753137	22	30836313	NC	0.008931	0.000000
GSA-rs117518660	22	30842190	NC	-0.123475	0.491858
GSA-rs116966156	22	30842264	NC	-0.012041	0.485915
rs4820848	22	30843495	NC	-0.026428	0.987761
GSA-rs75330889	22	30846783	NC	0.064382	1.000000
GSA-rs370496037	22	30846972	NC	-0.084824	0.003730
GSA-rs9608930	22	30851610	NC	0.036821	0.001020
rs5753158	22	30855697	NC	-0.100379	0.517567
rs192622540	22	30860869	NC	-0.023637	0.503647
GSA-rs115278158	22	30864655	NC	0.060202	0.997855
GSA-rs114438349	22	30866053	NC	0.093330	0.502292
chr22-30867936	22	30867936	NC	-0.065662	0.506906
GSA-rs58845493	22	30868349	NC	-0.098132	0.000000
rs11705494	22	30868599	NC	0.084190	0.511969
GSA-rs1124827	22	30869336	NC	-0.021022	0.009388
chr22-30886119	22	30886119	NC	0.066946	0.487475
rs142674998	22	30886214	NC	-0.065571	0.512747
rs75052363	22	30886271	NC	0.046925	0.501628
GSA-rs76073588	22	30887555	NC	0.013104	0.499029
GSA-rs61741444	22	30887919	NC	-0.000015	1.000000
rs145618105	22	30888505	NC	0.026628	1.000000
GSA-rs73168672	22	30889646	NC	-0.107556	0.512700
GSA-rs77679347	22	30891300	NC	-0.069159	0.000000
rs139482909	22	30891749	NC	0.065860	0.529703
rs933339	22	30905491	NC	-0.022495	0.028076
GSA-rs117039473	22	30920120	NC	-0.105337	0.509231
chr22-30928697	22	30928697	NC	-0.090628	0.999216
GSA-rs75426385	22	30928956	NC	-0.010971	1.000000
rs4820864	22	30929905	NC	-0.045474	0.483514
rs118116676	22	30934885	NC	-0.004707	0.490599
GSA-rs6518702	22	30948752	NC	0.122627	0.519343
rs139452633	22	30951208	NC	0.008350	0.493183
GSA-rs55674628	22	30953280	NC	0.021961	0.496124
rs12628608	22	30955907	NC	0.045812	0.512745
rs4149488	22	30957832	NC	0.100415	0.496881
GSA-rs117490731	22	30958789	NC	0.004206	0.993557
GSA-rs117512566	22	30961646	NC	-0.005743	0.509614
rs42938	22	30965757	NC	-0.006060	0.011139
GSA-rs139398770	22	30966176	NC	0.050417	0.494724
GSA-rs117156758	22	30968752	NC	-0.039561	0.507585
GSA-rs34123894	22	30975861	NC	-0.077247	0.477687
GSA-rs79483185	22	30980914	NC	-0.035367	0.492981
GSA-rs7364237	22	30980922	NC	0.053399	0.501496
rs4820018	22	30986172	NC	-0.123940	0.489126
rs13053923	22	30988382	NC	-0.106551	0.000000
rs11912615	22	30989492	NC	0.019775	0.000000
GSA-rs9621039	22	30990141	NC	-0.029847	0.986478
GSA-rs7285863	22	30991124	NC	-0.021794	0.507087
rs16988828	22	31003561	NC	-0.038208	0.483480
rs9606756	22	31006860	NC	0.084873	0.993587
rs35915865	22	31008867	NC	-0.115507	1.000000
GSA-rs73396379	22	31009752	NC	-0.008729	0.494707
rs200303429	22	31010408	NC	0.088466	1.000000
rs142791153	22	31010431	NC	0.074198	1.000000
rs201925682	22	31010455	NC	-0.012450	0.508164
rs146009793	22	31010462	NC	-0.046748	0.992170
rs35838082	22	31011350	NC	-0.083283	0.502063
rs5749135	22	31011906	NC	-0.119618	1.000000
rs2283873	22	31013296	NC	0.058954	0.967588
GSA-rs4820888	22	31017322	NC	0.103158	1.000000
rs1131603	22	31018975	NC	-0.081454	0.000000
rs4820889	22	31019044	NC	-0.056298	0.014940
rs9306264	22	31024934	NC	-0.038175	1.000000
GSA-rs8136373	22	31032881	NC	0.014527	0.487986
GSA-rs55846646	22	31042592	NC	0.058006	0.496927
rs5994328	22	31046587	NC	0.025641	1.000000
GSA-rs9609033	22	31047681	NC	0.034467	0.012525
GSA-rs144801484	22	31050264	NC	-0.045256	0.996384
GSA-rs117841102	22	31051168	NC	-0.024829	0.491435
chr22-31059951	22	31059951	NC	-0.120201	1.000000
exm2261206	22	31061283	NC	-0.004212	0.000000
rs2007846	22	31065067	NC	-0.046189	0.000000
GSA-rs9606764	22	31067427	NC	-0.057865	0.497350
GSA-rs117690957	22	31068865	NC	0.117861	0.000000
rs6518711	22	31071354	NC	0.062011	0.485784
GSA-rs117053403	22	31077232	NC	-0.036650	0.497389
GSA-rs79856312	22	31091305	NC	-0.056205	1.000000
rs11089471	22	31113828	NC	0.015820	1.000000
GSA-rs9606769	22	31114911	NC	-0.128960	0.501502
rs136369	22	31123292	NC	0.034093	0.003448
GSA-rs73154638	22	31137512	NC	0.054867	1.000000
GSA-rs926340	22	31139318	NC	0.027377	0.000000
rs5753303	22	31139653	NC	-0.109447	0.996427
rs9609077	22	31153162	NC	-0.020513	0.004825
GSA-rs79208254	22	31154422	NC	0.006651	0.991451
GSA-rs62235900	22	31170608	NC	0.002550	0.491798
rs136273	22	31195775	NC	0.081176	0.489892
rs136262	22	31198037	NC	-0.057683	0.481911
rs136230	22	31214382	NC	-0.048050	0.000000
rs742205	22	31223456	NC	0.099146	0.495464
GSA-rs5753338	22	31227901	NC	-0.070495	0.503112
rs136217	22	31232074	NC	-0.055319	0.499026
rs7287540	22	31233875	NC	0.061277	0.000578
GSA-rs9621114	22	31249202	NC	-0.011195	0.509604
rs2413001	22	31249333	NC	-0.054907	0.002613
GSA-rs5753350	22	31256066	NC	-0.008847	0.983843
rs8142410	22	31256367	NC	0.016684	0.503899
rs4577391	22	31256584	NC	0.043374	0.497012
GSA-rs2413004	22	31258967	NC	0.032991	0.007537
rs9609128	22	31259530	NC	0.043627	0.014464
rs5753356	22	31261107	NC	0.072937	0.999722
GSA-rs9619144	22	31261888	NC	-0.011542	0.527738
rs2301816	22	31266546	NC	-0.150508	0.998144
rs2285917	22	31268091	NC	0.044745	0.492119
rs112446420	22	31268556	NC	0.047863	0.999451
GSA-rs41282553	22	31286928	NC	-0.017400	0.000000
rs11089481	22	31288769	NC	0.014554	0.512904
rs34240867	22	31289891	NC	-0.003573	0.502960
GSA-22:31291597	22	31291597	NC	0.058267	0.506184
GSA-rs117150960	22	31295004	NC	-0.031422	0.981451
rs5749191	22	31295082	NC	0.084012	0.491781
GSA-rs118130276	22	31303401	NC	0.098099	1.000000
GSA-rs71331269	22	31317710	NC	0.131870	0.995536
GSA-rs73156729	22	31319187	NC	0.009988	0.000000
GSA-rs150861994	22	31321492	NC	-0.041132	0.982995
rs1003480	22	31346752	NC	0.022303	0.995112
GSA-rs117314603	22	31353354	NC	-0.048200	0.001838
GSA-rs77364173	22	31363699	NC	-0.002647	0.502929
GSA-rs118027159	22	31370043	NC	-0.042350	0.999459
GSA-rs8137612	22	31381741	NC	-0.028605	0.983630
rs5753425	22	31410356	NC	-0.028354	0.503733
rs7287510	22	31432613	NC	-0.062520	0.012742
GSA-rs73156766	22	31435650	NC	-0.037415	0.502161
GSA-rs79502375	22	31451194	NC	-0.005470	0.993167
rs7285683	22	31459194	NC	0.005960	0.491245
rs737930	22	31459255	NC	0.134913	0.999884
rs188312885	22	31484930	NC	-0.104076	0.997299
rs114164619	22	31487354	NC	-0.025567	0.494578
rs143097953	22	31487679	NC	-0.036194	0.510286
rs5997872	22	31491332	NC	-0.041958	0.528225
rs11705137	22	31501788	NC	0.094618	0.994781
chr22-31501915	22	31501915	NC	-0.004595	0.008912
GSA-rs76873368	22	31507866	NC	-0.125690	0.485258
GSA-rs76041881	22	31514545	NC	0.059770	0.511553
rs2240432	22	31521404	NC	-0.122603	0.511396
chr22-31521708	22	31521708	NC	-0.026566	0.991905
rs5753469	22	31526811	NC	-0.019048	0.488609
GSA-rs9621198	22	31532567	NC	-0.080142	0.493584
rs142563030	22	31532702	NC	-0.176466	1.000000
rs199793977	22	31532894	NC	-0.070039	1.000000
rs2232183	22	31532960	NC	0.009339	1.000000
rs142353712	22	31536232	NC	-0.046535	0.484619
GSA-rs3761430	22	31538002	NC	0.068062	0.004323
rs2413030	22	31546951	NC	-0.055469	0.485427
rs4820946	22	31551160	NC	0.005610	0.497658
GSA-rs740229	22	31553510	NC	0.056718	0.492253
GSA-rs76873698	22	31554764	NC	0.013954	0.496726
GSA-rs76732632	22	31555512	NC	0.031048	0.000000
rs5994376	22	31563555	NC	0.106148	0.506950
GSA-rs189212917	22	31572415	NC	-0.029492	0.005502
GSA-rs79419741	22	31575749	NC	-0.005044	0.977101
GSA-rs75951213	22	31588870	NC	-0.109362	0.521587
rs3208937	22	31602139	NC	-0.014317	0.982622
GSA-rs35108022	22	31603465	NC	0.128504	0.000000
GSA-rs143633004	22	31608618	NC	-0.040753	0.497572
GSA-rs5749237	22	31618958	NC	-0.048967	0.003681
GSA-rs5997917	22	31621792	NC	-0.094204	0.504262
GSA-rs2106294	22	31645759	NC	-0.139594	0.003779
GSA-rs2413043	22	31648576	NC	-0.072587	0.510457
GSA-rs79850371	22	31653885	NC	-0.039183	0.010355
GSA-rs34930775	22	31658205	NC	0.043599	0.515988
chr22-31658603	22	31658603	NC	-0.106614	0.512748
rs7285773	22	31665044	NC	-0.030773	0.485977
rs2413045	22	31665862	NC	-0.106877	0.000000
rs5997937	22	31673859	NC	0.095239	0.493083
GSA-rs147775868	22	31675662	NC	-0.030148	0.000000
GSA-rs1858821	22	31676454	NC	-0.099033	0.000000
GSA-rs74946037	22	31681368	NC	0.071332	0.000000
GSA-rs11089495	22	31685129	NC	-0.094584	1.000000
GSA-rs41307239	22	31688249	NC	-0.038908	0.000000
rs9619183	22	31688583	NC	-0.019474	0.494862
GSA-rs62239378	22	31699702	NC	0.021110	0.000000
GSA-rs139829417	22	31701184	NC	0.069968	0.493543
GSA-rs34128648	22	31729557	NC	-0.086340	0.000000
rs34623833	22	31733556	NC	-0.020096	0.000000
chr22-31743437	22	31743437	NC	0.087240	0.497142
GSA-rs12157806	22	31748126	NC	0.013904	0.499859
GSA-rs35351984	22	31753376	NC	-0.050669	0.511246
GSA-rs7290752	22	31784399	NC	0.044806	0.494435
rs5997988	22	31838085	NC	-0.129239	1.000000
rs17821048	22	31838469	NC	-0.072262	0.983530
rs146239944	22	31840638	NC	0.076646	0.485699
GSA-rs16989638	22	31850607	NC	-0.086793	0.026308
rs5753632	22	31863097	NC	-0.042262	0.994768
GSA-rs17833819	22	31864941	NC	-0.104355	0.523484
rs11544091	22	31867903	NC	-0.080407	1.000000
GSA-rs141278764	22	31888007	NC	-0.123472	1.000000
chr22-31904240	22	31904240	NC	0.046418	0.496612
chr22-31942938	22	31942938	NC	-0.001225	0.487538
GSA-rs16989753	22	31946282	NC	-0.042383	0.506824
GSA-rs189621917	22	31966051	NC	0.089247	0.510376
rs16989291	22	31971282	NC	-0.028812	0.000000
chr22-31976260	22	31976260	NC	-0.030025	0.502439
rs140987552	22	31979911	NC	-0.046812	0.512252
rs1018490	22	31996625	NC	-0.033989	0.495642
rs6518752	22	31999127	NC	-0.090009	0.004541
GSA-rs8142346	22	32000872	NC	-0.098548	0.490175
chr22-32000873	22	32000873	NC	0.150254	0.991533
chr22-32003968	22	32003968	NC	0.175079	0.017295
GSA-rs117683198	22	32005929	NC	0.004064	0.505160
rs9621295	22	32007153	NC	0.002977	0.020810
chr22-32007810	22	32007810	NC	0.004776	0.966109
GSA-rs55735011	22	32014161	NC	0.048923	0.997907
rs183406976	22	32019741	NC	0.040636	0.513384
GSA-rs192185952	22	32020180	NC	-0.048463	0.480220
GSA-rs148680467	22	32023359	NC	0.014248	0.495613
rs11703808	22	32024980	NC	-0.008550	0.005318
GSA-rs12627933	22	32027449	NC	0.007578	0.519720
GSA-rs34103525	22	32044166	NC	-0.038750	0.004473
GSA-rs760908	22	32057501	NC	-0.012220	0.001286
GSA-rs16985133	22	32059436	NC	-0.015074	0.999666
GSA-rs1076674	22	32069433	NC	-0.034066	0.000000
chr22-32072800	22	32072800	NC	-0.001448	0.000000
GSA-rs9619224	22	32075899	NC	-0.026519	0.478268
rs6518754	22	32097775	NC	0.039148	1.000000
GSA-rs117161023	22	32099218	NC	-0.045341	0.989120
GSA-rs117989687	22	32104196	NC	0.050039	1.000000
GSA-rs16989427	22	32108475	NC	0.055264	0.000000
rs141951516	22	32109581	NC	0.040678	0.029533
chr22-32109810	22	32109810	NC	-0.064119	1.000000
GSA-rs140079	22	32110943	NC	0.034733	0.972720
GSA-rs117343825	22	32110988	NC	0.103192	0.999775
GSA-rs117519233	22	32113164	NC	0.031372	1.000000
rs112531886	22	32113269	NC	0.010054	0.000000
rs112425519	22	32125521	NC	0.046778	0.000000
GSA-rs117415555	22	32145436	NC	0.012086	0.007643
rs5998115	22	32151704	NC	-0.002232	0.485727
GSA-rs73162142	22	32161567	NC	0.025066	0.501663
GSA-rs5753783	22	32175993	NC	0.030727	0.000000
GSA-rs117060288	22	32176540	NC	0.057316	0.506769
GSA-rs117367634	22	32176704	NC	0.084489	0.493088
rs187334123	22	32193632	NC	0.089168	0.024696
GSA-rs41311139	22	32200849	NC	0.035090	0.020610
GSA-rs5998135	22	32205632	NC	-0.046904	0.507824
GSA-rs149401731	22	32208399	NC	-0.009909	0.003753
rs181347577	22	32218692	NC	-0.125361	1.000000
rs9606878	22	32220680	NC	-0.016578	0.000000
GSA-rs5994434	22	32229649	NC	-0.006419	0.015254
rs16989535	22	32229931	NC	-0.017262	0.488528
GSA-rs76541329	22	32230414	NC	0.057493	0.004803
GSA-rs73162162	22	32232288	NC	0.078373	0.507610
rs200841588	22	32232979	NC	-0.032799	0.506809
GSA-rs118001924	22	32239739	NC	0.063639	0.476337
exm2261209	22	32263131	NC	-0.060384	0.015585
rs1012068	22	32265903	NC	-0.021621	0.504388
rs76409488	22	32266275	NC	-0.006986	0.005661
GSA-rs61731662	22	32266603	NC	0.052396	0.507075
rs200653339	22	32270378	NC	0.051014	0.500589
chr22-32275515	22	32275515	NC	-0.010263	0.498550
rs9621357	22	32275852	NC	0.027820	0.501281
GSA-rs74279068	22	32287059	NC	-0.008959	0.006081
GSA-rs61516580	22	32294050	NC	0.032674	0.499551
rs5998165	22	32296000	NC	-0.002620	0.494015
rs146449468	22	32302045	NC	-0.018109	0.983369
GSA-rs74729600	22	32306245	NC	-0.141162	0.504016
rs5994451	22	32323511	NC	0.015965	1.000000
chr22-32334069	22	32334069	NC	-0.067425	0.506211
rs34154902	22	32335594	NC	-0.006355	0.503571
rs3747158	22	32342976	NC	-0.062873	0.000000
rs62240614	22	32364809	NC	0.058983	0.506542
GSA-rs77424625	22	32370628	NC	0.037233	1.000000
rs17745316	22	32446805	NC	-0.028021	0.488096
GSA-rs117592915	22	32446856	NC	-0.013918	0.509774
GSA-rs73162201	22	32452928	NC	-0.011010	0.000000
rs739009	22	32467651	NC	0.085331	1.000000
GSA-rs77312284	22	32470850	NC	-0.031053	0.494910
rs149749339	22	32473980	NC	0.100636	0.495195
rs4821037	22	32484201	NC	0.007576	0.513163
rs139555428	22	32492278	NC	-0.079760	0.496791
GSA-rs77843215	22	32500485	NC	-0.025629	0.487488
rs17683807	22	32508004	NC	0.028573	0.008764
rs9609427	22	32509440	NC	0.061701	0.000000
GSA-rs79038424	22	32528603	NC	0.009399	0.999645
chr22-32545761	22	32545761	NC	-0.009426	0.503766
GSA-rs76993883	22	32546126	NC	-0.013141	0.501531
chr22-32546978	22	32546978	NC	-0.053958	0.494015
GSA-rs77647541	22	32552840	NC	0.041963	0.520454
rs5998267	22	32554985	NC	-0.028578	0.975564
GSA-rs74958599	22	32557200	NC	0.011800	0.516134
rs8139657	22	32559835	NC	-0.007127	0.975824
GSA-rs12158564	22	32561588	NC	0.007238	0.984141
rs136410	22	32574274	NC	-0.035292	0.498368
rs55726571	22	32577520	NC	0.001237	1.000000
rs136429	22	32579559	NC	0.055135	1.000000
rs136432	22	32580030	NC	0.064133	0.510575
rs115898714	22	32581841	NC	-0.048432	0.505099
chr22-32587271	22	32587271	NC	-0.035232	0.498448
GSA-rs9621401	22	32587348	NC	0.008218	0.000315
rs136478	22	32589023	NC	0.007376	0.493045
rs108211	22	32590449	NC	-0.076511	0.478056
GSA-rs73164026	22	32599642	NC	-0.042174	0.481371
GSA-rs713766	22	32606790	NC	0.088254	1.000000
rs738203	22	32607074	NC	0.018435	0.509397
rs2179064	22	32611236	NC	0.108089	1.000000
rs12168696	22	32611862	NC	0.061634	0.012760
GSA-rs35413610	22	32615293	NC	-0.132456	0.501414
GSA-rs76548786	22	32615811	NC	0.027543	0.000000
rs73164039	22	32616870	NC	-0.097758	0.492666
GSA-rs143255157	22	32620724	NC	0.016241	0.506582
rs2179065	22	32624603	NC	-0.005486	0.000000
rs2068209	22	32626908	NC	0.006673	0.508420
GSA-rs35777893	22	32628357	NC	-0.051341	0.993433
GSA-rs62239049	22	32628900	NC	0.056041	0.506962
chr22-32630946	22	32630946	NC	-0.048596	0.000000
rs5994502	22	32632543	NC	0.061299	0.480147
rs7289147	22	32633733	NC	0.046115	0.988529
GSA-rs7291681	22	32636089	NC	0.020364	0.510176
GSA-rs2294210	22	32640087	NC	-0.064005	1.000000
GSA-rs76819573	22	32641892	NC	-0.078321	0.502199
rs2235168	22	32649431	NC	-0.052429	0.982540
GSA-rs2235171	22	32650200	NC	-0.024710	0.000000
rs12169024	22	32651262	NC	-0.053211	0.992782
rs16990065	22	32651306	NC	-0.063389	0.494469
GSA-rs5994515	22	32655284	NC	0.018229	0.481705
rs5998354	22	32656177	NC	0.016657	0.003659
rs5998359	22	32658620	NC	0.063237	0.019809
rs56240204	22	32662384	NC	0.090910	1.000000
rs10439908	22	32664241	NC	0.034041	0.480529
GSA-rs5998364	22	32664612	NC	-0.075347	0.501126
GSA-rs12158434	22	32665507	NC	-0.072717	0.007893
rs7290281	22	32666003	NC	0.024875	0.488234
rs4821041	22	32666627	NC	0.083276	0.000000
GSA-rs62241071	22	32666945	NC	-0.000617	0.497920
rs5753904	22	32667507	NC	-0.099652	0.492733
rs5753905	22	32668008	NC	0.028373	0.978355
GSA-rs74829750	22	32668904	NC	0.175367	0.526833
GSA-rs62241072	22	32669044	NC	-0.134584	0.988951
rs11703509	22	32670765	NC	-0.000827	0.510721
GSA-rs75794907	22	32673200	NC	-0.020863	1.000000
GSA-rs111602284	22	32675303	NC	0.088016	0.519512
GSA-rs5749366	22	32679381	NC	0.037872	0.000000
rs11089541	22	32679804	NC	-0.137094	0.505361
GSA-rs16990106	22	32683073	NC	-0.054076	1.000000
rs28479043	22	32704752	NC	0.101832	0.488116
GSA-rs76821034	22	32705515	NC	-0.150998	0.003821
GSA-rs117852429	22	32707019	NC	-0.135975	0.996554
rs80065875	22	32712863	NC	-0.153106	0.498551
rs5753968	22	32716956	NC	0.029183	0.016315
GSA-rs73166321	22	32717930	NC	0.016986	0.523550
rs11704384	22	32719337	NC	0.057569	0.000000
GSA-rs117799899	22	32719612	NC	0.097639	0.499974
rs16990207	22	32722207	NC	-0.058786	0.516661
rs2281032	22	32722963	NC	0.006986	0.001499
rs66889006	22	32723038	NC	0.037240	0.479639
rs77165390	22	32723723	NC	-0.080073	0.984886
GSA-rs80337063	22	32724253	NC	0.023528	0.500393
rs5753981	22	32724611	NC	-0.055186	0.000000
rs2014137	22	32728966	NC	-0.028654	0.000000
rs2076040	22	32729530	NC	0.138470	0.514604
GSA-rs112290541	22	32730830	NC	0.089796	0.986951
rs5753991	22	32738182	NC	0.018834	1.000000
rs5994550	22	32738469	NC	-0.013493	0.504148
GSA-rs117686507	22	32739638	NC	0.037775	0.493395
rs4343557	22	32744045	NC	-0.114478	0.477398
rs67967684	22	32747253	NC	0.007900	0.023944
rs12158983	22	32748873	NC	0.095232	1.000000
GSA-rs77461830	22	32750036	NC	-0.064415	0.972941
GSA-rs57606003	22	32754232	NC	-0.051767	0.510176
GSA-rs16987625	22	32754306	NC	0.037843	0.000000
GSA-rs5754012	22	32755659	NC	0.011478	1.000000
GSA-rs56317784	22	32756101	NC	-0.060110	1.000000
GSA-rs112985865	22	32757167	NC	-0.037653	0.013743
GSA-rs74684401	22	32763112	NC	0.069181	0.014886
GSA-rs713620	22	32763523	NC	0.030299	0.009462
GSA-rs11089560	22	32770087	NC	-0.064651	0.507273
GSA-rs5994560	22	32772712	NC	-0.003858	0.481851
rs738268	22	32773266	NC	0.025038	0.483803
GSA-rs45561934	22	32773382	NC	0.005649	0.000000
GSA-rs144824927	22	32773493	NC	-0.022057	1.000000
rs7288975	22	32774472	NC	-0.035975	0.492742
GSA-rs12484512	22	32779131	NC	-0.023067	1.000000
GSA-rs117491818	22	32779501	NC	0.139475	0.475029
rs56923835	22	32785078	NC	-0.005504	1.000000
GSA-rs79545976	22	32787802	NC	0.079270	1.000000
rs2294311	22	32793269	NC	0.018165	0.000000
GSA-rs5749429	22	32803289	NC	0.115112	0.497514
rs9609537	22	32807769	NC	0.013841	0.488445
rs2049948	22	32808355	NC	-0.130146	0.000000
GSA-rs742096	22	32809223	NC	-0.067107	0.477521
rs5998478	22	32811952	NC	-0.085123	0.472083
rs73170318	22	32813600	NC	-0.014144	0.988875
rs722693	22	32814532	NC	0.039888	0.506811
GSA-rs56252916	22	32818916	NC	-0.027288	0.490364
GSA-rs117167553	22	32821648	NC	0.048022	1.000000
rs1543320	22	32823071	NC	-0.054488	0.999488
GSA-rs5749435	22	32823132	NC	-0.032860	1.000000
GSA-rs16990445	22	32827586	NC	-0.132912	0.482503
rs6518776	22	32830958	NC	-0.021632	0.995859
GSA-rs2076051	22	32831809	NC	-0.011311	0.497714
rs2076054	22	32832874	NC	0.058074	0.005675
GSA-rs74279750	22	32835943	NC	-0.107419	1.000000
rs11704027	22	32836684	NC	0.050535	1.000000
rs2179166	22	32838376	NC	0.053993	0.000000
rs5998492	22	32838494	NC	-0.026426	0.005926
GSA-rs76006752	22	32842083	NC	-0.153512	0.001621
rs7289943	22	32848703	NC	-0.090386	1.000000
rs12628214	22	32850800	NC	0.000978	0.498770
GSA-rs73404930	22	32852855	NC	0.040172	0.000000
rs5998498	22	32853948	NC	0.037621	0.013751
GSA-rs1109363	22	32856516	NC	-0.166261	0.505638
rs760657	22	32857285	NC	0.060362	0.998467
rs5998500	22	32859702	NC	-0.120291	0.512921
GSA-rs117445809	22	32862027	NC	0.038283	0.487966
rs9606958	22	32864879	NC	-0.015040	0.000000
rs5998504	22	32865604	NC	0.016523	0.508502
rs7291067	22	32873496	NC	-0.048882	0.472034
GSA-rs41311141	22	32880006	NC	0.126730	0.487010
rs61730783	22	32880067	NC	0.069365	0.511423
rs5749446	22	32880585	NC	-0.056294	1.000000
rs3788448	22	32882808	NC	0.027118	0.000673
GSA-rs77881174	22	32894025	NC	0.122490	0.497015
GSA-rs117881779	22	32911747	NC	-0.031363	0.512889
rs2097312	22	32912277	NC	0.027816	0.010344
rs150768274	22	32914312	NC	-0.019782	0.540279
GSA-rs78835794	22	32921325	NC	0.009610	0.018412
GSA-rs130452	22	32922125	NC	0.068121	0.988468
GSA-rs117513935	22	32923673	NC	0.105458	0.990490
rs130456	22	32925170	NC	0.058352	0.493235
rs130459	22	32926413	NC	-0.002199	0.504598
rs762909	22	32930568	NC	-0.072557	0.000000
GSA-rs5754137	22	32935425	NC	-0.066697	0.988874
GSA-rs73172131	22	32937112	NC	-0.117372	0.013255
rs117775223	22	32937292	NC	0.056991	0.507233
rs2710376	22	32944027	NC	0.024844	1.000000
GSA-rs13057046	22	32946884	NC	0.039085	0.997764
GSA-rs76765788	22	32947487	NC	-0.014256	0.494505
rs74279759	22	32950839	NC	0.093443	0.000000
GSA-rs9606982	22	32951827	NC	-0.153125	0.484976
rs2157189	22	32952012	NC	-0.021705	0.012727
GSA-rs74504327	22	32954314	NC	-0.081516	0.484884
rs147461566	22	32956862	NC	0.070425	0.526250
GSA-rs743762	22	32959350	NC	-0.043769	0.993520
rs1016740	22	32963983	NC	0.053089	0.516368
rs5998545	22	32968093	NC	0.056178	1.000000
rs11089577	22	32969167	NC	-0.063292	0.000164
GSA-rs117817258	22	32969388	NC	-0.058826	0.512210
rs17700302	22	32971498	NC	0.026684	0.496305
rs1962222	22	32971900	NC	0.166819	1.000000
rs79184817	22	32978804	NC	-0.021566	1.000000
rs131047	22	32980147	NC	0.035256	0.486260
GSA-rs2858737	22	32980676	NC	0.055042	0.508640
rs131048	22	32981332	NC	0.022544	0.997694
GSA-rs35118742	22	32982433	NC	0.058367	1.000000
GSA-rs41490546	22	32989033	NC	0.055634	0.522291
GSA-rs61441850	22	32990228	NC	-0.084777	0.014796
rs8142270	22	32990273	NC	0.087736	0.000000
rs16990808	22	32994093	NC	0.012981	0.000000
rs74349262	22	32994224	NC	-0.100757	0.512364
rs5998551	22	32995751	NC	-0.046385	0.495391
GSA-rs5998552	22	32995957	NC	0.051249	0.988370
GSA-rs2858738	22	32998019	NC	-0.010267	0.496786
rs113964080	22	33000440	NC	0.019269	0.000000
GSA-rs16990830	22	33001199	NC	-0.008502	1.000000
rs74872692	22	33001359	NC	0.104333	0.508697
rs2710357	22	33001708	NC	0.118727	0.488931
GSA-rs9784225	22	33001950	NC	0.093997	0.508640
rs73154345	22	33006279	NC	-0.081227	0.498403
rs5749471	22	33006503	NC	-0.046445	0.000000
rs60966625	22	33007142	NC	0.015617	0.011779
GSA-rs75019831	22	33007706	NC	0.027580	0.490232
rs2051568	22	33025155	NC	0.037560	0.000000
GSA-rs7511209	22	33030026	NC	0.052554	0.994781
GSA-rs117913131	22	33040513	NC	-0.018765	0.000000
rs131067	22	33044995	NC	0.026126	0.981525
rs131068	22	33045395	NC	-0.048974	0.017652
rs62234573	22	33045573	NC	0.089986	0.493901
rs743758	22	33045619	NC	-0.005256	0.997219
rs5749480	22	33047706	NC	0.009178	0.001386
seq-rs4821083	22	33056341	NC	-0.011997	0.509272
seq-rs2413143	22	33056859	NC	-0.045495	0.509562
Seq-rs5749482	22	33059665	NC	0.023558	0.000000
rs199514849	22	33062231	NC	0.081375	0.488112
rs201617498	22	33063726	NC	0.134107	0.539269
GSA-rs114417675	22	33069689	NC	0.110725	0.000000
GSA-rs200480968	22	33074351	NC	0.009317	0.000000
GSA-rs115537417	22	33074506	NC	-0.065953	0.494226
rs16991028	22	33095075	NC	0.070311	0.491390
rs5998590	22	33097662	NC	0.123139	1.000000
rs34223312	22	33102413	NC	0.025015	0.482672
GSA-rs5754221	22	33103455	NC	0.068273	1.000000
GSA-rs5754227	22	33105817	NC	0.005607	0.000000
GSA-rs56247309	22	33110597	NC	-0.031794	1.000000
rs73156418	22	33110986	NC	-0.096812	0.508709
GSA-rs145565405	22	33114815	NC	0.137230	0.984823
rs743742	22	33116314	NC	-0.039059	0.493676
GSA-rs9619302	22	33117736	NC	-0.007347	0.000000
rs5754232	22	33118048	NC	0.017628	1.000000
rs4821089	22	33118165	NC	-0.041275	0.511921
rs2008206	22	33124633	NC	0.006214	0.531606
rs9621546	22	33130898	NC	0.067974	0.002572
GSA-rs76285417	22	33131673	NC	0.085949	0.000000
rs5754240	22	33132579	NC	-0.035119	0.484740
GSA-rs77444040	22	33133216	NC	0.055100	0.000000
rs62234590	22	33135514	NC	-0.058469	0.000000
rs5754243	22	33138682	NC	0.034296	0.492693
GSA-rs73156453	22	33139757	NC	0.033286	0.492018
rs5994617	22	33142908	NC	0.025214	0.495461
GSA-rs73156459	22	33146241	NC	0.011878	0.498366
GSA-rs34843069	22	33147773	NC	-0.065246	0.506198
rs5994618	22	33151639	NC	-0.067643	0.503345
rs5998620	22	33152977	NC	0.106059	0.478757
GSA-rs71313140	22	33158058	NC	0.053360	0.502148
rs4821099	22	33159636	NC	-0.015529	0.474760
GSA-rs117524034	22	33160751	NC	-0.059296	0.993689
GSA-rs117584916	22	33161627	NC	-0.113153	0.493121
rs130527	22	33163549	NC	-0.120053	0.991325
GSA-rs117679254	22	33164873	NC	-0.045286	0.000000
GSA-rs61048961	22	33173596	NC	0.019052	0.999283
rs17503	22	33173944	NC	-0.008679	0.992427
rs8142758	22	33174766	NC	-0.067501	1.000000
GSA-rs16991182	22	33177192	NC	-0.098029	0.996968
rs3788507	22	33179223	NC	0.072029	0.511351
GSA-rs7290713	22	33188545	NC	-0.031670	0.000000
rs5754289	22	33192544	NC	-0.011472	0.488848
GSA-rs5749516	22	33205757	NC	0.031518	0.000000
rs738992	22	33210005	NC	0.038117	0.518738
GSA-rs117055529	22	33211050	NC	-0.098396	1.000000
rs242087	22	33219899	NC	-0.072470	0.518676
GSA-rs117475847	22	33225732	NC	0.060715	1.000000
rs242076	22	33229830	NC	0.027431	0.505102
GSA-rs116959820	22	33234880	NC	-0.024885	0.003930
rs135029	22	33240290	NC	0.099374	0.974230
GSA-rs1427377	22	33247859	NC	-0.032175	0.986085
rs2283885	22	33248902	NC	-0.041838	0.500771
rs9609643	22	33251059	NC	0.049294	0.492287
GSA-rs140989943	22	33257397	NC	-0.087945	1.000000
rs11704123	22	33270222	NC	0.075985	0.997703
rs5754322	22	33272699	NC	-0.039417	0.479491
GSA-rs4437061	22	33273870	NC	0.028062	0.992784
GSA-rs137500	22	33276686	NC	0.008451	0.501133
rs241900	22	33279237	NC	0.043109	0.000000
GSA-rs112552500	22	33280453	NC	0.027147	0.000000
rs62234167	22	33281502	NC	0.061126	1.000000
rs137509	22	33284221	NC	0.060146	0.000000
rs62234169	22	33286798	NC	0.049325	0.509693
rs715555	22	33288875	NC	-0.020446	0.988553
GSA-rs58381381	22	33289510	NC	-0.039559	0.011731
rs137518	22	33291742	NC	0.049787	0.512221
GSA-rs137521	22	33292689	NC	-0.050081	0.502652
GSA-rs4525790	22	33298616	NC	0.069434	1.000000
rs137541	22	33305108	NC	-0.053026	0.000000
rs9621594	22	33312387	NC	-0.004323	0.502486
GSA-rs118084928	22	33327519	NC	0.025296	0.000000
GSA-rs137552	22	33328381	NC	0.091802	0.974118
GSA-rs77159665	22	33328805	NC	-0.009177	0.023117
GSA-rs118117769	22	33330335	NC	-0.001812	0.993226
GSA-rs114700096	22	33350798	NC	-0.024355	0.512957
rs2081727	22	33366051	NC	-0.044141	1.000000
rs241710	22	33381222	NC	0.041823	0.000000
GSA-rs133932	22	33394092	NC	0.005627	1.000000
GSA-rs117798020	22	33395071	NC	0.023588	0.501022
rs133937	22	33395851	NC	-0.115039	1.000000
rs145594072	22	33402604	NC	0.016419	0.005523
rs9609680	22	33408519	NC	-0.077232	0.010281
rs5998693	22	33411326	NC	0.016069	0.514273
GSA-rs470008	22	33411446	NC	0.100853	0.503000
GSA-rs78029473	22	33412520	NC	0.054981	0.473970
GSA-rs12159195	22	33417607	NC	-0.005251	0.505840
rs133968	22	33422506	NC	0.012653	0.510326
rs9609686	22	33430734	NC	0.035438	0.002928
GSA-rs112577565	22	33437578	NC	0.000577	1.000000
GSA-rs75409784	22	33441876	NC	-0.040297	0.006393
GSA-rs16991717	22	33445757	NC	0.084069	0.515762
GSA-rs117352804	22	33447328	NC	-0.034823	0.987600
rs2413163	22	33447946	NC	-0.069929	0.990700
GSA-rs73164308	22	33452626	NC	-0.032628	0.995778
rs5754399	22	33453422	NC	0.036081	0.484232
GSA-rs9609700	22	33462254	NC	0.025217	0.518096
GSA-rs13053449	22	33462739	NC	-0.051601	0.997811
rs9607009	22	33463222	NC	-0.130083	0.001759
rs12484648	22	33465640	NC	-0.021851	1.000000
rs9621631	22	33467057	NC	-0.087715	0.988884
rs8142672	22	33469031	NC	-0.114981	0.507280
GSA-rs75957958	22	33470948	NC	-0.041244	0.491482
GSA-rs7290466	22	33473566	NC	0.028473	0.995159
GSA-rs73164324	22	33478194	NC	0.025895	0.004986
rs137297	22	33502167	NC	0.039392	0.490445
GSA-rs16991789	22	33504108	NC	0.015724	0.000679
GSA-rs75766422	22	33508006	NC	0.097965	0.487322
rs137304	22	33508318	NC	-0.133076	0.010852
rs9609713	22	33510161	NC	-0.016119	0.491493
rs5994673	22	33511194	NC	-0.034494	0.511131
rs137307	22	33512106	NC	0.083930	0.000000
rs16991802	22	33512743	NC	-0.054275	0.502730
rs137309	22	33514133	NC	-0.008950	0.505109
rs11704565	22	33515087	NC	-0.029206	1.000000
rs10154506	22	33517666	NC	0.092427	1.000000
rs137326	22	33523109	NC	-0.025673	0.513866
rs77454334	22	33523221	NC	0.060783	0.980125
rs137343	22	33527405	NC	0.076159	0.513256
rs16991851	22	33531406	NC	0.019676	0.502862
GSA-rs12484905	22	33533165	NC	0.122523	0.512165
GSA-rs2899201	22	33535376	NC	-0.012136	0.990267
GSA-rs142651052	22	33546519	NC	0.007900	0.980963
rs1894487	22	33556550	NC	0.008447	0.521735
GSA-rs62232857	22	33559108	NC	-0.023662	0.491935
GSA-rs9609728	22	33561625	NC	0.072219	0.471537
GSA-rs117041748	22	33563455	NC	0.038740	0.000000
rs916244	22	33563878	NC	-0.063341	1.000000
rs5994685	22	33565203	NC	-0.008923	0.994025
GSA-rs118141134	22	33570845	NC	-0.112934	1.000000
rs7289448	22	33589432	NC	-0.074729	0.000000
GSA-rs73881993	22	33592362	NC	0.114059	1.000000
GSA-rs117939117	22	33594683	NC	-0.082168	0.509079
GSA-rs76436945	22	33609311	NC	0.122240	0.478104
GSA-rs116907235	22	33612126	NC	-0.018473	0.517414
GSA-rs137466	22	33617882	NC	-0.045687	0.490200
GSA-rs116910985	22	33617929	NC	0.131841	0.987891
rs5998822	22	33628586	NC	-0.010875	1.000000
GSA-rs117149295	22	33635267	NC	-0.104693	0.515288
GSA-rs4141436	22	33637087	NC	0.028800	0.496753
rs5749583	22	33637381	NC	0.079627	0.499215
rs8140859	22	33650045	NC	-0.107810	0.504062
rs7286135	22	33656156	NC	-0.035270	0.996565
GSA-rs78318013	22	33656603	NC	0.015894	0.000000
rs5994706	22	33659787	NC	0.158529	0.013623
GSA-rs117946433	22	33668456	NC	0.117665	1.000000
GSA-rs16992036	22	33670206	NC	0.043103	0.000000
GSA-rs79223970	22	33672085	NC	-0.034460	0.994551
GSA-rs147997439	22	33672688	NC	0.003849	0.013562
rs1046166	22	33673125	NC	-0.039965	0.996010
rs113802410	22	33694613	NC	0.083216	0.499418
GSA-rs77125923	22	33700965	NC	0.014191	0.000000
rs9609757	22	33701527	NC	-0.076292	0.985590
GSA-rs12160591	22	33703156	NC	0.095616	0.517142
GSA-rs73166244	22	33706945	NC	-0.084896	0.988984
GSA-rs79473513	22	33726911	NC	0.021631	1.000000
rs2283889	22	33728035	NC	-0.015748	0.484788
GSA-rs73401440	22	33729399	NC	0.036828	0.492041
rs5998876	22	33729763	NC	0.011955	0.000353
GSA-rs5998881	22	33730575	NC	0.048748	0.000000
GSA-rs5998882	22	33730608	NC	0.002733	0.496970
rs200603479	22	33733678	NC	0.006660	1.000000
rs74431614	22	33734152	NC	-0.071102	0.507933
GSA-rs117902709	22	33738709	NC	-0.011759	0.513851
rs4401302	22	33740860	NC	-0.098089	0.513509
rs2142550	22	33743341	NC	0.060142	1.000000
rs4820102	22	33751062	NC	0.061889	0.485931
GSA-rs5749607	22	33758173	NC	0.063196	0.494264
GSA-rs112584087	22	33764669	NC	-0.012940	0.000000
rs9607038	22	33776882	NC	0.024026	0.483906
GSA-rs16992221	22	33777684	NC	0.013579	0.505801
seq-rs398124181	22	33777934	NC	0.081773	0.517888
GSA-rs116963584	22	33787184	NC	0.013957	0.503628
rs2283904	22	33800119	NC	0.031757	0.508757
GSA-rs74739479	22	33802257	NC	0.023278	0.005470
rs117531661	22	33804893	NC	0.008410	0.482293
rs7287710	22	33807636	NC	-0.088068	0.000481
rs16992290	22	33811494	NC	0.025285	1.000000
rs2267204	22	33816222	NC	-0.028440	0.000000
seq-rs76035097	22	33817219	NC	0.105219	0.504709
GSA-rs5998938	22	33820640	NC	0.074240	0.999580
rs724776	22	33826566	NC	-0.044211	0.503861
GSA-rs117954898	22	33826743	NC	-0.021281	0.495426
GSA-rs73166278	22	33828432	NC	-0.022117	0.486246
rs760541	22	33831448	NC	-0.035660	0.481203
rs713740	22	33832735	NC	0.009560	0.010196
GSA-rs8136468	22	33840615	NC	-0.025892	1.000000
rs5754553	22	33842671	NC	0.045652	0.511597
rs16992351	22	33843452	NC	0.013253	0.505879
GSA-rs112161767	22	33843956	NC	0.007146	1.000000
rs7284478	22	33845817	NC	0.137426	0.000000
rs5754558	22	33848010	NC	-0.071631	0.000651
rs5754560	22	33848370	NC	0.074020	0.513286
GSA-rs147911245	22	33870884	NC	0.014200	0.486565
rs5749617	22	33875161	NC	0.040829	0.495562
rs739026	22	33890629	NC	0.018779	0.483115
rs9306279	22	33893601	NC	0.016288	0.496177
rs73168505	22	33900964	NC	0.055251	0.494400
GSA-rs2267222	22	33904754	NC	-0.003687	0.489575
rs74580954	22	33916477	NC	-0.083011	1.000000
GSA-rs192600202	22	33919903	NC	0.068152	0.508673
rs28650128	22	33924787	NC	-0.070939	0.000000
rs5754597	22	33932624	NC	-0.088887	0.983257
rs2283911	22	33941163	NC	0.084691	1.000000
GSA-rs5994774	22	33945678	NC	-0.016892	0.513155
GSA-rs77655891	22	33949704	NC	-0.160293	0.505231
rs762058	22	33950537	NC	0.097911	0.475736
rs5999012	22	33954321	NC	-0.082433	0.012409
GSA-rs139003089	22	33962732	NC	-0.015268	0.520559
rs5754611	22	33962949	NC	0.015900	0.513271
rs3819662	22	33965497	NC	0.003292	0.025097
GSA-rs9619358	22	33967686	NC	0.045486	0.000000
GSA-rs80159209	22	33979353	NC	-0.047411	0.506474
GSA-rs73168556	22	33983411	NC	0.068434	0.524308
rs20301	22	33983594	NC	-0.139883	0.503207
GSA-rs130423	22	33984394	NC	0.029384	0.019625
GSA-rs9609838	22	33992584	NC	-0.094249	0.510411
GSA-rs117342842	22	33996191	NC	-0.074476	0.487267
rs695504	22	34000230	NC	-0.081938	0.493477
GSA-rs77923846	22	34004270	NC	-0.059669	0.514898
GSA-rs79022411	22	34005555	NC	-0.136475	0.489438
rs9306281	22	34013807	NC	0.093670	0.000000
rs240590	22	34021876	NC	0.009190	1.000000
GSA-rs117818422	22	34022024	NC	0.057432	0.000000
GSA-rs86487	22	34022284	NC	-0.037987	0.999783
GSA-rs117886697	22	34031711	NC	-0.009597	0.487313
GSA-rs36104592	22	34045644	NC	-0.015725	0.497497
rs5754630	22	34047793	NC	0.039742	1.000000
GSA-rs73168601	22	34049393	NC	-0.006576	0.000000
GSA-rs240343	22	34053443	NC	-0.074606	0.480152
rs240353	22	34061053	NC	-0.038834	0.512249
rs13055437	22	34061215	NC	0.062546	0.000000
GSA-rs5754632	22	34061221	NC	0.033103	0.506347
GSA-rs240358	22	34066384	NC	-0.028593	0.000000
GSA-rs2267250	22	34067054	NC	0.001142	0.503023
GSA-rs60018166	22	34068825	NC	0.000953	1.000000
rs4821173	22	34070821	NC	0.066647	1.000000
GSA-rs5999051	22	34071663	NC	0.001067	0.504421
rs17733474	22	34077047	NC	-0.054944	0.500901
rs5999058	22	34079989	NC	0.012288	0.000000
rs2016485	22	34086416	NC	-0.024022	0.505156
rs240073	22	34086494	NC	-0.033489	0.514134
GSA-rs117438669	22	34089863	NC	-0.013138	0.503984
rs7285897	22	34090440	NC	0.026121	0.508641
rs73170527	22	34092189	NC	-0.009756	0.512392
rs240080	22	34096135	NC	-0.147387	0.518623
rs2283933	22	34098342	NC	0.077617	0.000000
GSA-rs116919510	22	34103188	NC	-0.016410	0.000000
GSA-rs11704291	22	34103264	NC	0.023758	0.486709
rs8142640	22	34108174	NC	0.013666	0.021074
GSA-rs62225399	22	34109454	NC	-0.108080	0.000000
GSA-rs1979254	22	34110028	NC	-0.034575	0.988366
GSA-rs78148531	22	34113347	NC	0.043619	0.987345
GSA-rs74649057	22	34117355	NC	-0.051840	0.502588
rs79064313	22	34119032	NC	-0.082176	0.502072
GSA-rs78979622	22	34119682	NC	0.038881	0.522954
rs2283934	22	34133896	NC	0.040163	0.000000
rs239330	22	34135007	NC	-0.005621	0.995722
rs183516365	22	34144122	NC	0.025189	0.504705
rs5999084	22	34144823	NC	0.011275	0.000000
GSA-rs116318797	22	34145542	NC	0.072259	0.016642
rs491508	22	34152899	NC	-0.016330	0.486889
rs478038	22	34153395	NC	0.114897	0.513125
rs482565	22	34153853	NC	0.031222	0.510261
GSA-rs2283940	22	34154020	NC	0.018776	0.535116
GSA-rs1008501	22	34154285	NC	0.107954	0.983672
GSA-rs73170575	22	34155838	NC	0.010378	0.000707
GSA-rs238857	22	34156544	NC	0.052668	0.988776
rs446869	22	34161718	NC	-0.059878	0.008334
rs28374	22	34166139	NC	0.017687	0.006207
GSA-rs75911645	22	34167296	NC	0.023192	0.511773
GSA-rs238865	22	34169292	NC	0.013933	0.013117
rs454398	22	34171993	NC	0.029644	1.000000
rs686137	22	34172588	NC	0.076797	0.469761
GSA-rs73170585	22	34176109	NC	-0.075483	0.495308
GSA-rs117049039	22	34179621	NC	0.014763	1.000000
GSA-rs11705320	22	34187093	NC	-0.044978	0.999424
rs62225450	22	34196332	NC	-0.129219	0.997722
GSA-rs5754683	22	34202493	NC	0.047320	0.007338
GSA-rs1018786	22	34206039	NC	-0.109112	0.000000
rs16993070	22	34207052	NC	-0.062138	0.505332
GSA-rs76297586	22	34208551	NC	0.006472	0.996165
GSA-rs118089314	22	34210843	NC	-0.022975	1.000000
GSA-rs77152715	22	34210917	NC	0.126522	0.000000
GSA-rs16993089	22	34212201	NC	0.042018	0.000000
rs4821185	22	34215828	NC	-0.071860	0.483483
rs9621774	22	34218171	NC	-0.044110	0.991407
rs5999113	22	34218798	NC	0.033696	1.000000
GSA-rs2267296	22	34219939	NC	-0.113819	0.486858
rs3819671	22	34226685	NC	-0.041686	0.491460
GSA-rs75251240	22	34234855	NC	-0.163338	1.000000
GSA-rs2253085	22	34245401	NC	-0.091107	1.000000
rs2267306	22	34247794	NC	-0.049288	0.000000
rs1009385	22	34249434	NC	0.027348	0.490722
rs764025	22	34249717	NC	-0.028315	0.014765
GSA-rs78301074	22	34258472	NC	0.122261	0.000000
rs1009730	22	34260738	NC	0.034871	0.507507
rs75915473	22	34267987	NC	0.067127	0.005097
rs5754734	22	34270693	NC	-0.041349	0.483141
GSA-rs75348684	22	34271409	NC	-0.058647	1.000000
rs61040607	22	34272509	NC	-0.020461	0.517083
rs7287612	22	34277434	NC	-0.109191	0.525042
GSA-rs117614152	22	34279596	NC	0.078605	0.498474
GSA-rs2213360	22	34291750	NC	-0.029069	1.000000
GSA-rs9607089	22	34294069	NC	-0.078428	0.000000
rs2267314	22	34295410	NC	-0.059063	0.995748
GSA-rs62225071	22	34298354	NC	0.050576	0.006947
rs35122921	22	34300734	NC	0.028176	0.000000
GSA-rs117636421	22	34302336	NC	-0.139730	0.503087
GSA-rs115021528	22	34304283	NC	-0.035063	1.000000
GSA-rs73154565	22	34306502	NC	-0.018509	0.490059
rs2267327	22	34315577	NC	0.014857	0.000000
rs12628949	22	34320457	NC	0.074701	0.507042
GSA-rs5999144	22	34322368	NC	0.071467	0.000000
GSA-rs137890002	22	34323287	NC	0.000845	0.492013
GSA-rs73154578	22	34325547	NC	0.005053	0.494194
rs7284214	22	34326399	NC	0.017763	0.499927
rs4820125	22	34332195	NC	-0.086929	0.998785
GSA-rs76817235	22	34336250	NC	-0.052096	0.983458
GSA-rs8135664	22	34337020	NC	-0.139895	0.012615
rs5999160	22	34354273	NC	0.077023	0.996927
rs5754772	22	34357236	NC	-0.074146	0.507365
rs9609893	22	34359717	NC	-0.013165	0.000000
GSA-rs9621823	22	34361770	NC	-0.007576	0.991057
GSA-rs75879424	22	34368674	NC	0.005990	0.488643
GSA-rs2066894	22	34389955	NC	0.016658	0.496575
rs4820127	22	34395171	NC	-0.005972	0.487546
rs20065	22	34400253	NC	-0.149637	0.500235
GSA-rs9609905	22	34400890	NC	-0.093376	0.520685
GSA-rs117670753	22	34411707	NC	-0.047831	0.005671
rs5749711	22	34411714	NC	-0.030500	0.484845
GSA-rs1002622	22	34412897	NC	0.089733	1.000000
rs242885	22	34423169	NC	-0.167188	0.498543
GSA-rs75138165	22	34437237	NC	-0.072067	0.007103
GSA-rs117100571	22	34454537	NC	0.069151	0.000000
GSA-rs9609935	22	34458847	NC	-0.101096	1.000000
GSA-rs111363401	22	34460730	NC	0.037285	0.477385
rs1495664	22	34466882	NC	0.046659	0.504994
rs35482368	22	34469447	NC	-0.109647	0.513572
rs73412905	22	34474370	NC	0.014037	0.995548
rs2213325	22	34474560	NC	-0.033020	0.000000
GSA-rs5994839	22	34484181	NC	-0.042238	1.000000
GSA-rs57208417	22	34486857	NC	0.000275	0.999454
GSA-rs80019988	22	34493647	NC	0.057449	0.486732
GSA-rs117114797	22	34507140	NC	-0.050188	0.990508
GSA-rs74825783	22	34509709	NC	0.027016	0.485489
rs243001	22	34514810	NC	-0.063230	0.483116
rs210804	22	34519226	NC	0.032916	0.510075
GSA-rs117511034	22	34523555	NC	0.032651	1.000000
GSA-rs55734830	22	34523560	NC	0.094721	0.506127
GSA-rs73884366	22	34525115	NC	-0.098210	0.025970
GSA-rs73155955	22	34536720	NC	0.044025	0.000015
rs4820135	22	34537450	NC	-0.031979	1.000000
rs202318	22	34545788	NC	-0.008402	0.003632
rs113757848	22	34545881	NC	0.080536	0.985870
GSA-rs72620421	22	34550083	NC	0.001685	0.505596
rs387332	22	34550905	NC	0.036923	0.510490
GSA-rs117001792	22	34551061	NC	0.038290	0.488968
GSA-rs118098513	22	34553443	NC	0.010066	0.509383
rs12485116	22	34560376	NC	-0.082653	0.993219
GSA-rs805	22	34562299	NC	0.008229	0.000000
GSA-rs149839190	22	34570681	NC	-0.106534	0.520027
GSA-rs73155975	22	34574038	NC	0.003983	0.989398
rs28488746	22	34582279	NC	0.022202	0.000000
rs9619407	22	34589966	NC	0.010362	0.512307
GSA-rs16993739	22	34603597	NC	0.057515	1.000000
GSA-rs73158209	22	34605946	NC	0.148307	0.485136
GSA-rs17750048	22	34620442	NC	-0.012469	0.499084
GSA-rs141668555	22	34621964	NC	0.015513	0.499115
GSA-rs61576961	22	34624564	NC	0.059571	0.499510
GSA-rs5754915	22	34640618	NC	0.047473	0.512042
GSA-rs5999265	22	34654148	NC	0.042104	0.502754
GSA-rs144770313	22	34657069	NC	0.083746	1.000000
rs5999273	22	34668311	NC	0.030516	0.006258
rs1489889	22	34668330	NC	0.066277	1.000000
GSA-rs75522975	22	34672001	NC	-0.106476	0.984926
rs202916	22	34681163	NC	0.039345	0.000000
rs77032654	22	34682265	NC	0.075589	0.505470
GSA-rs73158227	22	34687670	NC	0.022065	1.000000
GSA-rs62229383	22	34689189	NC	0.089189	0.500874
GSA-rs74607744	22	34694532	NC	0.010142	0.500586
GSA-rs76069891	22	34698408	NC	-0.074845	0.488938
GSA-rs16993879	22	34708649	NC	-0.049457	0.000796
rs116952230	22	34719475	NC	-0.059896	0.985480
GSA-rs137960681	22	34723559	NC	0.025294	0.485679
GSA-rs118047770	22	34731553	NC	0.153841	1.000000
GSA-rs435788	22	34735373	NC	0.076180	0.008718
GSA-rs79200805	22	34735732	NC	-0.019260	0.504189
rs116347652	22	34741985	NC	0.060187	0.504358
GSA-rs169467	22	34745198	NC	-0.090354	0.511541
GSA-rs117942242	22	34746805	NC	0.014091	0.496168
GSA-rs75404604	22	34750997	NC	0.080937	0.997598
GSA-rs74386978	22	34751133	NC	-0.081365	0.504460
rs130958	22	34772326	NC	-0.072902	0.500458
GSA-rs7289740	22	34773031	NC	-0.017983	0.992020
rs79169662	22	34775367	NC	-0.119770	1.000000
GSA-rs34188027	22	34787677	NC	-0.011938	1.000000
rs62230979	22	34797119	NC	0.065126	0.003238
rs567800	22	34798245	NC	-0.000918	0.513983
rs5755023	22	34799261	NC	-0.057755	0.012457
rs9619442	22	34802671	NC	0.154008	0.993652
rs11089669	22	34803550	NC	0.020177	0.515880
GSA-rs5755038	22	34811838	NC	-0.016476	0.479146
rs1459025	22	34812333	NC	0.040525	0.000000
rs8136825	22	34815889	NC	-0.142322	0.513550
rs4821256	22	34817038	NC	0.161325	0.014950
rs1005285	22	34828825	NC	-0.058695	1.000000
rs112308716	22	34832739	NC	0.050065	1.000000
GSA-rs1380148	22	34842677	NC	-0.143321	0.010405
GSA-rs74809596	22	34846202	NC	-0.040883	0.000000
rs11913296	22	34846352	NC	-0.068617	0.476337
GSA-rs17824280	22	34847299	NC	-0.026583	0.486705
GSA-rs2017523	22	34848550	NC	0.031971	0.519800
rs1459037	22	34851133	NC	0.063727	0.497107
GSA-rs73160346	22	34869455	NC	0.054248	0.991000
rs9607149	22	34898423	NC	-0.021391	0.504040
rs743726	22	34903156	NC	-0.036773	0.494239
GSA-rs117003882	22	34911380	NC	-0.021344	0.492809
GSA-rs16994296	22	34918250	NC	-0.161776	0.505210
rs2223271	22	34920388	NC	0.057680	0.012334
rs8135889	22	34926457	NC	0.078066	0.000000
GSA-rs76039265	22	34929202	NC	-0.005221	0.499988
rs2413241	22	34934348	NC	-0.139907	1.000000
GSA-rs74548106	22	34936608	NC	0.209357	0.993665
rs5755093	22	34940942	NC	0.121796	0.492000
GSA-rs76412680	22	34962560	NC	0.018367	0.499018
GSA-rs79089830	22	34963722	NC	-0.013864	0.000000
rs4821264	22	34977907	NC	-0.008384	1.000000
GSA-rs77392743	22	34985127	NC	0.074378	1.000000
rs5749887	22	34985195	NC	-0.007618	0.007136
rs9621974	22	34988887	NC	-0.053488	0.000000
GSA-rs12159812	22	34990465	NC	-0.064834	1.000000
GSA-rs5999462	22	35001232	NC	-0.021831	0.505731
GSA-rs75317049	22	35001433	NC	0.037225	1.000000
GSA-rs77703510	22	35001774	NC	0.118264	1.000000
GSA-rs117019075	22	35003222	NC	-0.085746	0.506579
rs2008588	22	35027585	NC	-0.047558	1.000000
rs5755167	22	35027996	NC	0.047053	0.496754
GSA-rs5999481	22	35031598	NC	-0.099404	0.991325
rs5755174	22	35033249	NC	-0.050132	0.005125
GSA-rs5749912	22	35036942	NC	-0.011079	0.000000
rs16994484	22	35039035	NC	0.179400	0.001763
GSA-rs16994504	22	35047216	NC	0.035209	0.026403
GSA-rs16994510	22	35048291	NC	0.069063	0.507770
GSA-rs117858247	22	35055905	NC	0.008718	0.485779
GSA-rs5755200	22	35057629	NC	0.143876	0.999414
GSA-rs5999503	22	35092473	NC	0.001568	0.026435
GSA-rs4464372	22	35095967	NC	0.034070	0.513554
rs112211069	22	35098555	NC	0.078935	0.996298
GSA-rs17772681	22	35108876	NC	0.046494	0.479447
GSA-rs118136083	22	35109337	NC	0.051238	0.998719
rs4552280	22	35131487	NC	0.127467	0.004066
GSA-rs118022016	22	35140389	NC	-0.067734	0.501308
GSA-rs117180471	22	35147080	NC	-0.082398	0.989402
GSA-rs117925008	22	35151151	NC	0.069378	0.480120
GSA-rs117983151	22	35151714	NC	-0.062416	0.514019
rs137260	22	35157380	NC	0.013771	0.520319
GSA-rs149476257	22	35158586	NC	0.041610	1.000000
GSA-rs117748658	22	35166424	NC	0.011000	0.977465
GSA-rs117601797	22	35168581	NC	0.039551	0.505770
GSA-rs5994992	22	35170796	NC	0.044717	1.000000
rs137280	22	35171071	NC	0.148112	0.000000
GSA-rs117921466	22	35173016	NC	-0.013974	0.005056
GSA-rs34125559	22	35192087	NC	0.040803	0.994963
rs1028342	22	35202015	NC	-0.177310	0.008330
GSA-rs1028343	22	35202152	NC	0.076779	0.494598
GSA-rs117127489	22	35209406	NC	-0.010462	0.493545
GSA-rs73164191	22	35211032	NC	-0.069751	0.000000
GSA-rs5755319	22	35211173	NC	0.057588	0.506040
rs16994824	22	35224378	NC	-0.070004	0.513528
GSA-rs12159254	22	35225787	NC	-0.046138	0.512359
rs742296	22	35238768	NC	-0.012808	0.529962
rs6518912	22	35250911	NC	-0.003931	0.531838
GSA-rs5749982	22	35258961	NC	-0.065622	1.000000
GSA-rs5999603	22	35272702	NC	-0.050688	0.479043
GSA-rs8139897	22	35292292	NC	-0.023654	0.000000
GSA-rs75482202	22	35296277	NC	0.111501	0.000000
rs5755407	22	35298506	NC	-0.077022	0.000000
rs1573674	22	35301788	NC	0.019140	1.000000
GSA-rs5755409	22	35309065	NC	-0.096336	0.493972
GSA-rs117649015	22	35317012	NC	0.036183	0.497670
GSA-rs149959934	22	35328916	NC	-0.099642	0.001190
rs17702926	22	35330410	NC	-0.022182	1.000000
rs5999636	22	35331041	NC	-0.077114	0.976896
rs5755436	22	35337195	NC	0.134362	1.000000
rs4256058	22	35339383	NC	0.011290	1.000000
rs5755445	22	35342654	NC	-0.034000	0.500489
rs5750007	22	35347360	NC	-0.002812	0.488620
GSA-rs117163221	22	35347797	NC	0.070044	0.996405
rs5755451	22	35349368	NC	-0.035968	1.000000
rs12167710	22	35352397	NC	0.015201	0.981803
rs8137046	22	35353262	NC	-0.123859	0.981567
rs1013513	22	35353740	NC	0.008712	0.488577
rs3859840	22	35359702	NC	-0.077512	0.501531
rs9610179	22	35360057	NC	-0.121484	0.474386
GSA-rs9610180	22	35360118	NC	-0.101623	0.510417
GSA-rs78400796	22	35360419	NC	-0.093563	0.987430
rs12160261	22	35366055	NC	0.042904	0.503872
GSA-rs4821334	22	35370103	NC	0.070993	0.000000
rs9619497	22	35371248	NC	0.003714	0.502073
GSA-rs5755470	22	35371444	NC	-0.114368	0.489696
GSA-rs73166090	22	35372628	NC	-0.050897	0.476870
GSA-rs5755472	22	35373807	NC	0.174569	0.495223
rs4541330	22	35375665	NC	-0.140697	1.000000
rs73166096	22	35378256	NC	-0.135288	0.484661
rs5755486	22	35386401	NC	0.037386	0.499814
rs5750023	22	35395550	NC	-0.114839	0.492464
GSA-rs76592472	22	35398125	NC	-0.029091	0.485145
rs62243115	22	35400639	NC	0.018708	0.506785
rs62243117	22	35406283	NC	-0.137563	0.509199
rs5999675	22	35408124	NC	-0.061236	0.999465
rs73882994	22	35410898	NC	-0.198330	0.000000
rs5750031	22	35413447	NC	0.023776	0.512792
rs5750033	22	35414017	NC	0.122746	0.482715
GSA-rs5755525	22	35419169	NC	-0.024656	0.517360
GSA-rs5755535	22	35429977	NC	0.016915	1.000000
GSA-rs117405443	22	35430897	NC	-0.024281	1.000000
rs1080045	22	35433821	NC	0.111657	0.508935
rs9622106	22	35436793	NC	-0.020825	0.024228
rs5999687	22	35440082	NC	-0.002870	0.011145
GSA-rs80097772	22	35441637	NC	0.019206	0.989373
rs5755544	22	35443419	NC	-0.086385	0.490321
rs5750041	22	35444010	NC	0.065827	0.530086
GSA-rs78283013	22	35444362	NC	0.024312	0.481195
GSA-rs5999690	22	35450940	NC	-0.018743	0.502479
GSA-rs118137268	22	35472266	NC	-0.006721	0.000000
rs5750056	22	35474058	NC	0.114788	0.504634
GSA-rs7510980	22	35474647	NC	0.016207	0.487151
GSA-rs117112372	22	35475457	NC	0.035514	0.506190
rs8140287	22	35478529	NC	-0.035345	0.499251
chr22-35478663	22	35478663	NC	-0.018065	0.494729
chr22-35480394	22	35480394	NC	-0.026830	0.499604
chr22-35480442	22	35480442	NC	0.026086	0.000000
rs61735502	22	35481493	NC	-0.032104	0.514474
rs11089728	22	35492313	NC	-0.021851	0.496839
rs73168082	22	35498652	NC	-0.011942	0.992892
GSA-rs9622142	22	35499256	NC	-0.035046	0.508051
rs134198	22	35505610	NC	0.058335	0.007364
rs5995062	22	35507831	NC	0.011976	0.468561
rs28581	22	35513951	NC	0.160792	0.490804
rs5750060	22	35516556	NC	-0.145307	0.502945
GSA-rs80187279	22	35522108	NC	-0.013654	0.520675
rs9610221	22	35533126	NC	-0.039127	0.000000
GSA-rs16995370	22	35537036	NC	0.024458	0.993128
rs5999742	22	35540423	NC	0.061599	0.479728
rs5999743	22	35540602	NC	0.034457	0.485445
GSA-rs9610224	22	35541191	NC	-0.048709	0.492739
GSA-rs2413301	22	35543391	NC	-0.003380	0.995163
GSA-rs116973367	22	35554537	NC	-0.007432	0.500710
rs7288245	22	35577382	NC	-0.172906	0.000000
GSA-rs62243533	22	35579481	NC	-0.032684	0.526828
rs134432	22	35588844	NC	0.037516	0.479463
GSA-rs118001361	22	35615574	NC	-0.036162	0.000000
rs9622162	22	35615960	NC	0.021793	0.010180
GSA-rs9622164	22	35616077	NC	0.010926	0.015784
rs2103642	22	35631590	NC	0.026169	0.492931
GSA-rs1053593	22	35660875	NC	0.079256	0.009220
exm2273062	22	35663523	NC	-0.008166	0.506137
rs2272790	22	35680095	NC	-0.029682	1.000000
GSA-rs73170193	22	35699103	NC	0.059424	0.502142
GSA-rs13057416	22	35704080	NC	0.055962	1.000000
rs112823782	22	35707588	NC	0.110171	0.515024
rs138777	22	35711098	NC	0.150726	1.000000
GSA-rs138780	22	35712553	NC	0.069366	0.514475
rs10483190	22	35722011	NC	0.079028	1.000000
rs4466	22	35723831	NC	0.015780	0.000000
rs35352978	22	35726376	NC	0.006504	0.031603
GSA-rs13055137	22	35727976	NC	0.010403	1.000000
rs138786	22	35728466	NC	0.115846	1.000000
rs5999797	22	35731175	NC	-0.090454	0.000000
rs4467	22	35731245	NC	-0.026958	0.502244
GSA-rs138794	22	35733654	NC	0.104155	1.000000
chr22-35741717	22	35741717	NC	0.024254	0.000000
rs114628428	22	35742762	NC	0.066855	0.474453
GSA-rs79861874	22	35758019	NC	0.091668	0.508957
rs4359744	22	35761650	NC	0.062970	0.492239
GSA-rs17882950	22	35774920	NC	0.065245	0.979936
rs4820192	22	35777984	NC	-0.072925	0.496077
rs199554283	22	35779124	NC	0.015982	0.000000
rs77672261	22	35779162	NC	0.070485	0.516380
rs141730669	22	35782786	NC	-0.117617	0.484315
GSA-rs75125910	22	35786659	NC	0.009288	1.000000
rs148193694	22	35789560	NC	0.023565	0.991856
rs743811	22	35792974	NC	-0.000981	0.000000
rs743815	22	35797333	NC	-0.000025	0.492752
GSA-rs4645747	22	35798935	NC	0.110910	1.000000
rs12170872	22	35799487	NC	-0.041209	1.000000
rs140426201	22	35799525	NC	-0.017052	0.015587
rs142715814	22	35802675	NC	-0.016399	0.971074
rs183229097	22	35804479	NC	-0.027856	0.997482
GSA-rs133414	22	35805720	NC	-0.025649	0.494254
GSA-rs4645774	22	35805870	NC	-0.041368	0.003739
rs199849804	22	35808550	NC	0.070978	0.988169
rs2071740	22	35814215	NC	-0.081052	0.000000
rs199544487	22	35815980	NC	-0.075740	0.007088
rs133431	22	35817597	NC	-0.005123	0.000000
rs133433	22	35818398	NC	0.066069	0.507943
GSA-rs28676939	22	35836634	NC	0.089461	0.503451
GSA-rs116859443	22	35843799	NC	-0.002019	0.472654
GSA-rs76972169	22	35844298	NC	0.053954	0.980281
rs28535885	22	35851976	NC	-0.066742	0.502323
GSA-rs78841212	22	35864572	NC	-0.021690	0.504856
rs28708905	22	35865844	NC	0.138455	0.000000
GSA-rs117054179	22	35868337	NC	-0.085302	0.985523
rs73154026	22	35879081	NC	-0.105023	1.000000
GSA-rs118075321	22	35879139	NC	-0.121657	0.486389
GSA-rs117626002	22	35882281	NC	-0.055431	1.000000
GSA-rs28707161	22	35882725	NC	-0.024796	0.505476
GSA-rs77512881	22	35885798	NC	0.080838	1.000000
rs9622202	22	35890112	NC	-0.051374	0.019758
rs5995106	22	35892277	NC	0.062029	0.495727
rs909704	22	35899384	NC	-0.027983	0.512738
rs5999851	22	35905067	NC	-0.019876	0.000000
GSA-rs117694251	22	35911044	NC	-0.030972	0.495913
rs9610308	22	35915388	NC	0.027300	1.000000
rs713968	22	35917546	NC	0.125250	0.001003
rs5999858	22	35921936	NC	0.084984	0.001361
rs9607271	22	35923409	NC	-0.015536	0.990319
rs12158108	22	35924115	NC	-0.024405	0.486389
rs9622222	22	35933578	NC	0.015711	0.491193
GSA-rs76475935	22	35933613	NC	-0.000179	0.999436
rs5750112	22	35938381	NC	-0.080287	0.508315
rs4820197	22	35939369	NC	0.055690	0.500938
GSA-rs8137058	22	35944774	NC	-0.019549	0.514462
rs6518958	22	35949334	NC	-0.023839	0.514497
rs13054394	22	35950648	NC	0.117887	0.489156
GSA-rs112449613	22	35956126	NC	0.015309	1.000000
rs738368	22	35962060	NC	0.101060	0.996000
GSA-rs117371455	22	35966607	NC	0.020855	0.997407
rs2064145	22	35970554	NC	0.020628	0.499059
rs5750120	22	35975792	NC	0.054451	1.000000
rs4820204	22	35978615	NC	0.013315	0.994650
rs8137488	22	35981447	NC	0.000172	0.470389
GSA-rs12628385	22	35982589	NC	0.052613	0.009372
rs738370	22	35982672	NC	0.086853	1.000000
rs738371	22	35983242	NC	0.124757	0.000000
rs74277032	22	35987001	NC	-0.011614	0.000000
rs73154082	22	35990653	NC	-0.050303	0.485376
rs4821419	22	35993783	NC	0.123705	0.000000
GSA-rs9607278	22	35996272	NC	0.049506	0.500544
GSA-rs45446591	22	36002985	NC	-0.061334	0.484339
rs5755790	22	36006732	NC	-0.072368	0.525533
GSA-rs45492203	22	36014553	NC	0.003367	0.998451
rs4497964	22	36022702	NC	0.024337	0.000000
GSA-rs13057359	22	36026268	NC	0.014854	0.485997
GSA-rs55841632	22	36027062	NC	0.076655	0.026264
rs117032777	22	36027241	NC	0.058760	1.000000
rs17722827	22	36030165	NC	0.049723	0.527731
rs5750141	22	36034983	NC	0.035868	0.512726
rs5999908	22	36040164	NC	0.068377	0.985001
rs5755821	22	36041650	NC	-0.039677	0.504307
rs112979011	22	36044352	NC	-0.011216	0.491313
GSA-rs77311828	22	36044487	NC	-0.120520	0.989151
GSA-rs5995134	22	36052321	NC	-0.022773	1.000000
GSA-rs5755828	22	36053342	NC	-0.034801	0.497667
rs5750146	22	36056728	NC	0.048191	0.994820
GSA-rs117706555	22	36063884	NC	0.076276	0.502780
GSA-rs8139187	22	36071537	NC	0.013764	0.494571
GSA-rs5755867	22	36074043	NC	-0.029314	0.996573
GSA-rs62233611	22	36085208	NC	0.058786	0.496268
rs5750154	22	36087286	NC	0.062310	0.492918
rs5995155	22	36102700	NC	0.004884	0.978227
GSA-rs117371213	22	36107321	NC	-0.100891	0.474887
GSA-rs76439581	22	36109570	NC	-0.014426	0.000000
GSA-rs117696654	22	36112965	NC	-0.011077	0.496408
chr22-36116702	22	36116702	NC	-0.069591	0.000000
rs2009169	22	36117892	NC	-0.084896	1.000000
chr22-36122458	22	36122458	NC	-0.071024	0.989469
rs73155887	22	36122724	NC	0.021140	0.971570
rs5750164	22	36125876	NC	0.071219	0.506981
GSA-rs74510800	22	36127324	NC	0.032743	0.013201
GSA-rs117722987	22	36128062	NC	0.018486	0.001691
rs7291883	22	36128931	NC	-0.060168	1.000000
rs2024642	22	36130557	NC	0.011843	0.507908
rs9610342	22	36130577	NC	0.101472	0.509980
rs5999999	22	36134426	NC	0.014103	0.974325
GSA-rs74779819	22	36140474	NC	0.031926	1.000000
GSA-rs62232589	22	36164773	NC	-0.160822	1.000000
GSA-rs116896918	22	36170990	NC	0.082096	0.489671
GSA-rs9622285	22	36175768	NC	-0.061709	0.000000
GSA-22:36180826	22	36180826	NC	-0.028362	0.534881
GSA-rs78036802	22	36198350	NC	-0.188098	0.988309
GSA-rs117778487	22	36220446	NC	0.084371	0.997806
rs6000010	22	36222469	NC	0.055353	0.000000
rs2051579	22	36231357	NC	-0.027516	0.493262
rs5755960	22	36233761	NC	0.069569	0.026855
GSA-rs117090422	22	36242779	NC	0.104625	0.987060
GSA-rs73161707	22	36283665	NC	-0.036575	0.484126
rs6000026	22	36288320	NC	-0.055856	0.496212
rs5755990	22	36306594	NC	-0.030178	0.512993
GSA-rs76880662	22	36321663	NC	0.059161	1.000000
GSA-rs117301363	22	36322921	NC	-0.069698	0.514398
GSA-rs75048125	22	36342905	NC	-0.106845	1.000000
rs5756012	22	36347646	NC	0.038801	0.998118
GSA-rs2899258	22	36355358	NC	0.040402	0.493693
GSA-rs143977609	22	36365901	NC	-0.027367	0.515986
GSA-rs117388783	22	36369287	NC	-0.023992	1.000000
GSA-rs76570802	22	36375913	NC	0.043281	1.000000
GSA-rs118133888	22	36377903	NC	0.063240	0.994319
GSA-rs16985542	22	36403785	NC	0.016292	0.982381
rs6000059	22	36409990	NC	-0.060421	0.017237
GSA-rs79398316	22	36414359	NC	0.035191	0.994296
rs5756047	22	36425725	NC	0.048890	0.513896
rs5995190	22	36433664	NC	0.098511	0.988896
rs5995192	22	36433816	NC	0.080914	0.495520
exm2268438	22	36443705	NC	-0.037588	0.999953
GSA-rs118014526	22	36459301	NC	-0.047343	0.999307
GSA-rs117962129	22	36467031	NC	0.060736	0.020544
rs4369966	22	36490485	NC	0.050271	0.000000
GSA-rs9607308	22	36491506	NC	-0.041300	0.504201
GSA-rs117355685	22	36498598	NC	0.062580	0.503099
rs878847	22	36500899	NC	0.031904	1.000000
rs12169898	22	36506188	NC	-0.046463	0.489692
GSA-rs6000135	22	36512983	NC	-0.075207	0.000000
rs2413380	22	36519040	NC	0.032475	0.991555
GSA-rs111697839	22	36526011	NC	0.174086	0.979428
rs132612	22	36528895	NC	-0.010889	0.511206
rs61731692	22	36537725	NC	-0.049054	0.011848
rs80575	22	36539754	NC	0.053404	0.494321
rs4821459	22	36542498	NC	0.059473	0.988826
GSA-rs2032518	22	36545661	NC	-0.065490	0.003668
GSA-rs77082320	22	36546358	NC	-0.039274	0.978722
GSA-rs149537646	22	36555896	NC	-0.012085	0.501718
rs45577431	22	36556698	NC	0.159435	0.000243
chr22-36556768	22	36556768	NC	0.042131	0.497870
rs132653	22	36556823	NC	-0.035672	0.000000
rs148885226	22	36556836	NC	0.079441	0.501165
rs132655	22	36557550	NC	-0.002492	1.000000
GSA-rs12185878	22	36570688	NC	-0.005188	0.007335
rs35321789	22	36570890	NC	0.116215	0.001052
rs2269594	22	36576171	NC	0.007899	0.497294
rs5995235	22	36577942	NC	0.030897	0.019174
GSA-rs2239831	22	36583084	NC	-0.048246	0.485850
GSA-rs9619593	22	36588489	NC	0.012105	0.503559
GSA-rs6000177	22	36592731	NC	0.003228	0.493688
rs111993715	22	36592855	NC	-0.020010	0.024184
rs6000179	22	36594371	NC	-0.032202	0.502791
chr22-36595375	22	36595375	NC	-0.032874	0.000000
chr22-36595608	22	36595608	NC	-0.066999	0.500498
rs9610445	22	36597744	NC	-0.018233	0.000000
rs132736	22	36598058	NC	-0.036602	0.000000
rs12170983	22	36598790	NC	-0.015533	1.000000
GSA-rs6000189	22	36600814	NC	0.059412	0.505485
rs6518994	22	36601057	NC	-0.047511	0.991855
rs132745	22	36605331	NC	-0.029977	0.500900
rs9610448	22	36608205	NC	-0.007661	0.000000
GSA-rs5995259	22	36611863	NC	0.046046	0.506211
GSA-rs7284481	22	36615069	NC	0.092438	0.511220
rs4821469	22	36616445	NC	-0.021538	0.490766
GSA-rs77010523	22	36616857	NC	0.048524	0.004860
GSA-rs143412466	22	36618432	NC	-0.012920	1.000000
rs11703398	22	36620961	NC	0.017839	0.483019
rs11704037	22	36621216	NC	0.024756	0.994233
rs129607	22	36622906	NC	-0.064638	0.982306
rs7285167	22	36623920	NC	0.023944	0.000000
chr22-36623932	22	36623932	NC	0.010880	0.000000
chr22-36624005	22	36624005	NC	-0.081838	0.515931
rs201222628	22	36624123	NC	-0.086327	0.499468
rs118097350	22	36624231	NC	-0.110118	0.000000
GSA-rs56230516	22	36626762	NC	-0.103981	0.508028
rs74865964	22	36632643	NC	0.085314	0.986047
rs1557534	22	36633225	NC	0.094901	0.496726
GSA-rs112266636	22	36633861	NC	0.128180	1.000000
rs2001195	22	36635032	NC	0.012597	0.000000
rs1974458	22	36635445	NC	-0.084292	0.482554
GSA-rs5756113	22	36640533	NC	0.016689	1.000000
rs62233823	22	36641792	NC	0.029429	0.998312
GSA-rs78736759	22	36643730	NC	-0.108713	0.995237
rs9610467	22	36649574	NC	-0.073271	0.486991
GSA-rs9610468	22	36650956	NC	0.026447	0.008056
rs136148	22	36652931	NC	-0.053619	0.489987
rs116280906	22	36653986	NC	0.081260	0.511973
GSA-rs136159	22	36657023	NC	0.080756	0.512073
GSA-rs129423	22	36657329	NC	0.004496	0.492473
GSA-rs713929	22	36657596	NC	-0.106338	0.990029
rs713753	22	36658534	NC	0.036410	0.519265
GSA-rs80424	22	36659299	NC	-0.016246	0.498310
GSA-rs136165	22	36659571	NC	0.109970	0.500340
GSA-rs28480494	22	36661152	NC	-0.038869	0.000000
rs2239785	22	36661330	NC	0.106506	0.492313
rs148296684	22	36661354	NC	0.110499	0.501498
GSA-rs136174	22	36661536	NC	0.028610	0.495049
GSA-rs136175	22	36661566	NC	-0.046938	0.513430
GSA-rs136176	22	36661646	NC	-0.038649	0.487978
chr22-36661649	22	36661649	NC	0.108786	0.997184
rs136177	22	36661842	NC	0.000615	0.005596
rs73885319	22	36661906	NC	0.026135	0.986919
chr22-36662068	22	36662068	NC	0.046176	0.508141
GSA-rs66473469	22	36662654	NC	0.001151	0.971363
rs136178	22	36664339	NC	-0.069299	0.510021
rs136180	22	36665538	NC	0.031169	0.500457
GSA-rs56277602	22	36668760	NC	0.073966	1.000000
rs3959632	22	36668884	NC	0.061882	0.473261
rs767855	22	36672295	NC	0.010987	0.523533
GSA-rs73405712	22	36673639	NC	0.034598	0.497719
GSA-rs117372965	22	36674199	NC	0.014912	0.002303
rs2481	22	36677400	NC	0.072938	0.481375
rs145139708	22	36681327	NC	0.069344	0.000000
rs2071734	22	36682706	NC	0.016701	0.000000
rs199722926	22	36684817	NC	-0.032345	0.518620
rs75883300	22	36685483	NC	-0.066314	0.998382
rs200616409	22	36688226	NC	-0.014368	0.491176
rs201269631	22	36689506	NC	-0.011384	0.012444
chr22-36690278	22	36690278	NC	-0.064456	1.000000
rs200732002	22	36691016	NC	-0.135326	0.999620
GSA-rs16996648	22	36692752	NC	-0.050223	0.505046
GSA-rs59922723	22	36693922	NC	-0.015731	0.497482
GSA-rs117734021	22	36696777	NC	0.045904	0.994443
rs1002246	22	36714659	NC	0.118449	0.500037
rs1005570	22	36715274	NC	-0.055842	0.016483
rs5756157	22	36723697	NC	-0.003249	0.511086
GSA-rs8143119	22	36727551	NC	0.088113	0.000798
rs150313549	22	36745049	NC	-0.076997	0.007949
rs147122501	22	36745146	NC	0.050552	0.015983
GSA-rs145409763	22	36748399	NC	-0.039249	0.493696
rs5756164	22	36748993	NC	0.071332	1.000000
rs11089788	22	36751101	NC	-0.026881	0.503537
rs117283436	22	36753803	NC	-0.005383	0.502399
GSA-rs75142495	22	36763048	NC	-0.004387	0.497681
rs6000262	22	36770038	NC	0.063461	0.001327
GSA-rs111936411	22	36776099	NC	-0.024122	1.000000
rs9610498	22	36777739	NC	0.033678	0.511625
rs75136417	22	36777803	NC	-0.048869	0.508708
GSA-rs974103	22	36781217	NC	-0.036497	0.510963
GSA-rs79013767	22	36782759	NC	-0.029551	0.986881
rs2092165	22	36795584	NC	-0.093810	0.487992
rs9610510	22	36804282	NC	0.126958	0.010583
GSA-rs75614414	22	36813201	NC	0.000097	0.994014
rs28547571	22	36831704	NC	-0.018141	0.981196
GSA-rs73169606	22	36837065	NC	0.008220	0.489323
GSA-rs139943	22	36847253	NC	0.013681	0.990933
rs80201620	22	36852003	NC	0.049164	0.026721
GSA-rs118079741	22	36852471	NC	-0.052610	0.000000
rs75416875	22	36855147	NC	-0.108782	0.000000
GSA-rs62229966	22	36855763	NC	0.054153	0.015568
rs139996	22	36861320	NC	-0.032884	0.991982
rs12159290	22	36865604	NC	-0.055891	0.513933
GSA-rs12159080	22	36865622	NC	-0.077921	0.507576
rs5756202	22	36870845	NC	-0.055926	0.502550
GSA-rs138148862	22	36871714	NC	0.051893	0.003856
rs150850412	22	36872818	NC	0.063257	0.000000
rs3747163	22	36885026	NC	0.023232	0.003623
rs5756214	22	36888066	NC	-0.077948	0.504223
GSA-rs73169658	22	36889116	NC	-0.061800	0.526349
GSA-rs35417644	22	36892369	NC	-0.000421	0.494814
rs5756223	22	36897427	NC	0.038747	0.485242
rs2277841	22	36900271	NC	-0.016582	0.510099
rs9610522	22	36900812	NC	0.104617	0.519737
rs11704715	22	36906173	NC	0.005185	0.000000
GSA-rs62230001	22	36912074	NC	0.173522	0.508976
GSA-rs62230008	22	36917349	NC	0.038250	1.000000
GSA-rs143180024	22	36920319	NC	-0.032578	0.492610
GSA-rs76328101	22	36922262	NC	0.034054	0.485230
rs6000294	22	36923158	NC	0.027177	0.510683
rs6000299	22	36923499	NC	0.047413	0.976571
rs9680657	22	36926927	NC	0.002115	0.510076
GSA-rs79593534	22	36926979	NC	-0.022682	0.503877
rs8142845	22	36939236	NC	-0.091641	0.480903
rs5750269	22	36941065	NC	0.085153	0.497188
GSA-rs111996826	22	36941503	NC	-0.043692	0.980675
rs2049974	22	36942323	NC	0.002421	1.000000
GSA-rs117107524	22	36953965	NC	-0.014238	0.981161
rs66704836	22	36954605	NC	0.048329	1.000000
GSA-rs73169699	22	36963065	NC	0.153955	0.998733
rs1569488	22	36965284	NC	-0.032077	0.000000
rs5995311	22	36969134	NC	-0.018671	0.992928
rs2267341	22	36976975	NC	0.141889	0.505631
rs73171810	22	36978260	NC	0.085338	1.000000
GSA-rs17735341	22	36979808	NC	0.042149	0.489539
rs4820242	22	36982675	NC	0.018755	0.502784
rs9622424	22	36984307	NC	-0.027038	0.503243
GSA-rs16997001	22	36984918	NC	-0.028656	1.000000
rs2283981	22	36986092	NC	0.041597	0.515039
rs2283985	22	36988654	NC	0.022166	1.000000
rs4821506	22	36994063	NC	0.020606	0.994899
GSA-rs117558925	22	36996189	NC	0.034528	0.995716
GSA-rs11704051	22	37002064	NC	0.017852	1.000000
rs4821512	22	37013694	NC	0.001882	0.493607
GSA-rs58301447	22	37017246	NC	-0.050525	0.000733
rs2283996	22	37022532	NC	0.000737	0.488413
rs738974	22	37025274	NC	-0.041599	0.999157
GSA-rs131829	22	37027467	NC	-0.047651	0.488610
GSA-rs9622436	22	37032163	NC	-0.106823	0.511688
GSA-rs74454868	22	37078176	NC	0.072585	0.989634
rs2284017	22	37096927	NC	0.019851	0.000000
rs2267361	22	37100260	NC	-0.070642	0.995055
GSA-rs5756300	22	37103563	NC	-0.056966	0.005379
GSA-rs11705610	22	37104419	NC	-0.036664	0.015484
rs5756316	22	37114970	NC	-0.073850	0.491717
rs715541	22	37116098	NC	0.006274	0.001137
rs77929979	22	37122455	NC	-0.104014	0.994178
GSA-rs117436097	22	37122724	NC	-0.137755	0.998412
GSA-rs79378768	22	37123295	NC	-0.154671	0.000000
rs738521	22	37124298	NC	0.068497	0.980755
GSA-rs78420329	22	37126789	NC	0.081665	0.000000
GSA-rs117670011	22	37129340	NC	-0.013323	0.987851
rs129333	22	37153289	NC	0.029244	0.518712
rs118095726	22	37154413	NC	-0.003641	0.491990
rs5750306	22	37170915	NC	0.042448	0.494702
GSA-rs34172130	22	37181778	NC	0.012405	1.000000
GSA-rs76594382	22	37193502	NC	0.010239	0.012155
rs9610583	22	37193986	NC	-0.056028	0.998965
GSA-rs4820250	22	37197530	NC	-0.084184	0.505403
rs2022068	22	37199806	NC	-0.012234	1.000000
rs4820254	22	37206341	NC	-0.055289	0.000000
GSA-rs739031	22	37208149	NC	-0.055606	0.491879
rs2269511	22	37210656	NC	-0.062924	0.512907
GSA-rs79274387	22	37211803	NC	0.098405	0.491628
GSA-rs11913267	22	37212154	NC	-0.085023	0.978382
GSA-rs117997132	22	37215827	NC	0.060855	0.000441
GSA-rs73156268	22	37217354	NC	0.067682	0.487898
GSA-rs5995347	22	37222929	NC	0.017109	0.028459
GSA-rs58952608	22	37224160	NC	0.068085	0.010008
rs5756365	22	37228277	NC	0.007109	1.000000
GSA-rs117684358	22	37229503	NC	-0.011618	1.000000
rs4821540	22	37241788	NC	-0.105329	0.519811
rs6000449	22	37251377	NC	-0.041679	0.504835
rs10854693	22	37252010	NC	0.009274	0.496291
rs11914104	22	37252618	NC	0.135902	0.483616
rs11089806	22	37256262	NC	-0.081283	0.478690
rs1883112	22	37256846	NC	0.011109	0.499016
rs34421414	22	37257712	NC	-0.043381	0.487392
rs4821544	22	37258503	NC	-0.035740	0.494552
rs741998	22	37258844	NC	0.073977	1.000000
GSA-rs73158117	22	37259534	NC	0.021464	1.000000
rs143532979	22	37261015	NC	-0.003019	0.499371
GSA-rs34320195	22	37262753	NC	0.114595	1.000000
rs760519	22	37263706	NC	-0.099424	0.000000
rs729749	22	37263846	NC	0.028461	0.017876
rs34756754	22	37265314	NC	-0.095792	0.997167
rs150103256	22	37267701	NC	-0.084928	0.993192
rs2072712	22	37271802	NC	0.010922	0.000134
chr22-37271875	22	37271875	NC	-0.021523	0.505823
GSA-rs117276515	22	37274943	NC	-0.026840	0.486643
rs5756379	22	37275904	NC	0.048253	0.486049
rs5750326	22	37276285	NC	-0.130413	0.972626
GSA-rs117586588	22	37276622	NC	-0.092889	1.000000
GSA-rs113133371	22	37277701	NC	-0.014634	0.525630
GSA-rs62229094	22	37279156	NC	0.037963	0.511507
GSA-rs2413429	22	37289869	NC	0.052501	0.516710
GSA-rs75218287	22	37291789	NC	0.049159	0.505607
GSA-rs117414417	22	37293910	NC	0.035280	0.005826
GSA-rs5756390	22	37296129	NC	-0.173634	0.016205
GSA-rs17749156	22	37296596	NC	-0.062936	0.994169
GSA-rs742000	22	37296672	NC	-0.177654	0.498837
GSA-rs16997492	22	37307865	NC	0.146891	0.501714
GSA-rs4821558	22	37308785	NC	-0.028440	0.498543
rs2075726	22	37310046	NC	-0.030382	0.510305
rs60175411	22	37311858	NC	-0.027381	0.479652
GSA-rs77121843	22	37314600	NC	-0.029681	0.991852
rs41280007	22	37317914	NC	0.004003	0.001226
rs2284031	22	37321080	NC	0.149022	0.508782
rs17811365	22	37322820	NC	-0.108740	0.513482
rs909486	22	37323988	NC	0.170759	0.514464
GSA-rs74701298	22	37324740	NC	-0.059877	0.489592
rs115081583	22	37325227	NC	-0.025376	0.515300
chr22-37325715	22	37325715	NC	-0.162117	0.503293
GSA-rs16846	22	37325833	NC	-0.078538	0.491507
GSA-rs117805308	22	37326794	NC	-0.054893	1.000000
GSA-rs6000494	22	37327707	NC	-0.060274	1.000000
GSA-rs117511880	22	37328051	NC	0.036156	0.492335
rs2075936	22	37328751	NC	0.001178	1.000000
GSA-rs73158160	22	37329339	NC	-0.053778	0.000000
rs1534882	22	37329545	NC	0.057085	0.026158
GSA-rs1801122	22	37333657	NC	0.003980	0.000000
GSA-rs16997517	22	37333936	NC	-0.045446	0.000000
rs6000495	22	37334953	NC	-0.077137	0.010203
rs1803	22	37335326	NC	-0.073052	1.000000
rs131843	22	37337409	NC	0.079810	0.496884
rs13055341	22	37337772	NC	0.031548	0.015319
rs2093381	22	37340429	NC	-0.062126	0.508260
rs131849	22	37342719	NC	0.055637	0.000000
rs58489539	22	37343210	NC	-0.005128	0.000000
GSA-rs117957496	22	37343442	NC	-0.021020	1.000000
rs6000503	22	37345312	NC	0.053325	0.985867
GSA-rs118114199	22	37347009	NC	-0.006777	0.000000
GSA-rs62229118	22	37348019	NC	0.054385	0.503162
rs6000507	22	37353226	NC	0.013122	0.490594
rs12165584	22	37359961	NC	-0.001424	0.991604
rs73407859	22	37360416	NC	-0.084339	0.996300
GSA-rs8142548	22	37365039	NC	0.031247	0.504282
GSA-rs75908076	22	37365352	NC	-0.068246	0.997302
rs2858237	22	37367928	NC	-0.045912	0.000490
rs5756432	22	37371109	NC	-0.023660	0.497029
rs5756437	22	37375668	NC	0.077387	0.493871
GSA-rs75143407	22	37383241	NC	0.002346	0.015458
GSA-rs62230764	22	37386108	NC	-0.087132	0.988915
rs713829	22	37386920	NC	-0.103656	0.014597
rs9610624	22	37387257	NC	-0.057060	0.481821
chr22-37397876	22	37397876	NC	0.002845	0.002183
chr22-37398072	22	37398072	NC	-0.019766	0.028819
chr22-37398102	22	37398102	NC	0.019337	0.518972
rs5756477	22	37407527	NC	0.018260	0.497559
GSA-rs5750370	22	37412967	NC	0.009953	0.508008
rs5756489	22	37417197	NC	0.068967	0.995338
GSA-rs117329814	22	37417326	NC	0.025653	1.000000
rs5756492	22	37424991	NC	0.045529	0.498249
rs135167	22	37429129	NC	0.039837	0.493079
GSA-rs25095	22	37434028	NC	-0.071781	0.502761
GSA-rs74417775	22	37437172	NC	0.019950	1.000000
GSA-rs117470369	22	37442255	NC	-0.088888	0.001336
GSA-rs143231972	22	37453378	NC	0.017736	0.000000
GSA-rs183345487	22	37454132	NC	-0.077633	0.509593
GSA-rs117217366	22	37454236	NC	0.038612	0.018986
GSA-rs78029853	22	37455874	NC	0.025449	0.016801
rs139105452	22	37462173	NC	0.008868	0.507813
GSA-rs73160046	22	37462813	NC	-0.029952	0.000000
rs855791	22	37462936	NC	-0.047996	0.496725
rs76970337	22	37467001	NC	-0.061458	0.504552
rs5756504	22	37467270	NC	-0.023180	0.488022
rs4820268	22	37469591	NC	0.069587	0.523736
rs2413450	22	37470224	NC	0.072266	0.494346
GSA-rs79816125	22	37470640	NC	-0.135078	0.001250
GSA-rs117576908	22	37471208	NC	0.011917	0.008536
rs201080354	22	37471300	NC	-0.042295	1.000000
rs9610643	22	37471385	NC	0.045367	0.985800
rs16990291	22	37474667	NC	-0.165418	0.509636
rs2246092	22	37479628	NC	0.025584	0.494199
GSA-rs9607411	22	37479864	NC	-0.014944	0.496879
rs2111833	22	37480797	NC	-0.131041	0.501842
rs116092750	22	37492078	NC	0.044841	1.000000
rs116310349	22	37492129	NC	-0.018767	0.983697
rs145073875	22	37492731	NC	-0.027701	1.000000
rs113803353	22	37494485	NC	-0.032293	0.497178
rs9619658	22	37496847	NC	0.135782	0.014365
rs4140589	22	37499019	NC	0.005920	0.000000
rs228909	22	37500643	NC	0.024985	0.993511
rs228916	22	37505552	NC	-0.114289	0.017065
rs11914132	22	37509087	NC	0.020011	0.003967
rs926331	22	37510072	NC	-0.024517	0.000000
rs5995385	22	37519864	NC	-0.030689	0.483630
rs181177639	22	37524483	NC	0.016344	0.507422
rs228942	22	37524619	NC	-0.031927	0.506156
GSA-rs80051711	22	37524990	NC	0.048703	1.000000
GSA-rs77540048	22	37525044	NC	-0.032542	0.995719
rs228947	22	37526529	NC	-0.103793	0.000000
GSA-rs78940252	22	37529432	NC	-0.005934	0.510946
rs3218295	22	37533068	NC	0.094733	0.488874
rs2284033	22	37534034	NC	-0.036082	1.000000
rs2281094	22	37535471	NC	-0.013705	0.477818
rs228962	22	37535494	NC	0.021379	0.994962
rs149508414	22	37538521	NC	-0.129771	1.000000
rs1003694	22	37539128	NC	-0.052496	0.000881
rs3218261	22	37543156	NC	-0.024261	0.986622
rs228976	22	37543173	NC	-0.096146	1.000000
GSA-rs3218254	22	37544536	NC	-0.020876	1.000000
rs3218253	22	37544810	NC	0.007462	1.000000
rs228979	22	37544931	NC	-0.004627	0.494259
rs78995863	22	37547987	NC	0.101421	0.513952
rs743777	22	37551607	NC	0.125369	0.000000
rs4821592	22	37558279	NC	-0.120085	0.491938
rs2051582	22	37558356	NC	-0.087693	0.484704
rs16997851	22	37560170	NC	0.007024	0.000000
rs5750385	22	37560751	NC	0.107243	0.000000
rs36124857	22	37565492	NC	-0.117111	0.987921
rs12167757	22	37567490	NC	-0.076448	0.493844
rs5756536	22	37570845	NC	0.046882	0.501359
GSA-rs76206423	22	37572236	NC	0.028958	1.000000
rs17812681	22	37578388	NC	0.061007	0.507439
rs229519	22	37578579	NC	-0.153519	0.016688
rs229527	22	37581485	NC	0.016662	0.000000
GSA-rs62235064	22	37586018	NC	-0.010615	0.986382
rs229535	22	37588566	NC	-0.013289	0.990394
rs229541	22	37591318	NC	-0.022306	0.510093
GSA-rs5756553	22	37591807	NC	0.027458	0.991259
rs64547	22	37592504	NC	-0.006691	0.985348
GSA-rs76101325	22	37596679	NC	0.112461	0.000000
rs5756562	22	37611807	NC	-0.047827	0.498699
rs762921	22	37612042	NC	0.073055	0.006094
rs13053175	22	37613309	NC	-0.012484	0.520490
rs933222	22	37618637	NC	0.029172	0.513693
rs9610672	22	37619021	NC	0.097712	0.000000
rs9610685	22	37630318	NC	-0.031718	0.000000
GSA-rs55644139	22	37631358	NC	0.020660	0.495939
GSA-rs80269564	22	37632295	NC	0.056681	0.493291
rs13058338	22	37632770	NC	-0.083985	0.473741
rs2284038	22	37635055	NC	-0.039859	0.991662
rs2213430	22	37638960	NC	-0.128162	0.000000
exm2264743	22	37640673	NC	0.069473	0.508467
rs5995407	22	37641440	NC	0.065076	0.989307
rs9610688	22	37643464	NC	0.138691	0.000000
GSA-rs739043	22	37645230	NC	-0.029186	0.481997
GSA-rs75169631	22	37649529	NC	-0.147444	0.493471
rs8139798	22	37660255	NC	-0.002355	0.502171
GSA-rs73161899	22	37660702	NC	-0.060836	0.507308
rs5750402	22	37661288	NC	0.048016	0.000000
rs9610698	22	37669321	NC	0.027994	0.009336
rs739036	22	37671677	NC	0.015807	1.000000
rs730422	22	37671896	NC	0.023503	0.006438
rs7284821	22	37673781	NC	0.022272	0.489499
GSA-rs73884193	22	37673788	NC	-0.043219	0.523166
rs727048	22	37677892	NC	0.090261	0.000000
rs8141057	22	37677949	NC	-0.004404	0.480072
GSA-rs76639480	22	37678531	NC	0.095683	0.019659
rs3213557	22	37678565	NC	0.016938	0.511852
GSA-rs117935465	22	37686902	NC	0.011275	0.000000
GSA-rs116959384	22	37696570	NC	-0.062002	1.000000
GSA-rs56016561	22	37698667	NC	0.036922	0.997170
rs2239822	22	37699377	NC	0.017458	1.000000
GSA-rs56272035	22	37703957	NC	-0.034508	0.495396
rs2284051	22	37710569	NC	0.020631	0.490644
GSA-rs112420895	22	37713048	NC	0.023366	0.515748
rs5750410	22	37715105	NC	-0.027655	0.493677
rs5995416	22	37719004	NC	0.029665	0.016379
rs9610713	22	37728491	NC	-0.037033	1.000000
GSA-rs9610716	22	37731438	NC	-0.007465	0.482920
GSA-rs148298143	22	37733159	NC	0.035794	0.996678
rs5750423	22	37734452	NC	0.042378	1.000000
GSA-rs117214702	22	37737276	NC	0.087091	0.474491
GSA-rs4821633	22	37738621	NC	-0.050352	0.499989
rs6000679	22	37740853	NC	-0.002187	0.000000
rs4821638	22	37751698	NC	-0.076807	0.981300
rs4821643	22	37752981	NC	-0.027814	0.504352
GSA-rs57181655	22	37754246	NC	0.009479	0.487090
rs5756648	22	37755214	NC	-0.075998	0.991260
rs6000687	22	37755223	NC	-0.009441	0.484355
GSA-rs77218314	22	37755323	NC	0.127884	0.000000
GSA-rs77946771	22	37756431	NC	-0.081546	0.501226
rs61011905	22	37761743	NC	-0.062715	0.503393
rs4821651	22	37761813	NC	-0.005449	0.006778
rs5756654	22	37763862	NC	-0.078700	0.000000
GSA-rs6000694	22	37766088	NC	0.038426	1.000000
rs2071856	22	37770630	NC	0.054000	0.506809
rs4821653	22	37771985	NC	0.053114	0.988164
rs8141881	22	37777031	NC	0.065836	0.999951
rs6000708	22	37789106	NC	0.056024	0.503033
rs6000711	22	37792590	NC	-0.183101	0.508311
rs7285729	22	37793408	NC	-0.086601	0.000000
rs5756666	22	37797697	NC	0.100499	0.018652
rs8139356	22	37806276	NC	0.003713	1.000000
rs71328610	22	37806962	NC	-0.031852	0.496831
GSA-rs916317	22	37809655	NC	-0.019011	1.000000
GSA-rs11705648	22	37812495	NC	-0.079032	0.496232
rs9610749	22	37812911	NC	0.071362	0.498611
GSA-rs6000727	22	37818011	NC	-0.034292	0.519637
GSA-rs9622621	22	37820415	NC	0.052492	0.482964
GSA-rs133705	22	37836819	NC	0.068271	0.014743
rs2097455	22	37843239	NC	0.014203	0.007193
GSA-rs7289181	22	37843741	NC	-0.099182	0.496769
rs112747175	22	37845116	NC	-0.023027	0.486732
rs6000741	22	37849017	NC	0.026103	0.519456
rs75296635	22	37852174	NC	-0.083021	0.011774
GSA-rs116891130	22	37858354	NC	0.104736	0.466139
rs8192548	22	37866063	NC	0.032927	0.000000
chr22-37876233	22	37876233	NC	-0.089077	0.510475
GSA-rs41280029	22	37886629	NC	0.035977	1.000000
GSA-rs190162662	22	37887018	NC	-0.069320	0.500556
rs74843098	22	37899804	NC	0.016573	0.496903
rs5750446	22	37902926	NC	-0.096611	0.498864
rs2235334	22	37904251	NC	-0.006940	0.496036
exm2268439	22	37905173	NC	0.000497	1.000000
rs8140025	22	37910395	NC	0.045352	0.000000
rs2103577	22	37910612	NC	-0.028638	0.000000
GSA-rs56249362	22	37910713	NC	0.025843	0.511168
rs73416266	22	37913936	NC	-0.031514	0.995130
GSA-rs7287804	22	37915100	NC	-0.121111	0.506957
rs6000762	22	37918472	NC	0.043299	0.000000
rs1534913	22	37918672	NC	0.036093	0.500530
rs9607469	22	37919267	NC	0.031866	0.494169
GSA-rs6000764	22	37920097	NC	0.112567	0.490951
rs1079982	22	37929759	NC	-0.140856	0.496139
rs77740651	22	37942412	NC	0.013050	0.000000
rs8137687	22	37943299	NC	0.083148	0.492965
rs5995460	22	37951451	NC	0.065890	0.000619
GSA-rs73166459	22	37951581	NC	0.005497	0.998282
rs2235336	22	37958268	NC	-0.009202	0.492814
rs8139004	22	37961120	NC	0.006211	0.506046
GSA-rs111307192	22	37962740	NC	-0.056130	0.479086
chr22-37962779	22	37962779	NC	-0.103966	1.000000
rs117181617	22	37966686	NC	0.043487	0.000000
rs188420751	22	37966689	NC	-0.023882	0.497923
GSA-rs77346233	22	37968063	NC	0.055481	0.487359
GSA-rs73418196	22	37968265	NC	-0.006375	0.507572
rs5756736	22	37970189	NC	0.055242	0.476286
GSA-rs79101909	22	37973153	NC	-0.090435	0.499617
GSA-rs9622641	22	37973296	NC	-0.132781	0.524756
rs12167061	22	37977481	NC	-0.017650	0.006860
GSA-rs147582712	22	37981995	NC	0.117388	1.000000
GSA-rs12157904	22	37982012	NC	0.001706	0.000000
GSA-rs142606751	22	37985387	NC	-0.026400	0.983265
rs3761442	22	38003070	NC	-0.059477	0.491393
GSA-rs117906809	22	38004362	NC	-0.042439	1.000000
rs146936287	22	38016825	NC	0.057064	0.489623
GSA-rs140112498	22	38026059	NC	0.054880	0.496612
rs149928566	22	38039746	NC	-0.018590	0.995961
GSA-rs62235995	22	38040097	NC	-0.003583	0.508361
GSA-rs62235996	22	38041015	NC	0.007987	0.010924
GSA-rs118183308	22	38044341	NC	-0.028598	0.505903
chr22-38046109	22	38046109	NC	0.120042	1.000000
GSA-rs118133095	22	38054580	NC	-0.011434	0.971310
rs78974622	22	38059925	NC	-0.022954	0.991721
rs140970741	22	38061816	NC	-0.101030	0.010861
GSA-rs41283237	22	38062589	NC	-0.082829	1.000000
rs13057866	22	38069622	NC	0.013275	0.494554
chr22-38073026	22	38073026	NC	-0.004362	0.499997
rs62236674	22	38077935	NC	0.060051	0.000000
rs5756763	22	38079239	NC	0.078517	0.490148
rs145024039	22	38086725	NC	0.064959	0.507820
GSA-rs117826239	22	38088643	NC	-0.077304	0.504427
rs12158556	22	38093169	NC	-0.024418	0.000000
rs5750476	22	38096470	NC	0.100753	0.000000
rs147691840	22	38106473	NC	0.002197	0.493250
rs144634857	22	38109353	NC	-0.006941	0.475228
rs5750482	22	38117943	NC	-0.033967	1.000000
chr22-38119602	22	38119602	NC	0.076746	0.984346
GSA-rs41296243	22	38121040	NC	-0.075473	1.000000
rs9610841	22	38121152	NC	-0.031331	0.494291
chr22-38121637	22	38121637	NC	0.076502	0.489858
rs200665858	22	38122252	NC	0.124005	0.526089
rs34066624	22	38129388	NC	0.049258	0.000000
chr22-38130853	22	38130853	NC	0.005866	0.501831
chr22-38131357	22	38131357	NC	0.101269	0.487160
GSA-rs79355847	22	38135319	NC	-0.085906	0.513128
GSA-rs117262262	22	38136546	NC	-0.086460	0.004311
GSA-rs191602285	22	38147018	NC	0.006063	1.000000
GSA-rs8139381	22	38151516	NC	0.052508	0.497022
rs150426001	22	38151606	NC	-0.024241	0.000000
rs183941928	22	38153696	NC	-0.175625	0.496383
GSA-rs76574030	22	38163722	NC	-0.018957	0.000000
rs200313246	22	38165091	NC	0.046148	0.516611
rs138139146	22	38165269	NC	0.146722	0.995028
rs61737841	22	38167706	NC	-0.010062	0.525960
GSA-rs1047326	22	38170046	NC	0.048785	0.001549
rs5756813	22	38175477	NC	0.057904	0.516418
GSA-rs150373699	22	38177768	NC	-0.009255	0.000000
GSA-rs2285178	22	38205989	NC	-0.008568	0.005270
rs182422563	22	38206124	NC	-0.056518	0.000000
chr22-38209369	22	38209369	NC	0.001656	1.000000
GSA-rs17856459	22	38212624	NC	-0.047717	0.503180
GSA-rs117194465	22	38216579	NC	0.139538	0.000000
GSA-rs146808747	22	38226158	NC	0.088145	0.497604
GSA-rs75571797	22	38228802	NC	-0.092812	0.000000
rs9466	22	38273749	NC	-0.036625	0.985039
GSA-rs114758702	22	38278741	NC	-0.036493	0.489352
rs5995515	22	38306671	NC	-0.044685	0.505204
GSA-rs74832565	22	38306893	NC	0.025479	0.494628
GSA-rs143910997	22	38321806	NC	-0.020406	0.015933
rs2272829	22	38323700	NC	0.037595	0.483563
chr22-38327834	22	38327834	NC	-0.036487	0.512346
GSA-rs34834842	22	38328597	NC	0.086343	1.000000
GSA-rs41274544	22	38339298	NC	-0.096728	0.006829
GSA-rs190002656	22	38350450	NC	0.004050	0.513138
GSA-rs139866	22	38354684	NC	-0.021009	0.994067
rs12170378	22	38382304	NC	0.028503	0.006961
GSA-rs118166169	22	38383890	NC	0.124209	0.000000
GSA-rs74646975	22	38386876	NC	0.073420	0.504134
GSA-rs13053900	22	38388217	NC	0.016148	0.992502
GSA-rs56276156	22	38392662	NC	0.055333	0.000000
GSA-rs34975952	22	38402311	NC	0.042673	0.485666
chr22-38422011	22	38422011	NC	-0.032724	0.014515
GSA-rs75359613	22	38423264	NC	-0.145137	0.982153
rs4821732	22	38446872	NC	0.086199	0.000000
rs742395	22	38447444	NC	0.021183	0.497127
rs6000987	22	38448732	NC	-0.056390	0.488889
rs713729	22	38455469	NC	-0.124331	0.507135
rs3952	22	38456598	NC	0.058567	0.006597
rs738443	22	38458681	NC	0.117076	0.013490
GSA-rs35706623	22	38459430	NC	0.019561	0.005358
rs2076369	22	38463652	NC	-0.029942	0.018318
GSA-rs117229343	22	38464090	NC	-0.060354	0.496386
rs201758961	22	38468504	NC	0.073217	0.004534
rs187455529	22	38474406	NC	0.065561	0.013356
rs8135665	22	38476276	NC	-0.026352	0.514307
chr22-38482443	22	38482443	NC	-0.009283	0.987951
rs142001534	22	38483171	NC	0.133902	0.485129
rs132930	22	38487029	NC	-0.030477	0.488835
chr22-38493186	22	38493186	NC	0.000989	0.492287
rs4339048	22	38495011	NC	-0.070136	0.496697
GSA-rs6001004	22	38500270	NC	0.057973	0.486018
rs4821738	22	38500480	NC	0.059387	0.981990
GSA-rs5750536	22	38501333	NC	0.014155	0.520855
rs6001009	22	38505356	NC	0.036956	0.484864
seq-rs587784350	22	38508554	NC	0.084851	0.500034
seq-rs587784349	22	38508572	NC	0.090723	0.497829
rs2076114	22	38509439	NC	0.101661	0.484890
seq-rs587784347	22	38509568	NC	-0.076117	1.000000
seq-rs587784339	22	38511665	NC	0.074996	0.490507
rs149712244	22	38512162	NC	0.018281	0.002969
rs370691849	22	38516896	NC	0.057506	0.519912
seq-rs797045888	22	38522458	NC	0.004518	0.481840
GSA-rs11570690	22	38526090	NC	-0.100721	0.000000
rs2076118	22	38529500	NC	-0.027238	0.510172
GSA-rs191314194	22	38531680	NC	0.132184	0.022898
GSA-rs738317	22	38533089	NC	0.054785	0.509437
rs2284063	22	38544298	NC	0.076898	0.514022
chr22-38544556	22	38544556	NC	0.034319	0.000000
GSA-rs132944	22	38548516	NC	-0.068169	0.488030
GSA-rs12485185	22	38560836	NC	-0.037083	1.000000
rs132966	22	38561562	NC	0.001463	0.516735
GSA-rs132975	22	38562258	NC	0.063556	0.503211
rs132986	22	38563548	NC	-0.030902	0.509842
rs11570606	22	38565247	NC	-0.037639	0.000000
rs200075782	22	38565325	NC	0.120436	0.519729
rs2267369	22	38565347	NC	0.042745	0.000402
rs73154425	22	38572672	NC	0.015428	0.001023
GSA-rs57976789	22	38583466	NC	0.011148	0.516114
GSA-rs2267373	22	38600542	NC	0.122094	0.508201
rs5756972	22	38604803	NC	-0.003131	1.000000
GSA-rs112322038	22	38605927	NC	0.025329	1.000000
rs6001054	22	38614095	NC	0.021012	0.008588
rs76865118	22	38614472	NC	-0.071914	1.000000
rs11089873	22	38614933	NC	0.024901	0.000000
GSA-rs117888066	22	38622471	NC	-0.048572	0.009824
GSA-rs61737782	22	38627339	NC	0.019003	0.997037
GSA-rs117666793	22	38627429	NC	-0.007575	0.495996
rs7289126	22	38628306	NC	-0.023637	0.509332
GSA-rs118054321	22	38628643	NC	0.114977	0.999663
GSA-rs116921347	22	38633145	NC	-0.009889	0.489103
GSA-rs148707198	22	38635244	NC	-0.025968	0.492431
rs76599369	22	38636795	NC	0.006796	1.000000
rs6001064	22	38638071	NC	0.040837	1.000000
GSA-rs16998847	22	38646900	NC	0.023455	0.989840
GSA-rs117146111	22	38652531	NC	-0.031314	0.991112
GSA-rs9610927	22	38653689	NC	-0.006231	0.503916
GSA-rs138709534	22	38653851	NC	-0.021609	0.518800
GSA-rs41456252	22	38653875	NC	-0.061108	0.498811
rs12485196	22	38662396	NC	-0.007674	0.000190
GSA-rs117647189	22	38665319	NC	-0.005079	0.488450
GSA-rs75343559	22	38671786	NC	-0.030603	0.507070
rs17753394	22	38678387	NC	-0.089858	0.001699
rs135737	22	38680361	NC	-0.022271	0.001484
rs6001084	22	38681644	NC	0.058786	0.000000
GSA-rs117975500	22	38690899	NC	-0.111498	0.003077
rs3890379	22	38692380	NC	-0.005599	0.507496
GSA-rs117885773	22	38693520	NC	0.022696	1.000000
chr22-38694199	22	38694199	NC	-0.037778	0.996002
rs1534891	22	38695099	NC	-0.038932	1.000000
GSA-rs183680512	22	38699334	NC	-0.008628	0.998073
rs6001093	22	38701393	NC	-0.117374	0.495476
rs135757	22	38703653	NC	0.014941	0.991855
rs1997644	22	38715222	NC	-0.075999	0.511721
GSA-rs5750592	22	38725141	NC	0.012985	0.000001
GSA-rs75735715	22	38740101	NC	-0.027095	0.001703
rs57485857	22	38746745	NC	0.000222	1.000000
GSA-rs9619738	22	38747922	NC	-0.022564	0.998789
rs5995572	22	38753311	NC	-0.112398	0.993559
GSA-rs186082313	22	38777738	NC	0.034733	0.513928
GSA-rs17826547	22	38778965	NC	0.017783	0.493196
rs138366	22	38789936	NC	-0.011720	0.000000
GSA-rs196109	22	38791832	NC	0.121187	1.000000
GSA-rs115129205	22	38795842	NC	-0.042943	0.501150
rs6001117	22	38796813	NC	-0.056692	0.000000
GSA-rs196103	22	38804536	NC	0.049128	0.486525
rs138392	22	38807144	NC	-0.082128	0.494375
GSA-rs196114	22	38811111	NC	-0.125995	0.484520
rs4343562	22	38819457	NC	-0.003239	0.485790
rs743942	22	38819613	NC	0.128922	0.011784
GSA-rs105154	22	38823895	NC	-0.027726	0.493896
GSA-rs60910684	22	38825689	NC	0.042547	0.000000
rs11704277	22	38826799	NC	-0.037939	0.000000
GSA-rs35699918	22	38832096	NC	0.094033	0.018855
GSA-rs2267386	22	38832112	NC	-0.056965	1.000000
rs196074	22	38832512	NC	0.032246	0.493320
rs9607538	22	38841703	NC	0.019198	0.028124
GSA-rs117100284	22	38852429	NC	-0.083259	1.000000
GSA-rs13353387	22	38864835	NC	0.025303	0.015204
GSA-rs9610964	22	38865221	NC	0.041477	0.000000
GSA-rs5995580	22	38865863	NC	-0.140122	0.017393
rs62228894	22	38868143	NC	0.035623	0.503441
GSA-rs13055883	22	38901526	NC	-0.010451	1.000000
GSA-rs9622823	22	38912665	NC	0.095995	0.980923
GSA-rs62228905	22	38921214	NC	0.000815	0.492056
GSA-rs8140235	22	38922579	NC	-0.053844	0.000000
GSA-rs117655316	22	38932631	NC	0.035624	0.016840
GSA-rs73157142	22	38933740	NC	-0.008635	1.000000
rs58396845	22	38945975	NC	0.033620	0.002930
GSA-rs11570402	22	38951615	NC	0.011663	0.975904
GSA-rs189709641	22	38953862	NC	0.029296	0.493206
GSA-rs143598013	22	38957563	NC	0.081521	0.000000
GSA-rs11570392	22	38958260	NC	0.007291	0.000000
GSA-rs149068240	22	38967786	NC	0.099852	0.485689
rs75136621	22	38976135	NC	0.035435	0.002717
chr22-38978866	22	38978866	NC	-0.011813	0.491219
GSA-rs112861194	22	38979154	NC	0.067461	0.500995
GSA-rs16999109	22	38982031	NC	-0.048934	0.520311
rs5757162	22	38993370	NC	0.081279	0.501506
rs73157156	22	39003414	NC	0.027167	0.993278
rs79091541	22	39007401	NC	-0.032974	0.497351
GSA-rs117707622	22	39015244	NC	-0.028362	0.494842
rs5995598	22	39016403	NC	0.010549	0.497333
GSA-rs80294953	22	39017893	NC	-0.049009	1.000000
GSA-rs12166403	22	39022553	NC	-0.079303	0.001222
GSA-rs9610989	22	39032252	NC	0.026829	0.503418
GSA-rs16999173	22	39034786	NC	0.055337	0.496862
GSA-rs13054225	22	39046854	NC	-0.055932	0.503559
rs139609678	22	39066934	NC	0.004286	0.000000
rs143403345	22	39067128	NC	-0.125592	1.000000
GSA-rs62230028	22	39082412	NC	0.046493	0.008529
GSA-rs143129875	22	39087007	NC	-0.026219	0.491161
GSA-rs147073203	22	39090350	NC	-0.072832	1.000000
GSA-rs77711238	22	39094562	NC	0.011022	0.000000
GSA-rs2072800	22	39095987	NC	-0.027876	1.000000
exm2268440	22	39100128	NC	0.102529	0.527739
GSA-rs41280833	22	39100646	NC	0.001413	0.996246
GSA-rs11703159	22	39101338	NC	0.112713	0.499653
GSA-rs5757256	22	39110218	NC	0.044126	0.485063
rs74867304	22	39119397	NC	0.060741	0.490191
GSA-rs116963077	22	39120162	NC	-0.043220	0.513448
GSA-rs181456575	22	39121079	NC	-0.105368	0.494697
rs16999301	22	39125529	NC	-0.057159	0.988309
rs75211829	22	39125549	NC	0.020102	1.000000
rs76681049	22	39135933	NC	-0.000625	0.984424
GSA-rs139004902	22	39137513	NC	-0.029770	0.509179
rs138708	22	39138332	NC	-0.000644	0.978002
GSA-rs188815884	22	39138538	NC	0.015072	1.000000
chr22-39146897	22	39146897	NC	0.027198	0.004956
chr22-39147056	22	39147056	NC	-0.105004	0.984311
GSA-rs79483980	22	39150993	NC	-0.090665	1.000000
GSA-rs77592206	22	39163362	NC	0.021512	0.499364
rs5757277	22	39163856	NC	0.110860	0.003982
GSA-rs12329952	22	39168596	NC	-0.074143	0.998649
rs5757279	22	39168987	NC	-0.039405	0.495561
rs4821823	22	39172286	NC	-0.091736	0.479878
GSA-rs76400811	22	39176518	NC	-0.050354	1.000000
rs760482	22	39178701	NC	-0.011331	0.000709
GSA-rs117102707	22	39181795	NC	-0.019219	0.495712
GSA-rs78684519	22	39195645	NC	-0.103445	0.022827
rs8140217	22	39218001	NC	-0.041454	0.489207
rs4821839	22	39227793	NC	-0.099964	0.490254
GSA-rs118016777	22	39228572	NC	0.033636	1.000000
GSA-rs78110441	22	39230707	NC	-0.031095	0.001628
GSA-rs117388559	22	39231066	NC	-0.009596	0.000734
GSA-rs3817727	22	39231168	NC	-0.039807	1.000000
rs2103514	22	39232459	NC	0.093827	0.000000
GSA-rs113002198	22	39232506	NC	-0.065412	0.988771
rs11705574	22	39243709	NC	0.057633	0.000000
rs13053505	22	39245618	NC	-0.022320	1.000000
rs76535024	22	39246716	NC	-0.061182	0.504500
rs12628185	22	39248549	NC	-0.017258	0.000000
GSA-rs79169291	22	39254513	NC	-0.074271	0.508800
rs5757312	22	39255591	NC	0.169935	0.011548
GSA-rs78145519	22	39255957	NC	0.037536	0.994948
GSA-rs117326730	22	39265385	NC	0.056687	0.479960
rs760481	22	39268785	NC	-0.012189	0.013220
GSA-rs80350486	22	39276060	NC	0.077207	0.509995
GSA-rs11705118	22	39276845	NC	-0.047996	1.000000
GSA-rs77065598	22	39287468	NC	0.042974	0.000000
rs5750695	22	39291257	NC	-0.033460	0.495610
GSA-rs132513	22	39291626	NC	0.131015	0.000000
rs7286632	22	39298776	NC	-0.030356	1.000000
rs5757362	22	39306080	NC	0.094842	0.002205
rs5757366	22	39306784	NC	-0.027147	0.525746
GSA-rs62228837	22	39319033	NC	-0.055489	0.517850
rs5757373	22	39320828	NC	0.045730	0.492679
rs7288049	22	39332229	NC	-0.023907	0.489812
rs1014971	22	39332623	NC	-0.049030	0.503035
rs5757387	22	39333340	NC	-0.089180	0.505339
rs9808867	22	39333937	NC	-0.105139	0.000000
rs67536239	22	39340670	NC	-0.092841	0.510655
rs7289653	22	39343083	NC	0.041306	0.493824
rs5750715	22	39343916	NC	0.071794	0.504996
rs5757402	22	39350072	NC	0.098350	0.000649
GSA-rs55935155	22	39352175	NC	0.112685	1.000000
rs78997815	22	39353184	NC	-0.008228	0.515473
chr22-39353712	22	39353712	NC	0.040178	0.510358
rs4365560	22	39355109	NC	-0.137650	0.000000
rs12628403	22	39358037	NC	-0.162569	0.990276
chr22-39380228	22	39380228	NC	-0.042148	0.994283
chr22-39380237	22	39380237	NC	-0.028176	0.995283
chr22-39385557	22	39385557	NC	-0.160568	0.000000
GSA-rs201281859	22	39387888	NC	0.022740	0.000000
rs11089916	22	39392250	NC	0.052760	0.514675
rs6001363	22	39392480	NC	0.062188	0.508360
GSA-rs56192335	22	39405806	NC	0.015977	0.486872
rs6001376	22	39407399	NC	-0.119649	0.993821
rs1969643	22	39413668	NC	0.062248	0.014915
GSA-rs117814205	22	39425328	NC	-0.028213	1.000000
rs147329876	22	39441434	NC	-0.014830	0.994833
rs2076101	22	39445554	NC	0.038277	0.493925
rs5757459	22	39467803	NC	-0.065187	0.004053
GSA-rs76924887	22	39474635	NC	-0.018690	1.000000
rs3736685	22	39477391	NC	0.021085	0.000000
GSA-rs8177832	22	39477566	NC	-0.014529	0.513825
GSA-rs73161559	22	39485921	NC	0.005731	0.000000
exm2273063	22	39493294	NC	-0.139835	0.013816
GSA-rs67878612	22	39493898	NC	0.022439	0.986418
rs78724870	22	39497549	NC	-0.048983	0.982531
rs139316	22	39499763	NC	-0.051442	1.000000
GSA-rs6001442	22	39506976	NC	0.100488	0.000000
GSA-rs79477683	22	39507014	NC	0.038771	0.503747
GSA-rs76722179	22	39507337	NC	0.015409	0.500274
rs738469	22	39510995	NC	0.036747	0.488470
GSA-rs117305379	22	39514163	NC	-0.050661	0.505236
rs80051801	22	39519154	NC	0.057134	0.989075
rs139371	22	39519196	NC	0.002155	0.497071
rs139372	22	39519780	NC	0.040074	0.000000
rs79501	22	39522940	NC	0.035368	0.500068
GSA-rs6001449	22	39526063	NC	-0.054700	0.505859
GSA-rs34963492	22	39527884	NC	-0.038428	0.503442
GSA-rs55779697	22	39529817	NC	0.046338	0.475156
rs714016	22	39532554	NC	0.018013	0.514408
GSA-rs62228283	22	39540803	NC	-0.028123	0.000000
rs877529	22	39542292	NC	-0.095994	1.000000
rs12158877	22	39549426	NC	-0.046670	0.000000
rs59680031	22	39565547	NC	-0.044721	0.997951
GSA-rs59517128	22	39567613	NC	-0.012405	0.519222
rs7288775	22	39568585	NC	-0.014462	0.494613
GSA-rs111538856	22	39571918	NC	0.117857	0.002651
rs76152274	22	39572598	NC	-0.014003	0.005390
rs7287160	22	39573724	NC	-0.054888	0.019757
GSA-rs76651515	22	39574124	NC	0.001615	0.012571
rs5757510	22	39575322	NC	-0.037515	0.515383
rs34379659	22	39575873	NC	-0.062898	0.481670
rs5995693	22	39582668	NC	-0.027515	0.479230
GSA-rs6001491	22	39594740	NC	-0.118075	0.007123
rs4821872	22	39600651	NC	0.011215	0.510344
rs1977103	22	39601990	NC	0.013104	0.475500
rs5757558	22	39605158	NC	-0.041248	1.000000
rs75132039	22	39609131	NC	-0.039868	0.511308
GSA-rs111871433	22	39618289	NC	-0.105448	0.495942
GSA-rs9611112	22	39620002	NC	0.035979	0.000000
GSA-rs73163486	22	39622096	NC	-0.026770	0.000000
rs4990914	22	39622711	NC	-0.211798	0.988934
rs148252800	22	39631786	NC	-0.051236	0.491664
rs5750781	22	39634434	NC	0.118489	1.000000
GSA-rs56229619	22	39646422	NC	-0.004048	0.000000
GSA-rs9619805	22	39650356	NC	-0.029517	0.007700
rs116624188	22	39657056	NC	-0.059469	1.000000
rs2413583	22	39659773	NC	-0.019595	0.479993
rs742403	22	39660190	NC	-0.049548	1.000000
rs17000920	22	39661087	NC	-0.007983	0.489452
rs5757593	22	39668922	NC	0.049995	0.499490
rs968451	22	39670851	NC	0.076955	0.475204
rs79290	22	39685832	NC	-0.072342	0.004288
rs17304621	22	39690791	NC	-0.077405	0.490586
rs137602	22	39693408	NC	-0.113823	1.000000
GSA-rs118026751	22	39699465	NC	-0.006925	0.000000
GSA-rs9607631	22	39703314	NC	0.050128	0.517578
rs5757611	22	39708357	NC	-0.013557	0.477056
GSA-rs141236265	22	39708965	NC	-0.052567	0.000000
rs2076124	22	39709605	NC	-0.000759	0.489282
GSA-rs185447229	22	39710237	NC	0.098941	0.983518
rs146588057	22	39712916	NC	0.073133	0.013373
GSA-rs150475506	22	39726754	NC	0.084751	0.995072
GSA-rs114556035	22	39734647	NC	0.099276	0.000000
GSA-rs117458132	22	39738379	NC	0.000002	0.484597
rs137684	22	39738725	NC	-0.001064	0.000000
rs137686	22	39739638	NC	-0.017652	0.000000
rs909685	22	39747671	NC	-0.050410	0.000000
rs11705183	22	39748371	NC	0.045313	0.993263
GSA-rs73167316	22	39762311	NC	0.093628	0.498033
GSA-rs16985820	22	39764554	NC	0.030624	0.499662
GSA-rs80181382	22	39771114	NC	0.110480	1.000000
chr22-39773662	22	39773662	NC	0.023251	0.975462
GSA-rs6519190	22	39774525	NC	0.052145	0.996558
rs193159582	22	39777788	NC	0.007341	0.999027
rs1010169	22	39778167	NC	-0.033187	0.982084
GSA-rs41274557	22	39780819	NC	0.084739	0.017896
rs34026806	22	39798127	NC	-0.067717	0.994240
GSA-rs34463037	22	39800050	NC	0.013488	0.507373
GSA-22:39801266	22	39801266	NC	0.276219	0.994594
rs201220872	22	39811645	NC	0.050089	0.000000
rs140879164	22	39814746	NC	-0.091132	0.495493
rs34288773	22	39822889	NC	-0.069174	0.006779
rs5750820	22	39825322	NC	0.044410	0.493845
rs118074217	22	39826049	NC	-0.090470	0.503741
GSA-rs182587258	22	39830560	NC	0.053680	0.505061
GSA-rs5750825	22	39831278	NC	-0.054080	0.497756
rs4821897	22	39835587	NC	0.062913	1.000000
rs5757678	22	39843409	NC	0.071907	0.987316
GSA-rs75264309	22	39846367	NC	0.001816	0.496446
rs5757683	22	39850174	NC	0.051855	0.013059
rs909674	22	39859169	NC	0.060647	0.492620
rs760715	22	39862343	NC	0.086616	0.000000
rs1003538	22	39872707	NC	0.060004	0.000000
rs2899319	22	39874314	NC	-0.051642	0.980306
rs4821901	22	39875966	NC	0.018040	0.025646
GSA-rs117086217	22	39876838	NC	-0.052806	0.010035
rs73885230	22	39877087	NC	-0.061739	0.485186
rs11704159	22	39877556	NC	-0.110576	0.010002
rs17001167	22	39881140	NC	-0.050660	0.000000
rs1033415	22	39888774	NC	-0.054274	1.000000
rs2294360	22	39897792	NC	-0.097530	0.499895
rs4821905	22	39906610	NC	-0.023737	1.000000
rs116266824	22	39908255	NC	-0.044836	1.000000
rs2232088	22	39908419	NC	0.019195	0.007548
rs138446352	22	39909600	NC	-0.013350	0.482773
rs2232091	22	39909726	NC	0.009556	0.998456
GSA-rs76044976	22	39911144	NC	-0.028471	0.488146
GSA-rs11703406	22	39912969	NC	-0.054267	0.501564
rs710192	22	39913420	NC	-0.058491	0.997486
GSA-rs117826659	22	39919408	NC	-0.066039	0.505526
GSA-rs189914844	22	39936135	NC	0.160527	0.003724
rs5757715	22	39941154	NC	0.014638	0.008384
GSA-rs9623016	22	39941935	NC	0.033319	1.000000
rs5757721	22	39947574	NC	0.063394	0.478402
rs2413599	22	39952098	NC	0.031410	0.503463
GSA-rs78140321	22	39952197	NC	-0.009004	0.009039
GSA-rs114876190	22	39972070	NC	-0.024832	0.992078
rs3788556	22	39972162	NC	-0.042212	0.998054
rs132572	22	39978039	NC	-0.018125	0.489751
GSA-rs132575	22	39982721	NC	-0.030302	0.983199
GSA-rs73169364	22	39982756	NC	-0.010034	1.000000
GSA-rs118028480	22	39988178	NC	0.091724	0.000000
rs2413602	22	39989216	NC	-0.021045	0.515593
rs5750854	22	39990775	NC	0.075702	0.498301
GSA-rs35874709	22	39991692	NC	0.020318	0.000000
GSA-rs713767	22	39997710	NC	-0.012421	0.499743
rs5995756	22	40000313	NC	0.001050	0.000000
GSA-rs116872141	22	40001759	NC	-0.010836	0.000000
GSA-rs9611204	22	40010383	NC	0.111792	0.498114
rs3788568	22	40011273	NC	0.106587	0.000708
GSA-rs148301600	22	40014769	NC	0.015416	0.000000
GSA-rs114624981	22	40025446	NC	0.014959	0.511214
GSA-rs117803091	22	40029845	NC	0.055980	0.506971
GSA-rs76470176	22	40031771	NC	0.033868	0.995439
GSA-rs136816	22	40033247	NC	-0.060552	0.498992
rs59986512	22	40037051	NC	0.018467	1.000000
rs136829	22	40046176	NC	0.131501	1.000000
rs136832	22	40046538	NC	0.006883	0.492654
GSA-rs8140214	22	40049185	NC	0.044497	1.000000
chr22:40057308	22	40057308	NC	-0.016085	0.489104
rs376169293	22	40060768	NC	-0.020482	1.000000
rs136855	22	40061683	NC	0.074519	0.990443
GSA-22:40062795	22	40062795	NC	0.024678	0.515963
rs8141262	22	40066958	NC	0.119154	0.503777
rs5750870	22	40067640	NC	0.067305	0.505041
rs5750871	22	40069449	NC	0.005758	0.499184
GSA-rs56656729	22	40075733	NC	0.121340	0.000000
GSA-rs58439755	22	40075948	NC	0.061739	0.517287
GSA-rs5757772	22	40079407	NC	-0.066748	0.997811
rs3747179	22	40083730	NC	0.062579	0.000000
GSA-rs144296010	22	40086560	NC	0.014750	0.502875
rs5757777	22	40092864	NC	0.125578	0.514984
rs11704241	22	40102918	NC	-0.010409	0.488828
rs10427810	22	40111623	NC	-0.039554	1.000000
GSA-rs146425869	22	40111811	NC	0.018628	0.019946
GSA-rs74985600	22	40116547	NC	0.046346	0.505108
GSA-rs9611212	22	40118460	NC	-0.071932	0.000000
rs78929060	22	40122607	NC	-0.038655	0.978058
GSA-rs193210955	22	40126026	NC	0.025712	0.992329
rs73888146	22	40131030	NC	0.059008	1.000000
rs4597643	22	40145841	NC	0.014853	0.505987
GSA-rs12170853	22	40146186	NC	0.001632	0.999226
GSA-rs117492549	22	40146285	NC	-0.023890	1.000000
GSA-rs77105266	22	40158228	NC	-0.084359	1.000000
rs6001679	22	40169926	NC	-0.004443	0.481103
GSA-rs112089227	22	40204329	NC	-0.003456	0.000000
GSA-rs117811619	22	40207399	NC	0.064062	0.008409
GSA-rs6001687	22	40213280	NC	-0.097431	0.500322
GSA-rs116909307	22	40218102	NC	-0.115775	1.000000
rs137953	22	40288385	NC	-0.071884	0.496232
GSA-rs117796012	22	40293487	NC	-0.108830	0.493490
GSA-rs137972	22	40311879	NC	0.020558	0.012065
GSA-rs137979	22	40322684	NC	-0.016533	0.000000
rs137980	22	40325161	NC	-0.027244	0.000000
GSA-rs117475298	22	40326509	NC	0.000042	1.000000
GSA-rs137991	22	40340775	NC	0.073410	0.506429
rs3021213	22	40351438	NC	0.100742	0.000000
GSA-rs9611234	22	40357667	NC	-0.015362	0.507400
GSA-rs2958667	22	40363433	NC	0.117319	0.000000
rs2284078	22	40363778	NC	-0.118113	0.000000
rs56057810	22	40365361	NC	0.057052	1.000000
GSA-rs117854879	22	40369367	NC	-0.067822	0.000000
rs78753200	22	40376381	NC	-0.017178	0.002755
rs7285507	22	40388308	NC	0.026973	0.000000
GSA-rs117615867	22	40390173	NC	0.053975	0.515421
rs62230283	22	40400735	NC	-0.033467	1.000000
GSA-rs117741951	22	40403113	NC	0.010652	0.485773
GSA-rs117571052	22	40403988	NC	-0.013702	0.499958
GSA-rs73165022	22	40404116	NC	0.009302	0.510569
rs116438980	22	40415988	NC	0.028338	0.000176
chr22-40416013	22	40416013	NC	-0.009925	0.470902
rs115818503	22	40417794	NC	0.016829	0.483631
rs41276305	22	40417943	NC	-0.110557	0.504316
rs9623117	22	40452119	NC	-0.015078	0.000000
GSA-rs144573696	22	40466495	NC	-0.005605	0.516571
GSA-rs118176772	22	40476546	NC	0.003174	1.000000
GSA-rs116894924	22	40477813	NC	0.065403	0.000000
GSA-rs12166639	22	40478222	NC	0.030780	0.992643
GSA-rs7292838	22	40479448	NC	-0.089067	1.000000
rs6001762	22	40495473	NC	-0.059697	0.000000
GSA-rs713639	22	40507282	NC	0.039959	0.496349
exm2264744	22	40526472	NC	-0.042401	0.010972
GSA-rs117093907	22	40528393	NC	-0.034384	0.504962
GSA-rs117941537	22	40538762	NC	0.025798	0.002465
GSA-rs62236803	22	40549383	NC	-0.088811	0.485990
rs9611280	22	40552119	NC	-0.022108	1.000000
rs11089975	22	40562227	NC	0.061396	0.504450
GSA-rs369318562	22	40578455	NC	-0.070390	0.014324
GSA-rs62236841	22	40592458	NC	0.082921	0.983247
rs8138982	22	40610398	NC	0.056192	0.496097
rs28722029	22	40611012	NC	0.041808	0.988078
rs138027	22	40616112	NC	-0.048860	0.008590
GSA-rs1894588	22	40629980	NC	0.095340	0.463009
GSA-rs78239359	22	40648972	NC	-0.027863	1.000000
rs12484776	22	40652873	NC	0.024144	0.016055
rs12628051	22	40654276	NC	-0.053432	0.521017
chr22-40662440	22	40662440	NC	-0.014793	0.494576
rs188361271	22	40662585	NC	-0.040375	0.006738
rs143708410	22	40662984	NC	0.106425	1.000000
GSA-rs17001776	22	40670894	NC	-0.017293	0.984437
GSA-rs73165088	22	40673525	NC	-0.022765	0.490562
GSA-rs150350432	22	40674621	NC	-0.044040	0.504182
rs192239190	22	40676092	NC	-0.016830	0.509451
GSA-rs139909	22	40697581	NC	0.105942	1.000000
GSA-rs117747299	22	40698362	NC	0.098332	0.506527
GSA-rs13057958	22	40725149	NC	0.036448	0.000000
GSA-rs77895566	22	40734860	NC	-0.057092	1.000000
GSA-rs12484697	22	40736472	NC	0.017646	1.000000
GSA-rs192703567	22	40738280	NC	0.071110	0.491059
GSA-rs117820381	22	40738486	NC	0.045459	0.001171
GSA-rs751367	22	40741520	NC	-0.056688	0.998767
rs143083947	22	40742567	NC	-0.022275	1.000000
rs374259530	22	40746022	NC	0.107019	0.501459
seq-rs750614500	22	40754953	NC	-0.070360	0.018214
rs28941471	22	40754954	NC	0.045142	0.481178
rs148411623	22	40755001	NC	0.016216	1.000000
rs181252862	22	40757292	NC	0.003271	1.000000
seq-rs202064195	22	40757582	NC	-0.027441	0.530430
rs17001863	22	40759308	NC	-0.056290	0.489837
seq-rs796052247	22	40760306	NC	0.012987	0.006867
seq-rs763542069	22	40760365	NC	-0.069516	0.992510
seq-rs554254383	22	40760980	NC	0.023956	0.022088
GSA-rs76075068	22	40770353	NC	-0.049147	1.000000
GSA-rs28676471	22	40775481	NC	-0.083316	0.505358
rs9611338	22	40797647	NC	-0.056469	0.008328
rs760700	22	40800071	NC	0.017780	0.989748
GSA-rs760701	22	40800518	NC	0.044560	0.496771
rs201332923	22	40802189	NC	-0.040046	0.480438
GSA-rs186166271	22	40802893	NC	-0.067246	0.481751
exm2261229	22	40803186	NC	0.076482	1.000000
rs202162334	22	40804844	NC	-0.103279	0.499342
GSA-rs6001904	22	40810951	NC	-0.054085	0.494874
GSA-rs78875171	22	40813931	NC	0.034932	0.000000
rs201944805	22	40814431	NC	-0.065640	0.000000
rs145316385	22	40814461	NC	-0.081405	1.000000
rs74347558	22	40814988	NC	0.053648	0.998817
rs201134748	22	40815034	NC	-0.004899	0.486950
rs78093737	22	40819629	NC	0.004052	0.000000
GSA-rs116971651	22	40823284	NC	0.086883	0.013755
rs6001911	22	40825193	NC	0.016938	0.986130
chr22-40825538	22	40825538	NC	-0.006487	0.499541
rs199952280	22	40825765	NC	-0.146596	0.000000
GSA-rs75075962	22	40831256	NC	0.011219	0.493247
rs4507196	22	40849704	NC	-0.090924	0.515371
GSA-rs56253436	22	40855131	NC	0.105152	0.998395
GSA-rs57948569	22	40858693	NC	0.016443	1.000000
rs6001930	22	40876234	NC	0.053695	0.005121
GSA-rs190403080	22	40885023	NC	-0.086340	0.978518
GSA-rs9611367	22	40914949	NC	0.047360	0.000000
GSA-rs118014095	22	40919160	NC	-0.080291	0.491436
GSA-rs116974822	22	40919417	NC	0.027779	0.003704
GSA-rs73169024	22	40952799	NC	-0.037275	0.490092
GSA-rs149173803	22	40958071	NC	-0.066417	0.998631
GSA-rs9607732	22	40990077	NC	-0.116012	1.000000
GSA-rs80270068	22	40999221	NC	-0.002691	0.511357
GSA-rs133033	22	41002252	NC	-0.020794	0.010245
GSA-rs117294683	22	41009015	NC	-0.039694	0.498123
GSA-rs76204748	22	41009391	NC	-0.034431	0.000000
rs133047	22	41027819	NC	0.036885	0.480470
GSA-rs76653253	22	41038054	NC	-0.028239	0.990138
rs12159200	22	41042091	NC	0.060022	1.000000
rs7292804	22	41047556	NC	0.092526	0.516486
GSA-rs117871311	22	41054954	NC	-0.122500	0.492779
GSA-rs73171018	22	41061691	NC	0.012661	1.000000
GSA-rs133073	22	41075695	NC	0.112210	1.000000
rs45439291	22	41077613	NC	-0.014010	0.006097
rs133074	22	41078473	NC	-0.040967	1.000000
rs9611386	22	41078533	NC	-0.028466	0.000000
GSA-rs133076	22	41081561	NC	0.129057	0.000000
rs6002043	22	41104224	NC	0.035056	0.504033
GSA-rs77582394	22	41110066	NC	0.039064	0.491272
rs17344701	22	41132402	NC	0.006671	0.486746
GSA-rs78985466	22	41135189	NC	-0.131456	0.511112
GSA-rs9611406	22	41138784	NC	0.007283	0.495145
GSA-rs1884276	22	41143019	NC	-0.060945	0.507066
GSA-rs111774685	22	41149047	NC	-0.074692	0.000000
rs2038339	22	41149865	NC	-0.081836	0.526290
rs11806	22	41166135	NC	-0.033638	1.000000
rs2076674	22	41170063	NC	0.043342	0.000000
GSA-rs117147580	22	41193771	NC	0.021341	0.500012
GSA-rs117487309	22	41195082	NC	0.087006	0.014411
rs12628488	22	41204323	NC	-0.092519	0.496130
GSA-rs74770429	22	41210141	NC	0.005977	0.489857
GSA-rs62237004	22	41230003	NC	-0.071425	0.982910
GSA-rs78115184	22	41240651	NC	0.012911	1.000000
chr22-41257275	22	41257275	NC	0.056781	0.514226
rs2269619	22	41257877	NC	0.065895	0.009324
GSA-rs6002182	22	41258144	NC	0.096582	1.000000
GSA-rs62237039	22	41264541	NC	-0.087602	0.504897
rs138352	22	41268925	NC	-0.006690	0.499455
GSA-rs138354	22	41272143	NC	0.035136	0.517166
chr22-41278058	22	41278058	NC	-0.112810	0.995692
GSA-rs2073121	22	41282116	NC	0.055342	0.518281
GSA-rs1005402	22	41291730	NC	-0.027599	0.000000
GSA-rs34710289	22	41298977	NC	-0.184790	0.000000
rs186524609	22	41320390	NC	0.007062	0.517412
rs146023695	22	41322392	NC	0.072801	0.009524
GSA-rs117912353	22	41346645	NC	-0.074390	0.993467
GSA-rs111736209	22	41351180	NC	0.010869	1.000000
GSA-rs117990764	22	41386788	NC	-0.074461	0.000312
GSA-rs78909142	22	41389334	NC	-0.119837	0.501200
rs62237051	22	41408991	NC	0.076588	0.993754
rs4821981	22	41415644	NC	0.088198	0.000000
GSA-rs117428413	22	41424903	NC	-0.042704	0.499063
rs4820425	22	41431342	NC	0.007327	0.491414
GSA-rs117234572	22	41437796	NC	-0.016784	0.500164
rs4821995	22	41461836	NC	-0.074571	0.504330
GSA-rs62238688	22	41469714	NC	-0.134456	0.512421
GSA-rs116856246	22	41500750	NC	0.020014	0.510716
rs9611497	22	41507400	NC	0.070683	0.488652
GSA-rs35531014	22	41532025	NC	0.002350	0.506268
GSA-rs17002308	22	41536452	NC	-0.030632	0.508761
GSA-rs79187507	22	41540984	NC	0.004895	0.495909
rs61756764	22	41542780	NC	0.024017	0.506794
rs148884710	22	41546158	NC	0.021573	0.000000
GSA-rs2076577	22	41568480	NC	0.045946	0.503036
GSA-rs73176628	22	41572541	NC	-0.132354	0.496919
GSA-rs139438	22	41605639	NC	0.016822	0.514033
rs3818003	22	41609690	NC	-0.104141	0.000000
GSA-rs112391039	22	41610240	NC	0.017496	0.000000
rs139480	22	41626663	NC	-0.011251	0.486529
rs9619954	22	41631250	NC	0.029005	0.515108
rs9619955	22	41631282	NC	0.022715	0.992652
rs139130242	22	41632497	NC	-0.053831	0.499362
rs1953	22	41641984	NC	-0.104402	0.000000
GSA-rs9611526	22	41642411	NC	-0.081940	0.533782
GSA-rs17002382	22	41647303	NC	-0.046182	0.000000
GSA-rs180753516	22	41648808	NC	0.020039	1.000000
GSA-rs2229753	22	41654030	NC	0.010214	0.501462
chr22-41654049	22	41654049	NC	0.014525	0.495510
rs139513	22	41655058	NC	-0.024654	0.497048
GSA-rs6002301	22	41655340	NC	-0.016072	0.477861
rs2235852	22	41661154	NC	-0.021716	0.961882
GSA-rs117716410	22	41703510	NC	-0.001517	0.975771
GSA-rs73176670	22	41719248	NC	-0.070643	0.496864
GSA-rs9607793	22	41736090	NC	0.044251	0.488684
rs1883828	22	41739370	NC	-0.090359	0.015562
rs75005031	22	41747576	NC	0.005414	0.970624
rs12484074	22	41752747	NC	0.020207	0.000000
rs28638318	22	41753059	NC	-0.127674	0.985580
rs4822024	22	41757647	NC	-0.173750	0.481926
rs5751086	22	41768862	NC	-0.079280	0.003322
GSA-rs116434743	22	41783206	NC	0.005976	0.991520
rs9611577	22	41793090	NC	-0.064904	0.500304
GSA-rs78500963	22	41797846	NC	-0.089797	0.511401
rs2899345	22	41815609	NC	0.063492	1.000000
rs5758350	22	41831267	NC	-0.096930	0.503043
GSA-rs41276319	22	41831322	NC	0.025175	0.485329
GSA-rs2011790	22	41835452	NC	0.166103	0.998072
GSA-rs11704973	22	41849430	NC	-0.002491	0.009610
GSA-rs111452936	22	41856785	NC	-0.027283	0.008981
GSA-rs78851025	22	41878367	NC	-0.052538	0.515358
exm2268441	22	41880770	NC	-0.020909	0.995174
GSA-rs9607809	22	41888112	NC	0.094583	0.494715
GSA-rs5751117	22	41900439	NC	-0.049942	1.000000
rs141772938	22	41903841	NC	0.032774	1.000000
GSA-rs76120255	22	41906827	NC	0.058443	1.000000
rs141878785	22	41911805	NC	0.116134	0.004561
seq-rs2006715	22	41919850	NC	0.060649	0.528465
GSA-rs62236521	22	41923121	NC	-0.011797	0.007783
rs375761361	22	41923953	NC	-0.058307	0.496076
chr22-41939769	22	41939769	NC	0.041469	0.491557
GSA-rs9611610	22	41949259	NC	-0.028824	0.001256
rs147762501	22	41973452	NC	0.153717	0.005199
chr22-41980548	22	41980548	NC	0.019327	0.000000
GSA-rs143715682	22	41985797	NC	0.102446	0.500420
rs7291704	22	42008031	NC	-0.014812	0.000048
GSA-rs17002517	22	42012457	NC	-0.043442	1.000000
GSA-rs28384701	22	42016526	NC	0.025366	0.514178
rs5758397	22	42019251	NC	0.100534	0.489193
GSA-rs28741110	22	42023714	NC	-0.021313	0.000000
rs73161324	22	42038786	NC	-0.060958	0.000000
GSA-rs78392319	22	42043970	NC	0.172711	0.520607
GSA-rs28384783	22	42058592	NC	-0.076015	0.494498
GSA-rs739134	22	42089623	NC	0.028031	0.996088
rs2839716	22	42089659	NC	-0.105192	0.500025
GSA-rs73161347	22	42091063	NC	-0.008989	0.509182
GSA-rs147348682	22	42095658	NC	-0.043699	0.488004
GSA-rs118172140	22	42119065	NC	-0.015095	0.003562
GSA-rs78712535	22	42126821	NC	0.075493	0.000000
GSA-rs78339304	22	42142393	NC	0.014794	1.000000
GSA-rs8135192	22	42142725	NC	-0.028348	0.520726
GSA-rs17449595	22	42144372	NC	0.049708	0.000000
GSA-rs79634727	22	42151926	NC	0.101564	1.000000
rs17377643	22	42152988	NC	0.051177	0.000717
GSA-rs713988	22	42159072	NC	0.008209	0.511520
GSA-rs117206252	22	42167358	NC	-0.048331	0.981501
rs73163330	22	42177317	NC	0.039602	0.022464
GSA-rs738247	22	42190309	NC	-0.003286	0.000232
rs75338000	22	42191844	NC	-0.015635	0.989397
rs139568	22	42210985	NC	-0.039232	0.486298
rs7292894	22	42214719	NC	-0.050798	0.512421
GSA-rs17378709	22	42223410	NC	0.043137	0.004474
GSA-rs113193963	22	42230472	NC	0.058749	1.000000
rs9607850	22	42235352	NC	0.005150	0.000000
rs2267439	22	42237769	NC	-0.072091	0.499534
GSA-rs117634052	22	42240378	NC	-0.044764	0.485813
rs80094991	22	42248289	NC	-0.075480	0.506325
GSA-rs375131126	22	42250802	NC	0.048672	0.505655
rs9607852	22	42258272	NC	-0.016480	1.000000
rs133290	22	42267605	NC	0.021702	1.000000
rs2229439	22	42271363	NC	-0.071407	0.020150
rs142520642	22	42276792	NC	0.054099	1.000000
rs2229440	22	42276825	NC	-0.109471	0.000967
rs5751174	22	42280135	NC	-0.194202	0.493025
rs9623468	22	42281294	NC	0.224388	0.008977
rs1052717	22	42281429	NC	0.090372	0.000000
rs17002737	22	42282012	NC	0.041314	0.507089
rs2267443	22	42287454	NC	0.055931	1.000000
rs200341971	22	42290857	NC	0.001848	1.000000
rs200865732	22	42294757	NC	-0.018063	0.014205
GSA-rs117728734	22	42295992	NC	0.035940	1.000000
chr22-42296381	22	42296381	NC	0.157215	0.996981
rs149314298	22	42299116	NC	-0.003032	0.504022
rs61756766	22	42321451	NC	-0.026293	0.496221
rs67516067	22	42335970	NC	0.053694	0.000000
rs10483213	22	42339525	NC	0.058122	0.001312
GSA-rs1023500	22	42340844	NC	0.064211	0.012799
rs8140869	22	42344297	NC	-0.080916	0.000000
rs5996094	22	42347060	NC	-0.032517	0.994663
GSA-rs62240996	22	42354389	NC	-0.062037	0.505982
GSA-rs77350866	22	42364432	NC	-0.045762	0.508386
rs5751191	22	42370991	NC	0.092583	0.510688
GSA-rs118061137	22	42374985	NC	0.033961	0.492417
rs2269665	22	42377878	NC	-0.027792	0.000000
rs5751194	22	42379813	NC	-0.182875	0.000000
GSA-rs112204402	22	42381703	NC	0.012679	0.000000
GSA-rs133299	22	42388841	NC	-0.032929	0.501913
GSA-rs133302	22	42391176	NC	0.000625	0.506381
GSA-rs55758879	22	42392091	NC	0.023555	0.492526
rs1062753	22	42392811	NC	-0.023938	0.499920
GSA-rs133333	22	42412365	NC	-0.021915	0.504254
rs5758550	22	42412711	NC	0.038706	0.999002
GSA-rs117242066	22	42428104	NC	0.042534	0.000000
GSA-rs147771475	22	42433887	NC	-0.014539	0.002765
GSA-rs78036465	22	42445174	NC	-0.011969	0.022287
GSA-rs5751208	22	42446215	NC	0.070859	0.474788
GSA-rs5758563	22	42448761	NC	-0.056766	0.491641
GSA-rs11703233	22	42454587	NC	-0.095488	0.991121
rs121434529	22	42457056	NC	0.073431	0.487904
chr22-42458950	22	42458950	NC	0.017696	0.496676
rs201294991	22	42461804	NC	0.046240	0.017864
GSA-rs73167109	22	42464645	NC	0.080863	0.000000
chr22-42473986	22	42473986	NC	0.019497	0.476893
chr22-42474049	22	42474049	NC	-0.073786	1.000000
GSA-rs62238591	22	42480007	NC	-0.039620	0.502397
rs113437301	22	42482252	NC	0.095759	0.000000
rs6002616	22	42504679	NC	-0.026854	0.506265
GSA-rs5751216	22	42508937	NC	0.016703	0.504615
rs79292917	22	42523854	NC	-0.031557	0.000000
seq-rs5030867	22	42523858	NC	-0.011572	0.494699
rs61736512	22	42525134	NC	0.055749	0.997493
rs1135823	22	42525176	NC	0.051291	0.498241
rs1081003	22	42525756	NC	0.043835	0.982386
chr22-42525772:rs28371706	22	42525772	NC	-0.025644	0.998102
rs138100349	22	42526712	NC	0.070576	0.000000
rs72549358	22	42526775	NC	-0.012151	0.982878
rs1080989	22	42527793	NC	0.044458	1.000000
rs1080983	22	42528568	NC	0.042593	0.501102
rs28360521	22	42528976	NC	-0.068960	1.000000
GSA-22:42539385	22	42539385	NC	-0.020313	0.000000
chr22-42540297	22	42540297	NC	0.018959	0.011371
rs5751229	22	42545221	NC	0.129071	1.000000
rs6519313	22	42552875	NC	-0.071593	0.014183
GSA-rs4453786	22	42563308	NC	0.026237	0.513273
rs9306356	22	42567090	NC	-0.042610	0.501575
GSA-rs5758632	22	42578054	NC	-0.051426	0.483364
GSA-rs73169115	22	42583871	NC	0.036036	1.000000
GSA-rs117965774	22	42593624	NC	-0.032333	0.998039
chr22-42605862	22	42605862	NC	0.025399	0.496346
GSA-rs17386314	22	42612296	NC	-0.045115	0.510255
GSA-rs932376	22	42614362	NC	-0.043998	0.490094
rs56906457	22	42628335	NC	0.023351	0.987380
GSA-rs78870601	22	42630772	NC	0.025059	0.485337
rs4822099	22	42659964	NC	0.041354	0.515907
rs134874	22	42661144	NC	-0.000614	0.505958
GSA-rs134875	22	42661935	NC	-0.007908	0.478301
GSA-rs134882	22	42670965	NC	-0.043172	0.000000
GSA-rs143432784	22	42677324	NC	-0.107743	1.000000
rs134904	22	42685537	NC	0.008078	0.005648
rs9611766	22	42688639	NC	-0.065087	0.493699
GSA-rs112585007	22	42690000	NC	0.044537	1.000000
GSA-rs5758701	22	42690262	NC	-0.071098	0.015678
rs9623554	22	42692339	NC	-0.121611	1.000000
rs6002674	22	42694220	NC	-0.021188	0.001625
rs8137939	22	42696005	NC	-0.015473	0.503640
GSA-rs4822104	22	42698800	NC	-0.038784	0.000000
rs8138069	22	42727231	NC	0.017544	0.000000
rs739150	22	42728168	NC	0.115377	0.509233
GSA-rs79527556	22	42730837	NC	0.032216	0.000000
rs79463777	22	42733021	NC	0.001842	0.496655
GSA-rs57892117	22	42733867	NC	-0.054612	0.000000
rs7285654	22	42737789	NC	-0.041934	0.000000
rs9620039	22	42738766	NC	-0.119139	1.000000
GSA-rs6002695	22	42742451	NC	-0.001434	0.000000
rs2157294	22	42750618	NC	0.057889	0.490373
GSA-rs73435512	22	42758726	NC	0.043075	0.489182
GSA-rs116900029	22	42761285	NC	0.006141	0.005593
GSA-rs9623572	22	42772101	NC	0.061362	1.000000
GSA-rs9611784	22	42773732	NC	0.031265	1.000000
GSA-rs73435518	22	42773943	NC	-0.115615	0.491353
rs11090090	22	42777621	NC	-0.010032	0.004787
GSA-rs73173004	22	42784944	NC	0.044773	0.000117
GSA-rs117199695	22	42787471	NC	-0.042589	0.501904
GSA-rs113685239	22	42789950	NC	-0.056361	0.495632
rs17003024	22	42793122	NC	-0.005512	0.523376
GSA-rs76257850	22	42812820	NC	-0.007194	0.491852
rs8139063	22	42813753	NC	0.008650	0.990551
GSA-rs28405495	22	42817792	NC	0.035245	0.000000
GSA-rs192249179	22	42826710	NC	0.029915	1.000000
GSA-rs55896880	22	42832748	NC	0.016729	0.000000
rs5758731	22	42855277	NC	-0.069383	0.000000
GSA-rs62239665	22	42855719	NC	-0.115191	1.000000
rs5996168	22	42862481	NC	-0.062824	0.000000
rs2839705	22	42866614	NC	0.071444	0.493553
rs6002745	22	42871115	NC	-0.025684	0.995137
GSA-rs112709268	22	42875373	NC	0.007480	0.989154
rs4822135	22	42876604	NC	0.095688	0.005282
rs5758756	22	42884997	NC	-0.080266	0.522039
GSA-rs146723886	22	42914033	NC	-0.104451	0.013686
GSA-rs141049505	22	42915843	NC	-0.053773	0.489948
GSA-rs117060806	22	42941519	NC	0.055752	0.997408
GSA-rs117885227	22	42959624	NC	-0.000509	0.490041
rs200238208	22	42962330	NC	0.015355	1.000000
chr22-42968452	22	42968452	NC	0.030615	0.503388
GSA-rs183456205	22	42969911	NC	0.046437	0.000000
GSA-rs137058	22	42970680	NC	0.077179	0.492636
rs137085	22	42981138	NC	-0.022621	0.000000
rs144152039	22	42995724	NC	-0.069244	0.501374
GSA-rs373221123	22	42997627	NC	-0.108096	0.000000
GSA-rs113513063	22	42998902	NC	0.088463	1.000000
rs61744232	22	43010821	NC	0.093374	0.489850
rs76458556	22	43015795	NC	-0.043611	0.998200
rs137126	22	43019252	NC	-0.013412	0.998272
GSA-rs8190457	22	43020234	NC	0.012632	0.000000
GSA-rs34103809	22	43021954	NC	-0.163352	0.524752
chr22-43023680	22	43023680	NC	0.033785	0.000000
GSA-rs8190441	22	43024701	NC	0.084744	0.493012
rs121965007	22	43027437	NC	-0.060303	0.982987
rs8190377	22	43044149	NC	0.085725	1.000000
rs5758837	22	43049014	NC	0.016270	0.000000
GSA-rs148760589	22	43058398	NC	0.012313	0.502433
rs130328	22	43061482	NC	0.011839	0.000000
GSA-rs111911231	22	43062797	NC	-0.067362	1.000000
rs130334	22	43066531	NC	-0.042228	0.497493
GSA-rs62238287	22	43071309	NC	0.049084	0.514795
GSA-rs145925808	22	43076708	NC	0.055929	0.996946
GSA-rs130347	22	43076809	NC	-0.158822	0.000000
JHU_22.43088412	22	43088413	NC	0.025728	0.500647
rs3747193	22	43088463	NC	0.057600	1.000000
22:43088927-GA	22	43088927	NC	-0.027947	0.000000
rs9623659	22	43088971	NC	0.008377	0.500991
22:43088972-GA	22	43088972	NC	-0.021603	0.992052
exm1614514	22	43089044	NC	-0.023673	1.000000
22:43089066-CA	22	43089066	NC	-0.061490	1.000000
22:43089164-CT	22	43089164	NC	0.002739	0.514013
22:43089281-CT	22	43089281	NC	-0.092338	1.000000
22:43089354-GA	22	43089354	NC	-0.009215	0.000133
22:43089762-GA	22	43089762	NC	0.054600	0.495100
exm1614556	22	43089849	NC	0.061334	0.504451
rs3788594	22	43090249	NC	0.047355	1.000000
rs5758871	22	43095600	NC	0.039713	0.002727
JHU_22.43096506	22	43096507	NC	0.034021	0.522696
JHU_22.43096594	22	43096595	NC	-0.008612	0.503099
rs5751341	22	43097551	NC	-0.088108	0.513266
JHU_22.43098309	22	43098310	NC	0.004198	0.982355
GSA-rs73174925	22	43099621	NC	-0.060692	0.012774
GSA-rs28992193	22	43099957	NC	-0.057154	0.000000
JHU_22.43100132	22	43100133	NC	-0.073599	0.492943
JHU_22.43100701	22	43100702	NC	-0.075036	0.499764
JHU_22.43100785	22	43100786	NC	-0.049468	0.499169
JHU_22.43100855	22	43100856	NC	0.040352	1.000000
rs7285550	22	43103684	NC	-0.170183	0.504502
rs5758894	22	43110919	NC	-0.029713	0.485876
22:43112475-C-T	22	43112475	NC	0.063194	0.000000
rs738527	22	43112961	NC	-0.008604	0.486896
rs9623671	22	43113434	NC	0.043253	0.020971
JHU_22.43114155	22	43114156	NC	-0.062872	0.491093
rs73427300	22	43114204	NC	-0.009182	1.000000
rs5758896	22	43115576	NC	-0.005306	0.496173
rs12166331	22	43121426	NC	0.043070	0.482335
rs9607931	22	43122720	NC	-0.142169	0.504727
GSA-rs75737464	22	43126236	NC	0.080762	0.512672
GSA-rs9611869	22	43135731	NC	0.098690	0.018680
GSA-rs9611875	22	43153807	NC	-0.084053	0.999862
rs9611876	22	43155357	NC	0.041800	0.495395
rs9611883	22	43158867	NC	0.087849	0.000000
rs56360850	22	43159368	NC	0.211937	0.020552
rs5758925	22	43161405	NC	-0.126213	0.996159
rs2413716	22	43162952	NC	-0.016904	0.002744
rs6002950	22	43165866	NC	-0.151227	0.989188
GSA-rs148823036	22	43174578	NC	0.084193	0.011153
rs5758935	22	43175821	NC	-0.011928	0.499806
GSA-rs4822199	22	43178043	NC	0.077074	0.501645
GSA-rs8140100	22	43187236	NC	0.012940	0.492418
rs4820484	22	43188309	NC	-0.044248	0.493396
GSA-rs11551619	22	43195109	NC	-0.002018	0.990713
rs5758948	22	43195296	NC	-0.149099	0.002636
GSA-rs5758951	22	43197034	NC	-0.027898	0.485919
rs35498349	22	43203086	NC	0.099789	0.498314
GSA-rs117585418	22	43212635	NC	0.058598	1.000000
rs144427016	22	43213187	NC	0.012844	0.997589
rs17003362	22	43217080	NC	-0.035874	0.507557
GSA-rs9607957	22	43218397	NC	0.046752	0.510674
rs5758962	22	43225174	NC	0.009904	0.003254
GSA-rs5758972	22	43232973	NC	0.040438	0.000000
GSA-rs78960244	22	43255049	NC	0.005837	0.985438
GSA-rs141956945	22	43273219	NC	-0.106583	0.000000
chr22-43275082	22	43275082	NC	-0.008940	0.491130
GSA-rs117551605	22	43298426	NC	0.099488	0.001297
GSA-rs9623713	22	43303882	NC	-0.140595	0.486610
GSA-rs17003413	22	43313954	NC	0.039624	0.986399
rs2284093	22	43325352	NC	0.151488	0.493090
rs738387	22	43329819	NC	0.012137	0.497903
GSA-rs118112833	22	43331540	NC	0.026306	0.490070
GSA-rs75910415	22	43339467	NC	-0.018722	0.000000
GSA-rs112051070	22	43341718	NC	0.085874	0.502167
rs5759052	22	43342723	NC	-0.079545	0.986632
GSA-rs151215238	22	43343890	NC	0.001794	0.484341
GSA-rs71329167	22	43346878	NC	-0.002569	0.494920
GSA-rs74823263	22	43347699	NC	0.072491	0.509611
GSA-rs1569507	22	43356699	NC	0.016164	0.987188
GSA-rs62231618	22	43371787	NC	-0.028829	0.514397
rs5759070	22	43375701	NC	-0.003003	1.000000
GSA-rs3819678	22	43386716	NC	0.090732	0.517072
rs2413739	22	43397036	NC	-0.027326	0.525568
rs5759095	22	43411887	NC	0.095650	0.000000
GSA-rs3091364	22	43414330	NC	-0.089777	1.000000
GSA-rs118178599	22	43414728	NC	0.047272	0.000000
rs5759097	22	43415116	NC	0.003508	0.493792
rs13057591	22	43415581	NC	-0.035651	0.000000
rs12484214	22	43419385	NC	0.134161	0.992758
rs5751416	22	43432826	NC	0.029547	0.990075
GSA-rs7349054	22	43439296	NC	-0.034531	0.481361
rs5759111	22	43442599	NC	0.007498	1.000000
rs2076160	22	43448117	NC	0.045539	0.493804
GSA-rs9611993	22	43456450	NC	0.061183	0.992676
rs5996262	22	43458018	NC	0.078650	0.980199
GSA-rs56168056	22	43465063	NC	-0.085652	0.497043
rs2076154	22	43465529	NC	0.147707	1.000000
rs2076156	22	43466217	NC	-0.047593	0.990746
rs5759143	22	43473662	NC	-0.080788	0.509524
rs10427660	22	43475508	NC	-0.116922	0.492852
GSA-rs5751429	22	43478509	NC	-0.039998	0.493321
GSA-rs62231654	22	43481948	NC	0.000592	1.000000
rs8141749	22	43483242	NC	0.014771	0.000000
GSA-rs76850054	22	43486745	NC	0.066362	0.514361
rs6003065	22	43500003	NC	0.097681	0.503404
rs5759167	22	43500212	NC	0.012765	0.483565
GSA-rs74867164	22	43513244	NC	-0.009533	0.500234
rs5751436	22	43514187	NC	-0.123207	0.000000
rs4988389	22	43515339	NC	-0.043021	1.000000
rs742136	22	43518822	NC	0.045943	1.000000
GSA-rs11090143	22	43520105	NC	-0.064402	0.507157
rs2072855	22	43533515	NC	-0.063959	0.516700
GSA-rs9612015	22	43540174	NC	-0.018215	0.497726
GSA-rs72619546	22	43542792	NC	0.041894	0.007600
GSA-rs739092	22	43544823	NC	-0.016657	0.967241
rs138908	22	43548155	NC	-0.079146	0.014838
rs5759197	22	43550149	NC	-0.057580	0.510183
rs762960	22	43551052	NC	-0.004173	0.000000
rs138915	22	43556316	NC	-0.055574	1.000000
rs199899658	22	43557085	NC	-0.068545	0.000000
GSA-rs6971	22	43558926	NC	0.122531	0.012757
rs6972	22	43558972	NC	0.028970	0.495440
rs80411	22	43561675	NC	-0.009768	0.994491
GSA-rs17514783	22	43562247	NC	-0.056759	0.003067
GSA-rs5759205	22	43566559	NC	-0.046941	1.000000
GSA-rs117663029	22	43568096	NC	-0.075908	0.993289
seq-rs34074034	22	43568512	NC	-0.080983	0.994636
rs762953	22	43570068	NC	0.211903	0.496087
rs6003097	22	43572180	NC	0.047254	0.012892
GSA-rs77808662	22	43574090	NC	0.051012	1.000000
GSA-rs112366138	22	43575129	NC	0.044969	0.496083
rs2071724	22	43577048	NC	-0.039480	0.012573
rs75572484	22	43577307	NC	-0.024787	0.992648
rs138960	22	43585305	NC	0.007028	0.992362
GSA-rs112727859	22	43586327	NC	-0.007409	0.000000
rs138974	22	43594138	NC	-0.039517	0.480971
GSA-rs138983	22	43599917	NC	0.059064	0.532643
GSA-rs34782724	22	43605127	NC	-0.042082	0.002607
GSA-rs117267143	22	43605708	NC	-0.149168	1.000000
GSA-rs113386696	22	43607868	NC	-0.070462	0.017028
GSA-rs35738631	22	43609197	NC	0.021803	0.483365
rs138994	22	43610808	NC	-0.028787	0.000000
GSA-rs56221413	22	43610867	NC	0.060390	0.983514
rs73163949	22	43613252	NC	0.042792	1.000000
rs12053796	22	43614099	NC	0.064707	0.481542
rs5759219	22	43614601	NC	0.119637	0.506417
GSA-rs138997	22	43615005	NC	-0.099925	0.495672
rs58377227	22	43618192	NC	-0.042778	0.000000
rs148458324	22	43618695	NC	0.026600	0.020729
GSA-rs6003114	22	43619200	NC	0.125054	0.997221
rs139006	22	43619631	NC	0.063273	0.000000
rs73886454	22	43622819	NC	-0.014448	0.002433
rs139013	22	43624305	NC	-0.010884	0.500838
rs9620126	22	43629518	NC	-0.004418	1.000000
GSA-rs113834836	22	43631736	NC	0.113066	0.499070
GSA-rs139021	22	43632100	NC	-0.058785	1.000000
rs8137393	22	43633977	NC	0.020330	0.999229
rs6003121	22	43635549	NC	-0.001092	0.000000
rs75761381	22	43636729	NC	0.071239	0.001039
GSA-rs739094	22	43639989	NC	0.054412	0.489762
GSA-rs5759225	22	43640728	NC	0.085549	0.000000
rs11705577	22	43645133	NC	-0.054210	0.000000
GSA-rs62232089	22	43646613	NC	0.026375	0.480403
GSA-rs8140084	22	43646647	NC	0.054605	1.000000
rs762950	22	43647870	NC	-0.057136	0.498820
GSA-rs5751454	22	43649715	NC	0.008763	0.014891
rs139028	22	43650729	NC	0.022769	1.000000
GSA-rs17003573	22	43650988	NC	-0.044295	0.491385
rs139030	22	43653625	NC	-0.046591	0.000000
rs5751457	22	43655427	NC	-0.071773	0.486676
rs59766248	22	43657040	NC	-0.139474	0.491407
rs5751462	22	43661080	NC	-0.047467	0.971460
rs5759238	22	43662468	NC	0.090710	0.000000
rs878734	22	43663734	NC	-0.090212	0.511500
rs139035	22	43664665	NC	-0.061190	0.510896
GSA-rs139037	22	43667423	NC	-0.002047	0.492803
GSA-rs7291800	22	43673471	NC	0.017142	0.017597
rs5759250	22	43673800	NC	-0.100153	0.504501
GSA-rs59052863	22	43678135	NC	0.090098	0.498429
rs5759256	22	43680239	NC	0.071465	0.000000
GSA-rs74511791	22	43681537	NC	-0.030897	0.008169
GSA-rs117250968	22	43682503	NC	0.075113	0.497647
rs5759258	22	43684257	NC	-0.020302	0.000308
rs7290575	22	43685657	NC	0.048803	1.000000
GSA-rs75327112	22	43688504	NC	0.104354	0.495713
GSA-rs5759267	22	43696688	NC	-0.058380	1.000000
rs2269668	22	43699774	NC	0.042829	0.978252
rs2269670	22	43700013	NC	0.038481	0.000000
GSA-rs5759273	22	43701218	NC	0.089354	0.503287
rs17003642	22	43704192	NC	-0.069862	1.000000
rs17003643	22	43705185	NC	-0.005232	0.490578
rs11704418	22	43705678	NC	-0.028542	0.504965
rs3213584	22	43716324	NC	0.004036	1.000000
GSA-rs75142160	22	43717635	NC	-0.070337	0.000000
GSA-rs74924289	22	43721994	NC	-0.030684	0.012747
rs77888863	22	43729172	NC	0.030240	0.006091
rs41307223	22	43735185	NC	0.013025	0.493519
rs5759291	22	43736392	NC	-0.031070	0.499975
GSA-rs7293117	22	43742379	NC	0.133437	0.496743
GSA-rs73166132	22	43754675	NC	0.020343	0.496400
GSA-rs5759305	22	43755827	NC	-0.088896	0.001521
rs57639948	22	43760031	NC	0.057239	0.511157
rs80083088	22	43761203	NC	0.029196	0.519005
GSA-rs6003177	22	43768298	NC	-0.086645	0.004551
rs1555242	22	43779867	NC	-0.024971	0.026652
GSA-rs761740	22	43781850	NC	0.029267	1.000000
GSA-rs117664014	22	43781881	NC	-0.011215	0.000000
rs743029	22	43782937	NC	0.062781	0.000000
GSA-rs73166158	22	43787437	NC	0.116244	1.000000
rs74529832	22	43798373	NC	0.001559	1.000000
rs112455927	22	43805095	NC	0.005748	0.000000
GSA-rs11090160	22	43805809	NC	-0.169840	0.996704
GSA-rs6003190	22	43810009	NC	0.000353	0.495962
GSA-rs73166186	22	43812896	NC	-0.048407	0.000000
rs4822289	22	43823014	NC	0.041636	0.004644
GSA-rs739019	22	43825979	NC	0.144777	0.523679
GSA-rs12158832	22	43826783	NC	-0.002485	1.000000
rs135071	22	43830353	NC	0.042646	0.496365
GSA-rs62234092	22	43830910	NC	-0.066559	0.994031
rs182725627	22	43831058	NC	-0.017233	0.502516
rs135068	22	43832845	NC	-0.042411	0.495982
rs135062	22	43834820	NC	-0.182900	0.507119
GSA-rs74622997	22	43840982	NC	0.076036	0.984293
exm2273066	22	43843065	NC	0.033822	0.999698
rs135044	22	43845708	NC	0.051656	1.000000
GSA-rs20195	22	43857328	NC	0.068216	0.000000
rs76970628	22	43860845	NC	-0.043982	0.515748
GSA-rs8138794	22	43866756	NC	0.002783	0.503096
GSA-rs6003217	22	43870800	NC	0.029956	1.000000
rs75142394	22	43872810	NC	-0.033427	0.477884
rs8143131	22	43876153	NC	-0.013531	0.512784
rs2024631	22	43877096	NC	0.089220	0.495403
rs150980659	22	43886854	NC	-0.074657	0.506078
rs141075713	22	43894599	NC	0.060904	0.995723
rs28608705	22	43897310	NC	0.096347	0.493776
GSA-rs112035174	22	43897433	NC	-0.012852	0.490150
rs28711226	22	43898650	NC	0.090324	0.505357
rs28501581	22	43900259	NC	0.086360	0.000000
rs62638146	22	43900524	NC	0.044614	0.000000
rs117727854	22	43900530	NC	-0.036490	0.503686
GSA-rs116923938	22	43903769	NC	-0.011262	0.496657
GSA-rs8140898	22	43907291	NC	0.097277	0.007441
GSA-rs117585796	22	43924609	NC	-0.016430	1.000000
chr22-43926729	22	43926729	NC	-0.089413	0.514468
chr22-43926845	22	43926845	NC	0.065727	0.511606
GSA-rs736621	22	43927320	NC	0.162123	0.002136
GSA-rs143158205	22	43931236	NC	0.049675	0.482977
GSA-rs61995891	22	43936117	NC	-0.145861	0.010060
rs77935335	22	43936383	NC	-0.158879	0.504652
GSA-rs79909850	22	43949009	NC	0.028215	0.010346
GSA-rs34955597	22	43950853	NC	-0.052249	0.001813
GSA-rs74525878	22	43956566	NC	0.052854	1.000000
rs9614382	22	43976396	NC	-0.167520	0.997448
GSA-rs8138190	22	43985334	NC	-0.012601	0.000000
GSA-rs9614453	22	43998724	NC	-0.046783	0.989405
rs735234	22	44000711	NC	-0.018681	0.005322
GSA-rs117851770	22	44012172	NC	-0.000245	0.485206
GSA-rs9626001	22	44012951	NC	-0.062835	0.000000
rs143713526	22	44022493	NC	-0.002745	0.986150
rs35376417	22	44028085	NC	0.023319	0.989940
GSA-rs137731	22	44031042	NC	-0.010568	0.512829
GSA-rs75912267	22	44042383	NC	0.078192	0.518063
rs115638616	22	44083002	NC	0.023271	0.005231
GSA-rs117462097	22	44090333	NC	0.111248	1.000000
GSA-rs78773889	22	44092683	NC	0.075961	0.493919
GSA-rs767249	22	44113813	NC	-0.041908	0.000000
rs5764236	22	44114861	NC	-0.012676	0.007516
GSA-rs190656289	22	44127255	NC	0.014427	1.000000
GSA-rs9625942	22	44129156	NC	0.016616	0.507892
GSA-rs79422722	22	44138332	NC	-0.074520	0.490908
GSA-rs73174361	22	44143638	NC	-0.005816	0.492906
GSA-rs66525552	22	44147012	NC	-0.081119	0.002485
GSA-rs16990981	22	44151656	NC	0.019617	1.000000
rs146421624	22	44168935	NC	0.020524	0.000000
GSA-rs2187887	22	44169426	NC	0.079457	0.488799
rs5764296	22	44181312	NC	0.051304	0.486677
rs9968041	22	44183913	NC	-0.132829	0.508638
GSA-rs9614188	22	44194393	NC	-0.064558	0.493682
GSA-rs5764309	22	44195654	NC	0.117968	0.508419
GSA-rs9614274	22	44196183	NC	0.054539	0.522432
GSA-rs6006551	22	44205880	NC	-0.023405	0.992366
GSA-rs117098145	22	44212184	NC	0.013317	0.001188
rs138056	22	44220673	NC	0.162790	0.487389
GSA-rs74840344	22	44222744	NC	0.054534	0.521443
GSA-rs138060	22	44222807	NC	-0.070721	0.000000
GSA-rs112497718	22	44227025	NC	-0.067096	1.000000
rs2285159	22	44228367	NC	-0.015042	0.478901
GSA-rs118143044	22	44236168	NC	0.037341	0.002997
GSA-rs9614191	22	44238974	NC	-0.035532	0.988302
rs80628	22	44245179	NC	0.021179	0.984656
rs7284196	22	44257833	NC	-0.013890	0.000000
GSA-rs117222100	22	44273276	NC	-0.116974	0.491675
GSA-rs129655	22	44274202	NC	-0.067274	0.496444
rs181818400	22	44280150	NC	0.028443	0.493323
rs149836456	22	44280193	NC	0.028076	0.492018
rs141704319	22	44282243	NC	-0.020361	0.007159
rs739231	22	44282276	NC	0.034986	0.511796
rs139512427	22	44282368	NC	-0.031844	1.000000
GSA-rs2401203	22	44284854	NC	0.002906	1.000000
GSA-rs62621223	22	44285258	NC	0.083800	1.000000
GSA-rs62226145	22	44285428	NC	0.063030	0.491817
GSA-rs713964	22	44286531	NC	-0.117605	1.000000
rs367895146	22	44287051	NC	0.142863	0.498641
rs743936	22	44290315	NC	-0.049507	0.008447
rs77101796	22	44293787	NC	0.044524	0.000000
GSA-rs5764394	22	44293814	NC	-0.014397	0.495106
rs6006570	22	44298499	NC	-0.024536	0.504105
rs4823103	22	44304419	NC	0.007905	0.508940
GSA-rs9614194	22	44305065	NC	0.026726	0.994193
rs5764023	22	44305218	NC	0.032760	1.000000
GSA-rs9626055	22	44318244	NC	-0.011878	0.998447
chr22-44322876	22	44322876	NC	-0.061293	0.965758
chr22-44322910	22	44322910	NC	0.005086	0.499082
rs79118505	22	44322936	NC	-0.051247	0.519763
rs2076212	22	44322970	NC	0.013534	0.000000
GSA-rs117414666	22	44326204	NC	0.068913	0.980238
GSA-rs9625963	22	44327219	NC	-0.034832	0.012433
rs1883350	22	44328043	NC	0.108201	1.000000
rs190477302	22	44328870	NC	0.063403	0.000000
rs115531341	22	44328950	NC	-0.000397	0.995268
rs2281135	22	44332570	NC	0.033591	0.487175
rs2896019	22	44333694	NC	-0.034153	0.505791
rs144233415	22	44335885	NC	-0.017014	0.505009
GSA-rs2294915	22	44340904	NC	0.067253	0.021879
GSA-rs76015644	22	44355693	NC	0.017373	0.009860
rs117826724	22	44360001	NC	-0.077298	0.991080
rs2073082	22	44360007	NC	0.001303	0.015333
GSA-rs932430	22	44368741	NC	-0.092544	0.479256
rs738492	22	44370336	NC	0.105602	0.484792
rs61473277	22	44371406	NC	-0.005703	0.000000
chr22-44371983	22	44371983	NC	-0.014449	0.996188
GSA-rs117721198	22	44378368	NC	0.058889	1.000000
rs8418	22	44379838	NC	0.103629	0.998230
GSA-rs17580791	22	44388281	NC	0.095911	0.487841
rs3827386	22	44389392	NC	-0.056895	0.001401
rs2281298	22	44391234	NC	0.047338	0.495221
GSA-rs2073080	22	44394402	NC	-0.049240	0.003901
GSA-rs2281292	22	44395389	NC	-0.017907	1.000000
rs6006610	22	44399761	NC	0.084430	0.005084
rs16991328	22	44404484	NC	-0.057880	0.985680
rs9614308	22	44404522	NC	0.025477	0.000600
rs5764058	22	44410173	NC	-0.042369	1.000000
GSA-rs11912129	22	44411804	NC	-0.089147	1.000000
rs9614313	22	44411910	NC	-0.004962	0.516740
rs114704228	22	44412635	NC	0.080804	0.002425
rs8142117	22	44416429	NC	-0.046209	0.521797
GSA-rs74427758	22	44417927	NC	-0.012625	1.000000
rs135114	22	44417970	NC	0.010963	0.000000
rs7289308	22	44418039	NC	-0.016604	0.511255
rs5764467	22	44418444	NC	-0.081905	0.495622
GSA-rs2267592	22	44421563	NC	0.094350	0.503070
rs6006622	22	44424108	NC	0.057198	0.509617
GSA-rs117803375	22	44425836	NC	-0.109768	1.000000
rs2267595	22	44427251	NC	-0.049245	1.000000
rs2246843	22	44427967	NC	-0.142370	0.988690
rs5764066	22	44435552	NC	0.026382	0.008948
rs72619557	22	44448402	NC	-0.017408	0.496584
rs1004529	22	44452318	NC	0.029525	0.512844
rs12168526	22	44456692	NC	-0.096697	0.993676
rs67447085	22	44456841	NC	-0.028923	0.484082
rs130311	22	44466550	NC	-0.071240	0.994906
GSA-rs117342927	22	44467446	NC	0.019317	0.516825
rs73181227	22	44467676	NC	0.026247	0.511724
GSA-rs79330384	22	44472281	NC	-0.050773	0.503937
GSA-rs11705487	22	44474024	NC	-0.019483	0.000000
rs738482	22	44480397	NC	0.105658	0.487389
GSA-rs78366367	22	44488632	NC	0.054800	0.524938
rs1983609	22	44489868	NC	-0.153783	0.980397
rs738479	22	44489896	NC	0.032797	0.002014
rs12169088	22	44494466	NC	0.044413	0.991986
GSA-rs8137149	22	44494527	NC	0.072334	0.496274
rs56194750	22	44495953	NC	-0.067154	0.489538
rs8140244	22	44496917	NC	0.030354	0.496108
GSA-rs9614326	22	44499343	NC	0.005826	0.479196
GSA-rs79263841	22	44499859	NC	-0.051439	0.495800
rs6006486	22	44503633	NC	0.107782	0.000000
GSA-rs6006488	22	44506233	NC	0.087108	0.533754
GSA-rs112067135	22	44511918	NC	0.119561	0.002589
GSA-rs742550	22	44515711	NC	0.045492	0.990279
GSA-rs6006665	22	44517438	NC	0.002012	1.000000
rs7291712	22	44517889	NC	0.086778	0.016991
rs1535009	22	44522312	NC	-0.076146	0.490795
rs9614202	22	44524638	NC	-0.005127	0.006000
GSA-rs75617873	22	44526105	NC	-0.025376	0.011832
rs9625985	22	44530201	NC	0.000033	0.012432
rs2267614	22	44530420	NC	-0.002883	0.991295
rs742404	22	44542873	NC	0.093166	0.014989
rs5764558	22	44544028	NC	-0.131166	0.501337
rs139072	22	44554779	NC	-0.027960	1.000000
rs139090	22	44562756	NC	0.052629	0.000000
rs77288331	22	44563678	NC	0.061887	1.000000
GSA-rs139099	22	44566226	NC	0.082885	0.000000
GSA-rs139101	22	44566906	NC	0.025416	0.023204
rs9614207	22	44567435	NC	-0.080917	0.007190
rs139110	22	44571828	NC	0.071777	0.006354
rs9614362	22	44572578	NC	-0.007601	0.505440
rs3747208	22	44575868	NC	0.021275	0.001381
rs139124	22	44576132	NC	-0.036526	0.481836
rs6006693	22	44581549	NC	-0.019703	0.017965
rs79478	22	44582499	NC	-0.105632	0.523415
rs139133	22	44582820	NC	-0.165591	0.000000
rs932381	22	44589008	NC	0.030330	1.000000
chr22-44592248	22	44592248	NC	-0.108650	0.515626
GSA-rs16991639	22	44595239	NC	-0.087268	0.511341
rs470111	22	44595591	NC	-0.058625	0.003965
rs139164	22	44598088	NC	-0.062702	0.497762
rs139167	22	44598692	NC	0.091116	0.491496
chr22-44602262	22	44602262	NC	-0.056393	0.000000
rs909850	22	44614313	NC	0.041517	0.000000
GSA-rs755944	22	44614363	NC	0.032316	0.987589
rs713927	22	44615218	NC	0.100276	1.000000
rs139240	22	44617864	NC	-0.074294	1.000000
rs11703924	22	44623871	NC	0.019101	0.000000
GSA-rs139265	22	44628068	NC	0.027114	0.004400
GSA-rs117073572	22	44633619	NC	0.044662	0.002216
rs9614390	22	44634211	NC	0.020266	0.501153
GSA-rs5764659	22	44646105	NC	0.031570	0.000000
GSA-rs5764148	22	44646119	NC	0.128127	0.016363
GSA-rs16991714	22	44649665	NC	-0.028692	0.009595
GSA-rs77782627	22	44653054	NC	0.030798	0.986262
GSA-rs117549213	22	44654646	NC	0.031877	1.000000
GSA-rs135427	22	44657628	NC	-0.027072	0.504789
rs113870793	22	44661641	NC	-0.049009	0.475368
GSA-rs117833833	22	44663209	NC	-0.002546	0.503921
GSA-rs112151230	22	44664764	NC	0.017324	0.015406
rs135420	22	44664866	NC	0.005099	1.000000
rs55746438	22	44671960	NC	-0.115048	0.989935
rs135400	22	44677081	NC	0.005294	0.502757
GSA-rs135396	22	44677647	NC	0.017939	0.002765
rs135391	22	44679762	NC	0.080555	0.510330
GSA-rs76877800	22	44682737	NC	0.068446	0.490378
rs9614422	22	44684979	NC	-0.047220	0.496521
rs8136994	22	44685618	NC	0.083238	0.512753
GSA-rs75196408	22	44686967	NC	-0.032179	0.996310
GSA-rs73165813	22	44687571	NC	-0.089071	0.994982
rs7289182	22	44692540	NC	0.038647	0.506824
rs3935378	22	44695088	NC	0.012657	0.000000
GSA-rs62226817	22	44695739	NC	0.080374	0.013087
rs12162773	22	44698909	NC	0.020189	1.000000
GSA-rs3935524	22	44700267	NC	0.011038	1.000000
rs7511423	22	44701372	NC	-0.075508	0.482227
GSA-rs76267418	22	44701906	NC	0.003662	0.496946
rs7510953	22	44703234	NC	0.161610	0.000000
GSA-rs12162783	22	44703774	NC	-0.001846	0.491509
rs12163376	22	44705095	NC	-0.017765	0.496671
GSA-rs117475466	22	44706649	NC	-0.000277	0.498590
rs12158741	22	44706814	NC	-0.096565	0.989819
rs1130274	22	44710758	NC	-0.002142	0.511409
rs73888999	22	44714544	NC	0.070677	0.000000
rs68062760	22	44715032	NC	0.057710	0.000000
rs73434505	22	44715451	NC	0.041508	0.000000
GSA-rs116806648	22	44717751	NC	0.032862	0.482449
rs34255233	22	44723069	NC	-0.008804	0.973315
rs34420568	22	44723271	NC	-0.042825	0.013120
GSA-rs117386044	22	44723542	NC	0.074532	0.000942
GSA-rs117032738	22	44734901	NC	-0.025064	0.000000
GSA-rs9614891	22	44737646	NC	-0.019600	1.000000
rs111554526	22	44739592	NC	0.003500	0.000000
GSA-rs11090718	22	44740406	NC	-0.074952	0.999328
GSA-rs74464138	22	44740415	NC	-0.055637	0.000000
rs5765896	22	44744080	NC	-0.015486	0.496128
rs7284718	22	44744453	NC	0.003407	0.997383
rs5766088	22	44745694	NC	0.048373	0.508347
GSA-rs116925001	22	44745765	NC	-0.073979	0.002679
GSA-rs77866744	22	44745963	NC	0.012388	0.497829
rs743864	22	44747100	NC	-0.054242	0.000387
rs8139097	22	44747334	NC	-0.103068	0.990776
GSA-rs80296798	22	44747800	NC	0.039178	0.517766
rs5764718	22	44751158	NC	0.073426	1.000000
rs2013512	22	44753351	NC	-0.107831	0.491714
GSA-rs71330746	22	44754444	NC	-0.009410	0.503787
rs11705079	22	44754963	NC	0.048659	0.485348
GSA-rs2014530	22	44757071	NC	0.060031	1.000000
GSA-rs76498283	22	44758421	NC	0.115072	0.488307
rs8138173	22	44760039	NC	0.015848	1.000000
rs1557553	22	44760984	NC	-0.124768	1.000000
GSA-rs58662916	22	44761314	NC	0.027652	0.000000
rs143763029	22	44761529	NC	0.094129	0.490877
rs1557554	22	44763277	NC	-0.132377	0.000000
rs5764924	22	44763651	NC	-0.041628	0.495038
rs5764925	22	44763799	NC	0.019879	1.000000
GSA-rs116950775	22	44764343	NC	-0.003132	0.990930
GSA-rs2097443	22	44768559	NC	-0.032830	0.474315
GSA-rs4823353	22	44769535	NC	-0.070662	0.503390
rs62228630	22	44770316	NC	-0.052726	0.493329
rs1041887	22	44771763	NC	-0.103514	0.499817
GSA-rs117238564	22	44773183	NC	0.063834	0.976890
rs135890	22	44774868	NC	0.002349	1.000000
rs62228632	22	44775847	NC	0.162113	0.995557
GSA-rs9626550	22	44776964	NC	0.059320	0.022120
rs4426	22	44778354	NC	0.082755	0.503589
rs2071815	22	44778738	NC	-0.032267	0.502491
GSA-rs1041890	22	44779501	NC	0.064492	0.000000
GSA-rs117429554	22	44780843	NC	-0.071824	0.000000
rs135905	22	44784847	NC	0.040842	0.510194
rs13055798	22	44787383	NC	0.013363	0.016951
rs5766061	22	44788714	NC	0.028617	1.000000
GSA-rs2187828	22	44790471	NC	-0.011544	0.514585
rs916294	22	44791343	NC	-0.129969	0.504541
rs35449812	22	44792065	NC	0.006739	1.000000
rs13058072	22	44792128	NC	-0.034727	0.987335
GSA-rs117822775	22	44793300	NC	0.041895	0.989233
rs135914	22	44795895	NC	-0.056237	0.500359
rs713888	22	44797723	NC	0.033977	0.007299
rs5766249	22	44803722	NC	0.036265	1.000000
rs135920	22	44803990	NC	0.080264	0.000000
rs135924	22	44807473	NC	-0.081843	0.007211
rs135925	22	44807977	NC	-0.019990	0.500296
rs135938	22	44812036	NC	-0.048626	1.000000
rs35536840	22	44818780	NC	0.018519	0.493240
rs135970	22	44824399	NC	0.044427	0.996025
rs115020852	22	44826561	NC	0.028807	0.989489
GSA-rs79354586	22	44827204	NC	0.017124	0.511035
rs135976	22	44828077	NC	0.002714	1.000000
GSA-rs58198963	22	44833655	NC	-0.013439	0.513236
rs8135880	22	44834292	NC	-0.063378	0.001832
rs8139046	22	44834394	NC	-0.093803	0.000000
rs19994	22	44836139	NC	-0.024469	1.000000
GSA-rs114370433	22	44840030	NC	0.077110	0.000000
rs133795	22	44842354	NC	0.023373	0.017647
GSA-rs117771526	22	44843171	NC	0.004644	0.995845
GSA-rs8136951	22	44869030	NC	0.066267	0.515748
GSA-rs117843471	22	44875600	NC	-0.011514	0.010004
GSA-rs74279820	22	44875959	NC	-0.122930	0.000000
rs12628484	22	44881837	NC	-0.014941	0.008382
GSA-rs6007154	22	44881968	NC	-0.007032	0.499811
GSA-rs6006809	22	44886297	NC	-0.096859	0.497337
GSA-rs149192147	22	44886854	NC	-0.102244	0.000000
GSA-rs62231468	22	44888397	NC	0.027010	0.010886
rs131162	22	44892058	NC	-0.053254	0.495158
GSA-rs73169708	22	44903465	NC	0.116197	1.000000
rs5764884	22	44922843	NC	0.005520	1.000000
GSA-rs11702972	22	44924394	NC	0.001349	0.000000
rs4823237	22	44926599	NC	0.067103	1.000000
GSA-rs62228389	22	44932250	NC	0.032170	0.017637
rs11704450	22	44933114	NC	-0.021180	0.518727
rs2076096	22	44933987	NC	-0.020986	0.505228
GSA-rs876232	22	44934539	NC	0.003567	1.000000
rs11912553	22	44942507	NC	0.082339	1.000000
rs2349623	22	44943401	NC	-0.035896	1.000000
rs138593	22	44965320	NC	0.072810	0.003866
rs4453	22	44968170	NC	-0.039627	0.000000
rs115455098	22	44972159	NC	-0.078744	0.515897
rs2349633	22	44973723	NC	-0.005679	0.514751
rs2349634	22	44973739	NC	-0.040952	0.000000
rs138601	22	44975213	NC	0.003832	0.000000
GSA-rs76834294	22	44979441	NC	-0.031570	1.000000
rs138614	22	44980838	NC	-0.008178	0.994059
rs138616	22	44980963	NC	0.065256	0.000000
GSA-rs11913146	22	44981992	NC	-0.138498	0.488007
rs9614827	22	44996319	NC	0.035929	0.494168
rs4422244	22	45003748	NC	0.035269	0.494302
GSA-rs73171550	22	45004364	NC	0.043001	0.502633
rs965027	22	45005361	NC	0.077155	0.000000
rs6007211	22	45007348	NC	0.009312	0.000000
GSA-rs78745626	22	45011401	NC	-0.062875	0.516038
rs4823246	22	45011761	NC	0.037625	0.494819
rs9614840	22	45012097	NC	-0.003801	0.499433
rs114675065	22	45012570	NC	0.024108	0.985866
rs12484755	22	45017526	NC	-0.043925	1.000000
GSA-rs12170682	22	45022668	NC	0.094753	0.005408
GSA-rs117228312	22	45024282	NC	-0.090211	0.000000
GSA-rs57706163	22	45026573	NC	0.047214	0.000000
rs136890	22	45044681	NC	-0.115334	0.492311
GSA-rs6007232	22	45046319	NC	-0.032377	0.489435
rs136899	22	45048253	NC	-0.036142	0.513598
rs9614866	22	45052844	NC	-0.034176	0.000000
rs5765880	22	45055741	NC	-0.009934	0.999290
rs136904	22	45057826	NC	0.032839	0.005858
rs73416538	22	45067165	NC	0.016609	1.000000
GSA-rs12484158	22	45069235	NC	-0.053269	0.499976
rs136920	22	45071679	NC	-0.010809	0.002620
GSA-rs79507698	22	45073039	NC	0.027793	0.527680
rs9614872	22	45074565	NC	-0.012462	0.473134
GSA-rs117587153	22	45075116	NC	0.010854	0.494880
GSA-rs9626513	22	45075303	NC	-0.066797	0.488189
rs763213	22	45075738	NC	0.097507	0.498143
GSA-rs9626515	22	45075871	NC	0.046000	1.000000
GSA-rs34504565	22	45078443	NC	-0.101909	0.003354
GSA-rs5765900	22	45078454	NC	-0.058674	0.510357
GSA-rs7285102	22	45083619	NC	0.018093	0.499911
GSA-rs140531353	22	45088305	NC	0.041924	0.989810
GSA-rs12169466	22	45088880	NC	0.042409	0.495065
rs4823364	22	45090008	NC	-0.026039	0.500548
GSA-rs74666121	22	45091748	NC	-0.020996	0.503480
rs74958718	22	45095466	NC	-0.028525	0.013720
rs9614882	22	45095527	NC	-0.052104	1.000000
rs73891743	22	45095654	NC	-0.006851	0.000000
rs5764965	22	45097815	NC	0.068062	0.509759
rs873724	22	45109027	NC	0.007125	0.001368
rs2097535	22	45109666	NC	-0.022714	0.472812
GSA-rs75115283	22	45111398	NC	0.116227	0.010544
GSA-rs9614563	22	45114672	NC	0.021770	0.990921
GSA-rs9614888	22	45115000	NC	0.000559	0.001492
rs5765930	22	45115579	NC	0.008795	0.009439
rs17601899	22	45116127	NC	0.060728	0.985279
GSA-rs73173636	22	45117395	NC	-0.028703	0.506234
rs1476049	22	45118533	NC	-0.047957	0.478604
rs2269571	22	45123084	NC	0.058530	0.996162
rs3761481	22	45124846	NC	-0.083446	0.006605
GSA-rs73173644	22	45125680	NC	0.018548	0.002947
rs114892135	22	45129531	NC	-0.000154	0.482157
rs132405	22	45130428	NC	0.124101	0.508493
GSA-rs75368138	22	45134981	NC	-0.134998	1.000000
GSA-rs3747221	22	45139506	NC	-0.016517	1.000000
GSA-rs117339841	22	45139569	NC	0.001428	0.506819
GSA-rs76308520	22	45142816	NC	0.054621	0.000000
rs116056464	22	45144268	NC	0.093724	0.002328
rs4372	22	45149541	NC	-0.038411	0.496497
rs5765956	22	45150659	NC	-0.122675	0.495810
GSA-rs112380053	22	45151106	NC	-0.054277	0.490249
GSA-rs132448	22	45154502	NC	-0.038703	0.001037
GSA-rs186101564	22	45155509	NC	-0.038637	0.499540
GSA-rs117447696	22	45156143	NC	-0.019130	0.000000
rs132453	22	45157608	NC	0.031277	0.012183
GSA-rs112852059	22	45158714	NC	0.078462	0.989197
rs56970873	22	45160622	NC	-0.121896	0.499309
rs132462	22	45163228	NC	0.008285	0.486079
GSA-rs75186072	22	45165408	NC	0.009913	0.481157
rs6007284	22	45169167	NC	0.071352	1.000000
rs132470	22	45169376	NC	0.072093	0.015458
rs6007285	22	45169471	NC	0.102557	0.494010
rs132472	22	45170122	NC	0.009973	0.512288
GSA-rs4823376	22	45171729	NC	-0.008260	0.501102
rs132479	22	45173060	NC	-0.028584	0.506886
rs6007287	22	45176861	NC	0.139947	0.499946
rs4499536	22	45177112	NC	-0.078184	0.515020
GSA-rs1557559	22	45177118	NC	-0.065087	0.000000
rs11705445	22	45178823	NC	-0.044582	0.497222
rs2349849	22	45179647	NC	0.027579	0.491503
GSA-rs5766005	22	45180554	NC	0.048699	1.000000
GSA-rs117972570	22	45180663	NC	0.034966	0.506250
rs16992796	22	45183014	NC	-0.039031	0.001602
rs17532423	22	45187679	NC	0.020526	1.000000
rs877666	22	45188601	NC	-0.047031	0.000000
rs5766029	22	45189299	NC	0.093818	1.000000
rs9626245	22	45192621	NC	-0.024750	0.486419
rs1001728	22	45192660	NC	0.006535	0.000000
rs75104861	22	45194424	NC	-0.115716	0.982725
GSA-rs55877906	22	45194632	NC	0.073352	0.989777
GSA-rs1076933	22	45198494	NC	0.021283	0.517096
GSA-rs10222313	22	45202328	NC	-0.025891	0.496567
GSA-rs149680585	22	45208159	NC	0.025518	1.000000
rs2071758	22	45210666	NC	-0.061976	0.008452
rs13053938	22	45216340	NC	0.061064	0.981342
GSA-rs78585553	22	45216899	NC	-0.022045	0.999994
rs136661	22	45217779	NC	-0.010792	0.507133
rs55849456	22	45218339	NC	0.035301	0.986768
rs6007308	22	45220994	NC	0.015578	0.485067
rs9614576	22	45225297	NC	0.057853	0.507743
rs144172455	22	45225826	NC	0.059683	0.011794
GSA-rs12168414	22	45234658	NC	-0.009003	0.014947
rs8138412	22	45237092	NC	-0.060326	0.991061
chr22-45241216	22	45241216	NC	-0.044802	0.516745
GSA-rs136680	22	45242474	NC	-0.092112	0.000000
rs5766099	22	45245359	NC	0.062425	0.991567
rs5765056	22	45248283	NC	-0.193964	0.486106
GSA-rs77112416	22	45248580	NC	0.094456	0.004673
rs5765057	22	45248971	NC	-0.133535	0.000000
GSA-rs5766113	22	45251423	NC	-0.004968	0.489929
rs4823397	22	45253112	NC	-0.103223	1.000000
rs6007331	22	45253464	NC	0.021468	0.508822
rs73176182	22	45253718	NC	-0.106891	0.487777
rs7293197	22	45253839	NC	0.081052	0.487850
rs59455021	22	45256418	NC	0.028897	0.490830
GSA-rs117976437	22	45259044	NC	-0.017982	0.498841
rs8136460	22	45260929	NC	0.098075	0.984977
GSA-rs77164366	22	45271266	NC	-0.007615	0.504445
rs3747226	22	45279529	NC	-0.026278	0.509161
rs61739200	22	45283971	NC	-0.023186	0.508818
rs12157651	22	45286318	NC	-0.200553	0.014024
GSA-rs80157630	22	45286357	NC	0.076610	0.498269
GSA-rs117824015	22	45292126	NC	-0.053876	0.015157
rs933233	22	45308878	NC	-0.036442	0.996029
rs138308961	22	45312474	NC	0.029275	0.001511
rs79141386	22	45313694	NC	0.041914	0.497571
rs4823418	22	45315232	NC	0.028717	1.000000
rs4823262	22	45318725	NC	0.083312	0.000000
rs4823421	22	45319317	NC	0.042008	0.489903
rs762977	22	45322493	NC	-0.075912	1.000000
rs136684	22	45322792	NC	0.005577	0.504829
GSA-rs745460	22	45326141	NC	-0.019158	0.495072
rs4514991	22	45330934	NC	-0.090284	0.486975
rs5766209	22	45331817	NC	-0.034533	0.000000
GSA-rs181400736	22	45332417	NC	0.067223	0.497260
rs5766213	22	45333182	NC	0.092519	0.492756
rs129447	22	45337145	NC	-0.022839	0.527836
GSA-rs2349864	22	45339209	NC	0.017919	1.000000
GSA-rs111618908	22	45341279	NC	-0.031446	0.010656
rs6006911	22	45345833	NC	-0.061797	0.000000
rs16993202	22	45353413	NC	-0.010715	0.015690
rs2350224	22	45354918	NC	0.062523	0.016536
GSA-rs117178489	22	45386997	NC	0.057457	0.496287
rs6007404	22	45388501	NC	0.015896	0.520002
rs78770253	22	45395342	NC	-0.031268	1.000000
rs761673	22	45395468	NC	-0.019328	0.512074
rs761676	22	45397507	NC	-0.031692	1.000000
rs6006914	22	45397719	NC	0.004700	0.000000
GSA-rs117603629	22	45406566	NC	-0.081117	1.000000
rs5766289	22	45408177	NC	0.032765	0.006548
rs131992	22	45409136	NC	0.061966	0.981895
rs5766305	22	45415412	NC	-0.047819	0.484768
GSA-rs5766306	22	45415430	NC	0.078087	0.478889
rs132005	22	45415832	NC	-0.113563	0.519601
rs738544	22	45415847	NC	0.015133	1.000000
rs132007	22	45416349	NC	-0.062258	0.503234
rs1005617	22	45421242	NC	0.095797	0.508774
rs132011	22	45421536	NC	-0.063845	0.519198
GSA-rs117680337	22	45426220	NC	-0.063928	0.499481
rs132034	22	45431455	NC	0.013057	0.522849
rs6007414	22	45431796	NC	0.056507	1.000000
rs132039	22	45435202	NC	-0.033627	0.507343
rs5766358	22	45441442	NC	0.017517	0.005403
rs738548	22	45443845	NC	-0.036644	1.000000
GSA-rs78441172	22	45447052	NC	0.021900	0.493440
rs2013581	22	45449273	NC	-0.096648	0.000000
rs140572	22	45451727	NC	-0.003060	0.510602
GSA-rs132075	22	45453731	NC	-0.016298	0.512476
GSA-rs111226774	22	45454918	NC	-0.075583	0.490608
rs66474843	22	45456900	NC	0.030561	0.002339
GSA-rs13053621	22	45457915	NC	-0.028006	0.994725
rs9614601	22	45458558	NC	-0.068551	0.989777
rs5766384	22	45458827	NC	-0.118282	0.487851
GSA-rs74739849	22	45461071	NC	0.065082	0.498668
rs79985279	22	45463797	NC	0.016540	0.026449
rs2057114	22	45465068	NC	-0.094006	0.525161
GSA-rs62231069	22	45469482	NC	0.051657	0.000000
rs35712616	22	45469983	NC	-0.030196	0.488719
rs6007443	22	45471360	NC	0.052902	0.480423
rs8136226	22	45472574	NC	-0.065984	0.512994
GSA-rs6006926	22	45475332	NC	-0.001831	0.504181
GSA-rs17628824	22	45475874	NC	0.118011	1.000000
GSA-rs5765163	22	45484509	NC	0.158893	1.000000
rs6007447	22	45491007	NC	-0.015686	0.005440
rs5766414	22	45491630	NC	0.017557	0.987620
rs4358236	22	45497395	NC	-0.040695	1.000000
rs5766421	22	45501151	NC	0.059690	1.000000
rs9615025	22	45503517	NC	0.152249	0.515801
GSA-rs73167223	22	45505755	NC	-0.020242	0.005854
rs6007455	22	45513168	NC	0.063510	0.505427
GSA-rs55836719	22	45518762	NC	0.055680	1.000000
rs723553	22	45518890	NC	0.067182	0.012693
rs6006941	22	45523391	NC	-0.116213	1.000000
rs9306489	22	45525484	NC	-0.002496	0.484729
rs7290824	22	45527815	NC	-0.015077	1.000000
rs547698	22	45527845	NC	0.067146	1.000000
rs132813	22	45528073	NC	-0.090976	0.506608
rs132817	22	45532666	NC	0.097298	0.004285
GSA-rs117397985	22	45558525	NC	0.102121	0.509258
rs5766503	22	45566360	NC	-0.113957	0.488123
rs132874	22	45566843	NC	0.031001	0.512361
GSA-rs132878	22	45567067	NC	0.041220	1.000000
GSA-rs8135904	22	45568419	NC	0.024480	0.503291
GSA-rs2075952	22	45579502	NC	-0.040411	0.006415
rs226516	22	45584396	NC	0.034076	1.000000
rs7456	22	45588248	NC	-0.018878	0.498567
rs1125398	22	45589490	NC	-0.036951	1.000000
rs41278911	22	45590899	NC	0.025935	0.501244
GSA-rs76353358	22	45592354	NC	-0.033639	0.507579
rs2235160	22	45596506	NC	0.029181	0.507937
rs5766536	22	45602407	NC	-0.075592	0.000000
chr22-45608002	22	45608002	NC	-0.042337	0.490311
GSA-rs75464288	22	45609416	NC	-0.068273	0.980836
rs6007503	22	45610373	NC	-0.043542	0.498863
GSA-rs5766564	22	45622351	NC	0.004411	0.488378
GSA-rs58721007	22	45623487	NC	0.068281	1.000000
GSA-rs145790542	22	45623759	NC	-0.132736	0.007715
rs9615075	22	45629572	NC	0.026535	0.992809
rs2294196	22	45630662	NC	-0.056436	0.991446
GSA-rs8136284	22	45642157	NC	0.008768	0.495584
rs60829688	22	45644825	NC	0.087153	0.008312
rs5766592	22	45645469	NC	-0.109201	0.000000
rs6006959	22	45648846	NC	-0.038282	0.496403
rs6007529	22	45651045	NC	-0.008611	0.984746
rs6007552	22	45660094	NC	0.005736	0.000385
GSA-rs184220282	22	45660616	NC	-0.030157	0.503573
rs2350625	22	45663043	NC	0.042415	0.497656
rs6006973	22	45665663	NC	0.019083	0.515260
GSA-rs117404891	22	45670133	NC	0.015296	0.997140
rs5765242	22	45671343	NC	-0.008140	0.996609
rs2742648	22	45672574	NC	0.027451	0.000000
GSA-rs77049647	22	45674199	NC	-0.018799	0.492798
GSA-rs76645083	22	45675375	NC	0.004828	0.010308
rs2742624	22	45676678	NC	-0.013788	0.491789
rs2742630	22	45680473	NC	0.124473	0.488129
GSA-rs9626671	22	45682334	NC	-0.020904	0.524476
rs9306493	22	45682425	NC	-0.013730	0.000000
rs2673087	22	45682975	NC	0.022448	0.000000
22:45683205	22	45683205	NC	-0.037926	0.493732
rs147609981	22	45684998	NC	-0.093931	0.494100
GSA-rs111723166	22	45685149	NC	-0.012374	0.475691
rs3788643	22	45686090	NC	0.007520	0.000000
rs16993800	22	45690462	NC	0.035378	1.000000
rs4823458	22	45693828	NC	0.023911	0.000651
rs104664	22	45711854	NC	0.021222	0.496063
GSA-rs7285172	22	45726345	NC	-0.074875	0.012663
rs2350629	22	45731050	NC	-0.061733	0.487554
rs3827392	22	45734931	NC	0.052870	0.516133
GSA-rs140383625	22	45738072	NC	0.060959	0.507211
GSA-rs76584200	22	45742512	NC	0.075123	0.497605
GSA-rs77223685	22	45752299	NC	-0.065138	0.523962
chr22-45765939	22	45765939	NC	-0.053239	0.493815
GSA-rs136604	22	45789743	NC	-0.079949	0.000000
GSA-rs59823491	22	45794280	NC	-0.087355	0.514927
GSA-rs117892067	22	45804887	NC	-0.024209	0.000000
rs114380830	22	45811431	NC	-0.138225	0.490706
chr22-45813479	22	45813479	NC	0.086032	0.506370
rs12172195	22	45813687	NC	-0.120313	0.501791
GSA-rs117786136	22	45814977	NC	0.006229	0.995350
rs5765340	22	45817800	NC	0.025677	0.006718
GSA-rs142579982	22	45821917	NC	-0.152308	0.511869
rs1022479	22	45822347	NC	-0.033103	0.510959
chr22-45826804	22	45826804	NC	0.011867	0.000000
chr22-45828237	22	45828237	NC	-0.123365	0.510940
GSA-rs80042866	22	45830187	NC	-0.091406	0.016247
rs5765364	22	45836722	NC	0.063071	0.515337
GSA-rs5765370	22	45838156	NC	0.028873	0.988274
rs6006753	22	45846472	NC	-0.120773	0.492005
GSA-rs73889958	22	45851175	NC	0.102320	0.000000
rs60852449	22	45853963	NC	-0.047311	0.002220
rs34400920	22	45856865	NC	0.021919	0.996167
rs73441275	22	45858097	NC	0.107484	0.997139
rs5764742	22	45864459	NC	-0.073211	0.000000
rs7290896	22	45871468	NC	-0.023648	0.009939
rs5765397	22	45878984	NC	0.024719	0.498676
GSA-rs9614474	22	45879644	NC	0.017162	0.485871
rs5765401	22	45881315	NC	0.033779	0.000000
rs6006756	22	45884487	NC	0.039012	0.490184
rs5765425	22	45892433	NC	0.091797	0.000000
GSA-rs117938903	22	45894098	NC	-0.115635	0.489903
rs28436897	22	45903132	NC	-0.070100	0.498445
GSA-rs73171291	22	45904019	NC	0.035584	0.982024
GSA-rs74764103	22	45905373	NC	0.021956	0.494858
rs713896	22	45908895	NC	-0.078707	0.000000
rs2238810	22	45912376	NC	-0.005082	1.000000
chr22-45913562	22	45913562	NC	0.027366	1.000000
GSA-rs11702909	22	45914051	NC	-0.065981	1.000000
rs136723	22	45916679	NC	-0.026908	1.000000
GSA-rs13053630	22	45922063	NC	-0.022283	0.990994
rs7287670	22	45926585	NC	-0.045375	0.488711
rs136741	22	45928660	NC	-0.118065	0.506951
GSA-rs79513756	22	45929427	NC	-0.052542	0.004106
rs9682	22	45937149	NC	0.007477	0.004006
rs5765463	22	45942726	NC	0.017685	0.496254
rs5764781	22	45943677	NC	0.079866	0.484494
rs151076402	22	45946495	NC	0.018312	0.508010
GSA-rs118001978	22	45959439	NC	-0.013751	0.000000
rs743931	22	45959540	NC	-0.005227	0.505423
rs739215	22	45967526	NC	0.015706	0.477767
GSA-rs13057220	22	45969722	NC	0.038709	0.006827
rs200901023	22	45970414	NC	0.011310	0.506350
rs2071868	22	45970957	NC	-0.058357	0.016629
rs134822	22	45971158	NC	0.014519	0.018186
rs3788654	22	45971490	NC	-0.012994	0.000000
rs4415	22	45971880	NC	-0.044096	0.510291
rs4416	22	45972017	NC	-0.073454	0.507371
rs143377110	22	45972941	NC	0.033159	0.013354
rs5765490	22	45974913	NC	-0.048616	0.503427
GSA-rs73173337	22	45978925	NC	0.075975	1.000000
rs3788658	22	45980298	NC	-0.022045	0.496919
GSA-rs79930833	22	45985371	NC	-0.110866	0.512351
rs7292820	22	45986536	NC	0.044857	1.000000
rs3788669	22	45989581	NC	0.031044	0.004708
rs5765523	22	45992149	NC	0.079064	0.495082
GSA-rs17649376	22	45993743	NC	0.010292	1.000000
GSA-rs3788673	22	45994189	NC	0.045159	0.502205
GSA-rs13268	22	45996298	NC	0.024904	0.509367
rs16994329	22	45997852	NC	-0.046534	0.000000
GSA-rs117509940	22	46002177	NC	0.037269	0.502837
GSA-rs78339110	22	46002688	NC	-0.108180	0.498936
GSA-rs78098381	22	46005170	NC	0.071184	0.485493
rs17564843	22	46009063	NC	0.091019	0.992543
GSA-rs116888451	22	46010621	NC	0.007392	0.507830
GSA-rs73886444	22	46013824	NC	-0.032819	0.995971
rs5765545	22	46022046	NC	0.055571	1.000000
GSA-rs9614494	22	46023645	NC	0.043927	0.001180
GSA-rs113799639	22	46026992	NC	-0.064215	0.517323
GSA-rs117701482	22	46031344	NC	0.019759	0.508664
rs16994390	22	46035521	NC	0.096576	0.008649
rs2301449	22	46038908	NC	-0.029718	0.488818
GSA-rs12168655	22	46044479	NC	-0.029777	0.515077
GSA-rs79559969	22	46045856	NC	-0.087218	0.493902
GSA-rs79371209	22	46049288	NC	0.000559	1.000000
GSA-rs111271344	22	46069687	NC	-0.116519	0.495302
GSA-rs55882179	22	46070249	NC	-0.064327	0.000398
GSA-rs78985624	22	46078549	NC	-0.185234	0.013355
GSA-rs117040129	22	46080620	NC	-0.055500	0.503379
GSA-rs74485548	22	46084828	NC	-0.125442	0.000850
GSA-rs78689861	22	46094850	NC	0.016659	0.000000
rs199766375	22	46096174	NC	-0.023907	1.000000
GSA-rs74861871	22	46096862	NC	0.088096	0.492844
rs5765585	22	46107508	NC	-0.100006	1.000000
GSA-rs117989001	22	46126927	NC	0.175448	0.493888
GSA-rs117615085	22	46144326	NC	-0.018132	0.510350
GSA-rs34876313	22	46144520	NC	-0.095158	0.499144
GSA-rs111884888	22	46151322	NC	-0.008511	0.000000
rs6007155	22	46154366	NC	-0.004469	0.475651
GSA-rs73173391	22	46164098	NC	-0.082635	0.493204
GSA-rs73173392	22	46172288	NC	0.011004	0.513894
rs135991	22	46174057	NC	-0.069022	0.491984
GSA-rs79917314	22	46177845	NC	0.024549	0.002760
GSA-rs191805253	22	46178253	NC	0.029357	0.005176
GSA-rs117989805	22	46185280	NC	-0.008982	0.007356
rs136007	22	46194973	NC	0.114665	0.496860
GSA-rs56232057	22	46196189	NC	0.009474	0.510199
GSA-rs183599326	22	46202164	NC	0.013424	0.500986
rs61289397	22	46206515	NC	0.003720	0.499638
GSA-rs190548125	22	46225985	NC	0.010651	0.000000
rs763010	22	46235105	NC	-0.100700	0.486810
rs1023470	22	46235677	NC	0.032220	0.006137
GSA-rs34402219	22	46237230	NC	0.015209	0.506486
rs140014542	22	46238930	NC	0.085758	0.005394
rs11704609	22	46251927	NC	0.105572	0.010922
rs136033	22	46255004	NC	-0.124854	0.510517
rs5765681	22	46259060	NC	-0.088825	0.498385
rs136037	22	46259880	NC	0.033922	0.983308
GSA-rs136042	22	46261909	NC	-0.038475	0.000000
GSA-rs136051	22	46266331	NC	0.070230	1.000000
rs112090150	22	46270236	NC	0.045694	0.006507
GSA-rs74507317	22	46273902	NC	-0.060350	0.000731
rs74677197	22	46274399	NC	-0.031488	1.000000
rs28561624	22	46281667	NC	0.067889	0.486929
GSA-rs73886526	22	46290571	NC	0.070105	0.000000
GSA-rs73175030	22	46292650	NC	0.011048	0.501798
GSA-rs73450279	22	46292939	NC	0.054092	0.499551
rs28587491	22	46293746	NC	-0.020812	0.000386
rs28480017	22	46294704	NC	-0.023192	0.995847
rs9777732	22	46297609	NC	0.116507	0.507077
GSA-rs10453443	22	46298649	NC	-0.093888	0.488188
rs73452309	22	46302035	NC	0.029877	0.511643
GSA-rs151319987	22	46303266	NC	-0.074483	1.000000
rs9286457	22	46304440	NC	0.083520	0.983960
GSA-rs117551517	22	46307335	NC	-0.153497	1.000000
GSA-rs76895390	22	46310967	NC	0.011309	0.487980
rs28421618	22	46313215	NC	-0.033353	0.498738
GSA-rs112963801	22	46313688	NC	0.069099	0.000000
rs113343186	22	46316508	NC	-0.041634	0.000000
rs111885193	22	46318462	NC	0.007660	0.481341
GSA-rs9286452	22	46320275	NC	-0.040153	0.517578
GSA-rs79233925	22	46323861	NC	-0.044487	0.990250
rs56398559	22	46324492	NC	0.045134	0.506961
GSA-rs28755830	22	46324957	NC	0.037499	0.496511
GSA-rs75832228	22	46325021	NC	-0.095266	0.513029
GSA-rs184823118	22	46325353	NC	0.092076	0.494523
GSA-rs75662824	22	46325996	NC	-0.002775	0.489805
GSA-rs76104782	22	46330601	NC	-0.039945	0.997441
rs9330790	22	46334234	NC	-0.045524	0.000000
rs56115219	22	46338556	NC	0.006431	1.000000
GSA-rs10448589	22	46339118	NC	0.077928	0.497045
rs10448592	22	46346121	NC	-0.022876	0.004754
rs10448600	22	46347922	NC	0.035006	0.499104
GSA-rs28446149	22	46348143	NC	0.013789	0.503883
GSA-rs28668243	22	46348913	NC	0.041249	0.007707
GSA-rs75725186	22	46351350	NC	-0.042742	0.983245
rs113538971	22	46353286	NC	-0.104680	0.512663
rs10448585	22	46356554	NC	-0.102310	0.000835
rs10448606	22	46360083	NC	-0.001246	0.474583
rs10453441	22	46363739	NC	0.010477	0.501579
rs9330813	22	46364161	NC	0.112479	0.492697
rs28615830	22	46365501	NC	-0.006358	0.000000
GSA-rs74912875	22	46365928	NC	0.028440	1.000000
rs10453460	22	46366165	NC	-0.005954	0.507311
GSA-rs113951080	22	46378575	NC	-0.015935	0.492058
GSA-rs118176697	22	46379353	NC	0.047897	0.982494
rs35877437	22	46385917	NC	0.034894	0.483162
GSA-rs112022355	22	46387296	NC	-0.074384	1.000000
GSA-rs28419158	22	46391695	NC	0.087512	0.016647
rs28562363	22	46391888	NC	-0.035073	0.992522
rs4077498	22	46394928	NC	-0.036299	0.483300
rs113953187	22	46400764	NC	-0.024235	0.507364
rs28685663	22	46403383	NC	-0.012061	0.002266
GSA-rs116990915	22	46407865	NC	-0.101498	0.000000
GSA-rs79665205	22	46411918	NC	-0.015039	0.000000
GSA-rs193238077	22	46414380	NC	0.096658	0.541218
rs6519955	22	46421842	NC	-0.126023	0.486273
GSA-rs78211501	22	46422922	NC	0.082885	0.996401
rs9626908	22	46428306	NC	0.017448	0.990542
rs59929908	22	46447714	NC	-0.038324	0.522671
GSA-rs117930260	22	46448488	NC	-0.056696	0.998691
rs7292297	22	46458123	NC	0.075856	0.000000
rs7291412	22	46459132	NC	-0.075247	0.000000
GSA-rs77910960	22	46461934	NC	0.023945	0.503176
GSA-rs73888761	22	46470291	NC	0.009152	0.493808
rs35245641	22	46473845	NC	-0.000467	0.520240
rs11913069	22	46475878	NC	0.036378	0.500421
GSA-rs62228098	22	46477858	NC	0.066702	0.000000
GSA-rs9616084	22	46480602	NC	0.048692	0.510602
rs9626891	22	46482948	NC	-0.078007	0.000000
rs12160757	22	46486508	NC	0.118967	0.485576
rs910923	22	46487902	NC	0.029093	1.000000
rs11702999	22	46490826	NC	-0.018762	0.506943
GSA-rs77251783	22	46496056	NC	-0.027485	0.493424
chr22-46499106	22	46499106	NC	-0.066796	0.000000
chr22-46505816	22	46505816	NC	0.094870	0.508898
rs56367023	22	46513536	NC	0.063750	0.492058
rs5768763	22	46520955	NC	0.055401	0.994130
GSA-rs77623192	22	46525009	NC	-0.082126	0.025501
GSA-rs117621208	22	46525414	NC	-0.098388	0.009748
GSA-rs12628025	22	46529619	NC	0.021255	1.000000
rs135550	22	46553234	NC	-0.060794	0.004473
GSA-rs135549	22	46553308	NC	0.050317	0.000000
rs135543	22	46555321	NC	0.060083	0.495375
rs9626730	22	46562183	NC	0.049653	0.015855
GSA-rs117057849	22	46564547	NC	-0.028000	0.022813
rs881740	22	46567388	NC	-0.001823	0.501876
GSA-rs117691119	22	46574646	NC	-0.069318	0.000000
GSA-rs118147297	22	46582072	NC	-0.003564	0.501207
rs4253712	22	46595035	NC	-0.012523	0.498804
rs4823613	22	46598307	NC	0.020993	0.000000
rs4253728	22	46610067	NC	0.045042	0.506686
rs4253730	22	46610409	NC	-0.070512	0.501410
rs1800206	22	46614274	NC	0.094943	0.518327
rs6007662	22	46621045	NC	-0.028954	0.506613
GSA-rs73177040	22	46625638	NC	0.066432	0.000864
rs1042311	22	46627780	NC	0.043780	0.995344
rs4253778	22	46630634	NC	-0.078436	1.000000
rs182181094	22	46631192	NC	0.028500	0.494579
GSA-rs55774449	22	46632875	NC	-0.103779	0.000000
rs61748935	22	46644177	NC	-0.104370	0.499912
GSA-rs4508712	22	46652959	NC	-0.045076	0.515998
chr22-46653681	22	46653681	NC	-0.015911	0.512010
chr22-46654185	22	46654185	NC	0.165018	0.000000
rs143126011	22	46654628	NC	0.004760	0.494433
GSA-rs41302599	22	46657308	NC	0.063114	0.517119
chr22-46658624	22	46658624	NC	0.085032	0.000000
GSA-rs117135869	22	46664412	NC	-0.059395	0.015107
GSA-rs62226994	22	46665209	NC	0.012332	0.997769
rs35883013	22	46681141	NC	0.043749	0.489789
GSA-rs8142248	22	46684906	NC	0.006792	0.489767
GSA-rs76688525	22	46699857	NC	0.005352	0.006872
GSA-rs79334853	22	46714748	NC	0.059250	1.000000
exm2268444	22	46722256	NC	0.120284	0.000000
rs11090865	22	46731689	NC	-0.127602	0.509708
rs138044544	22	46739182	NC	0.005416	1.000000
rs144586525	22	46742350	NC	-0.000974	0.493628
rs201749101	22	46746319	NC	-0.012055	0.479113
GSA-rs114058457	22	46748481	NC	-0.024790	0.510026
GSA-rs12166377	22	46756315	NC	-0.048150	0.508241
rs144722111	22	46760109	NC	0.027926	0.000000
rs201509338	22	46760121	NC	0.004023	0.495618
rs118156355	22	46761221	NC	0.139987	0.989359
GSA-rs56325154	22	46762360	NC	-0.050647	0.495947
rs138303327	22	46762970	NC	0.078019	0.986008
rs75983687	22	46762988	NC	-0.065026	0.000000
rs201155196	22	46765644	NC	0.020625	0.018684
rs200072284	22	46773053	NC	-0.117490	1.000000
rs147639520	22	46776707	NC	-0.032180	0.986480
rs140996267	22	46780446	NC	-0.039263	0.499770
rs6007897	22	46780521	NC	-0.081920	0.490386
rs4044210	22	46786315	NC	-0.009159	1.000000
GSA-rs6008793	22	46787434	NC	-0.081761	0.509093
rs138703288	22	46790142	NC	-0.003565	0.490185
rs144122307	22	46793621	NC	0.066174	0.017470
GSA-rs79453499	22	46794819	NC	0.025689	0.000000
GSA-rs6520011	22	46797331	NC	0.029270	1.000000
GSA-rs117664381	22	46799957	NC	-0.006890	0.478769
GSA-rs11704506	22	46805772	NC	0.051907	0.000000
GSA-rs118015765	22	46813134	NC	0.030992	0.493070
GSA-rs117562354	22	46813336	NC	-0.004354	0.002387
rs11703127	22	46817423	NC	-0.024614	0.504705
GSA-rs74756314	22	46823558	NC	-0.018628	0.004022
GSA-rs73890425	22	46823952	NC	0.012231	0.483693
GSA-rs7288371	22	46825043	NC	0.025688	1.000000
GSA-rs6008822	22	46827038	NC	-0.032721	0.983481
GSA-rs56126954	22	46827609	NC	0.056242	1.000000
GSA-rs77717991	22	46829422	NC	0.042023	0.508756
GSA-rs62227005	22	46829927	NC	-0.042134	0.512621
GSA-rs117310355	22	46831590	NC	-0.016605	0.513021
GSA-rs6008826	22	46831965	NC	0.023185	0.506745
GSA-rs4823810	22	46835000	NC	-0.129170	0.505614
rs9616008	22	46835338	NC	-0.012520	0.505659
rs8137581	22	46835558	NC	-0.083791	1.000000
rs73177083	22	46837508	NC	0.004717	0.487690
rs874827	22	46846881	NC	-0.100563	0.500445
rs6008833	22	46847579	NC	0.064930	0.008589
rs760991	22	46854398	NC	-0.010971	0.000000
GSA-rs8139196	22	46854651	NC	0.045324	0.499818
GSA-rs8138156	22	46855322	NC	-0.004400	0.023417
rs8139582	22	46857558	NC	0.011239	0.000000
GSA-rs75094022	22	46858432	NC	-0.043384	0.474416
rs5768788	22	46858687	NC	0.020751	0.510466
rs11914038	22	46858809	NC	0.018248	0.524898
rs6008842	22	46860063	NC	0.103682	0.499094
GSA-rs6008858	22	46867968	NC	0.075720	0.008338
rs3788705	22	46869059	NC	-0.033018	1.000000
rs35973286	22	46869457	NC	-0.001843	1.000000
GSA-rs78522011	22	46870068	NC	-0.022519	1.000000
rs6520023	22	46873011	NC	-0.057112	0.000000
rs28474716	22	46873345	NC	0.004798	0.000769
GSA-rs118127983	22	46876773	NC	-0.062315	0.510517
GSA-rs188671195	22	46879277	NC	-0.011441	0.480136
GSA-rs80253568	22	46883221	NC	0.051446	0.501228
GSA-rs117259753	22	46883693	NC	0.107284	0.981970
rs9616019	22	46886036	NC	0.042108	0.504941
rs12628943	22	46890899	NC	-0.033630	0.000000
rs10211986	22	46896834	NC	-0.085520	0.482181
rs9616028	22	46898454	NC	0.070837	0.000000
rs5768857	22	46900462	NC	0.042433	0.520686
rs6008880	22	46905066	NC	-0.018437	0.997252
rs5768864	22	46906098	NC	0.004168	0.000000
GSA-rs78804481	22	46909662	NC	-0.091487	0.986978
GSA-rs77068715	22	46910763	NC	-0.009079	0.506605
GSA-rs3827411	22	46912974	NC	-0.096534	0.498392
rs3827412	22	46913478	NC	-0.073855	0.504266
GSA-rs73888541	22	46914145	NC	-0.091001	0.962486
GSA-rs9615375	22	46915621	NC	-0.035736	0.000000
rs5768880	22	46916960	NC	0.077596	1.000000
rs5767240	22	46919906	NC	-0.039267	1.000000
GSA-rs5768892	22	46921858	NC	0.018031	1.000000
rs713917	22	46922611	NC	0.003335	0.992441
rs5767244	22	46924254	NC	-0.104925	0.496549
rs4823561	22	46929692	NC	0.090792	0.987350
rs148349145	22	46929899	NC	-0.014902	0.481607
rs61737811	22	46930013	NC	0.019878	0.517173
rs201855257	22	46930205	NC	0.061232	0.510101
rs146508060	22	46930589	NC	0.196495	0.000000
rs142220741	22	46930927	NC	0.003883	0.500512
rs41279837	22	46931050	NC	-0.008755	1.000000
rs4823850	22	46931077	NC	-0.047319	1.000000
GSA-rs117345830	22	46936760	NC	-0.007400	0.477899
GSA-rs118085077	22	46939326	NC	-0.099301	1.000000
GSA-rs5768935	22	46943554	NC	-0.045535	0.496388
rs9615382	22	46947914	NC	-0.027528	0.983650
rs738240	22	46961278	NC	0.065806	0.000000
rs5767265	22	46964267	NC	-0.085958	0.513507
rs5768964	22	46964740	NC	0.026072	0.012251
rs8138073	22	46969552	NC	-0.071309	0.512739
rs11090889	22	46976557	NC	-0.038031	0.023211
rs12485133	22	46980242	NC	0.034254	0.990335
rs714024	22	47013535	NC	-0.035381	1.000000
rs138492	22	47015444	NC	-0.076823	0.493753
rs138481	22	47021203	NC	-0.008773	0.003604
GSA-rs732925	22	47026467	NC	-0.000383	0.522004
rs875559	22	47034838	NC	-0.021670	0.492890
GSA-rs117094395	22	47041692	NC	0.071974	0.000000
rs2542038	22	47059282	NC	-0.048264	0.490711
rs885792	22	47063359	NC	0.047941	0.000000
GSA-rs34212133	22	47070747	NC	-0.076920	1.000000
GSA-rs73176536	22	47077006	NC	0.013915	0.491542
rs4823869	22	47081268	NC	-0.015689	0.993421
rs801721	22	47081716	NC	-0.028408	0.507018
GSA-rs8143065	22	47082577	NC	-0.023884	0.508938
GSA-rs9616098	22	47091231	NC	-0.003346	0.469833
rs135676	22	47091321	NC	-0.051762	0.022729
GSA-rs78424	22	47093846	NC	0.021033	0.987716
rs62232615	22	47094937	NC	-0.017684	0.998693
GSA-rs13057352	22	47095235	NC	-0.003226	0.500295
rs743035	22	47098969	NC	0.033525	0.519878
rs135698	22	47104011	NC	0.058682	0.499323
rs801728	22	47104306	NC	0.071501	0.005586
GSA-rs78444025	22	47105302	NC	-0.052670	0.505373
rs135701	22	47106800	NC	-0.025529	1.000000
rs6008957	22	47108669	NC	-0.112198	0.505408
GSA-rs9616103	22	47112396	NC	0.012121	0.480959
GSA-rs117327271	22	47114308	NC	0.032733	0.501512
GSA-rs149080196	22	47114904	NC	0.016112	0.009836
rs9627540	22	47115825	NC	0.058808	1.000000
GSA-rs62232639	22	47137783	NC	-0.017940	0.514472
rs761906	22	47138659	NC	0.105092	0.990672
GSA-22:47141080	22	47141080	NC	-0.022817	1.000000
GSA-rs117051531	22	47142436	NC	0.034445	0.495841
GSA-rs77665308	22	47142950	NC	-0.079776	0.508412
GSA-rs73182605	22	47144956	NC	0.019426	0.004671
rs16995672	22	47146222	NC	0.076813	0.504838
GSA-rs78601517	22	47150613	NC	-0.151239	1.000000
rs5767343	22	47150813	NC	0.080512	0.491830
rs5769136	22	47156703	NC	0.023390	0.523730
rs801640	22	47159028	NC	-0.155096	1.000000
rs12628080	22	47171343	NC	-0.047798	0.018168
rs801628	22	47171456	NC	-0.086958	0.502154
GSA-rs5769152	22	47182944	NC	-0.027753	0.500514
GSA-rs117245190	22	47183250	NC	0.125583	0.004213
GSA-rs62233785	22	47190159	NC	-0.067280	0.000000
rs974226	22	47230348	NC	0.127687	0.000000
GSA-rs76948592	22	47241711	NC	-0.056977	0.488248
rs1984405	22	47249002	NC	0.102156	0.494376
GSA-rs78057761	22	47249424	NC	0.015893	0.000000
GSA-rs117502253	22	47264797	NC	0.012431	1.000000
rs131861	22	47268167	NC	0.045652	0.999483
GSA-rs73891034	22	47272844	NC	-0.026383	0.987757
rs131873	22	47275828	NC	-0.002595	0.502717
GSA-rs6009015	22	47276684	NC	0.000217	1.000000
rs362154	22	47278852	NC	0.035642	0.010863
GSA-rs73184520	22	47282589	NC	-0.037788	1.000000
GSA-rs79173093	22	47287369	NC	0.053680	0.508255
GSA-rs35119670	22	47288232	NC	-0.024744	0.503554
GSA-rs12160779	22	47292254	NC	0.028625	1.000000
GSA-rs6009040	22	47295656	NC	0.003702	0.513973
rs4823889	22	47296574	NC	0.060226	0.508840
GSA-rs117964110	22	47297356	NC	0.043198	1.000000
GSA-rs3891508	22	47297850	NC	0.007447	0.505493
rs5769220	22	47298873	NC	-0.024435	0.011198
rs4823890	22	47299533	NC	-0.036413	1.000000
rs867086	22	47300250	NC	0.055468	0.000000
rs5767402	22	47302584	NC	0.052419	0.498710
rs6009047	22	47304870	NC	-0.133896	0.484849
GSA-rs16995967	22	47308942	NC	-0.057269	0.493375
GSA-rs112370377	22	47308949	NC	-0.075999	0.492508
GSA-rs73888455	22	47308974	NC	-0.112349	0.986519
GSA-rs73478582	22	47309019	NC	-0.003991	0.002095
GSA-rs73478584	22	47309290	NC	0.102136	0.000000
GSA-rs16995971	22	47309351	NC	0.015064	1.000000
rs9616165	22	47332082	NC	-0.046057	0.488268
GSA-rs56205905	22	47335227	NC	0.057284	0.498376
GSA-rs4823900	22	47335392	NC	-0.047995	1.000000
GSA-rs136068	22	47344209	NC	0.072201	0.000353
GSA-rs76850005	22	47344627	NC	-0.001251	0.499344
GSA-rs116994256	22	47346042	NC	-0.001160	1.000000
rs73890505	22	47349882	NC	0.062666	0.519150
GSA-rs73186520	22	47350898	NC	-0.024504	0.482727
GSA-rs9616177	22	47351838	NC	0.148810	0.995913
rs136101	22	47363413	NC	0.007313	0.505257
rs4437	22	47370343	NC	-0.064610	0.010742
rs112648855	22	47371086	NC	-0.037100	0.000000
GSA-rs8142299	22	47374454	NC	-0.092053	0.000000
GSA-rs117449195	22	47381883	NC	0.058630	0.501073
rs55878044	22	47382150	NC	0.013670	0.520342
GSA-rs143658723	22	47386745	NC	-0.019213	0.000000
GSA-rs75430848	22	47387771	NC	-0.112149	0.990973
rs112913638	22	47397600	NC	0.026770	0.511290
GSA-rs62225117	22	47409522	NC	-0.027904	0.500126
rs55641454	22	47410000	NC	0.020122	0.523389
GSA-rs9616197	22	47411246	NC	-0.012385	1.000000
GSA-rs75104550	22	47413392	NC	0.095488	0.000000
GSA-rs16996168	22	47414062	NC	0.121750	0.498149
GSA-rs74560453	22	47419938	NC	-0.014428	0.009814
rs131946	22	47422310	NC	0.006768	0.518042
GSA-rs7291161	22	47434170	NC	0.030495	0.004729
rs5767437	22	47436702	NC	0.010323	0.490854
GSA-rs9615456	22	47439597	NC	0.065476	0.493691
rs4476	22	47440669	NC	-0.052729	0.499061
rs131896	22	47440700	NC	0.068074	0.509998
GSA-22:47444307	22	47444307	NC	-0.100916	0.508846
rs4823588	22	47446867	NC	-0.014011	0.504387
rs16996234	22	47447370	NC	0.044842	0.985736
rs131919	22	47447437	NC	-0.021464	0.997706
GSA-rs117941345	22	47450668	NC	-0.064384	0.506032
GSA-rs13054137	22	47454130	NC	-0.034886	0.502971
rs86559	22	47454664	NC	-0.007604	0.491862
rs131929	22	47458767	NC	0.079551	0.490199
GSA-rs9615127	22	47464074	NC	-0.088925	0.508167
rs739013	22	47471713	NC	-0.040827	0.498496
GSA-rs71313092	22	47476259	NC	0.001798	1.000000
rs4823464	22	47489470	NC	-0.077342	0.497685
GSA-rs79285278	22	47492833	NC	-0.036093	0.003384
rs9615461	22	47497788	NC	-0.019607	0.511370
rs5767494	22	47503584	NC	0.017697	0.498179
GSA-rs78733435	22	47516111	NC	0.041127	0.505444
GSA-rs80299207	22	47523551	NC	0.072035	1.000000
rs738665	22	47529157	NC	-0.096946	0.987139
GSA-rs144351340	22	47530307	NC	-0.075039	1.000000
rs5766691	22	47532396	NC	0.135306	0.005637
GSA-rs78096288	22	47535534	NC	0.164202	0.511160
rs56145009	22	47539561	NC	0.172676	0.485426
GSA-rs17175403	22	47541927	NC	-0.014674	0.522276
rs738669	22	47548321	NC	-0.000014	0.474435
rs754890	22	47556231	NC	-0.029462	0.000000
rs4823603	22	47557638	NC	-0.084209	1.000000
rs4823473	22	47557878	NC	-0.031267	0.495616
GSA-rs34154253	22	47559548	NC	-0.011248	0.508493
rs9637352	22	47567319	NC	-0.020107	0.494952
rs135363	22	47573107	NC	0.134051	0.994040
GSA-rs17763384	22	47576867	NC	-0.020051	1.000000
GSA-rs117622751	22	47579038	NC	-0.055592	1.000000
GSA-rs117632576	22	47585937	NC	0.103396	0.521298
GSA-rs116985463	22	47592350	NC	0.120266	0.000000
exm2268445	22	47593413	NC	-0.076601	1.000000
GSA-rs6007635	22	47601589	NC	0.045115	0.494700
rs135379	22	47604319	NC	-0.053871	0.505216
rs875029	22	47604571	NC	-0.033041	1.000000
GSA-rs9626700	22	47609590	NC	-0.067108	0.997057
rs9626702	22	47609914	NC	-0.003670	0.500681
rs4823617	22	47625244	NC	0.001192	1.000000
rs8140251	22	47631491	NC	0.074667	0.499004
GSA-rs73172511	22	47635091	NC	-0.026996	0.000000
rs136617	22	47636116	NC	-0.070993	0.000000
GSA-rs116900944	22	47643204	NC	-0.062508	0.000000
rs8136752	22	47653468	NC	-0.054781	1.000000
rs79083211	22	47653477	NC	0.069808	0.499135
rs9615482	22	47653549	NC	-0.007965	0.000000
rs4342040	22	47655072	NC	0.023968	0.511999
rs136636	22	47657635	NC	-0.054446	0.493575
GSA-rs77576813	22	47668054	NC	0.001884	0.477023
GSA-rs118179232	22	47669548	NC	-0.100299	0.493938
rs73887242	22	47671028	NC	-0.046390	0.000000
GSA-rs118077630	22	47671305	NC	-0.000662	0.005730
GSA-rs62225336	22	47673252	NC	0.031074	1.000000
rs11913251	22	47675263	NC	0.036994	0.486881
GSA-rs73469736	22	47676867	NC	-0.029190	0.016925
rs766168	22	47679901	NC	0.048989	0.500349
rs6008118	22	47683805	NC	0.020863	0.491282
rs2187793	22	47688003	NC	0.057588	0.507496
rs9626993	22	47688227	NC	0.020282	0.011410
GSA-rs138903421	22	47691892	NC	0.013988	0.486765
GSA-rs184677623	22	47692056	NC	-0.186677	0.499346
rs1029311	22	47696868	NC	-0.018539	1.000000
GSA-rs73172554	22	47706426	NC	-0.009660	0.013604
rs5766748	22	47709744	NC	0.099888	0.983764
rs5767676	22	47711836	NC	0.052916	0.508482
rs116740211	22	47721410	NC	0.096075	0.014479
GSA-rs79265174	22	47724889	NC	0.064507	0.011878
rs4823632	22	47735419	NC	-0.000808	0.989990
GSA-rs116251692	22	47747733	NC	0.050995	0.980953
rs6008150	22	47748531	NC	-0.045866	0.508571
GSA-rs61670807	22	47748958	NC	0.048780	0.501487
GSA-rs117718838	22	47756494	NC	-0.075040	1.000000
GSA-rs55876127	22	47757237	NC	0.037030	0.496901
rs2337542	22	47758290	NC	-0.059739	0.488710
GSA-rs131853	22	47763158	NC	-0.009923	0.488049
GSA-rs73475602	22	47765327	NC	0.033010	0.495454
rs59039117	22	47765729	NC	0.047905	0.981806
rs713983	22	47767893	NC	-0.059681	0.000000
GSA-rs62225357	22	47770118	NC	0.086558	0.502831
GSA-rs112887208	22	47777675	NC	0.046541	0.000000
rs9626722	22	47783287	NC	-0.070820	0.478293
GSA-rs76148675	22	47785456	NC	-0.009586	1.000000
rs34214957	22	47788396	NC	-0.088365	0.475108
GSA-rs5767722	22	47788961	NC	-0.045212	1.000000
rs910081	22	47797442	NC	-0.124666	1.000000
GSA-rs77031946	22	47800416	NC	-0.079162	0.492458
GSA-rs9615158	22	47817880	NC	-0.095188	0.495293
rs4823482	22	47820668	NC	-0.018969	0.503181
rs7287901	22	47823761	NC	-0.016981	0.988483
rs73172599	22	47827401	NC	-0.082868	0.000000
rs763031	22	47830777	NC	-0.062673	0.996154
rs2027855	22	47837513	NC	-0.040733	0.488107
rs130872	22	47851349	NC	-0.034451	0.002309
GSA-rs929048	22	47851757	NC	0.002755	0.515004
GSA-rs4823645	22	47852481	NC	0.094162	0.972394
GSA-rs76811265	22	47852696	NC	0.115111	0.506042
GSA-rs117162572	22	47853167	NC	0.075973	1.000000
GSA-rs116961986	22	47857356	NC	0.088324	0.005287
GSA-rs62225361	22	47861355	NC	0.139318	0.508511
GSA-rs115183643	22	47864743	NC	-0.039941	0.007910
rs6007671	22	47864764	NC	-0.006428	0.000000
GSA-rs117081659	22	47870544	NC	-0.009584	0.000000
GSA-rs73174714	22	47874082	NC	0.011739	0.484271
GSA-rs9615162	22	47875335	NC	0.083291	0.518338
GSA-rs34476782	22	47876012	NC	0.057356	0.507296
rs9627057	22	47880162	NC	-0.034464	0.510898
rs146006978	22	47882492	NC	-0.015619	0.530681
rs9627062	22	47885425	NC	-0.017605	1.000000
rs1981462	22	47890114	NC	-0.046072	0.008698
GSA-rs16996925	22	47896174	NC	0.081223	0.007527
GSA-rs9615539	22	47898444	NC	-0.068796	0.506851
rs6008239	22	47898585	NC	0.061316	0.996108
GSA-rs131056	22	47905322	NC	-0.096141	0.000926
GSA-rs117787677	22	47931188	NC	-0.007955	0.986971
rs6008250	22	47931216	NC	-0.022706	0.526788
GSA-rs12628793	22	47932395	NC	0.016353	0.999334
rs5767791	22	47937655	NC	0.044450	0.995083
rs135143	22	47937891	NC	0.031230	0.000000
rs130481	22	47940908	NC	0.063039	0.000000
GSA-rs77650614	22	47941280	NC	0.073930	0.490094
GSA-rs118159773	22	47942207	NC	0.128058	0.514843
GSA-rs7288712	22	47942764	NC	-0.075085	0.495921
rs10460765	22	47944748	NC	0.000744	0.000000
GSA-rs79829102	22	47946836	NC	-0.047725	0.000000
GSA-rs5767806	22	47950158	NC	-0.022320	0.505280
GSA-rs2064433	22	47957146	NC	-0.032233	1.000000
rs6007694	22	47959703	NC	-0.033931	0.503962
rs2285093	22	47961708	NC	0.049300	0.000000
GSA-rs79369357	22	47962574	NC	-0.051678	0.501751
GSA-rs115118	22	47973949	NC	0.090406	0.000000
rs131120	22	47976235	NC	0.016924	0.000000
GSA-rs117364427	22	47981350	NC	0.082657	1.000000
rs2337969	22	47983376	NC	-0.261010	0.519570
GSA-rs13056610	22	47983952	NC	0.026366	0.514783
GSA-rs75188320	22	47984014	NC	0.044928	0.004989
rs56813510	22	47986266	NC	0.071414	0.000000
rs5766806	22	47987698	NC	-0.087551	0.481813
rs131103	22	47987803	NC	-0.099428	0.500824
rs131100	22	47989391	NC	-0.043972	0.481677
GSA-rs78449155	22	47990424	NC	0.013450	0.482157
GSA-rs1858755	22	47993409	NC	-0.057317	1.000000
rs6007701	22	47995497	NC	-0.077347	0.482905
GSA-rs75834517	22	47997712	NC	0.020397	0.514561
rs9615171	22	48001879	NC	0.032679	1.000000
rs6008295	22	48008933	NC	0.135605	0.000000
rs5767834	22	48010698	NC	-0.102998	1.000000
GSA-rs28725442	22	48016110	NC	-0.091791	0.516032
rs5767849	22	48022020	NC	0.037136	0.505419
GSA-rs9626749	22	48022887	NC	-0.016293	0.486779
GSA-rs117194462	22	48025787	NC	-0.036651	0.012515
rs9627093	22	48028984	NC	0.022707	1.000000
GSA-rs73174771	22	48032189	NC	-0.028967	0.000610
GSA-rs76887417	22	48036950	NC	0.013091	0.483583
rs113962256	22	48043352	NC	-0.054500	0.495900
GSA-rs17669761	22	48047131	NC	0.022171	0.999815
rs371022	22	48065145	NC	0.050683	0.003047
rs132125	22	48070614	NC	-0.047344	0.000000
GSA-rs73174785	22	48071492	NC	0.019498	0.003481
rs61521756	22	48077017	NC	0.120148	0.001495
GSA-rs62227799	22	48084888	NC	0.020318	0.486041
GSA-rs62227807	22	48093502	NC	0.055723	0.491903
rs397723	22	48112790	NC	-0.050266	0.498972
GSA-rs79046739	22	48120843	NC	0.102228	0.478527
rs9627120	22	48121985	NC	0.034320	0.496597
GSA-rs74780177	22	48131294	NC	-0.086704	0.000000
GSA-rs6008359	22	48132588	NC	-0.097669	0.512949
GSA-rs145744511	22	48133557	NC	-0.002971	0.997958
rs12158109	22	48138017	NC	0.047020	1.000000
GSA-rs6008372	22	48144783	NC	0.075522	0.497209
rs5767968	22	48145834	NC	-0.059240	0.510994
rs6008375	22	48153237	NC	0.018047	0.990436
GSA-rs2338254	22	48162131	NC	-0.109295	0.502516
GSA-rs73176710	22	48162458	NC	0.021230	0.018427
GSA-rs11703458	22	48164478	NC	-0.036539	1.000000
rs16997552	22	48174656	NC	-0.031785	0.999107
rs878487	22	48177116	NC	-0.029440	0.496789
rs738738	22	48180475	NC	-0.042820	0.974220
GSA-rs7290606	22	48181793	NC	-0.129641	0.499971
rs9626773	22	48182991	NC	0.046678	0.005262
GSA-rs117057152	22	48184082	NC	-0.016665	0.494289
rs117825507	22	48187732	NC	-0.022176	0.993555
rs5767992	22	48188253	NC	-0.143665	1.000000
rs77876633	22	48193505	NC	0.148299	0.502520
GSA-rs2103954	22	48196529	NC	0.041782	0.009759
rs4823694	22	48202555	NC	-0.006002	0.501708
GSA-rs6008400	22	48207896	NC	-0.065999	0.990781
rs6008402	22	48209939	NC	0.023665	0.498697
rs11703828	22	48212275	NC	-0.016123	0.989920
rs6007751	22	48214076	NC	-0.056346	0.508380
GSA-rs118168483	22	48216236	NC	-0.010705	0.996494
rs5768015	22	48216602	NC	-0.116476	0.030041
rs4823703	22	48222045	NC	-0.137617	0.993119
GSA-rs4823709	22	48225753	NC	0.063197	0.517835
GSA-rs738744	22	48231357	NC	0.059920	0.481594
rs5766904	22	48237819	NC	0.033982	0.481535
GSA-rs117713082	22	48238803	NC	0.009228	0.487946
rs11704818	22	48248892	NC	-0.094015	0.506722
GSA-rs150774015	22	48250952	NC	0.071455	0.017639
rs5768088	22	48255862	NC	0.056423	0.491847
GSA-rs113251484	22	48256537	NC	-0.007645	1.000000
rs761917	22	48258293	NC	-0.060617	0.505319
rs2064803	22	48269511	NC	-0.025772	0.478071
rs4823719	22	48274032	NC	-0.041645	0.476584
rs4823721	22	48274134	NC	-0.168235	0.513135
rs5768107	22	48281227	NC	0.035166	0.000000
rs6007757	22	48282594	NC	0.063920	0.995372
GSA-rs62224237	22	48284296	NC	0.001611	1.000000
GSA-rs738728	22	48285991	NC	-0.020263	0.499667
GSA-rs5768114	22	48287937	NC	-0.023870	0.500099
rs738733	22	48295417	NC	-0.070232	0.982576
rs5768148	22	48307904	NC	-0.056506	0.002432
GSA-rs5768149	22	48309365	NC	-0.123319	0.517255
GSA-rs12157373	22	48311561	NC	0.042421	1.000000
rs112432957	22	48312904	NC	0.075644	0.003722
rs5768156	22	48314463	NC	-0.016368	0.990644
rs6008456	22	48317614	NC	-0.021695	0.000000
rs4990141	22	48318002	NC	-0.014665	0.494489
rs874961	22	48318237	NC	0.124350	1.000000
GSA-rs73182791	22	48319386	NC	0.030588	0.495953
GSA-rs117663002	22	48320482	NC	-0.013408	0.000000
GSA-rs117162349	22	48320652	NC	-0.063779	0.010186
rs9615234	22	48321123	NC	0.009900	0.000000
rs5768178	22	48324344	NC	0.045614	0.002031
GSA-rs78965479	22	48329533	NC	0.034181	1.000000
rs5768202	22	48334119	NC	0.009872	0.995447
GSA-rs5766957	22	48336091	NC	-0.075974	0.020117
GSA-rs73888015	22	48341265	NC	-0.034310	0.497830
rs5766958	22	48343389	NC	0.045433	0.515673
GSA-rs113212741	22	48345524	NC	-0.011960	0.000000
GSA-rs56091638	22	48352440	NC	0.015116	0.006103
rs4823509	22	48363970	NC	-0.098966	0.511665
rs13055322	22	48365123	NC	-0.025866	0.504632
GSA-rs77386801	22	48367070	NC	0.078640	0.999968
rs6008485	22	48371416	NC	0.006409	0.487667
rs5768220	22	48371721	NC	-0.091133	0.000000
rs76192177	22	48371991	NC	0.042821	0.000000
rs9615717	22	48381376	NC	-0.010918	0.001357
GSA-rs79669777	22	48387242	NC	-0.030036	0.479053
GSA-rs118027103	22	48390279	NC	0.022247	0.494449
rs9615251	22	48392711	NC	-0.069703	0.985269
GSA-rs117336966	22	48393657	NC	0.019916	0.495047
GSA-rs6007780	22	48395782	NC	-0.029738	0.976233
rs9615252	22	48396897	NC	-0.036742	1.000000
rs5766971	22	48397852	NC	-0.038511	0.015574
GSA-rs62225670	22	48403186	NC	-0.044412	1.000000
rs6008503	22	48404527	NC	0.224212	0.517292
rs135345	22	48409635	NC	0.075025	0.996983
GSA-rs117639066	22	48413953	NC	-0.011069	0.496075
GSA-rs77730349	22	48421654	NC	-0.001399	0.475160
rs743094	22	48434062	NC	0.007984	0.972501
rs738704	22	48434712	NC	-0.037981	0.503028
rs6008523	22	48444881	NC	0.028584	0.994464
rs135264	22	48454693	NC	0.071709	0.000000
rs5768311	22	48457140	NC	-0.024605	0.502965
rs9627236	22	48471352	NC	-0.006464	0.999823
GSA-rs7284100	22	48473412	NC	-0.018845	0.013539
rs135294	22	48477781	NC	0.069661	0.484040
GSA-rs6008549	22	48478158	NC	-0.076123	1.000000
GSA-rs116988783	22	48483057	NC	-0.003734	1.000000
rs11703784	22	48483072	NC	-0.036124	0.000000
GSA-rs117805886	22	48491227	NC	-0.002322	0.991113
rs12172234	22	48492542	NC	0.030389	1.000000
GSA-rs35941134	22	48493463	NC	0.025567	0.492317
rs5768350	22	48494758	NC	0.086127	0.513232
GSA-rs117403545	22	48495161	NC	-0.131650	0.506183
GSA-rs16998356	22	48496616	NC	0.081640	0.002472
rs9626807	22	48501694	NC	0.069587	0.499879
GSA-rs117577285	22	48509151	NC	0.069892	0.000000
rs16998380	22	48510196	NC	-0.040594	0.000000
GSA-rs17625488	22	48510973	NC	-0.103860	0.515779
rs16994730	22	48514296	NC	-0.024249	0.491222
GSA-rs77850061	22	48514561	NC	0.011840	0.995417
rs715500	22	48529709	NC	-0.043146	0.000221
GSA-rs131127	22	48530770	NC	0.082992	0.475037
GSA-rs73480896	22	48533127	NC	-0.042638	0.997208
GSA-rs117969706	22	48534015	NC	-0.042374	0.483850
rs2338671	22	48538763	NC	-0.161640	0.502581
rs34511869	22	48540651	NC	-0.026038	1.000000
rs131137	22	48546285	NC	0.091681	0.492204
GSA-rs78191372	22	48548256	NC	-0.106468	0.499965
GSA-rs80128396	22	48557822	NC	0.080265	0.510871
GSA-rs5768412	22	48567467	NC	-0.118678	0.488819
GSA-rs117210489	22	48580665	NC	-0.021292	0.511651
rs926233	22	48587960	NC	0.034740	0.002150
rs133528	22	48590929	NC	-0.083195	0.001745
rs6007812	22	48591245	NC	0.061637	0.016426
rs133530	22	48591444	NC	0.060773	0.520094
rs12169853	22	48594309	NC	0.015383	0.999181
rs5768434	22	48598852	NC	0.027082	0.003425
GSA-rs12484143	22	48599065	NC	0.006780	0.507251
GSA-rs5767060	22	48600260	NC	0.056806	0.503722
GSA-rs117657266	22	48602385	NC	0.036266	0.511764
GSA-rs7286079	22	48603295	NC	-0.082337	0.483619
rs60349186	22	48605650	NC	-0.088747	0.990574
GSA-rs73186731	22	48605975	NC	0.069557	0.504100
rs74507238	22	48607490	NC	0.094345	0.994298
rs76711243	22	48607847	NC	0.061877	0.005289
GSA-rs117670747	22	48609675	NC	-0.050602	0.496359
rs9615800	22	48609843	NC	-0.089712	0.987958
rs738184	22	48615721	NC	0.078093	0.501617
rs9615811	22	48617522	NC	-0.070951	1.000000
rs5768453	22	48621722	NC	0.028033	1.000000
GSA-rs34204455	22	48622929	NC	-0.038746	0.497773
rs2013591	22	48624809	NC	0.062145	1.000000
rs13054085	22	48630184	NC	0.091415	0.000000
GSA-rs76884740	22	48631939	NC	0.023118	0.512630
rs5767072	22	48634223	NC	0.022113	0.000000
rs5768461	22	48636212	NC	-0.009201	0.000000
rs469999	22	48637056	NC	0.035539	0.000000
rs74278741	22	48642910	NC	-0.064281	1.000000
GSA-rs5768480	22	48645780	NC	-0.025832	1.000000
rs4499	22	48646288	NC	0.019708	0.523916
rs77652610	22	48649223	NC	0.044817	0.495909
GSA-rs79506914	22	48651368	NC	-0.003874	0.998164
GSA-rs73479545	22	48657382	NC	0.126860	0.494633
rs4392	22	48658493	NC	-0.041030	0.975850
GSA-rs34326441	22	48658601	NC	-0.032217	0.000000
GSA-rs74755044	22	48658891	NC	0.057525	0.490608
rs133580	22	48659880	NC	0.012391	0.498226
GSA-rs133584	22	48665415	NC	-0.011527	0.497018
GSA-rs133588	22	48666450	NC	0.093967	0.000000
GSA-rs62226623	22	48667212	NC	-0.115639	1.000000
rs6007822	22	48671102	NC	0.022423	0.012082
rs909502	22	48672302	NC	-0.061298	0.000000
GSA-rs111536152	22	48677603	NC	-0.009292	1.000000
rs35835342	22	48677819	NC	0.004233	0.983415
GSA-rs76663933	22	48679174	NC	0.002300	0.511501
rs73169417	22	48684220	NC	0.054459	0.505799
rs11702956	22	48687076	NC	-0.008078	1.000000
rs35679622	22	48689626	NC	0.023938	0.509771
rs36007025	22	48689786	NC	-0.048636	0.498707
rs133616	22	48691715	NC	0.067597	0.494125
rs28675311	22	48696193	NC	0.058138	0.515026
rs133620	22	48698117	NC	-0.094254	0.496848
GSA-rs12627978	22	48699609	NC	-0.029143	1.000000
rs4396	22	48701023	NC	0.086029	0.483820
GSA-rs9615863	22	48701826	NC	-0.022421	1.000000
GSA-rs117789314	22	48705432	NC	0.013223	0.000000
rs133631	22	48707427	NC	0.050325	0.518654
rs9615864	22	48708954	NC	-0.100267	0.983445
GSA-rs73169441	22	48713074	NC	0.051907	0.000496
GSA-rs133649	22	48715166	NC	0.036941	0.497760
rs742019	22	48715863	NC	-0.088023	1.000000
GSA-rs133651	22	48717026	NC	-0.040135	0.512875
rs6008628	22	48717101	NC	-0.062097	0.003221
GSA-rs9615867	22	48719458	NC	-0.097056	0.511571
rs133658	22	48722383	NC	0.066105	0.510184
GSA-rs9615868	22	48723377	NC	0.019283	0.496498
rs133662	22	48725114	NC	-0.143623	0.508472
GSA-rs74848814	22	48725278	NC	0.022818	0.007104
GSA-rs75753551	22	48725319	NC	0.025901	0.982285
GSA-rs909497	22	48726517	NC	-0.001949	1.000000
GSA-rs117863393	22	48728671	NC	-0.070882	0.507172
GSA-rs34134485	22	48729670	NC	0.041063	0.525875
rs6008655	22	48739456	NC	-0.035990	1.000000
rs10427669	22	48742097	NC	-0.036251	1.000000
GSA-rs73169466	22	48746037	NC	-0.045137	0.520052
rs13054685	22	48747116	NC	0.042706	0.509947
rs1883131	22	48749424	NC	0.084307	0.002678
rs5768555	22	48750445	NC	-0.062211	0.514430
GSA-rs2179060	22	48752757	NC	-0.079042	0.502074
rs9627314	22	48757897	NC	-0.103184	0.518160
rs5767121	22	48762687	NC	-0.009854	0.489605
rs133679	22	48766025	NC	-0.002797	0.485301
rs4823756	22	48766791	NC	0.043517	0.973081
GSA-rs133693	22	48768431	NC	0.056083	1.000000
GSA-rs116854386	22	48768677	NC	-0.066151	0.010841
GSA-rs78239657	22	48782213	NC	0.052409	0.992093
rs73487196	22	48793169	NC	-0.060998	0.512432
rs73888588	22	48793192	NC	0.002662	0.496780
GSA-rs73487197	22	48793605	NC	0.064180	0.512474
GSA-rs58286997	22	48799877	NC	0.003505	0.493012
GSA-rs117696728	22	48800032	NC	0.025115	0.506455
GSA-rs130804	22	48801666	NC	0.007565	0.989605
rs130830	22	48809362	NC	0.041168	1.000000
rs73171414	22	48810817	NC	0.031133	0.491802
rs16998984	22	48811068	NC	-0.085061	0.483515
GSA-rs75066394	22	48814168	NC	0.021683	1.000000
rs6007848	22	48815752	NC	0.071093	0.483648
rs5767136	22	48816766	NC	0.112562	0.467024
rs17707481	22	48818021	NC	-0.006839	0.507617
rs6007850	22	48819398	NC	-0.017257	0.499598
GSA-rs76332574	22	48819532	NC	0.071388	0.000000
rs12106638	22	48820023	NC	0.022232	1.000000
GSA-rs4823768	22	48822390	NC	-0.023768	0.996480
rs7293013	22	48823357	NC	-0.060784	0.504179
rs916268	22	48826019	NC	0.136814	0.512837
GSA-rs75207814	22	48828134	NC	0.004343	0.511627
GSA-rs77857154	22	48828659	NC	0.074251	0.506379
rs4823535	22	48830958	NC	-0.017157	0.000000
GSA-rs73485269	22	48831652	NC	0.005844	0.498555
rs8136255	22	48832904	NC	-0.003666	0.492924
GSA-rs5768620	22	48834199	NC	-0.046076	0.010908
rs78574224	22	48835424	NC	-0.012738	0.487362
rs9627347	22	48836042	NC	0.023034	0.006068
rs135168	22	48836425	NC	0.058672	0.000000
rs13056560	22	48837867	NC	-0.003078	0.504957
rs4823776	22	48838815	NC	0.003199	0.501652
GSA-rs74763425	22	48842959	NC	0.010516	0.489848
exm2273068	22	48843119	NC	0.081306	0.995665
GSA-rs8140841	22	48844608	NC	0.044292	0.502579
rs2001078	22	48844751	NC	0.005280	0.000000
GSA-rs9615893	22	48851078	NC	-0.198026	1.000000
GSA-rs12169429	22	48852587	NC	0.016457	0.511878
GSA-rs76893291	22	48855036	NC	0.013005	0.000000
rs5768643	22	48855412	NC	-0.002045	0.012199
GSA-rs9627357	22	48857484	NC	0.024799	0.021043
GSA-rs75698695	22	48871294	NC	0.004689	0.492612
GSA-rs76164244	22	48872140	NC	-0.004951	0.997363
rs6008718	22	48872692	NC	0.016772	1.000000
rs5768657	22	48873919	NC	0.015088	0.519905
rs11913664	22	48877273	NC	0.066102	0.997717
rs6007864	22	48883081	NC	0.043031	0.007458
rs6008735	22	48888351	NC	-0.014074	0.011348
rs5767172	22	48892314	NC	-0.136856	0.011983
rs11913116	22	48894613	NC	-0.015251	0.000000
rs10460766	22	48896580	NC	0.061227	0.981761
GSA-rs6008741	22	48897881	NC	-0.036340	0.000402
rs763002	22	48901623	NC	-0.006226	0.000000
rs4823790	22	48903278	NC	-0.088945	0.523703
rs133513	22	48908084	NC	-0.003335	1.000000
rs133503	22	48911602	NC	-0.079450	0.499167
rs6520007	22	48921733	NC	0.161353	0.485064
rs916283	22	48928215	NC	-0.044744	0.029029
rs133473	22	48929226	NC	0.086600	1.000000
rs5768709	22	48929569	NC	-0.076232	0.491383
rs80517	22	48929867	NC	-0.109308	0.493710
GSA-rs73888446	22	48930780	NC	0.035789	0.490350
GSA-rs73173404	22	48934772	NC	0.023772	0.992558
GSA-rs78011702	22	48940506	NC	0.003641	0.982971
rs9615919	22	48940644	NC	0.000962	0.496124
rs16999364	22	48941730	NC	0.110377	0.498377
rs16999372	22	48943842	NC	-0.001932	0.991413
GSA-rs76141473	22	48949588	NC	0.055723	1.000000
GSA-rs10483242	22	48958927	NC	0.065490	0.000000
rs5767194	22	48960409	NC	0.035925	1.000000
GSA-rs73425926	22	48965771	NC	0.005816	0.525719
rs74755527	22	48970145	NC	0.059498	1.000000
rs5768744	22	48974855	NC	-0.061253	0.503888
GSA-rs73173418	22	48975696	NC	0.057357	0.487504
rs28607216	22	48976795	NC	0.050074	0.000000
rs35442569	22	48977485	NC	0.029717	0.999717
rs145463015	22	48979600	NC	-0.014254	0.000000
GSA-rs35883968	22	48982923	NC	-0.029505	0.984050
rs34282403	22	48984016	NC	0.020732	0.000000
GSA-rs28385606	22	48989851	NC	0.036135	1.000000
rs28670921	22	48990016	NC	0.009954	0.000000
GSA-rs76703344	22	48994925	NC	-0.123709	0.502960
GSA-rs77637002	22	48998731	NC	0.043312	1.000000
rs28540533	22	49003874	NC	-0.009651	0.998664
rs28470428	22	49004138	NC	0.055655	1.000000
rs28619115	22	49004395	NC	0.097337	0.492780
GSA-rs28660539	22	49008816	NC	-0.021659	0.995542
GSA-rs117373929	22	49009460	NC	0.048277	0.502528
rs73173452	22	49010940	NC	-0.004730	0.000000
rs28480167	22	49011701	NC	0.025712	0.518014
rs28478619	22	49012304	NC	-0.053839	0.519935
rs28621643	22	49012662	NC	-0.134134	0.010359
GSA-rs28437626	22	49013430	NC	0.059004	0.496962
rs9617409	22	49019380	NC	-0.059626	0.498359
rs1116488	22	49020010	NC	0.026795	0.480000
rs5771622	22	49027446	NC	-0.033122	0.476177
GSA-rs116849156	22	49028388	NC	-0.008781	0.016472
rs6010520	22	49028732	NC	-0.057288	0.007622
rs12484497	22	49029262	NC	-0.007922	0.494898
GSA-rs117604295	22	49033025	NC	-0.029153	1.000000
GSA-rs7290651	22	49033984	NC	-0.081449	0.495950
GSA-rs73429964	22	49035766	NC	0.020890	0.981990
GSA-rs76500988	22	49036323	NC	0.078146	0.000000
rs761788	22	49039797	NC	-0.013783	0.996902
GSA-rs117293902	22	49041016	NC	-0.068533	0.000000
rs730147	22	49043912	NC	0.011919	0.507210
rs9617477	22	49045770	NC	-0.137926	0.472717
rs2337487	22	49048646	NC	-0.103967	0.496748
rs11704388	22	49049468	NC	0.074787	1.000000
rs8142256	22	49050435	NC	0.022302	0.000000
rs11204493	22	49055167	NC	-0.103186	0.000000
rs73891343	22	49056438	NC	-0.110130	0.491891
rs17823579	22	49059226	NC	-0.011485	0.499014
GSA-rs4925431	22	49060976	NC	-0.112833	0.000000
rs4925432	22	49060994	NC	-0.099708	0.497984
rs77899570	22	49061028	NC	0.079700	1.000000
rs11913836	22	49062315	NC	-0.004404	0.519034
GSA-rs58887993	22	49062369	NC	0.015983	1.000000
GSA-rs9617493	22	49065116	NC	0.059101	0.497054
GSA-rs73175134	22	49065704	NC	-0.009288	0.003296
rs73889542	22	49065939	NC	-0.077579	1.000000
rs5771705	22	49065944	NC	-0.030613	0.964447
rs12485086	22	49068081	NC	0.017400	0.482680
rs9617419	22	49068935	NC	0.075354	0.001477
rs10483243	22	49069693	NC	-0.015494	0.503548
rs58577646	22	49072727	NC	0.003655	0.500453
rs11912386	22	49076187	NC	0.049495	0.000000
rs132220	22	49076564	NC	0.027786	0.493950
rs73175151	22	49078213	NC	-0.079272	0.008332
rs4244607	22	49078382	NC	0.005063	0.501480
rs5771713	22	49080458	NC	0.012380	0.514049
rs5771716	22	49080775	NC	0.068112	0.498352
rs13053354	22	49083660	NC	-0.042185	0.493371
rs11204500	22	49085175	NC	0.022967	0.994547
rs4925435	22	49085205	NC	0.052028	0.002225
GSA-rs77043864	22	49086346	NC	-0.058312	0.509092
rs7288241	22	49086481	NC	0.015734	0.503751
GSA-rs130129	22	49096694	NC	-0.044974	1.000000
rs130132	22	49097331	NC	0.026780	0.985500
rs9617422	22	49099451	NC	0.022193	0.505330
GSA-rs4925446	22	49099888	NC	-0.074121	0.484022
GSA-rs132231	22	49102667	NC	-0.027691	0.501215
rs130158	22	49107829	NC	0.014337	0.489865
rs13053451	22	49108592	NC	-0.092162	0.000000
rs130163	22	49109677	NC	-0.027428	0.506957
GSA-rs77087614	22	49118535	NC	-0.031057	0.495625
rs130191	22	49118598	NC	-0.022238	0.000000
rs130199	22	49120754	NC	0.035846	0.018469
rs6587310	22	49123661	NC	0.090553	0.993942
GSA-rs13058052	22	49128427	NC	-0.017668	0.509426
GSA-rs7286059	22	49145128	NC	-0.069753	0.995676
GSA-rs117229848	22	49146379	NC	-0.055832	0.511112
GSA-rs75154671	22	49150068	NC	-0.041318	0.493625
rs13056461	22	49155087	NC	-0.016941	1.000000
rs5771629	22	49157079	NC	0.084684	0.000000
GSA-rs77756067	22	49158148	NC	0.090905	0.468015
GSA-rs76476178	22	49163067	NC	0.013120	0.000000
rs7286383	22	49163473	NC	-0.047680	0.480380
GSA-rs75968298	22	49171081	NC	-0.015150	0.504165
rs5771644	22	49174803	NC	0.045834	0.504345
rs131025	22	49175009	NC	-0.012395	0.001491
rs6010527	22	49176220	NC	-0.011052	0.510540
rs78492	22	49176977	NC	-0.127390	0.000000
rs17824173	22	49177358	NC	0.016159	0.515752
GSA-rs79806349	22	49178339	NC	-0.036007	0.002876
GSA-rs140383675	22	49178786	NC	0.005385	1.000000
rs2337497	22	49179546	NC	0.096444	0.010087
GSA-rs117567961	22	49179673	NC	0.100874	0.506612
GSA-rs8136148	22	49189233	NC	0.051577	0.008981
GSA-rs117458295	22	49191060	NC	-0.023705	0.997499
rs16999916	22	49194740	NC	0.001438	0.497870
rs5771851	22	49195316	NC	0.018633	0.516268
rs5771853	22	49195990	NC	-0.074605	0.014522
GSA-rs9617458	22	49196699	NC	-0.075528	0.988314
GSA-rs58163826	22	49201009	NC	-0.082878	0.507315
GSA-rs9617397	22	49201452	NC	-0.043971	0.000000
rs9617464	22	49201704	NC	0.019843	1.000000
GSA-rs5771860	22	49203073	NC	0.009994	0.000000
GSA-rs62225981	22	49203076	NC	-0.096784	0.505010
GSA-rs34353439	22	49203159	NC	-0.086113	0.000000
rs34407081	22	49203503	NC	0.023913	1.000000
rs9628553	22	49203679	NC	0.110712	1.000000
rs5771862	22	49203968	NC	-0.068853	0.501388
rs9617402	22	49205090	NC	0.077691	0.992030
GSA-rs62225983	22	49206565	NC	-0.079942	0.503916
rs7288568	22	49209360	NC	0.004329	0.991691
GSA-rs143215324	22	49212470	NC	-0.007690	0.003534
rs7286388	22	49212730	NC	-0.004435	0.000000
rs143297251	22	49216289	NC	0.132568	0.497756
GSA-rs80126241	22	49220600	NC	-0.055751	0.000000
rs7511364	22	49220704	NC	0.106417	0.501347
GSA-rs11204487	22	49225538	NC	0.032808	0.498830
GSA-rs7284992	22	49226374	NC	-0.063152	0.474567
GSA-rs28444486	22	49231540	NC	-0.112465	0.488539
rs78375305	22	49233543	NC	0.074005	0.501038
rs28704073	22	49235593	NC	-0.059617	0.510016
rs73179552	22	49241330	NC	0.022317	0.012010
rs28419286	22	49241617	NC	-0.100585	0.996340
GSA-rs28375551	22	49241664	NC	-0.024163	0.999164
GSA-rs73179563	22	49261591	NC	0.102353	0.508426
GSA-rs115520670	22	49262021	NC	-0.031100	0.003038
rs3935733	22	49262144	NC	-0.051915	0.514523
rs73889859	22	49262255	NC	0.004463	0.992247
rs4076042	22	49262579	NC	0.138780	0.514992
GSA-rs117353787	22	49262584	NC	-0.077166	0.510781
GSA-rs116974058	22	49262840	NC	0.014073	0.503452
rs28451832	22	49263108	NC	0.089250	0.502582
GSA-rs77293382	22	49263117	NC	0.027274	0.487900
rs28497237	22	49263192	NC	0.082756	1.000000
rs28578895	22	49264313	NC	-0.115884	0.000000
rs28496358	22	49264574	NC	-0.048191	0.478409
rs28538790	22	49264683	NC	0.030817	0.009751
rs35938512	22	49264754	NC	0.066114	0.508552
rs73427900	22	49266666	NC	-0.041983	0.986393
GSA-rs77311868	22	49270838	NC	0.029191	0.490845
GSA-rs117445710	22	49272303	NC	-0.000454	1.000000
rs4075230	22	49273804	NC	-0.076034	0.482205
rs80326259	22	49275828	NC	0.051984	0.502375
GSA-rs3935258	22	49279149	NC	-0.021205	0.499018
rs3936054	22	49279277	NC	-0.066416	0.000000
rs28395391	22	49281965	NC	-0.052178	0.992583
GSA-rs76229632	22	49289448	NC	0.061183	0.484101
rs6009275	22	49294205	NC	-0.053186	0.996598
GSA-rs73179587	22	49295721	NC	-0.077518	0.985080
rs875576	22	49302644	NC	0.034016	1.000000
rs12171007	22	49302696	NC	0.048352	0.000000
rs6009352	22	49305099	NC	-0.026015	0.993880
rs2318399	22	49305789	NC	-0.022179	1.000000
rs56876325	22	49305921	NC	-0.021393	0.493126
rs6009448	22	49313561	NC	0.013863	1.000000
rs5769415	22	49316305	NC	0.006254	0.000000
rs73179602	22	49318696	NC	0.003354	0.499681
rs4824005	22	49321780	NC	-0.022603	0.985266
GSA-rs73181703	22	49322837	NC	0.029773	1.000000
rs62225909	22	49325245	NC	-0.027828	0.495619
rs73431814	22	49326715	NC	-0.003276	0.000000
rs71314884	22	49330313	NC	-0.058414	0.013308
GSA-rs76018071	22	49335065	NC	-0.009388	1.000000
rs12170462	22	49335738	NC	0.011031	0.497482
GSA-rs12159798	22	49339311	NC	-0.024412	0.491744
GSA-rs76866981	22	49340712	NC	-0.013563	0.483184
GSA-rs55636250	22	49340866	NC	0.024928	0.997512
GSA-rs78307189	22	49341179	NC	-0.092675	1.000000
rs7284528	22	49341458	NC	0.014533	0.973024
GSA-rs62225940	22	49341733	NC	0.063763	0.509553
GSA-rs5769616	22	49342625	NC	-0.029057	0.493285
rs5770398	22	49343781	NC	0.009194	0.013736
rs35673575	22	49344361	NC	-0.148886	0.498896
GSA-rs148870277	22	49347077	NC	-0.119742	0.996323
rs116026358	22	49348797	NC	-0.095783	0.010193
rs6009715	22	49351462	NC	0.008481	0.488689
rs7287396	22	49352846	NC	0.058215	0.003093
GSA-rs6009734	22	49353557	NC	-0.010144	1.000000
rs9628063	22	49360424	NC	0.074754	0.000000
GSA-rs73433971	22	49363742	NC	0.095256	0.995626
rs5770581	22	49364780	NC	0.032348	0.497057
rs5769705	22	49365356	NC	-0.032794	0.985838
rs5769706	22	49365517	NC	-0.063071	0.000000
GSA-rs75651092	22	49369775	NC	0.011700	0.505999
rs17824774	22	49369993	NC	0.010564	0.000000
GSA-rs73181796	22	49370365	NC	-0.007246	0.982501
rs5770666	22	49375244	NC	-0.039897	0.494632
GSA-rs62221247	22	49375523	NC	-0.003818	0.008760
rs742976	22	49377893	NC	0.009266	1.000000
GSA-rs117877573	22	49393541	NC	0.173561	0.991774
rs62223365	22	49396259	NC	0.139297	0.491316
rs2873699	22	49396512	NC	-0.158421	0.502633
rs34189568	22	49398026	NC	-0.032953	0.000000
GSA-rs117084099	22	49403008	NC	-0.005795	0.997302
rs4823966	22	49404049	NC	-0.004765	0.000000
GSA-rs2318432	22	49405594	NC	-0.000419	0.504768
rs5769796	22	49408735	NC	0.028260	1.000000
rs5769373	22	49411595	NC	0.013516	0.481679
rs5769381	22	49417110	NC	-0.032424	0.000000
GSA-rs77312977	22	49418050	NC	-0.007222	0.511474
rs12169316	22	49419778	NC	0.065855	0.006030
GSA-rs12169358	22	49419807	NC	0.026203	1.000000
rs12170605	22	49419902	NC	0.008613	1.000000
rs5769385	22	49422075	NC	0.043143	0.000000
rs5769386	22	49422263	NC	-0.037018	0.000000
GSA-rs117270697	22	49422362	NC	-0.055049	0.000000
rs4823975	22	49430125	NC	-0.111401	0.484655
GSA-rs13055527	22	49433983	NC	0.068319	1.000000
rs5769389	22	49434131	NC	0.042814	0.510102
GSA-rs113944715	22	49434803	NC	-0.027058	1.000000
rs5769843	22	49438550	NC	-0.006884	0.016361
rs5769849	22	49446616	NC	0.002391	0.510661
rs4823981	22	49448164	NC	0.028500	0.999506
rs5769852	22	49448476	NC	-0.033265	0.490334
GSA-rs12628155	22	49450895	NC	0.027637	0.000000
GSA-rs111314200	22	49450949	NC	-0.030979	0.497352
rs73183564	22	49451932	NC	0.033240	0.507296
GSA-rs73183565	22	49454022	NC	0.009288	0.503771
rs6009399	22	49459944	NC	0.044633	0.503838
rs4402864	22	49465735	NC	-0.055837	0.023268
rs5769393	22	49467831	NC	-0.031390	0.491540
rs910308	22	49484533	NC	0.031115	0.470426
GSA-rs113960506	22	49485723	NC	0.007410	1.000000
rs926761	22	49486490	NC	0.125016	0.486653
rs8137626	22	49487114	NC	-0.038081	0.006614
rs12628360	22	49491078	NC	-0.031151	0.496926
rs7292709	22	49492784	NC	-0.173169	0.997248
GSA-rs76192598	22	49494989	NC	-0.100999	0.000327
rs75167430	22	49499223	NC	-0.022584	0.521420
rs6009459	22	49504790	NC	-0.069217	0.019001
rs80571	22	49504833	NC	0.015281	0.490937
rs7289310	22	49505505	NC	-0.129412	0.493710
GSA-rs76833936	22	49512664	NC	0.067074	0.007235
rs135230	22	49513663	NC	-0.097860	0.512047
GSA-rs86750	22	49514228	NC	-0.003823	0.986284
rs1547426	22	49518724	NC	0.012019	0.000000
GSA-rs11090930	22	49522372	NC	0.050960	0.004892
GSA-rs12484100	22	49526445	NC	-0.041960	0.000000
GSA-rs80567	22	49529366	NC	-0.014430	0.000000
rs739194	22	49529458	NC	0.104585	0.006098
rs135256	22	49530425	NC	0.088745	0.514879
rs6009503	22	49532043	NC	0.066615	0.003463
GSA-rs9627870	22	49533337	NC	0.041153	0.511863
rs4823998	22	49535105	NC	-0.003140	1.000000
rs73185576	22	49544961	NC	0.041583	0.000000
rs5769954	22	49545244	NC	-0.018913	0.996691
rs5769966	22	49552804	NC	-0.078142	0.000000
rs5769967	22	49552877	NC	0.024843	0.523048
rs5769975	22	49557457	NC	-0.067539	0.486368
GSA-rs9616470	22	49558756	NC	0.009567	0.000000
rs5769440	22	49559242	NC	0.129275	0.505329
rs80078075	22	49559827	NC	0.032621	0.515752
rs76230687	22	49559888	NC	-0.073354	0.978362
GSA-rs117896431	22	49564068	NC	-0.123688	0.509149
rs76884665	22	49565418	NC	-0.067536	0.493637
GSA-rs34540191	22	49565879	NC	-0.055951	0.992116
rs9627883	22	49566426	NC	-0.046440	1.000000
GSA-rs5769985	22	49570399	NC	-0.001775	0.011175
rs6009527	22	49570587	NC	0.111502	1.000000
GSA-rs12170052	22	49571596	NC	-0.078910	0.504411
rs2318940	22	49573394	NC	-0.010137	0.988202
GSA-rs78974176	22	49573417	NC	-0.044496	0.499659
rs4621267	22	49574991	NC	-0.023209	0.021062
rs5769445	22	49578082	NC	0.022886	0.511199
GSA-rs73889940	22	49578486	NC	-0.010109	1.000000
rs6009535	22	49580450	NC	0.026465	0.500537
rs6009538	22	49581463	NC	-0.056943	0.471622
rs2027840	22	49585153	NC	-0.097139	1.000000
rs940114	22	49589243	NC	-0.061940	0.501465
GSA-rs111819340	22	49590045	NC	-0.132742	0.499879
rs739081	22	49591786	NC	-0.008130	0.006035
GSA-rs75743466	22	49591992	NC	-0.029192	0.494895
rs12628677	22	49592595	NC	-0.074582	0.496932
GSA-rs737832	22	49593847	NC	0.109741	0.499278
GSA-rs111984504	22	49594179	NC	-0.053023	0.493015
GSA-rs11705420	22	49595756	NC	0.007859	1.000000
rs9616496	22	49597244	NC	0.115139	0.481502
GSA-rs140578869	22	49597914	NC	0.061173	0.991315
GSA-rs2688071	22	49597935	NC	-0.006034	0.990967
rs1107799	22	49602052	NC	-0.130898	0.516216
GSA-rs1076919	22	49603484	NC	0.043945	0.491330
GSA-rs6520091	22	49603693	NC	0.053962	0.499391
GSA-rs140151753	22	49605428	NC	0.138446	0.000000
rs2688173	22	49610157	NC	-0.038589	0.013475
rs76564284	22	49614349	NC	0.061027	1.000000
GSA-rs117398593	22	49615418	NC	0.050236	0.506817
GSA-rs118136011	22	49622767	NC	-0.024721	0.000000
rs6009557	22	49625210	NC	0.009895	0.507420
rs77547443	22	49625895	NC	0.050702	0.496934
rs1533926	22	49631217	NC	0.051889	1.000000
rs762942	22	49634468	NC	0.028527	0.491347
rs762943	22	49634914	NC	-0.056549	0.486649
GSA-rs5770112	22	49636259	NC	0.002622	0.511440
rs16999584	22	49640648	NC	0.024341	0.999589
GSA-rs73173120	22	49642262	NC	-0.128479	0.988451
rs7289031	22	49643618	NC	-0.041664	0.995867
rs17180054	22	49649814	NC	-0.060552	1.000000
rs5770142	22	49653029	NC	-0.063050	0.504719
rs7291215	22	49656585	NC	0.033142	0.490752
GSA-rs6009575	22	49657976	NC	-0.133466	1.000000
rs8139745	22	49658337	NC	0.122113	0.000000
GSA-rs8139089	22	49658926	NC	-0.082388	0.474125
rs78066928	22	49658998	NC	-0.048293	0.999131
rs2858648	22	49659547	NC	0.134950	0.488461
rs2177319	22	49659604	NC	-0.120761	0.998715
GSA-rs75168966	22	49659772	NC	-0.020011	1.000000
rs1880008	22	49661137	NC	-0.042385	0.506960
GSA-rs56041766	22	49663540	NC	-0.052642	0.987025
rs2248965	22	49665638	NC	-0.076206	0.982406
rs1880009	22	49665841	NC	0.102469	0.518326
GSA-rs2858578	22	49666841	NC	0.030829	0.991535
GSA-rs6520095	22	49668364	NC	-0.064472	0.476943
rs5769520	22	49671776	NC	0.054699	0.000000
rs2858534	22	49676609	NC	0.036727	0.000000
rs6009583	22	49677646	NC	0.013327	0.492546
GSA-rs117802941	22	49679865	NC	0.048255	0.991433
rs2858500	22	49681231	NC	-0.092412	1.000000
rs9627692	22	49684807	NC	-0.061332	0.959622
rs977299	22	49685240	NC	-0.059760	0.500900
rs7286313	22	49686438	NC	-0.024606	0.526312
GSA-rs13058252	22	49688184	NC	0.059200	0.995247
rs2858509	22	49689312	NC	-0.012671	0.502825
GSA-rs762927	22	49691300	NC	-0.061407	0.502478
rs6009594	22	49696067	NC	0.009492	0.462627
GSA-rs2858517	22	49699362	NC	-0.016539	0.019495
GSA-rs117322830	22	49701946	NC	0.148051	1.000000
rs5769554	22	49702017	NC	0.044519	0.006434
GSA-rs34656530	22	49703261	NC	-0.003327	1.000000
GSA-rs73173191	22	49703976	NC	-0.027762	0.000000
rs6009217	22	49708767	NC	0.043503	0.507012
rs11912713	22	49710325	NC	0.046997	0.992615
rs10427793	22	49715710	NC	-0.062603	0.999430
GSA-rs117659079	22	49718544	NC	-0.016983	0.489931
GSA-rs79850777	22	49720737	NC	0.061206	0.495225
rs848756	22	49722925	NC	-0.077895	0.513846
GSA-rs5770249	22	49727753	NC	0.022424	0.988206
rs860238	22	49729390	NC	-0.054415	0.985726
rs11702899	22	49733217	NC	0.044361	0.000000
GSA-rs73174810	22	49739725	NC	0.035238	0.985794
GSA-rs708443	22	49740368	NC	0.013527	0.000000
rs848728	22	49740746	NC	0.040906	0.009171
rs848726	22	49741960	NC	-0.053422	0.000690
rs929025	22	49742889	NC	-0.089844	0.009363
rs11914210	22	49743605	NC	-0.017596	0.509355
GSA-rs9627980	22	49746231	NC	-0.016697	0.999480
rs737844	22	49746915	NC	-0.011680	0.502642
rs2177321	22	49751418	NC	-0.029986	0.016963
rs994774	22	49754109	NC	-0.040419	0.000000
rs8138475	22	49754325	NC	0.015137	0.505992
rs877161	22	49757783	NC	-0.037818	1.000000
rs7290667	22	49759734	NC	0.017344	0.998865
rs12484636	22	49764048	NC	0.035117	0.002840
rs2239777	22	49764893	NC	0.010683	0.495353
rs12170978	22	49766197	NC	-0.055312	0.517985
rs77385887	22	49767024	NC	-0.101673	0.496592
rs5770316	22	49769729	NC	-0.055113	0.004907
GSA-rs13054716	22	49770061	NC	0.029631	0.000000
GSA-rs73442846	22	49774002	NC	0.022953	0.504215
rs743782	22	49778214	NC	0.081145	0.501817
rs6520112	22	49783907	NC	-0.082395	0.499077
rs713997	22	49784591	NC	-0.056625	0.505386
rs5770370	22	49785676	NC	-0.040349	0.000000
rs8143098	22	49786016	NC	-0.025080	0.512487
rs7291202	22	49788186	NC	0.036136	1.000000
rs5770391	22	49790713	NC	-0.108947	0.477003
rs9616608	22	49791853	NC	0.017835	0.496313
GSA-rs9627719	22	49796800	NC	0.033246	0.521422
rs9306539	22	49797422	NC	0.020745	0.992383
GSA-rs190660408	22	49798010	NC	-0.058559	0.506857
rs136771	22	49800445	NC	0.001313	0.000000
GSA-rs77283331	22	49800639	NC	0.038548	0.502817
rs12166144	22	49800746	NC	0.026394	1.000000
rs62231860	22	49801770	NC	0.021496	0.492105
rs136773	22	49802450	NC	0.049351	0.513104
rs6009661	22	49803108	NC	-0.068621	0.498104
rs6009663	22	49803587	NC	-0.082642	0.993874
GSA-rs35894977	22	49807960	NC	0.178340	0.498658
rs6009674	22	49809716	NC	0.046493	0.987347
rs5770418	22	49812076	NC	0.035646	0.992584
GSA-rs13057116	22	49816283	NC	-0.044233	0.512671
rs7287788	22	49817197	NC	0.055333	0.000000
GSA-rs140665342	22	49818270	NC	0.027073	0.498150
rs5770423	22	49818315	NC	-0.010993	0.012674
GSA-rs2032482	22	49823026	NC	0.075193	0.990017
rs136782	22	49823224	NC	-0.016436	0.003205
GSA-rs34156481	22	49823400	NC	0.042385	0.000000
rs6009680	22	49825733	NC	-0.001645	0.007798
rs7287094	22	49825947	NC	0.080994	0.008428
rs136790	22	49829118	NC	-0.040718	0.011486
rs6009689	22	49832070	NC	-0.006636	1.000000
GSA-rs12159113	22	49832693	NC	0.024569	0.996097
GSA-rs62231918	22	49833933	NC	0.067539	0.000000
rs5770437	22	49836765	NC	0.089279	0.993387
GSA-rs9616625	22	49837653	NC	-0.070691	0.000000
rs1075850	22	49840474	NC	-0.079025	0.990828
rs732641	22	49840983	NC	-0.096859	0.022189
rs8138283	22	49841479	NC	0.072652	1.000000
rs714006	22	49847719	NC	-0.034454	0.002618
rs60271258	22	49847736	NC	0.028083	0.006531
GSA-rs6009264	22	49848716	NC	-0.026103	0.009993
rs760515	22	49849407	NC	-0.047867	0.021907
rs74579996	22	49849834	NC	0.033349	0.989977
GSA-rs73176909	22	49851802	NC	-0.058192	0.992264
GSA-rs77826050	22	49853431	NC	0.082402	0.024989
rs76886620	22	49854245	NC	0.037908	0.000570
GSA-rs118071569	22	49854803	NC	-0.003112	0.025211
GSA-rs12158321	22	49874196	NC	-0.034777	0.502125
rs6009723	22	49876600	NC	-0.015759	0.999406
rs75712748	22	49878719	NC	0.014808	0.502377
GSA-rs10427998	22	49882219	NC	-0.004416	1.000000
GSA-rs116863378	22	49883061	NC	0.024074	0.491232
GSA-rs76726786	22	49888301	NC	0.044135	0.502233
rs9616661	22	49890246	NC	0.003704	0.496556
GSA-rs80061114	22	49895891	NC	0.035846	0.482745
GSA-rs116876575	22	49899208	NC	0.009210	0.507506
rs11090973	22	49901566	NC	-0.073619	0.988530
GSA-rs117693345	22	49906692	NC	-0.019370	0.488717
rs74557471	22	49907424	NC	-0.071804	0.494006
GSA-rs76793315	22	49909658	NC	-0.034882	1.000000
rs12169586	22	49912350	NC	-0.059169	0.000000
rs10854872	22	49912406	NC	0.104505	0.000000
rs134461	22	49915815	NC	0.013516	0.997079
rs134458	22	49916533	NC	0.027475	0.514234
GSA-rs117550993	22	49917098	NC	0.071198	0.482644
GSA-rs6520124	22	49917935	NC	-0.023363	0.517946
GSA-rs73176947	22	49921566	NC	0.019520	0.997784
rs3810643	22	49924929	NC	0.027486	0.513158
GSA-rs80146006	22	49925841	NC	0.004135	1.000000
rs9627740	22	49926464	NC	0.020833	1.000000
GSA-rs10483248	22	49927745	NC	-0.032784	0.501003
GSA-rs74462673	22	49927924	NC	-0.090372	0.496689
exm2273069	22	49928018	NC	-0.131671	0.502799
GSA-rs10483249	22	49928169	NC	-0.028191	0.000000
GSA-rs117204269	22	49929202	NC	-0.180928	0.492825
rs135771	22	49937184	NC	0.019186	0.998930
GSA-rs144405648	22	49937914	NC	-0.014563	0.000000
GSA-rs135775	22	49939309	NC	-0.055920	0.997674
GSA-rs743947	22	49942573	NC	0.095674	0.996882
rs135793	22	49946905	NC	-0.046677	1.000000
GSA-rs135809	22	49950208	NC	-0.025058	0.000000
GSA-rs34120047	22	49963596	NC	-0.059912	0.998848
GSA-rs135846	22	49965048	NC	0.005843	0.503787
rs1008320	22	49968720	NC	-0.006884	0.000000
GSA-rs77747294	22	49977172	NC	0.062650	0.000000
GSA-rs117082807	22	49977768	NC	-0.055966	1.000000
GSA-rs5770568	22	49985339	NC	-0.020102	1.000000
GSA-rs117419894	22	49994044	NC	0.050784	1.000000
GSA-rs76052213	22	49996915	NC	0.036271	0.500789
rs9628072	22	50000058	NC	-0.013061	0.452435
GSA-rs73177000	22	50002290	NC	-0.092930	0.499558
rs143000916	22	50014172	NC	-0.077144	0.013963
rs151137991	22	50014219	NC	0.062554	0.478557
GSA-rs77941260	22	50016519	NC	0.003762	1.000000
rs916362	22	50017234	NC	0.087962	0.000000
rs11705461	22	50021973	NC	-0.060014	0.003757
rs6009794	22	50027456	NC	-0.107407	0.008260
GSA-rs117580258	22	50030043	NC	-0.138213	0.995063
GSA-rs2071901	22	50034660	NC	0.028281	0.985012
GSA-rs147368314	22	50036206	NC	0.043352	0.507877
GSA-rs75475638	22	50048642	NC	-0.065257	1.000000
GSA-rs5770630	22	50058022	NC	0.069258	0.505578
rs73179148	22	50058635	NC	-0.020448	0.506392
rs739245	22	50066750	NC	-0.010917	0.493519
rs5770638	22	50069833	NC	0.104678	0.000000
rs71316554	22	50072710	NC	-0.065725	0.000000
rs8135992	22	50073254	NC	0.050433	0.522077
GSA-rs78994182	22	50073603	NC	0.029322	0.026678
rs5769725	22	50076099	NC	0.042139	0.986541
rs5770651	22	50077531	NC	0.061458	0.000000
rs760842	22	50079434	NC	0.052711	0.002321
GSA-rs117000576	22	50083650	NC	-0.050505	1.000000
rs11090995	22	50085210	NC	-0.060300	0.003207
rs113125752	22	50088272	NC	-0.074245	0.997687
rs738413	22	50092148	NC	-0.035030	0.014933
rs35795505	22	50100581	NC	0.017813	0.995243
GSA-rs79363272	22	50103845	NC	-0.011852	0.482694
GSA-rs111392589	22	50109212	NC	0.072848	0.993719
rs114815082	22	50110334	NC	-0.011826	0.021130
rs12171156	22	50113185	NC	0.026054	0.987197
rs6009845	22	50117191	NC	-0.000052	0.000000
GSA-rs62234096	22	50118945	NC	0.058020	1.000000
GSA-rs76160051	22	50119275	NC	-0.020803	0.499527
GSA-rs76527509	22	50123003	NC	0.004975	0.996350
rs139789	22	50124094	NC	0.023734	0.007998
GSA-rs112599482	22	50129308	NC	0.037962	0.467345
GSA-rs7289670	22	50142299	NC	0.024585	0.994425
rs9616347	22	50145276	NC	0.052892	0.003486
GSA-rs188079446	22	50147936	NC	-0.123234	0.493568
GSA-rs117438528	22	50151080	NC	0.088216	0.499249
GSA-rs118148725	22	50154629	NC	-0.068421	0.492307
GSA-rs12158007	22	50157112	NC	0.149713	0.507080
GSA-rs117905061	22	50166642	NC	0.040951	0.996534
rs916418	22	50169205	NC	-0.014612	0.000000
GSA-rs916419	22	50169421	NC	0.064822	0.997946
rs139630692	22	50181050	NC	0.057556	0.000000
rs138843	22	50183162	NC	-0.043749	0.993263
GSA-rs78264894	22	50194348	NC	0.057511	0.492170
rs10427831	22	50202124	NC	-0.017926	0.991066
rs147595191	22	50216725	NC	0.028401	0.499689
GSA-rs117613664	22	50219447	NC	-0.172233	0.525423
GSA-rs78279592	22	50222348	NC	-0.009856	0.495122
GSA-rs80045995	22	50225761	NC	0.004676	0.008202
rs58422561	22	50232527	NC	0.033359	0.483147
GSA-rs117482615	22	50240010	NC	-0.025653	0.509286
GSA-rs761878	22	50249677	NC	0.028953	0.491723
GSA-rs75796394	22	50252076	NC	0.045055	0.488685
GSA-rs372675865	22	50254413	NC	-0.049367	0.521799
GSA-rs117217676	22	50259686	NC	0.056806	0.495749
rs2295407	22	50260904	NC	-0.107750	0.508967
GSA-rs6009335	22	50266156	NC	-0.039882	0.491420
GSA-rs6009338	22	50273790	NC	0.073542	0.495108
GSA-rs55748279	22	50277523	NC	0.059420	0.503818
rs151212072	22	50278541	NC	0.105966	0.488784
GSA-rs17001403	22	50281187	NC	0.082043	1.000000
rs3922872	22	50297888	NC	-0.133089	0.506348
GSA-rs62233155	22	50298118	NC	0.040645	0.513059
rs121907932	22	50304114	NC	0.088784	1.000000
rs121907933	22	50304250	NC	-0.026893	0.498821
rs149112831	22	50313452	NC	-0.116517	0.000000
GSA-rs139946841	22	50314970	NC	-0.086575	0.509135
GSA-rs8139422	22	50315363	NC	-0.024627	0.490370
GSA-rs75892493	22	50315726	NC	0.099009	0.997602
rs7410612	22	50317296	NC	-0.027654	0.487318
GSA-rs11912619	22	50317401	NC	-0.007976	0.998791
GSA-rs11703995	22	50321290	NC	-0.046546	0.988649
GSA-rs7287579	22	50321623	NC	-0.132260	0.000000
GSA-rs28493499	22	50324154	NC	0.025268	0.507832
GSA-rs28434404	22	50324403	NC	0.053521	0.505165
rs28372042	22	50324428	NC	0.077170	0.990927
GSA-rs28652639	22	50330345	NC	0.026604	0.000000
rs28523661	22	50332324	NC	-0.038551	0.000000
GSA-rs117796274	22	50334870	NC	-0.183007	0.000000
GSA-rs62231868	22	50341729	NC	-0.007989	0.490391
GSA-rs73445922	22	50342295	NC	0.045698	0.497131
rs73445933	22	50345080	NC	-0.014134	0.000000
GSA-rs73445937	22	50345509	NC	0.049944	0.000537
rs28479081	22	50345729	NC	0.037123	0.516081
rs28634968	22	50347850	NC	0.011853	0.516607
GSA-rs28570255	22	50347996	NC	-0.060693	1.000000
GSA-rs73891201	22	50350697	NC	0.064198	0.992827
rs28372448	22	50350971	NC	-0.002696	0.504524
rs77981919	22	50351837	NC	-0.105460	0.489669
GSA-rs143904075	22	50363413	NC	0.056822	0.991867
rs141460854	22	50417668	NC	0.014761	0.000555
rs5771069	22	50435480	NC	0.102473	0.993677
rs149914294	22	50435827	NC	0.001007	0.978626
GSA-rs9617098	22	50439626	NC	-0.050594	0.498314
GSA-rs137862	22	50446550	NC	0.052153	0.000000
GSA-rs369901019	22	50448050	NC	0.101178	0.979799
rs713669	22	50451771	NC	-0.015313	1.000000
GSA-rs78270429	22	50456312	NC	0.004828	0.986459
rs137878	22	50456791	NC	-0.058267	0.506722
rs114396700	22	50458664	NC	0.025249	0.000000
GSA-rs137885	22	50463231	NC	0.001571	1.000000
rs73183330	22	50465324	NC	0.029341	1.000000
GSA-rs115704036	22	50468220	NC	0.056604	0.508300
chr22-50470192	22	50470192	NC	-0.085569	0.014903
rs11101958	22	50470516	NC	0.005228	0.000000
GSA-rs76786083	22	50472838	NC	0.006624	0.505882
rs56327033	22	50473055	NC	0.000451	0.986487
GSA-rs1079653	22	50474857	NC	-0.044129	0.484223
rs5771131	22	50478828	NC	-0.081787	0.507603
rs79814761	22	50490935	NC	-0.000336	0.008577
rs7290681	22	50492235	NC	0.059627	1.000000
chr22-50493004	22	50493004	NC	-0.095142	0.520057
rs2294384	22	50498869	NC	0.028504	0.494008
GSA-rs41283496	22	50499957	NC	-0.077750	0.510999
GSA-rs183916737	22	50500375	NC	-0.031396	0.000000
rs137920	22	50501059	NC	0.010622	0.010358
rs2294385	22	50504446	NC	0.058816	0.495450
rs35110809	22	50506385	NC	0.035430	0.000000
rs2076132	22	50508781	NC	-0.011929	0.000367
GSA-rs73183393	22	50511819	NC	-0.039131	0.992440
rs41302601	22	50512705	NC	-0.125122	1.000000
rs11568178	22	50512731	NC	0.026900	0.492180
rs121908345	22	50518820	NC	0.062623	0.510273
rs28362607	22	50523745	NC	-0.101170	1.000000
rs140532446	22	50537980	NC	0.054865	0.505608
rs6010173	22	50546467	NC	0.133459	0.000000
GSA-rs117054355	22	50546485	NC	0.034083	0.013150
chr22-50547272	22	50547272	NC	-0.032329	0.006686
GSA-rs77297773	22	50552012	NC	-0.047385	0.508995
chr22-50552156	22	50552156	NC	0.090049	0.009188
chr22-50555644	22	50555644	NC	0.021077	0.000000
rs138224	22	50556487	NC	0.044205	0.485755
chr22-50558941	22	50558941	NC	0.021151	0.977232
chr22-50582625	22	50582625	NC	-0.077738	0.479544
rs59650998	22	50582868	NC	0.038574	0.519563
rs112256184	22	50583361	NC	0.004477	0.998235
GSA-rs55747387	22	50584130	NC	-0.028093	0.003503
rs138270	22	50587979	NC	0.067110	0.499716
GSA-rs12484907	22	50588313	NC	-0.086377	1.000000
rs5771086	22	50595842	NC	0.057211	0.509046
chr22-50598215	22	50598215	NC	-0.085994	0.484587
rs4838857	22	50601063	NC	0.021121	1.000000
GSA-rs9628267	22	50601721	NC	0.039889	0.502343
GSA-rs118178636	22	50610598	NC	-0.012308	0.977319
GSA-rs75222915	22	50619422	NC	0.058711	0.493210
GSA-rs28479153	22	50620200	NC	0.114195	0.499225
rs1555050	22	50627253	NC	-0.010969	1.000000
rs56036086	22	50628996	NC	0.017613	1.000000
rs6537637	22	50632963	NC	-0.069797	1.000000
rs151171493	22	50647038	NC	-0.049234	0.002435
chr22-50647092	22	50647092	NC	-0.051211	1.000000
chr22-50654298	22	50654298	NC	0.081269	0.997620
GSA-rs34163881	22	50655543	NC	-0.046900	0.010778
rs2272852	22	50655676	NC	0.061286	0.494103
chr22-50655781	22	50655781	NC	-0.032658	1.000000
chr22-50656430	22	50656430	NC	0.008395	0.000000
rs146532216	22	50656736	NC	0.011592	0.000000
chr22-50656773	22	50656773	NC	-0.113201	0.994790
rs138207892	22	50657206	NC	-0.051648	0.491324
rs145518427	22	50658082	NC	-0.015588	0.484075
rs115418729	22	50658203	NC	-0.103030	0.473480
GSA-rs17248287	22	50659094	NC	-0.085145	0.000000
GSA-rs149231425	22	50659598	NC	-0.044348	0.498195
rs138592738	22	50663015	NC	-0.012536	0.999562
rs5771259	22	50675962	NC	0.017223	0.509036
rs7511006	22	50676259	NC	-0.074086	0.504462
rs192919234	22	50678643	NC	0.014111	0.502528
chr22-50678653	22	50678653	NC	0.014904	0.013117
rs148626062	22	50682800	NC	-0.030551	0.546188
rs138919111	22	50684515	NC	-0.005550	0.000000
chr22-50685303	22	50685303	NC	-0.075813	0.509670
GSA-rs35820251	22	50686830	NC	-0.009812	0.477187
rs143228101	22	50688573	NC	-0.086826	0.515008
rs138582408	22	50691870	NC	0.067303	0.988335
chr22-50694238	22	50694238	NC	-0.031357	1.000000
rs2230823	22	50694529	NC	-0.097126	0.505407
rs73187284	22	50696662	NC	0.019032	1.000000
rs34422484	22	50696678	NC	0.063943	0.509485
rs742184	22	50697119	NC	0.020605	1.000000
rs138533200	22	50699625	NC	-0.030365	0.507923
GSA-rs33932986	22	50704028	NC	0.119774	0.512178
rs2076139	22	50704661	NC	0.236653	0.000000
chr22-50705137	22	50705137	NC	-0.068935	0.510718
chr22-50705203	22	50705203	NC	0.071053	0.000000
GSA-rs117450593	22	50708291	NC	0.130322	0.505129
GSA-rs61760587	22	50709226	NC	-0.000373	0.000000
GSA-rs34823637	22	50709415	NC	0.042761	0.000000
rs909691	22	50709495	NC	0.006597	0.000000
rs4838815	22	50713409	NC	-0.161295	0.515776
rs149124212	22	50714320	NC	-0.031161	1.000000
GSA-rs75930249	22	50715888	NC	0.012049	1.000000
rs1127000	22	50716167	NC	0.149712	0.521100
rs182970183	22	50717060	NC	-0.019363	0.481093
GSA-rs76461841	22	50717787	NC	0.129609	0.502421
chr22-50721187	22	50721187	NC	0.030287	0.000000
GSA-rs62621372	22	50721492	NC	0.035547	0.999152
GSA-rs144108995	22	50724504	NC	-0.034679	0.481070
GSA-rs58705604	22	50726627	NC	0.060560	1.000000
rs28379706	22	50728062	NC	0.012948	0.000392
rs73437463	22	50734244	NC	0.093805	0.000000
GSA-rs73891214	22	50739049	NC	0.042420	0.000000
GSA-rs11553142	22	50750481	NC	-0.020824	0.972486
rs35812349	22	50754363	NC	-0.093463	0.519761
GSA-rs11553143	22	50754512	NC	-0.073785	0.499396
rs139295151	22	50755012	NC	0.045803	0.009320
GSA-rs150997450	22	50774042	NC	0.042970	0.504038
rs58971390	22	50802699	NC	0.067168	1.000000
GSA-rs8142229	22	50814075	NC	-0.073787	0.480201
rs7290471	22	50814524	NC	0.002449	1.000000
GSA-rs7287079	22	50815903	NC	0.068028	0.511812
rs7284516	22	50817485	NC	-0.045016	0.501461
GSA-rs78225146	22	50820671	NC	-0.081858	0.000000
rs117246629	22	50827756	NC	-0.086380	0.483759
rs7510868	22	50830044	NC	-0.087194	0.491270
rs7410465	22	50856222	NC	0.075214	0.000000
rs2334099	22	50868013	NC	0.026891	0.488413
rs150134312	22	50873450	NC	-0.203054	1.000000
rs201604809	22	50876612	NC	0.012400	0.511810
rs11555194	22	50876662	NC	-0.068923	0.486539
GSA-rs118082496	22	50876761	NC	0.041966	0.000285
rs200173779	22	50878409	NC	-0.007176	0.982233
rs146207636	22	50882323	NC	-0.049589	0.000000
GSA-rs56269507	22	50882338	NC	0.096364	0.478948
GSA-rs117141973	22	50890009	NC	0.036476	0.489174
rs4824146	22	50892415	NC	0.026824	0.007517
rs147869659	22	50893019	NC	-0.009494	0.504295
rs5771040	22	50902390	NC	-0.008405	0.494679
rs185916020	22	50904223	NC	-0.113455	0.004233
rs146989767	22	50905850	NC	-0.063364	0.984653
GSA-rs738683	22	50910875	NC	0.015843	0.993735
GSA-rs57016867	22	50911723	NC	0.032495	0.486083
rs9628167	22	50923868	NC	-0.061393	0.504115
chr22-50926366	22	50926366	NC	0.073007	0.006454
GSA-rs41280565	22	50927956	NC	-0.008819	0.493145
GSA-rs41280567	22	50928012	NC	0.027566	0.507152
rs2232887	22	50928331	NC	0.004184	0.493786
GSA-rs4824157	22	50929581	NC	-0.164116	1.000000
rs6009972	22	50930266	NC	0.066286	0.997398
rs8138406	22	50937445	NC	-0.002059	0.995553
rs114166322	22	50944045	NC	-0.001068	0.000000
rs6010121	22	50947611	NC	-0.036548	0.982261
GSA-rs115920265	22	50951347	NC	-0.001631	0.518921
GSA-rs75276302	22	50952989	NC	0.089179	0.000000
rs73172241	22	50955615	NC	0.006652	0.507271
chr22-50956067	22	50956067	NC	-0.068016	0.494572
rs141300835	22	50957143	NC	0.069451	0.000000
GSA-rs17850507	22	50957733	NC	0.121470	0.000000
rs140524	22	50960682	NC	0.078719	0.506506
rs74315511	22	50962423	NC	-0.029764	0.003045
seq-rs748973032	22	50962558	NC	0.054693	0.991824
chr22-50964207	22	50964207	NC	-0.008683	0.500949
GSA-22:50965801	22	50965801	NC	-0.104760	0.008744
rs121913039	22	50966041	NC	0.140332	0.999173
rs470119	22	50966914	NC	-0.005320	0.000000
rs188802138	22	50967020	NC	0.034331	0.000000
seq-rs863224250	22	50967624	NC	-0.028889	0.488696
rs140522	22	50971266	NC	-0.019313	0.490954
rs131794	22	50971752	NC	0.092772	1.000000
rs131788	22	50976754	NC	0.055356	0.515942
rs6009986	22	50983936	NC	-0.036581	1.000000
GSA-rs62239508	22	50986647	NC	0.148756	0.984299
rs141222336	22	50988376	NC	-0.085181	1.000000
rs6009989	22	50989678	NC	0.071101	0.501282
rs55829948	22	50989742	NC	-0.027893	0.517967
GSA-rs6520149	22	50990669	NC	-0.014299	0.023666
rs131777	22	50991033	NC	0.017379	0.501514
rs138319189	22	50994831	NC	0.041304	0.000000
GSA-rs6010000	22	50996147	NC	-0.101784	0.514579
GSA-rs6010001	22	50996156	NC	0.005223	0.495319
GSA-rs6010006	22	50997261	NC	0.060244	0.509079
GSA-rs9628177	22	50999490	NC	-0.042933	1.000000
rs5770893	22	51000346	NC	0.036710	0.488324
GSA-rs2073604	22	51008925	NC	-0.058511	0.496003
rs5770911	22	51011241	NC	0.085774	0.493959
rs2269383	22	51012775	NC	-0.102124	0.491380
GSA-rs73445514	22	51015572	NC	-0.001938	0.000000
GSA-rs3213445	22	51015838	NC	0.037678	0.498519
GSA-rs131749	22	51024624	NC	-0.013668	1.000000
rs62239540	22	51025326	NC	-0.015342	0.487725
rs7287960	22	51026405	NC	0.013395	0.497323
GSA-rs3213444	22	51035829	NC	-0.004175	0.008693
rs3213443	22	51035885	NC	-0.093614	0.988750
GSA-rs75209192	22	51039317	NC	0.090504	0.006326
rs3219201	22	51043278	NC	0.113289	0.990491
rs181823777	22	51043833	NC	0.107867	1.000000
chr22-51045355	22	51045355	NC	0.016393	0.000000
rs11091008	22	51046189	NC	-0.002840	0.475768
rs149970240	22	51048150	NC	-0.081225	0.000000
chr22-51048176	22	51048176	NC	-0.101877	0.000000
rs14136	22	51048721	NC	0.014022	0.493228
GSA-rs140510	22	51052379	NC	0.096386	0.510419
rs131728	22	51054264	NC	-0.088552	0.502837
GSA-rs131724	22	51055900	NC	-0.028419	0.999252
GSA-rs131718	22	51057923	NC	-0.032661	0.527638
rs73172277	22	51061827	NC	0.020730	0.494657
rs6151429	22	51063477	NC	0.062949	0.990431
rs28940893	22	51063820	NC	0.039549	0.514612
rs80338820	22	51064006	NC	0.026205	0.532891
rs2071421	22	51064416	NC	-0.056383	0.492798
rs143994992	22	51064489	NC	0.022260	0.499891
rs199476349	22	51064678	NC	0.024272	0.998908
rs74315472	22	51065046	NC	0.009572	0.496605
rs74315483	22	51065110	NC	-0.085018	0.976745
rs74315470	22	51065137	NC	-0.032482	0.503849
rs201251634	22	51065287	NC	0.062638	0.006493
rs201794808	22	51065341	NC	-0.003798	0.996621
rs74315457	22	51065404	NC	0.033314	0.514219
rs80338815	22	51065593	NC	0.009812	1.000000
rs74315461	22	51065689	NC	0.087211	0.493154
seq-rs74315455	22	51065757	NC	-0.014670	0.477919
rs74315456	22	51065766	NC	0.025858	0.493258
rs74315458	22	51065802	NC	0.008263	0.000312
rs9616802	22	51072161	NC	0.123705	0.491891
GSA-rs78222150	22	51079446	NC	0.184768	0.485128
GSA-rs117063829	22	51094492	NC	0.007136	0.501172
rs6010044	22	51101938	NC	0.021220	0.989525
rs9616906	22	51104680	NC	0.018530	0.504239
GSA-rs9616812	22	51105556	NC	-0.022265	0.495973
rs78399651	22	51111460	NC	-0.122192	0.501967
rs9616915	22	51117580	NC	0.006296	0.492478
GSA-rs117641416	22	51123287	NC	0.004775	0.500915
rs9616816	22	51123505	NC	0.105946	0.008586
GSA-rs7354797	22	51128648	NC	0.033669	0.503130
GSA-rs77452243	22	51134387	NC	0.144698	0.510452
rs736334	22	51139178	NC	0.086659	0.000000
rs2341010	22	51139380	NC	-0.171227	0.011252
rs739365	22	51140316	NC	-0.037480	1.000000
rs201986012	22	51142642	NC	0.012107	0.014043
rs147941361	22	51143191	NC	-0.012063	0.492672
rs182897668	22	51143287	NC	0.053397	1.000000
chr22-51144590	22	51144590	NC	-0.109546	0.497929
GSA-rs142356721	22	51145746	NC	0.067412	0.482795
rs6009951	22	51151350	NC	0.022186	0.995403
GSA-rs61729471	22	51153371	NC	0.022828	0.485126
GSA-rs6010063	22	51156933	NC	-0.044947	1.000000
GSA-rs76161499	22	51157353	NC	-0.009407	1.000000
rs200572899	22	51159408	NC	-0.107959	0.506424
rs200077311	22	51159624	NC	-0.059459	0.012318
rs201793890	22	51160140	NC	0.005179	0.992505
rs186474600	22	51160539	NC	-0.052936	0.501771
rs10451	22	51162059	NC	-0.064362	0.481797
GSA-rs73174435	22	51174939	NC	0.025871	0.501394
rs79314756	22	51176734	NC	-0.031976	0.493958
rs77216309	22	51177022	NC	0.056755	0.000000
GSA-rs73174437	22	51177257	NC	0.146033	0.993934
exm2268446	22	51181759	NC	-0.048264	0.515428
GSA-rs8135434	22	51186276	NC	0.005275	0.028072
rs113391741	22	51187440	NC	-0.053710	1.000000
