707	chr22	16050000	16055120	chr22.293766	5	1024	300749657	/gbdb/hg19/wib/gc5Base.wib	0	100	1024	49140	2848400
707	chr22	16055120	16060240	chr22.293767	5	1024	300750681	/gbdb/hg19/wib/gc5Base.wib	0	100	1024	52720	3169600
707	chr22	16060240	16065360	chr22.293768	5	1024	300751705	/gbdb/hg19/wib/gc5Base.wib	0	100	1024	41760	2186400
707	chr22	16065360	16070480	chr22.293769	5	1024	300752729	/gbdb/hg19/wib/gc5Base.wib	0	100	1024	45100	2490000
707	chr22	16070480	16075600	chr22.293770	5	1024	300753753	/gbdb/hg19/wib/gc5Base.wib	0	100	1024	49040	2880800
707	chr22	16075600	16080720	chr22.293771	5	1024	300754777	/gbdb/hg19/wib/gc5Base.wib	0	100	1024	42800	2361600
707	chr22	16080720	16085840	chr22.293772	5	1024	300755801	/gbdb/hg19/wib/gc5Base.wib	0	100	1024	45740	2572400
707	chr22	16085840	16090960	chr22.293773	5	1024	300756825	/gbdb/hg19/wib/gc5Base.wib	0	100	1024	56080	3472000
707	chr22	16090960	16096080	chr22.293774	5	1024	300757849	/gbdb/hg19/wib/gc5Base.wib	0	100	1024	54900	3358800
707	chr22	16096080	16101200	chr22.293775	5	1024	300758873	/gbdb/hg19/wib/gc5Base.wib	0	100	1024	45740	2804400
707	chr22	16101200	16106320	chr22.293776	5	1024	300759897	/gbdb/hg19/wib/gc5Base.wib	0	80	1024	33740	1552400
707	chr22	16106320	16111440	chr22.293777	5	1024	300760921	/gbdb/hg19/wib/gc5Base.wib	0	100	1024	36540	1746800
707	chr22	16111440	16116560	chr22.293778	5	1024	300761945	/gbdb/hg19/wib/gc5Base.wib	0	100	1024	32540	1467600
707	chr22	16116560	16121680	chr22.293779	5	1024	300762969	/gbdb/hg19/wib/gc5Base.wib	0	100	1024	32160	1420800
88	chr22	16121680	16126800	chr22.293780	5	1024	300763993	/gbdb/hg19/wib/gc5Base.wib	0	100	1024	44940	2644400
708	chr22	16126800	16131920	chr22.293781	5	1024	300765017	/gbdb/hg19/wib/gc5Base.wib	0	100	1024	40560	2068000
708	chr22	16131920	16137040	chr22.293782	5	1024	300766041	/gbdb/hg19/wib/gc5Base.wib	0	100	1024	36520	1796800
708	chr22	16137040	16142160	chr22.293783	5	1024	300767065	/gbdb/hg19/wib/gc5Base.wib	0	80	1024	36460	1780400
708	chr22	16142160	16147280	chr22.293784	5	1024	300768089	/gbdb/hg19/wib/gc5Base.wib	0	100	1024	38520	1942400
708	chr22	16147280	16152400	chr22.293785	5	1024	300769113	/gbdb/hg19/wib/gc5Base.wib	0	100	1024	40320	2089600
708	chr22	16152400	16157520	chr22.293786	5	1024	300770137	/gbdb/hg19/wib/gc5Base.wib	0	100	1024	53720	3468000
708	chr22	16157520	16162640	chr22.293787	5	1024	300771161	/gbdb/hg19/wib/gc5Base.wib	0	100	1024	55500	3484400
708	chr22	16162640	16167760	chr22.293788	5	1024	300772185	/gbdb/hg19/wib/gc5Base.wib	0	100	1024	37040	1824000
708	chr22	16167760	16172880	chr22.293789	5	1024	300773209	/gbdb/hg19/wib/gc5Base.wib	0	100	1024	39020	1958000
708	chr22	16172880	16178000	chr22.293790	5	1024	300774233	/gbdb/hg19/wib/gc5Base.wib	0	100	1024	37800	1852000
708	chr22	16178000	16183120	chr22.293791	5	1024	300775257	/gbdb/hg19/wib/gc5Base.wib	0	100	1024	35560	1665600
708	chr22	16183120	16188240	chr22.293792	5	1024	300776281	/gbdb/hg19/wib/gc5Base.wib	0	100	1024	45680	2436800
708	chr22	16188240	16193360	chr22.293793	5	1024	300777305	/gbdb/hg19/wib/gc5Base.wib	0	100	1024	42340	2306800
708	chr22	16193360	16198480	chr22.293794	5	1024	300778329	/gbdb/hg19/wib/gc5Base.wib	0	100	1024	45980	2658000
708	chr22	16198480	16203600	chr22.293795	5	1024	300779353	/gbdb/hg19/wib/gc5Base.wib	0	100	1024	54580	3509200
708	chr22	16203600	16208720	chr22.293796	5	1024	300780377	/gbdb/hg19/wib/gc5Base.wib	0	100	1024	43720	2355200
708	chr22	16208720	16213840	chr22.293797	5	1024	300781401	/gbdb/hg19/wib/gc5Base.wib	0	100	1024	42600	2248000
708	chr22	16213840	16218960	chr22.293798	5	1024	300782425	/gbdb/hg19/wib/gc5Base.wib	0	100	1024	53440	3336800
708	chr22	16218960	16224080	chr22.293799	5	1024	300783449	/gbdb/hg19/wib/gc5Base.wib	0	100	1024	33180	1516400
708	chr22	16224080	16229200	chr22.293800	5	1024	300784473	/gbdb/hg19/wib/gc5Base.wib	0	100	1024	43720	2471200
708	chr22	16229200	16234320	chr22.293801	5	1024	300785497	/gbdb/hg19/wib/gc5Base.wib	0	100	1024	39980	2081200
708	chr22	16234320	16239440	chr22.293802	5	1024	300786521	/gbdb/hg19/wib/gc5Base.wib	0	100	1024	38120	1936800
708	chr22	16239440	16244560	chr22.293803	5	1024	300787545	/gbdb/hg19/wib/gc5Base.wib	0	100	1024	57140	3561200
708	chr22	16244560	16249680	chr22.293804	5	1024	300788569	/gbdb/hg19/wib/gc5Base.wib	0	100	1024	55260	3389200
88	chr22	16249680	16254800	chr22.293805	5	1024	300789593	/gbdb/hg19/wib/gc5Base.wib	0	100	1024	44300	2400400
709	chr22	16254800	16259920	chr22.293806	5	1024	300790617	/gbdb/hg19/wib/gc5Base.wib	0	100	1024	41140	2179600
709	chr22	16259920	16265040	chr22.293807	5	1024	300791641	/gbdb/hg19/wib/gc5Base.wib	0	100	1024	38760	1944800
709	chr22	16265040	16270160	chr22.293808	5	1024	300792665	/gbdb/hg19/wib/gc5Base.wib	0	100	1024	34680	1674400
709	chr22	16270160	16275280	chr22.293809	5	1024	300793689	/gbdb/hg19/wib/gc5Base.wib	0	100	1024	39300	1973200
709	chr22	16275280	16280400	chr22.293810	5	1024	300794713	/gbdb/hg19/wib/gc5Base.wib	0	100	1024	37360	1815200
709	chr22	16280400	16285520	chr22.293811	5	1024	300795737	/gbdb/hg19/wib/gc5Base.wib	0	100	1024	37140	1811600
709	chr22	16285520	16290640	chr22.293812	5	1024	300796761	/gbdb/hg19/wib/gc5Base.wib	0	100	1024	52520	3268800
709	chr22	16290640	16295760	chr22.293813	5	1024	300797785	/gbdb/hg19/wib/gc5Base.wib	0	100	1024	46180	2532400
709	chr22	16295760	16300880	chr22.293814	5	1024	300798809	/gbdb/hg19/wib/gc5Base.wib	0	100	1024	42240	2134400
709	chr22	16300880	16306000	chr22.293815	5	1024	300799833	/gbdb/hg19/wib/gc5Base.wib	0	100	1024	41020	2164400
709	chr22	16306000	16311120	chr22.293816	5	1024	300800857	/gbdb/hg19/wib/gc5Base.wib	0	100	1024	36900	1786000
709	chr22	16311120	16316240	chr22.293817	5	1024	300801881	/gbdb/hg19/wib/gc5Base.wib	0	100	1024	40180	2026800
709	chr22	16316240	16321360	chr22.293818	5	1024	300802905	/gbdb/hg19/wib/gc5Base.wib	0	100	1024	36780	1778800
709	chr22	16321360	16326480	chr22.293819	5	1024	300803929	/gbdb/hg19/wib/gc5Base.wib	0	100	1024	43060	2253200
709	chr22	16326480	16331600	chr22.293820	5	1024	300804953	/gbdb/hg19/wib/gc5Base.wib	0	100	1024	36680	1796800
709	chr22	16331600	16336720	chr22.293821	5	1024	300805977	/gbdb/hg19/wib/gc5Base.wib	0	100	1024	51920	3174400
709	chr22	16336720	16341840	chr22.293822	5	1024	300807001	/gbdb/hg19/wib/gc5Base.wib	0	100	1024	57120	3656800
709	chr22	16341840	16346960	chr22.293823	5	1024	300808025	/gbdb/hg19/wib/gc5Base.wib	0	100	1024	41720	2253600
709	chr22	16346960	16352080	chr22.293824	5	1024	300809049	/gbdb/hg19/wib/gc5Base.wib	0	100	1024	36520	1748800
709	chr22	16352080	16357200	chr22.293825	5	1024	300810073	/gbdb/hg19/wib/gc5Base.wib	0	100	1024	37600	1840000
709	chr22	16357200	16362320	chr22.293826	5	1024	300811097	/gbdb/hg19/wib/gc5Base.wib	0	100	1024	42900	2269200
709	chr22	16362320	16367440	chr22.293827	5	1024	300812121	/gbdb/hg19/wib/gc5Base.wib	0	100	1024	43620	2418000
709	chr22	16367440	16372560	chr22.293828	5	1024	300813145	/gbdb/hg19/wib/gc5Base.wib	0	100	1024	44220	2457200
709	chr22	16372560	16377680	chr22.293829	5	1024	300814169	/gbdb/hg19/wib/gc5Base.wib	0	100	1024	48960	2920000
709	chr22	16377680	16382800	chr22.293830	5	1024	300815193	/gbdb/hg19/wib/gc5Base.wib	0	100	1024	44220	2494000
88	chr22	16382800	16387920	chr22.293831	5	1024	300816217	/gbdb/hg19/wib/gc5Base.wib	0	100	1024	41040	2172800
710	chr22	16387920	16393040	chr22.293832	5	1024	300817241	/gbdb/hg19/wib/gc5Base.wib	0	100	1024	40080	2078400
710	chr22	16393040	16398160	chr22.293833	5	1024	300818265	/gbdb/hg19/wib/gc5Base.wib	0	100	1024	40780	2201200
710	chr22	16398160	16403280	chr22.293834	5	1024	300819289	/gbdb/hg19/wib/gc5Base.wib	0	100	1024	38160	1872000
710	chr22	16403280	16408400	chr22.293835	5	1024	300820313	/gbdb/hg19/wib/gc5Base.wib	0	100	1024	47140	2767600
710	chr22	16408400	16413520	chr22.293836	5	1024	300821337	/gbdb/hg19/wib/gc5Base.wib	0	100	1024	39360	1980000
710	chr22	16413520	16418640	chr22.293837	5	1024	300822361	/gbdb/hg19/wib/gc5Base.wib	0	100	1024	44000	2405600
710	chr22	16418640	16423760	chr22.293838	5	1024	300823385	/gbdb/hg19/wib/gc5Base.wib	0	100	1024	37580	1867600
710	chr22	16423760	16428880	chr22.293839	5	1024	300824409	/gbdb/hg19/wib/gc5Base.wib	0	100	1024	43760	2364000
710	chr22	16428880	16434000	chr22.293840	5	1024	300825433	/gbdb/hg19/wib/gc5Base.wib	0	100	1024	34380	1565200
710	chr22	16434000	16439120	chr22.293841	5	1024	300826457	/gbdb/hg19/wib/gc5Base.wib	0	100	1024	38840	1901600
710	chr22	16439120	16444240	chr22.293842	5	1024	300827481	/gbdb/hg19/wib/gc5Base.wib	0	100	1024	40100	1994000
710	chr22	16444240	16449360	chr22.293843	5	1024	300828505	/gbdb/hg19/wib/gc5Base.wib	0	100	1024	36940	1801200
710	chr22	16449360	16454480	chr22.293844	5	1024	300829529	/gbdb/hg19/wib/gc5Base.wib	0	100	1024	37840	1865600
710	chr22	16454480	16459600	chr22.293845	5	1024	300830553	/gbdb/hg19/wib/gc5Base.wib	0	100	1024	36280	1755200
710	chr22	16459600	16464720	chr22.293846	5	1024	300831577	/gbdb/hg19/wib/gc5Base.wib	0	100	1024	54680	3380000
710	chr22	16464720	16469840	chr22.293847	5	1024	300832601	/gbdb/hg19/wib/gc5Base.wib	0	100	1024	55840	3608800
710	chr22	16469840	16474960	chr22.293848	5	1024	300833625	/gbdb/hg19/wib/gc5Base.wib	0	100	1024	36340	1756400
710	chr22	16474960	16480080	chr22.293849	5	1024	300834649	/gbdb/hg19/wib/gc5Base.wib	0	80	1024	39020	1900400
710	chr22	16480080	16485200	chr22.293850	5	1024	300835673	/gbdb/hg19/wib/gc5Base.wib	0	100	1024	42660	2270000
710	chr22	16485200	16490320	chr22.293851	5	1024	300836697	/gbdb/hg19/wib/gc5Base.wib	0	100	1024	36520	1802400
710	chr22	16490320	16495440	chr22.293852	5	1024	300837721	/gbdb/hg19/wib/gc5Base.wib	0	100	1024	38960	2014400
710	chr22	16495440	16500560	chr22.293853	5	1024	300838745	/gbdb/hg19/wib/gc5Base.wib	0	100	1024	36580	1816400
710	chr22	16500560	16505680	chr22.293854	5	1024	300839769	/gbdb/hg19/wib/gc5Base.wib	0	100	1024	36040	1812000
710	chr22	16505680	16510800	chr22.293855	5	1024	300840793	/gbdb/hg19/wib/gc5Base.wib	0	100	1024	46800	2465600
88	chr22	16510800	16515920	chr22.293856	5	1024	300841817	/gbdb/hg19/wib/gc5Base.wib	0	80	1024	47380	2496400
711	chr22	16515920	16521040	chr22.293857	5	1024	300842841	/gbdb/hg19/wib/gc5Base.wib	0	100	1024	45780	2360400
711	chr22	16521040	16526160	chr22.293858	5	1024	300843865	/gbdb/hg19/wib/gc5Base.wib	0	100	1024	47420	2492400
711	chr22	16526160	16531280	chr22.293859	5	1024	300844889	/gbdb/hg19/wib/gc5Base.wib	0	100	1024	47080	2483200
711	chr22	16531280	16536400	chr22.293860	5	1024	300845913	/gbdb/hg19/wib/gc5Base.wib	0	100	1024	46220	2368400
711	chr22	16536400	16541520	chr22.293861	5	1024	300846937	/gbdb/hg19/wib/gc5Base.wib	0	80	1024	46960	2460800
711	chr22	16541520	16546640	chr22.293862	5	1024	300847961	/gbdb/hg19/wib/gc5Base.wib	0	100	1024	46620	2438000
711	chr22	16546640	16551760	chr22.293863	5	1024	300848985	/gbdb/hg19/wib/gc5Base.wib	0	100	1024	46240	2391200
711	chr22	16551760	16556880	chr22.293864	5	1024	300850009	/gbdb/hg19/wib/gc5Base.wib	0	100	1024	47400	2485600
711	chr22	16556880	16562000	chr22.293865	5	1024	300851033	/gbdb/hg19/wib/gc5Base.wib	0	100	1024	47140	2464400
711	chr22	16562000	16567120	chr22.293866	5	1024	300852057	/gbdb/hg19/wib/gc5Base.wib	0	80	1024	45760	2347200
711	chr22	16567120	16572240	chr22.293867	5	1024	300853081	/gbdb/hg19/wib/gc5Base.wib	0	100	1024	47280	2490400
711	chr22	16572240	16577360	chr22.293868	5	1024	300854105	/gbdb/hg19/wib/gc5Base.wib	0	80	1024	47240	2484000
711	chr22	16577360	16582480	chr22.293869	5	1024	300855129	/gbdb/hg19/wib/gc5Base.wib	0	100	1024	47260	2484400
711	chr22	16582480	16587600	chr22.293870	5	1024	300856153	/gbdb/hg19/wib/gc5Base.wib	0	100	1024	45240	2316800
711	chr22	16587600	16592720	chr22.293871	5	1024	300857177	/gbdb/hg19/wib/gc5Base.wib	0	100	1024	45240	2316000
711	chr22	16592720	16597840	chr22.293872	5	1024	300858201	/gbdb/hg19/wib/gc5Base.wib	0	100	1024	46780	2438800
711	chr22	16597840	16602960	chr22.293873	5	1024	300859225	/gbdb/hg19/wib/gc5Base.wib	0	100	1024	46660	2422000
711	chr22	16602960	16608080	chr22.293874	5	1024	300860249	/gbdb/hg19/wib/gc5Base.wib	0	100	1024	46980	2442800
711	chr22	16608080	16613200	chr22.293875	5	1024	300861273	/gbdb/hg19/wib/gc5Base.wib	0	100	1024	46640	2434400
711	chr22	16613200	16618320	chr22.293876	5	1024	300862297	/gbdb/hg19/wib/gc5Base.wib	0	100	1024	46880	2453600
711	chr22	16618320	16623440	chr22.293877	5	1024	300863321	/gbdb/hg19/wib/gc5Base.wib	0	100	1024	46780	2426000
711	chr22	16623440	16628560	chr22.293878	5	1024	300864345	/gbdb/hg19/wib/gc5Base.wib	0	100	1024	44540	2342800
711	chr22	16628560	16633680	chr22.293879	5	1024	300865369	/gbdb/hg19/wib/gc5Base.wib	0	100	1024	42080	2208000
711	chr22	16633680	16638800	chr22.293880	5	1024	300866393	/gbdb/hg19/wib/gc5Base.wib	0	80	1024	33260	1517200
711	chr22	16638800	16643920	chr22.293881	5	1024	300867417	/gbdb/hg19/wib/gc5Base.wib	0	100	1024	34700	1702800
88	chr22	16643920	16649040	chr22.293882	5	1024	300868441	/gbdb/hg19/wib/gc5Base.wib	0	100	1024	36420	1863600
712	chr22	16649040	16654160	chr22.293883	5	1024	300869465	/gbdb/hg19/wib/gc5Base.wib	0	100	1024	33880	1496000
712	chr22	16654160	16659280	chr22.293884	5	1024	300870489	/gbdb/hg19/wib/gc5Base.wib	0	100	1024	33520	1592000
712	chr22	16659280	16664400	chr22.293885	5	1024	300871513	/gbdb/hg19/wib/gc5Base.wib	0	100	1024	33180	1522000
712	chr22	16664400	16669520	chr22.293886	5	1024	300872537	/gbdb/hg19/wib/gc5Base.wib	0	100	1024	37480	1916800
712	chr22	16669520	16674640	chr22.293887	5	1024	300873561	/gbdb/hg19/wib/gc5Base.wib	0	100	1024	41440	2151200
712	chr22	16674640	16679760	chr22.293888	5	1024	300874585	/gbdb/hg19/wib/gc5Base.wib	0	100	1024	37980	1908400
712	chr22	16679760	16684880	chr22.293889	5	1024	300875609	/gbdb/hg19/wib/gc5Base.wib	0	100	1024	34040	1635200
712	chr22	16684880	16690000	chr22.293890	5	1024	300876633	/gbdb/hg19/wib/gc5Base.wib	0	100	1024	40080	2022400
712	chr22	16690000	16695120	chr22.293891	5	1024	300877657	/gbdb/hg19/wib/gc5Base.wib	0	100	1024	41560	2134400
712	chr22	16695120	16697850	chr22.293892	5	546	300878681	/gbdb/hg19/wib/gc5Base.wib	0	80	546	21200	1059200
713	chr22	16847850	16852970	chr22.293893	5	1024	300879227	/gbdb/hg19/wib/gc5Base.wib	0	80	1024	37100	1515600
713	chr22	16852970	16858090	chr22.293894	5	1024	300880251	/gbdb/hg19/wib/gc5Base.wib	0	80	1024	35420	1391600
713	chr22	16858090	16863210	chr22.293895	5	1024	300881275	/gbdb/hg19/wib/gc5Base.wib	0	80	1024	35920	1459200
713	chr22	16863210	16868330	chr22.293896	5	1024	300882299	/gbdb/hg19/wib/gc5Base.wib	0	100	1024	40980	2322800
713	chr22	16868330	16873450	chr22.293897	5	1024	300883323	/gbdb/hg19/wib/gc5Base.wib	0	100	1024	62940	4247600
713	chr22	16873450	16878570	chr22.293898	5	1024	300884347	/gbdb/hg19/wib/gc5Base.wib	0	100	1024	46840	2701600
713	chr22	16878570	16883690	chr22.293899	5	1024	300885371	/gbdb/hg19/wib/gc5Base.wib	0	100	1024	38620	1858800
713	chr22	16883690	16888810	chr22.293900	5	1024	300886395	/gbdb/hg19/wib/gc5Base.wib	0	100	1024	41560	2268000
713	chr22	16888810	16893930	chr22.293901	5	1024	300887419	/gbdb/hg19/wib/gc5Base.wib	0	100	1024	36640	1832800
713	chr22	16893930	16899050	chr22.293902	5	1024	300888443	/gbdb/hg19/wib/gc5Base.wib	0	100	1024	36140	1729200
713	chr22	16899050	16904170	chr22.293903	5	1024	300889467	/gbdb/hg19/wib/gc5Base.wib	0	100	1024	41440	2172800
89	chr22	16904170	16909290	chr22.293904	5	1024	300890491	/gbdb/hg19/wib/gc5Base.wib	0	100	1024	39360	2063200
714	chr22	16909290	16914410	chr22.293905	5	1024	300891515	/gbdb/hg19/wib/gc5Base.wib	0	100	1024	36820	1859600
714	chr22	16914410	16919530	chr22.293906	5	1024	300892539	/gbdb/hg19/wib/gc5Base.wib	0	80	1024	34900	1722800
714	chr22	16919530	16924650	chr22.293907	5	1024	300893563	/gbdb/hg19/wib/gc5Base.wib	0	100	1024	38900	1986800
714	chr22	16924650	16929770	chr22.293908	5	1024	300894587	/gbdb/hg19/wib/gc5Base.wib	0	100	1024	42420	2238000
714	chr22	16929770	16934890	chr22.293909	5	1024	300895611	/gbdb/hg19/wib/gc5Base.wib	0	100	1024	38700	1886800
714	chr22	16934890	16940010	chr22.293910	5	1024	300896635	/gbdb/hg19/wib/gc5Base.wib	0	100	1024	41060	2132400
714	chr22	16940010	16945130	chr22.293911	5	1024	300897659	/gbdb/hg19/wib/gc5Base.wib	0	100	1024	37380	1854800
714	chr22	16945130	16950250	chr22.293912	5	1024	300898683	/gbdb/hg19/wib/gc5Base.wib	0	100	1024	38920	1947200
714	chr22	16950250	16955370	chr22.293913	5	1024	300899707	/gbdb/hg19/wib/gc5Base.wib	0	100	1024	35440	1663200
714	chr22	16955370	16960490	chr22.293914	5	1024	300900731	/gbdb/hg19/wib/gc5Base.wib	0	100	1024	37800	1930400
714	chr22	16960490	16965610	chr22.293915	5	1024	300901755	/gbdb/hg19/wib/gc5Base.wib	0	100	1024	37500	1815600
714	chr22	16965610	16970730	chr22.293916	5	1024	300902779	/gbdb/hg19/wib/gc5Base.wib	0	100	1024	36960	1805600
714	chr22	16970730	16975850	chr22.293917	5	1024	300903803	/gbdb/hg19/wib/gc5Base.wib	0	100	1024	43280	2288800
714	chr22	16975850	16980970	chr22.293918	5	1024	300904827	/gbdb/hg19/wib/gc5Base.wib	0	100	1024	37400	1792000
714	chr22	16980970	16986090	chr22.293919	5	1024	300905851	/gbdb/hg19/wib/gc5Base.wib	0	100	1024	41620	2281200
714	chr22	16986090	16991210	chr22.293920	5	1024	300906875	/gbdb/hg19/wib/gc5Base.wib	0	100	1024	46500	2644400
714	chr22	16991210	16996330	chr22.293921	5	1024	300907899	/gbdb/hg19/wib/gc5Base.wib	0	100	1024	45940	2561200
714	chr22	16996330	17001450	chr22.293922	5	1024	300908923	/gbdb/hg19/wib/gc5Base.wib	0	100	1024	45840	2596000
714	chr22	17001450	17006570	chr22.293923	5	1024	300909947	/gbdb/hg19/wib/gc5Base.wib	0	100	1024	44060	2560400
714	chr22	17006570	17011690	chr22.293924	5	1024	300910971	/gbdb/hg19/wib/gc5Base.wib	0	100	1024	63640	4321600
714	chr22	17011690	17016810	chr22.293925	5	1024	300911995	/gbdb/hg19/wib/gc5Base.wib	0	100	1024	44000	2538400
714	chr22	17016810	17021930	chr22.293926	5	1024	300913019	/gbdb/hg19/wib/gc5Base.wib	0	100	1024	32240	1449600
714	chr22	17021930	17027050	chr22.293927	5	1024	300914043	/gbdb/hg19/wib/gc5Base.wib	0	100	1024	46140	2613200
714	chr22	17027050	17032170	chr22.293928	5	1024	300915067	/gbdb/hg19/wib/gc5Base.wib	0	100	1024	47660	2682800
714	chr22	17032170	17037290	chr22.293929	5	1024	300916091	/gbdb/hg19/wib/gc5Base.wib	0	100	1024	46960	2674400
89	chr22	17037290	17042410	chr22.293930	5	1024	300917115	/gbdb/hg19/wib/gc5Base.wib	0	100	1024	61780	4092400
715	chr22	17042410	17047530	chr22.293931	5	1024	300918139	/gbdb/hg19/wib/gc5Base.wib	0	100	1024	64660	4426000
715	chr22	17047530	17052650	chr22.293932	5	1024	300919163	/gbdb/hg19/wib/gc5Base.wib	0	100	1024	46340	2725200
715	chr22	17052650	17057770	chr22.293933	5	1024	300920187	/gbdb/hg19/wib/gc5Base.wib	0	100	1024	33140	1543600
715	chr22	17057770	17062890	chr22.293934	5	1024	300921211	/gbdb/hg19/wib/gc5Base.wib	0	100	1024	36300	1762000
715	chr22	17062890	17068010	chr22.293935	5	1024	300922235	/gbdb/hg19/wib/gc5Base.wib	0	100	1024	45740	2645200
715	chr22	17068010	17073130	chr22.293936	5	1024	300923259	/gbdb/hg19/wib/gc5Base.wib	0	100	1024	50180	3000400
715	chr22	17073130	17078250	chr22.293937	5	1024	300924283	/gbdb/hg19/wib/gc5Base.wib	0	100	1024	48940	2873200
715	chr22	17078250	17083370	chr22.293938	5	1024	300925307	/gbdb/hg19/wib/gc5Base.wib	0	100	1024	52520	3481600
715	chr22	17083370	17088490	chr22.293939	5	1024	300926331	/gbdb/hg19/wib/gc5Base.wib	0	100	1024	41520	2244000
715	chr22	17088490	17093610	chr22.293940	5	1024	300927355	/gbdb/hg19/wib/gc5Base.wib	0	100	1024	53040	3365600
715	chr22	17093610	17098730	chr22.293941	5	1024	300928379	/gbdb/hg19/wib/gc5Base.wib	0	100	1024	44420	2466800
715	chr22	17098730	17103850	chr22.293942	5	1024	300929403	/gbdb/hg19/wib/gc5Base.wib	0	100	1024	39900	1990000
715	chr22	17103850	17108970	chr22.293943	5	1024	300930427	/gbdb/hg19/wib/gc5Base.wib	0	100	1024	36000	1734400
715	chr22	17108970	17114090	chr22.293944	5	1024	300931451	/gbdb/hg19/wib/gc5Base.wib	0	100	1024	38580	1914800
715	chr22	17114090	17119210	chr22.293945	5	1024	300932475	/gbdb/hg19/wib/gc5Base.wib	0	100	1024	37900	1856400
715	chr22	17119210	17124330	chr22.293946	5	1024	300933499	/gbdb/hg19/wib/gc5Base.wib	0	100	1024	39260	1951600
715	chr22	17124330	17129450	chr22.293947	5	1024	300934523	/gbdb/hg19/wib/gc5Base.wib	0	100	1024	41520	2144800
715	chr22	17129450	17134570	chr22.293948	5	1024	300935547	/gbdb/hg19/wib/gc5Base.wib	0	100	1024	49640	2861600
715	chr22	17134570	17139690	chr22.293949	5	1024	300936571	/gbdb/hg19/wib/gc5Base.wib	0	100	1024	41000	2193600
715	chr22	17139690	17144810	chr22.293950	5	1024	300937595	/gbdb/hg19/wib/gc5Base.wib	0	100	1024	43760	2393600
715	chr22	17144810	17149930	chr22.293951	5	1024	300938619	/gbdb/hg19/wib/gc5Base.wib	0	100	1024	37660	1848400
715	chr22	17149930	17155050	chr22.293952	5	1024	300939643	/gbdb/hg19/wib/gc5Base.wib	0	100	1024	37120	1868800
715	chr22	17155050	17160170	chr22.293953	5	1024	300940667	/gbdb/hg19/wib/gc5Base.wib	0	100	1024	33860	1622800
715	chr22	17160170	17165290	chr22.293954	5	1024	300941691	/gbdb/hg19/wib/gc5Base.wib	0	100	1024	34300	1614800
715	chr22	17165290	17170410	chr22.293955	5	1024	300942715	/gbdb/hg19/wib/gc5Base.wib	0	100	1024	35060	1615600
89	chr22	17170410	17175530	chr22.293956	5	1024	300943739	/gbdb/hg19/wib/gc5Base.wib	0	100	1024	47160	2620000
716	chr22	17175530	17180650	chr22.293957	5	1024	300944763	/gbdb/hg19/wib/gc5Base.wib	0	100	1024	52760	3225600
716	chr22	17180650	17185770	chr22.293958	5	1024	300945787	/gbdb/hg19/wib/gc5Base.wib	0	100	1024	50900	2959600
716	chr22	17185770	17190890	chr22.293959	5	1024	300946811	/gbdb/hg19/wib/gc5Base.wib	0	100	1024	35220	1645200
716	chr22	17190890	17196010	chr22.293960	5	1024	300947835	/gbdb/hg19/wib/gc5Base.wib	0	100	1024	36540	1762800
716	chr22	17196010	17201130	chr22.293961	5	1024	300948859	/gbdb/hg19/wib/gc5Base.wib	0	100	1024	37620	1902800
716	chr22	17201130	17206250	chr22.293962	5	1024	300949883	/gbdb/hg19/wib/gc5Base.wib	0	100	1024	36980	1807600
716	chr22	17206250	17211370	chr22.293963	5	1024	300950907	/gbdb/hg19/wib/gc5Base.wib	0	100	1024	34020	1585200
716	chr22	17211370	17216490	chr22.293964	5	1024	300951931	/gbdb/hg19/wib/gc5Base.wib	0	80	1024	34200	1577600
716	chr22	17216490	17221610	chr22.293965	5	1024	300952955	/gbdb/hg19/wib/gc5Base.wib	0	100	1024	34180	1645200
716	chr22	17221610	17226730	chr22.293966	5	1024	300953979	/gbdb/hg19/wib/gc5Base.wib	0	100	1024	37840	1824000
716	chr22	17226730	17231850	chr22.293967	5	1024	300955003	/gbdb/hg19/wib/gc5Base.wib	0	100	1024	45060	2506000
716	chr22	17231850	17236970	chr22.293968	5	1024	300956027	/gbdb/hg19/wib/gc5Base.wib	0	100	1024	41500	2190800
716	chr22	17236970	17242090	chr22.293969	5	1024	300957051	/gbdb/hg19/wib/gc5Base.wib	0	100	1024	45860	2575600
716	chr22	17242090	17247210	chr22.293970	5	1024	300958075	/gbdb/hg19/wib/gc5Base.wib	0	100	1024	38660	1949200
716	chr22	17247210	17252330	chr22.293971	5	1024	300959099	/gbdb/hg19/wib/gc5Base.wib	0	100	1024	42620	2235600
716	chr22	17252330	17257450	chr22.293972	5	1024	300960123	/gbdb/hg19/wib/gc5Base.wib	0	100	1024	39860	2042800
716	chr22	17257450	17262570	chr22.293973	5	1024	300961147	/gbdb/hg19/wib/gc5Base.wib	0	100	1024	40540	2146000
716	chr22	17262570	17267690	chr22.293974	5	1024	300962171	/gbdb/hg19/wib/gc5Base.wib	0	100	1024	39660	2074800
716	chr22	17267690	17272810	chr22.293975	5	1024	300963195	/gbdb/hg19/wib/gc5Base.wib	0	100	1024	34320	1619200
716	chr22	17272810	17277930	chr22.293976	5	1024	300964219	/gbdb/hg19/wib/gc5Base.wib	0	100	1024	38860	1946800
716	chr22	17277930	17283050	chr22.293977	5	1024	300965243	/gbdb/hg19/wib/gc5Base.wib	0	100	1024	37280	1885600
716	chr22	17283050	17288170	chr22.293978	5	1024	300966267	/gbdb/hg19/wib/gc5Base.wib	0	100	1024	35960	1754400
716	chr22	17288170	17293290	chr22.293979	5	1024	300967291	/gbdb/hg19/wib/gc5Base.wib	0	100	1024	37500	1888400
716	chr22	17293290	17298410	chr22.293980	5	1024	300968315	/gbdb/hg19/wib/gc5Base.wib	0	100	1024	34540	1649200
89	chr22	17298410	17303530	chr22.293981	5	1024	300969339	/gbdb/hg19/wib/gc5Base.wib	0	100	1024	34680	1606400
717	chr22	17303530	17308650	chr22.293982	5	1024	300970363	/gbdb/hg19/wib/gc5Base.wib	0	100	1024	37640	1904000
717	chr22	17308650	17313770	chr22.293983	5	1024	300971387	/gbdb/hg19/wib/gc5Base.wib	0	100	1024	39220	2014000
717	chr22	17313770	17318890	chr22.293984	5	1024	300972411	/gbdb/hg19/wib/gc5Base.wib	0	80	1024	36460	1738000
717	chr22	17318890	17324010	chr22.293985	5	1024	300973435	/gbdb/hg19/wib/gc5Base.wib	0	100	1024	39240	2080000
717	chr22	17324010	17329130	chr22.293986	5	1024	300974459	/gbdb/hg19/wib/gc5Base.wib	0	100	1024	46880	2659200
717	chr22	17329130	17334250	chr22.293987	5	1024	300975483	/gbdb/hg19/wib/gc5Base.wib	0	100	1024	34160	1636000
717	chr22	17334250	17339370	chr22.293988	5	1024	300976507	/gbdb/hg19/wib/gc5Base.wib	0	100	1024	38480	1918400
717	chr22	17339370	17344490	chr22.293989	5	1024	300977531	/gbdb/hg19/wib/gc5Base.wib	0	100	1024	42980	2263600
717	chr22	17344490	17349610	chr22.293990	5	1024	300978555	/gbdb/hg19/wib/gc5Base.wib	0	100	1024	39440	2019200
717	chr22	17349610	17354730	chr22.293991	5	1024	300979579	/gbdb/hg19/wib/gc5Base.wib	0	100	1024	39780	2027600
717	chr22	17354730	17359850	chr22.293992	5	1024	300980603	/gbdb/hg19/wib/gc5Base.wib	0	100	1024	39540	1997200
717	chr22	17359850	17364970	chr22.293993	5	1024	300981627	/gbdb/hg19/wib/gc5Base.wib	0	100	1024	42380	2338000
717	chr22	17364970	17370090	chr22.293994	5	1024	300982651	/gbdb/hg19/wib/gc5Base.wib	0	100	1024	37600	1917600
717	chr22	17370090	17375210	chr22.293995	5	1024	300983675	/gbdb/hg19/wib/gc5Base.wib	0	100	1024	35740	1760400
717	chr22	17375210	17380330	chr22.293996	5	1024	300984699	/gbdb/hg19/wib/gc5Base.wib	0	100	1024	40620	2126000
717	chr22	17380330	17385450	chr22.293997	5	1024	300985723	/gbdb/hg19/wib/gc5Base.wib	0	100	1024	46000	2492000
717	chr22	17385450	17390570	chr22.293998	5	1024	300986747	/gbdb/hg19/wib/gc5Base.wib	0	100	1024	45200	2474400
717	chr22	17390570	17395690	chr22.293999	5	1024	300987771	/gbdb/hg19/wib/gc5Base.wib	0	100	1024	42600	2262400
717	chr22	17395690	17400810	chr22.294000	5	1024	300988795	/gbdb/hg19/wib/gc5Base.wib	0	100	1024	44380	2451600
717	chr22	17400810	17405930	chr22.294001	5	1024	300989819	/gbdb/hg19/wib/gc5Base.wib	0	100	1024	41840	2223200
717	chr22	17405930	17411050	chr22.294002	5	1024	300990843	/gbdb/hg19/wib/gc5Base.wib	0	100	1024	43440	2284800
717	chr22	17411050	17416170	chr22.294003	5	1024	300991867	/gbdb/hg19/wib/gc5Base.wib	0	100	1024	46980	2649200
717	chr22	17416170	17421290	chr22.294004	5	1024	300992891	/gbdb/hg19/wib/gc5Base.wib	0	100	1024	46760	2572000
717	chr22	17421290	17426410	chr22.294005	5	1024	300993915	/gbdb/hg19/wib/gc5Base.wib	0	100	1024	38920	1936800
717	chr22	17426410	17431530	chr22.294006	5	1024	300994939	/gbdb/hg19/wib/gc5Base.wib	0	100	1024	37960	1853600
89	chr22	17431530	17436650	chr22.294007	5	1024	300995963	/gbdb/hg19/wib/gc5Base.wib	0	100	1024	45520	2519200
718	chr22	17436650	17441770	chr22.294008	5	1024	300996987	/gbdb/hg19/wib/gc5Base.wib	0	100	1024	55240	3428000
718	chr22	17441770	17446890	chr22.294009	5	1024	300998011	/gbdb/hg19/wib/gc5Base.wib	0	100	1024	58800	3765600
718	chr22	17446890	17452010	chr22.294010	5	1024	300999035	/gbdb/hg19/wib/gc5Base.wib	0	100	1024	52280	3106400
718	chr22	17452010	17457130	chr22.294011	5	1024	301000059	/gbdb/hg19/wib/gc5Base.wib	0	100	1024	51920	3032000
718	chr22	17457130	17462250	chr22.294012	5	1024	301001083	/gbdb/hg19/wib/gc5Base.wib	0	100	1024	38860	1910000
718	chr22	17462250	17467370	chr22.294013	5	1024	301002107	/gbdb/hg19/wib/gc5Base.wib	0	100	1024	40140	2007600
718	chr22	17467370	17472490	chr22.294014	5	1024	301003131	/gbdb/hg19/wib/gc5Base.wib	0	100	1024	48780	2809200
718	chr22	17472490	17477610	chr22.294015	5	1024	301004155	/gbdb/hg19/wib/gc5Base.wib	0	100	1024	44440	2359200
718	chr22	17477610	17482730	chr22.294016	5	1024	301005179	/gbdb/hg19/wib/gc5Base.wib	0	100	1024	40620	2020400
718	chr22	17482730	17487850	chr22.294017	5	1024	301006203	/gbdb/hg19/wib/gc5Base.wib	0	100	1024	40500	2067600
718	chr22	17487850	17492970	chr22.294018	5	1024	301007227	/gbdb/hg19/wib/gc5Base.wib	0	100	1024	55760	3524000
718	chr22	17492970	17498090	chr22.294019	5	1024	301008251	/gbdb/hg19/wib/gc5Base.wib	0	100	1024	47420	2715600
718	chr22	17498090	17503210	chr22.294020	5	1024	301009275	/gbdb/hg19/wib/gc5Base.wib	0	100	1024	37560	1868800
718	chr22	17503210	17508330	chr22.294021	5	1024	301010299	/gbdb/hg19/wib/gc5Base.wib	0	100	1024	40300	2043600
718	chr22	17508330	17513450	chr22.294022	5	1024	301011323	/gbdb/hg19/wib/gc5Base.wib	0	100	1024	42320	2243200
718	chr22	17513450	17518570	chr22.294023	5	1024	301012347	/gbdb/hg19/wib/gc5Base.wib	0	100	1024	55760	3571200
718	chr22	17518570	17523690	chr22.294024	5	1024	301013371	/gbdb/hg19/wib/gc5Base.wib	0	100	1024	41460	2290000
718	chr22	17523690	17528810	chr22.294025	5	1024	301014395	/gbdb/hg19/wib/gc5Base.wib	0	100	1024	41400	2208800
718	chr22	17528810	17533930	chr22.294026	5	1024	301015419	/gbdb/hg19/wib/gc5Base.wib	0	100	1024	42000	2186400
718	chr22	17533930	17539050	chr22.294027	5	1024	301016443	/gbdb/hg19/wib/gc5Base.wib	0	100	1024	48260	2781200
718	chr22	17539050	17544170	chr22.294028	5	1024	301017467	/gbdb/hg19/wib/gc5Base.wib	0	100	1024	49560	2875200
718	chr22	17544170	17549290	chr22.294029	5	1024	301018491	/gbdb/hg19/wib/gc5Base.wib	0	100	1024	50040	2909600
718	chr22	17549290	17554410	chr22.294030	5	1024	301019515	/gbdb/hg19/wib/gc5Base.wib	0	100	1024	39460	2024400
718	chr22	17554410	17559530	chr22.294031	5	1024	301020539	/gbdb/hg19/wib/gc5Base.wib	0	100	1024	44620	2504400
89	chr22	17559530	17564650	chr22.294032	5	1024	301021563	/gbdb/hg19/wib/gc5Base.wib	0	100	1024	44780	2552400
719	chr22	17564650	17569770	chr22.294033	5	1024	301022587	/gbdb/hg19/wib/gc5Base.wib	0	100	1024	58420	3898000
719	chr22	17569770	17574890	chr22.294034	5	1024	301023611	/gbdb/hg19/wib/gc5Base.wib	0	100	1024	43380	2429200
719	chr22	17574890	17580010	chr22.294035	5	1024	301024635	/gbdb/hg19/wib/gc5Base.wib	0	100	1024	47600	2713600
719	chr22	17580010	17585130	chr22.294036	5	1024	301025659	/gbdb/hg19/wib/gc5Base.wib	0	100	1024	53080	3213600
719	chr22	17585130	17590250	chr22.294037	5	1024	301026683	/gbdb/hg19/wib/gc5Base.wib	0	100	1024	57940	3785200
719	chr22	17590250	17595370	chr22.294038	5	1024	301027707	/gbdb/hg19/wib/gc5Base.wib	0	100	1024	53700	3311600
719	chr22	17595370	17600490	chr22.294039	5	1024	301028731	/gbdb/hg19/wib/gc5Base.wib	0	100	1024	52240	3172000
719	chr22	17600490	17605610	chr22.294040	5	1024	301029755	/gbdb/hg19/wib/gc5Base.wib	0	100	1024	61980	4369200
719	chr22	17605610	17610730	chr22.294041	5	1024	301030779	/gbdb/hg19/wib/gc5Base.wib	0	100	1024	42080	2270400
719	chr22	17610730	17615850	chr22.294042	5	1024	301031803	/gbdb/hg19/wib/gc5Base.wib	0	100	1024	51220	3084400
719	chr22	17615850	17620970	chr22.294043	5	1024	301032827	/gbdb/hg19/wib/gc5Base.wib	0	100	1024	53800	3353600
719	chr22	17620970	17626090	chr22.294044	5	1024	301033851	/gbdb/hg19/wib/gc5Base.wib	0	100	1024	52580	3186800
719	chr22	17626090	17631210	chr22.294045	5	1024	301034875	/gbdb/hg19/wib/gc5Base.wib	0	100	1024	54900	3410000
719	chr22	17631210	17636330	chr22.294046	5	1024	301035899	/gbdb/hg19/wib/gc5Base.wib	0	100	1024	45920	2610400
719	chr22	17636330	17641450	chr22.294047	5	1024	301036923	/gbdb/hg19/wib/gc5Base.wib	0	100	1024	53860	3489200
719	chr22	17641450	17646570	chr22.294048	5	1024	301037947	/gbdb/hg19/wib/gc5Base.wib	0	100	1024	48340	2755600
719	chr22	17646570	17651690	chr22.294049	5	1024	301038971	/gbdb/hg19/wib/gc5Base.wib	0	100	1024	54540	3411600
719	chr22	17651690	17656810	chr22.294050	5	1024	301039995	/gbdb/hg19/wib/gc5Base.wib	0	100	1024	52020	3282800
719	chr22	17656810	17661930	chr22.294051	5	1024	301041019	/gbdb/hg19/wib/gc5Base.wib	0	100	1024	48980	2870800
719	chr22	17661930	17667050	chr22.294052	5	1024	301042043	/gbdb/hg19/wib/gc5Base.wib	0	100	1024	50260	3020400
719	chr22	17667050	17672170	chr22.294053	5	1024	301043067	/gbdb/hg19/wib/gc5Base.wib	0	100	1024	54920	3447200
719	chr22	17672170	17677290	chr22.294054	5	1024	301044091	/gbdb/hg19/wib/gc5Base.wib	0	100	1024	52280	3220000
719	chr22	17677290	17682410	chr22.294055	5	1024	301045115	/gbdb/hg19/wib/gc5Base.wib	0	100	1024	51360	3129600
719	chr22	17682410	17687530	chr22.294056	5	1024	301046139	/gbdb/hg19/wib/gc5Base.wib	0	100	1024	49240	2879200
719	chr22	17687530	17692650	chr22.294057	5	1024	301047163	/gbdb/hg19/wib/gc5Base.wib	0	100	1024	51800	3176000
89	chr22	17692650	17697770	chr22.294058	5	1024	301048187	/gbdb/hg19/wib/gc5Base.wib	0	100	1024	48300	2833200
720	chr22	17697770	17702890	chr22.294059	5	1024	301049211	/gbdb/hg19/wib/gc5Base.wib	0	100	1024	47220	2736400
720	chr22	17702890	17708010	chr22.294060	5	1024	301050235	/gbdb/hg19/wib/gc5Base.wib	0	100	1024	45300	2587600
720	chr22	17708010	17713130	chr22.294061	5	1024	301051259	/gbdb/hg19/wib/gc5Base.wib	0	100	1024	48560	2844000
720	chr22	17713130	17718250	chr22.294062	5	1024	301052283	/gbdb/hg19/wib/gc5Base.wib	0	100	1024	52940	3257200
720	chr22	17718250	17723370	chr22.294063	5	1024	301053307	/gbdb/hg19/wib/gc5Base.wib	0	100	1024	52000	3156000
720	chr22	17723370	17728490	chr22.294064	5	1024	301054331	/gbdb/hg19/wib/gc5Base.wib	0	100	1024	50300	3048400
720	chr22	17728490	17733610	chr22.294065	5	1024	301055355	/gbdb/hg19/wib/gc5Base.wib	0	100	1024	46440	2748000
720	chr22	17733610	17738730	chr22.294066	5	1024	301056379	/gbdb/hg19/wib/gc5Base.wib	0	100	1024	48860	2896400
720	chr22	17738730	17743850	chr22.294067	5	1024	301057403	/gbdb/hg19/wib/gc5Base.wib	0	100	1024	52380	3202800
720	chr22	17743850	17748970	chr22.294068	5	1024	301058427	/gbdb/hg19/wib/gc5Base.wib	0	100	1024	53960	3343200
720	chr22	17748970	17754090	chr22.294069	5	1024	301059451	/gbdb/hg19/wib/gc5Base.wib	0	100	1024	52140	3184400
720	chr22	17754090	17759210	chr22.294070	5	1024	301060475	/gbdb/hg19/wib/gc5Base.wib	0	100	1024	49780	3042000
720	chr22	17759210	17764330	chr22.294071	5	1024	301061499	/gbdb/hg19/wib/gc5Base.wib	0	100	1024	50100	2958800
720	chr22	17764330	17769450	chr22.294072	5	1024	301062523	/gbdb/hg19/wib/gc5Base.wib	0	100	1024	47920	2761600
720	chr22	17769450	17774570	chr22.294073	5	1024	301063547	/gbdb/hg19/wib/gc5Base.wib	0	100	1024	49080	2900000
720	chr22	17774570	17779690	chr22.294074	5	1024	301064571	/gbdb/hg19/wib/gc5Base.wib	0	100	1024	40820	2059600
720	chr22	17779690	17784810	chr22.294075	5	1024	301065595	/gbdb/hg19/wib/gc5Base.wib	0	100	1024	49580	2923600
720	chr22	17784810	17789930	chr22.294076	5	1024	301066619	/gbdb/hg19/wib/gc5Base.wib	0	100	1024	48580	2833200
720	chr22	17789930	17795050	chr22.294077	5	1024	301067643	/gbdb/hg19/wib/gc5Base.wib	0	100	1024	48640	2815200
720	chr22	17795050	17800170	chr22.294078	5	1024	301068667	/gbdb/hg19/wib/gc5Base.wib	0	100	1024	47000	2706400
720	chr22	17800170	17805290	chr22.294079	5	1024	301069691	/gbdb/hg19/wib/gc5Base.wib	0	100	1024	42440	2336800
720	chr22	17805290	17810410	chr22.294080	5	1024	301070715	/gbdb/hg19/wib/gc5Base.wib	0	100	1024	46560	2672000
720	chr22	17810410	17815530	chr22.294081	5	1024	301071739	/gbdb/hg19/wib/gc5Base.wib	0	100	1024	47500	2858000
720	chr22	17815530	17820650	chr22.294082	5	1024	301072763	/gbdb/hg19/wib/gc5Base.wib	0	100	1024	45800	2589600
720	chr22	17820650	17825770	chr22.294083	5	1024	301073787	/gbdb/hg19/wib/gc5Base.wib	0	100	1024	46980	2763600
11	chr22	17825770	17830890	chr22.294084	5	1024	301074811	/gbdb/hg19/wib/gc5Base.wib	0	100	1024	46820	2718800
721	chr22	17830890	17836010	chr22.294085	5	1024	301075835	/gbdb/hg19/wib/gc5Base.wib	0	100	1024	46340	2662800
721	chr22	17836010	17841130	chr22.294086	5	1024	301076859	/gbdb/hg19/wib/gc5Base.wib	0	100	1024	47340	2761200
721	chr22	17841130	17846250	chr22.294087	5	1024	301077883	/gbdb/hg19/wib/gc5Base.wib	0	100	1024	48520	2878400
721	chr22	17846250	17851370	chr22.294088	5	1024	301078907	/gbdb/hg19/wib/gc5Base.wib	0	100	1024	52560	3375200
721	chr22	17851370	17856490	chr22.294089	5	1024	301079931	/gbdb/hg19/wib/gc5Base.wib	0	100	1024	42880	2361600
721	chr22	17856490	17861610	chr22.294090	5	1024	301080955	/gbdb/hg19/wib/gc5Base.wib	0	100	1024	45360	2552800
721	chr22	17861610	17866730	chr22.294091	5	1024	301081979	/gbdb/hg19/wib/gc5Base.wib	0	100	1024	46040	2588000
721	chr22	17866730	17871850	chr22.294092	5	1024	301083003	/gbdb/hg19/wib/gc5Base.wib	0	100	1024	43280	2384800
721	chr22	17871850	17876970	chr22.294093	5	1024	301084027	/gbdb/hg19/wib/gc5Base.wib	0	100	1024	44680	2512000
721	chr22	17876970	17882090	chr22.294094	5	1024	301085051	/gbdb/hg19/wib/gc5Base.wib	0	100	1024	44320	2480800
721	chr22	17882090	17887210	chr22.294095	5	1024	301086075	/gbdb/hg19/wib/gc5Base.wib	0	100	1024	42240	2350400
721	chr22	17887210	17892330	chr22.294096	5	1024	301087099	/gbdb/hg19/wib/gc5Base.wib	0	100	1024	44380	2455600
721	chr22	17892330	17897450	chr22.294097	5	1024	301088123	/gbdb/hg19/wib/gc5Base.wib	0	100	1024	42740	2354800
721	chr22	17897450	17902570	chr22.294098	5	1024	301089147	/gbdb/hg19/wib/gc5Base.wib	0	100	1024	47260	2779600
721	chr22	17902570	17907690	chr22.294099	5	1024	301090171	/gbdb/hg19/wib/gc5Base.wib	0	100	1024	42540	2270800
721	chr22	17907690	17912810	chr22.294100	5	1024	301091195	/gbdb/hg19/wib/gc5Base.wib	0	100	1024	42260	2206800
721	chr22	17912810	17917930	chr22.294101	5	1024	301092219	/gbdb/hg19/wib/gc5Base.wib	0	100	1024	42080	2241600
721	chr22	17917930	17923050	chr22.294102	5	1024	301093243	/gbdb/hg19/wib/gc5Base.wib	0	100	1024	41340	2224400
721	chr22	17923050	17928170	chr22.294103	5	1024	301094267	/gbdb/hg19/wib/gc5Base.wib	0	100	1024	44780	2541200
721	chr22	17928170	17933290	chr22.294104	5	1024	301095291	/gbdb/hg19/wib/gc5Base.wib	0	100	1024	44720	2485600
721	chr22	17933290	17938410	chr22.294105	5	1024	301096315	/gbdb/hg19/wib/gc5Base.wib	0	100	1024	41520	2250400
721	chr22	17938410	17943530	chr22.294106	5	1024	301097339	/gbdb/hg19/wib/gc5Base.wib	0	100	1024	46100	2583600
721	chr22	17943530	17948650	chr22.294107	5	1024	301098363	/gbdb/hg19/wib/gc5Base.wib	0	100	1024	46840	2683200
721	chr22	17948650	17953770	chr22.294108	5	1024	301099387	/gbdb/hg19/wib/gc5Base.wib	0	100	1024	43320	2328000
90	chr22	17953770	17958890	chr22.294109	5	1024	301100411	/gbdb/hg19/wib/gc5Base.wib	0	100	1024	43740	2372400
722	chr22	17958890	17964010	chr22.294110	5	1024	301101435	/gbdb/hg19/wib/gc5Base.wib	0	100	1024	45560	2599200
722	chr22	17964010	17969130	chr22.294111	5	1024	301102459	/gbdb/hg19/wib/gc5Base.wib	0	100	1024	43580	2428400
722	chr22	17969130	17974250	chr22.294112	5	1024	301103483	/gbdb/hg19/wib/gc5Base.wib	0	100	1024	42100	2276400
722	chr22	17974250	17979370	chr22.294113	5	1024	301104507	/gbdb/hg19/wib/gc5Base.wib	0	100	1024	47380	2771600
722	chr22	17979370	17984490	chr22.294114	5	1024	301105531	/gbdb/hg19/wib/gc5Base.wib	0	100	1024	44020	2443600
722	chr22	17984490	17989610	chr22.294115	5	1024	301106555	/gbdb/hg19/wib/gc5Base.wib	0	100	1024	41800	2220000
722	chr22	17989610	17994730	chr22.294116	5	1024	301107579	/gbdb/hg19/wib/gc5Base.wib	0	100	1024	44880	2499200
722	chr22	17994730	17999850	chr22.294117	5	1024	301108603	/gbdb/hg19/wib/gc5Base.wib	0	100	1024	45980	2586000
722	chr22	17999850	18004970	chr22.294118	5	1024	301109627	/gbdb/hg19/wib/gc5Base.wib	0	100	1024	45620	2577200
722	chr22	18004970	18010090	chr22.294119	5	1024	301110651	/gbdb/hg19/wib/gc5Base.wib	0	100	1024	44040	2480800
722	chr22	18010090	18015210	chr22.294120	5	1024	301111675	/gbdb/hg19/wib/gc5Base.wib	0	100	1024	46960	2711200
722	chr22	18015210	18020330	chr22.294121	5	1024	301112699	/gbdb/hg19/wib/gc5Base.wib	0	100	1024	44540	2481200
722	chr22	18020330	18025450	chr22.294122	5	1024	301113723	/gbdb/hg19/wib/gc5Base.wib	0	100	1024	51020	3114800
722	chr22	18025450	18030570	chr22.294123	5	1024	301114747	/gbdb/hg19/wib/gc5Base.wib	0	100	1024	49880	3032000
722	chr22	18030570	18035690	chr22.294124	5	1024	301115771	/gbdb/hg19/wib/gc5Base.wib	0	100	1024	44920	2420800
722	chr22	18035690	18040810	chr22.294125	5	1024	301116795	/gbdb/hg19/wib/gc5Base.wib	0	100	1024	50540	3023600
722	chr22	18040810	18045930	chr22.294126	5	1024	301117819	/gbdb/hg19/wib/gc5Base.wib	0	100	1024	50420	3078000
722	chr22	18045930	18051050	chr22.294127	5	1024	301118843	/gbdb/hg19/wib/gc5Base.wib	0	100	1024	49880	3019200
722	chr22	18051050	18056170	chr22.294128	5	1024	301119867	/gbdb/hg19/wib/gc5Base.wib	0	100	1024	51740	3150800
722	chr22	18056170	18061290	chr22.294129	5	1024	301120891	/gbdb/hg19/wib/gc5Base.wib	0	100	1024	51920	3172800
722	chr22	18061290	18066410	chr22.294130	5	1024	301121915	/gbdb/hg19/wib/gc5Base.wib	0	100	1024	57080	3699200
722	chr22	18066410	18071530	chr22.294131	5	1024	301122939	/gbdb/hg19/wib/gc5Base.wib	0	100	1024	50900	3054800
722	chr22	18071530	18076650	chr22.294132	5	1024	301123963	/gbdb/hg19/wib/gc5Base.wib	0	100	1024	50480	2981600
722	chr22	18076650	18081770	chr22.294133	5	1024	301124987	/gbdb/hg19/wib/gc5Base.wib	0	100	1024	47820	2742800
722	chr22	18081770	18086890	chr22.294134	5	1024	301126011	/gbdb/hg19/wib/gc5Base.wib	0	100	1024	44940	2544400
90	chr22	18086890	18092010	chr22.294135	5	1024	301127035	/gbdb/hg19/wib/gc5Base.wib	0	100	1024	45320	2531200
723	chr22	18092010	18097130	chr22.294136	5	1024	301128059	/gbdb/hg19/wib/gc5Base.wib	0	100	1024	40640	2176800
723	chr22	18097130	18102250	chr22.294137	5	1024	301129083	/gbdb/hg19/wib/gc5Base.wib	0	100	1024	48980	2996400
723	chr22	18102250	18107370	chr22.294138	5	1024	301130107	/gbdb/hg19/wib/gc5Base.wib	0	100	1024	45420	2556400
723	chr22	18107370	18112490	chr22.294139	5	1024	301131131	/gbdb/hg19/wib/gc5Base.wib	0	100	1024	49220	3014000
723	chr22	18112490	18117610	chr22.294140	5	1024	301132155	/gbdb/hg19/wib/gc5Base.wib	0	100	1024	44760	2523200
723	chr22	18117610	18122730	chr22.294141	5	1024	301133179	/gbdb/hg19/wib/gc5Base.wib	0	100	1024	50080	3065600
723	chr22	18122730	18127850	chr22.294142	5	1024	301134203	/gbdb/hg19/wib/gc5Base.wib	0	100	1024	45120	2657600
723	chr22	18127850	18132970	chr22.294143	5	1024	301135227	/gbdb/hg19/wib/gc5Base.wib	0	100	1024	44120	2522400
723	chr22	18132970	18138090	chr22.294144	5	1024	301136251	/gbdb/hg19/wib/gc5Base.wib	0	100	1024	46160	2648000
723	chr22	18138090	18143210	chr22.294145	5	1024	301137275	/gbdb/hg19/wib/gc5Base.wib	0	100	1024	45040	2608000
723	chr22	18143210	18148330	chr22.294146	5	1024	301138299	/gbdb/hg19/wib/gc5Base.wib	0	100	1024	47160	2759200
723	chr22	18148330	18153450	chr22.294147	5	1024	301139323	/gbdb/hg19/wib/gc5Base.wib	0	100	1024	44240	2500800
723	chr22	18153450	18158570	chr22.294148	5	1024	301140347	/gbdb/hg19/wib/gc5Base.wib	0	100	1024	41480	2238400
723	chr22	18158570	18163690	chr22.294149	5	1024	301141371	/gbdb/hg19/wib/gc5Base.wib	0	100	1024	44780	2546000
723	chr22	18163690	18168810	chr22.294150	5	1024	301142395	/gbdb/hg19/wib/gc5Base.wib	0	100	1024	43500	2478000
723	chr22	18168810	18173930	chr22.294151	5	1024	301143419	/gbdb/hg19/wib/gc5Base.wib	0	100	1024	43820	2471600
723	chr22	18173930	18179050	chr22.294152	5	1024	301144443	/gbdb/hg19/wib/gc5Base.wib	0	100	1024	40160	2151200
723	chr22	18179050	18184170	chr22.294153	5	1024	301145467	/gbdb/hg19/wib/gc5Base.wib	0	100	1024	39300	2024400
723	chr22	18184170	18189290	chr22.294154	5	1024	301146491	/gbdb/hg19/wib/gc5Base.wib	0	100	1024	40580	2186000
723	chr22	18189290	18194410	chr22.294155	5	1024	301147515	/gbdb/hg19/wib/gc5Base.wib	0	100	1024	42700	2409200
723	chr22	18194410	18199530	chr22.294156	5	1024	301148539	/gbdb/hg19/wib/gc5Base.wib	0	100	1024	40920	2162400
723	chr22	18199530	18204650	chr22.294157	5	1024	301149563	/gbdb/hg19/wib/gc5Base.wib	0	100	1024	43760	2471200
723	chr22	18204650	18209770	chr22.294158	5	1024	301150587	/gbdb/hg19/wib/gc5Base.wib	0	100	1024	42360	2259200
723	chr22	18209770	18214890	chr22.294159	5	1024	301151611	/gbdb/hg19/wib/gc5Base.wib	0	100	1024	47220	2684400
90	chr22	18214890	18220010	chr22.294160	5	1024	301152635	/gbdb/hg19/wib/gc5Base.wib	0	100	1024	44820	2488400
724	chr22	18220010	18225130	chr22.294161	5	1024	301153659	/gbdb/hg19/wib/gc5Base.wib	0	100	1024	56040	3514400
724	chr22	18225130	18230250	chr22.294162	5	1024	301154683	/gbdb/hg19/wib/gc5Base.wib	0	100	1024	54900	3482000
724	chr22	18230250	18235370	chr22.294163	5	1024	301155707	/gbdb/hg19/wib/gc5Base.wib	0	100	1024	56020	3686000
724	chr22	18235370	18240490	chr22.294164	5	1024	301156731	/gbdb/hg19/wib/gc5Base.wib	0	100	1024	54400	3445600
724	chr22	18240490	18245610	chr22.294165	5	1024	301157755	/gbdb/hg19/wib/gc5Base.wib	0	100	1024	48220	2863600
724	chr22	18245610	18250730	chr22.294166	5	1024	301158779	/gbdb/hg19/wib/gc5Base.wib	0	100	1024	46980	2694000
724	chr22	18250730	18255850	chr22.294167	5	1024	301159803	/gbdb/hg19/wib/gc5Base.wib	0	100	1024	58980	3872400
724	chr22	18255850	18260970	chr22.294168	5	1024	301160827	/gbdb/hg19/wib/gc5Base.wib	0	100	1024	59660	4058800
724	chr22	18260970	18266090	chr22.294169	5	1024	301161851	/gbdb/hg19/wib/gc5Base.wib	0	100	1024	60160	3979200
724	chr22	18266090	18271210	chr22.294170	5	1024	301162875	/gbdb/hg19/wib/gc5Base.wib	0	100	1024	57100	3694000
724	chr22	18271210	18276330	chr22.294171	5	1024	301163899	/gbdb/hg19/wib/gc5Base.wib	0	100	1024	59120	3854400
724	chr22	18276330	18281450	chr22.294172	5	1024	301164923	/gbdb/hg19/wib/gc5Base.wib	0	100	1024	54320	3372800
724	chr22	18281450	18286570	chr22.294173	5	1024	301165947	/gbdb/hg19/wib/gc5Base.wib	0	100	1024	53280	3292800
724	chr22	18286570	18291690	chr22.294174	5	1024	301166971	/gbdb/hg19/wib/gc5Base.wib	0	100	1024	53380	3289200
724	chr22	18291690	18296810	chr22.294175	5	1024	301167995	/gbdb/hg19/wib/gc5Base.wib	0	100	1024	53180	3283600
724	chr22	18296810	18301930	chr22.294176	5	1024	301169019	/gbdb/hg19/wib/gc5Base.wib	0	100	1024	61580	4127600
724	chr22	18301930	18307050	chr22.294177	5	1024	301170043	/gbdb/hg19/wib/gc5Base.wib	0	100	1024	51960	3264000
724	chr22	18307050	18312170	chr22.294178	5	1024	301171067	/gbdb/hg19/wib/gc5Base.wib	0	100	1024	54560	3391200
724	chr22	18312170	18317290	chr22.294179	5	1024	301172091	/gbdb/hg19/wib/gc5Base.wib	0	100	1024	56220	3487600
724	chr22	18317290	18322410	chr22.294180	5	1024	301173115	/gbdb/hg19/wib/gc5Base.wib	0	100	1024	53360	3290400
724	chr22	18322410	18327530	chr22.294181	5	1024	301174139	/gbdb/hg19/wib/gc5Base.wib	0	100	1024	55360	3504000
724	chr22	18327530	18332650	chr22.294182	5	1024	301175163	/gbdb/hg19/wib/gc5Base.wib	0	100	1024	51500	3041200
724	chr22	18332650	18337770	chr22.294183	5	1024	301176187	/gbdb/hg19/wib/gc5Base.wib	0	100	1024	51080	3005600
724	chr22	18337770	18342890	chr22.294184	5	1024	301177211	/gbdb/hg19/wib/gc5Base.wib	0	100	1024	53940	3353200
724	chr22	18342890	18348010	chr22.294185	5	1024	301178235	/gbdb/hg19/wib/gc5Base.wib	0	100	1024	49700	2966000
90	chr22	18348010	18353130	chr22.294186	5	1024	301179259	/gbdb/hg19/wib/gc5Base.wib	0	100	1024	50700	2993200
725	chr22	18353130	18358250	chr22.294187	5	1024	301180283	/gbdb/hg19/wib/gc5Base.wib	0	100	1024	53580	3255600
725	chr22	18358250	18363370	chr22.294188	5	1024	301181307	/gbdb/hg19/wib/gc5Base.wib	0	100	1024	52560	3169600
725	chr22	18363370	18368490	chr22.294189	5	1024	301182331	/gbdb/hg19/wib/gc5Base.wib	0	100	1024	50520	2989600
725	chr22	18368490	18373610	chr22.294190	5	1024	301183355	/gbdb/hg19/wib/gc5Base.wib	0	100	1024	48180	2771600
725	chr22	18373610	18378730	chr22.294191	5	1024	301184379	/gbdb/hg19/wib/gc5Base.wib	0	100	1024	46680	2647200
725	chr22	18378730	18383850	chr22.294192	5	1024	301185403	/gbdb/hg19/wib/gc5Base.wib	0	100	1024	47580	2694000
725	chr22	18383850	18388970	chr22.294193	5	1024	301186427	/gbdb/hg19/wib/gc5Base.wib	0	100	1024	49900	2866800
725	chr22	18388970	18394090	chr22.294194	5	1024	301187451	/gbdb/hg19/wib/gc5Base.wib	0	100	1024	51140	2980400
725	chr22	18394090	18399210	chr22.294195	5	1024	301188475	/gbdb/hg19/wib/gc5Base.wib	0	100	1024	47060	2634800
725	chr22	18399210	18404330	chr22.294196	5	1024	301189499	/gbdb/hg19/wib/gc5Base.wib	0	100	1024	50200	2959200
725	chr22	18404330	18409450	chr22.294197	5	1024	301190523	/gbdb/hg19/wib/gc5Base.wib	0	100	1024	47880	2701600
725	chr22	18409450	18414570	chr22.294198	5	1024	301191547	/gbdb/hg19/wib/gc5Base.wib	0	100	1024	49200	2894400
725	chr22	18414570	18419690	chr22.294199	5	1024	301192571	/gbdb/hg19/wib/gc5Base.wib	0	100	1024	39460	1936400
725	chr22	18419690	18424810	chr22.294200	5	1024	301193595	/gbdb/hg19/wib/gc5Base.wib	0	100	1024	47840	2717600
725	chr22	18424810	18429930	chr22.294201	5	1024	301194619	/gbdb/hg19/wib/gc5Base.wib	0	100	1024	52720	3192800
725	chr22	18429930	18435050	chr22.294202	5	1024	301195643	/gbdb/hg19/wib/gc5Base.wib	0	100	1024	51280	3052800
725	chr22	18435050	18440170	chr22.294203	5	1024	301196667	/gbdb/hg19/wib/gc5Base.wib	0	100	1024	50460	2971600
725	chr22	18440170	18445290	chr22.294204	5	1024	301197691	/gbdb/hg19/wib/gc5Base.wib	0	100	1024	53740	3302000
725	chr22	18445290	18450410	chr22.294205	5	1024	301198715	/gbdb/hg19/wib/gc5Base.wib	0	100	1024	48800	2810400
725	chr22	18450410	18455530	chr22.294206	5	1024	301199739	/gbdb/hg19/wib/gc5Base.wib	0	100	1024	50780	3058000
725	chr22	18455530	18460650	chr22.294207	5	1024	301200763	/gbdb/hg19/wib/gc5Base.wib	0	100	1024	47520	2761600
725	chr22	18460650	18465770	chr22.294208	5	1024	301201787	/gbdb/hg19/wib/gc5Base.wib	0	100	1024	46180	2682800
725	chr22	18465770	18470890	chr22.294209	5	1024	301202811	/gbdb/hg19/wib/gc5Base.wib	0	100	1024	51800	3126400
725	chr22	18470890	18476010	chr22.294210	5	1024	301203835	/gbdb/hg19/wib/gc5Base.wib	0	100	1024	50080	2958400
725	chr22	18476010	18481130	chr22.294211	5	1024	301204859	/gbdb/hg19/wib/gc5Base.wib	0	100	1024	51280	3084800
90	chr22	18481130	18486250	chr22.294212	5	1024	301205883	/gbdb/hg19/wib/gc5Base.wib	0	100	1024	54320	3575200
726	chr22	18486250	18491370	chr22.294213	5	1024	301206907	/gbdb/hg19/wib/gc5Base.wib	0	100	1024	48200	2805600
726	chr22	18491370	18496490	chr22.294214	5	1024	301207931	/gbdb/hg19/wib/gc5Base.wib	0	100	1024	47460	2736400
726	chr22	18496490	18501610	chr22.294215	5	1024	301208955	/gbdb/hg19/wib/gc5Base.wib	0	100	1024	44080	2484000
726	chr22	18501610	18506730	chr22.294216	5	1024	301209979	/gbdb/hg19/wib/gc5Base.wib	0	100	1024	49100	2962800
726	chr22	18506730	18511850	chr22.294217	5	1024	301211003	/gbdb/hg19/wib/gc5Base.wib	0	100	1024	47940	2837200
726	chr22	18511850	18516970	chr22.294218	5	1024	301212027	/gbdb/hg19/wib/gc5Base.wib	0	100	1024	45560	2534400
726	chr22	18516970	18522090	chr22.294219	5	1024	301213051	/gbdb/hg19/wib/gc5Base.wib	0	100	1024	50300	3003600
726	chr22	18522090	18527210	chr22.294220	5	1024	301214075	/gbdb/hg19/wib/gc5Base.wib	0	100	1024	51700	3197200
726	chr22	18527210	18532330	chr22.294221	5	1024	301215099	/gbdb/hg19/wib/gc5Base.wib	0	100	1024	50120	2981600
726	chr22	18532330	18537450	chr22.294222	5	1024	301216123	/gbdb/hg19/wib/gc5Base.wib	0	100	1024	55420	3518000
726	chr22	18537450	18542570	chr22.294223	5	1024	301217147	/gbdb/hg19/wib/gc5Base.wib	0	100	1024	48340	2796400
726	chr22	18542570	18547690	chr22.294224	5	1024	301218171	/gbdb/hg19/wib/gc5Base.wib	0	100	1024	49480	2904000
726	chr22	18547690	18552810	chr22.294225	5	1024	301219195	/gbdb/hg19/wib/gc5Base.wib	0	100	1024	50280	2932800
726	chr22	18552810	18557930	chr22.294226	5	1024	301220219	/gbdb/hg19/wib/gc5Base.wib	0	100	1024	47720	2717600
726	chr22	18557930	18563050	chr22.294227	5	1024	301221243	/gbdb/hg19/wib/gc5Base.wib	0	100	1024	50760	3079200
726	chr22	18563050	18568170	chr22.294228	5	1024	301222267	/gbdb/hg19/wib/gc5Base.wib	0	100	1024	45140	2526800
726	chr22	18568170	18573290	chr22.294229	5	1024	301223291	/gbdb/hg19/wib/gc5Base.wib	0	100	1024	50420	3020400
726	chr22	18573290	18578410	chr22.294230	5	1024	301224315	/gbdb/hg19/wib/gc5Base.wib	0	100	1024	49000	2927200
726	chr22	18578410	18583530	chr22.294231	5	1024	301225339	/gbdb/hg19/wib/gc5Base.wib	0	100	1024	44320	2492800
726	chr22	18583530	18588650	chr22.294232	5	1024	301226363	/gbdb/hg19/wib/gc5Base.wib	0	100	1024	46400	2580800
726	chr22	18588650	18593770	chr22.294233	5	1024	301227387	/gbdb/hg19/wib/gc5Base.wib	0	100	1024	53500	3295600
726	chr22	18593770	18598890	chr22.294234	5	1024	301228411	/gbdb/hg19/wib/gc5Base.wib	0	100	1024	52860	3291600
726	chr22	18598890	18604010	chr22.294235	5	1024	301229435	/gbdb/hg19/wib/gc5Base.wib	0	100	1024	50820	3051600
726	chr22	18604010	18609130	chr22.294236	5	1024	301230459	/gbdb/hg19/wib/gc5Base.wib	0	100	1024	51740	3153200
90	chr22	18609130	18614250	chr22.294237	5	1024	301231483	/gbdb/hg19/wib/gc5Base.wib	0	100	1024	51560	3128000
727	chr22	18614250	18619370	chr22.294238	5	1024	301232507	/gbdb/hg19/wib/gc5Base.wib	0	100	1024	48240	2829600
727	chr22	18619370	18624490	chr22.294239	5	1024	301233531	/gbdb/hg19/wib/gc5Base.wib	0	100	1024	44360	2516800
727	chr22	18624490	18629610	chr22.294240	5	1024	301234555	/gbdb/hg19/wib/gc5Base.wib	0	100	1024	42940	2383600
727	chr22	18629610	18634730	chr22.294241	5	1024	301235579	/gbdb/hg19/wib/gc5Base.wib	0	100	1024	48160	2880000
727	chr22	18634730	18639850	chr22.294242	5	1024	301236603	/gbdb/hg19/wib/gc5Base.wib	0	100	1024	51820	3174800
727	chr22	18639850	18644970	chr22.294243	5	1024	301237627	/gbdb/hg19/wib/gc5Base.wib	0	100	1024	51060	3080400
727	chr22	18644970	18650090	chr22.294244	5	1024	301238651	/gbdb/hg19/wib/gc5Base.wib	0	100	1024	47240	2674400
727	chr22	18650090	18655210	chr22.294245	5	1024	301239675	/gbdb/hg19/wib/gc5Base.wib	0	100	1024	49560	2921600
727	chr22	18655210	18660330	chr22.294246	5	1024	301240699	/gbdb/hg19/wib/gc5Base.wib	0	100	1024	48740	2846000
727	chr22	18660330	18665450	chr22.294247	5	1024	301241723	/gbdb/hg19/wib/gc5Base.wib	0	100	1024	44440	2443200
727	chr22	18665450	18670570	chr22.294248	5	1024	301242747	/gbdb/hg19/wib/gc5Base.wib	0	100	1024	48000	2743200
727	chr22	18670570	18675690	chr22.294249	5	1024	301243771	/gbdb/hg19/wib/gc5Base.wib	0	100	1024	42040	2216800
727	chr22	18675690	18680810	chr22.294250	5	1024	301244795	/gbdb/hg19/wib/gc5Base.wib	0	100	1024	42280	2283200
727	chr22	18680810	18685930	chr22.294251	5	1024	301245819	/gbdb/hg19/wib/gc5Base.wib	0	100	1024	36320	1881600
727	chr22	18685930	18691050	chr22.294252	5	1024	301246843	/gbdb/hg19/wib/gc5Base.wib	0	80	1024	20920	949600
727	chr22	18691050	18696170	chr22.294253	5	1024	301247867	/gbdb/hg19/wib/gc5Base.wib	0	100	1024	41500	2228400
727	chr22	18696170	18701290	chr22.294254	5	1024	301248891	/gbdb/hg19/wib/gc5Base.wib	0	100	1024	43000	2324000
727	chr22	18701290	18706410	chr22.294255	5	1024	301249915	/gbdb/hg19/wib/gc5Base.wib	0	100	1024	58380	3882800
727	chr22	18706410	18711530	chr22.294256	5	1024	301250939	/gbdb/hg19/wib/gc5Base.wib	0	100	1024	42040	2311200
727	chr22	18711530	18716650	chr22.294257	5	1024	301251963	/gbdb/hg19/wib/gc5Base.wib	0	100	1024	37520	1981600
727	chr22	18716650	18721770	chr22.294258	5	1024	301252987	/gbdb/hg19/wib/gc5Base.wib	0	100	1024	16260	761200
727	chr22	18721770	18726890	chr22.294259	5	1024	301254011	/gbdb/hg19/wib/gc5Base.wib	0	100	1024	44360	2391200
727	chr22	18726890	18732010	chr22.294260	5	1024	301255035	/gbdb/hg19/wib/gc5Base.wib	0	100	1024	39940	2070800
727	chr22	18732010	18737130	chr22.294261	5	1024	301256059	/gbdb/hg19/wib/gc5Base.wib	0	100	1024	44640	2462400
727	chr22	18737130	18742250	chr22.294262	5	1024	301257083	/gbdb/hg19/wib/gc5Base.wib	0	100	1024	45480	2495200
90	chr22	18742250	18747370	chr22.294263	5	1024	301258107	/gbdb/hg19/wib/gc5Base.wib	0	100	1024	46160	2636000
728	chr22	18747370	18752490	chr22.294264	5	1024	301259131	/gbdb/hg19/wib/gc5Base.wib	0	100	1024	47460	2786800
728	chr22	18752490	18757610	chr22.294265	5	1024	301260155	/gbdb/hg19/wib/gc5Base.wib	0	100	1024	54240	3403200
728	chr22	18757610	18762730	chr22.294266	5	1024	301261179	/gbdb/hg19/wib/gc5Base.wib	0	100	1024	60080	3944800
728	chr22	18762730	18767850	chr22.294267	5	1024	301262203	/gbdb/hg19/wib/gc5Base.wib	0	100	1024	56900	3618800
728	chr22	18767850	18772970	chr22.294268	5	1024	301263227	/gbdb/hg19/wib/gc5Base.wib	0	100	1024	55420	3490000
728	chr22	18772970	18778090	chr22.294269	5	1024	301264251	/gbdb/hg19/wib/gc5Base.wib	0	100	1024	51440	3151200
728	chr22	18778090	18783210	chr22.294270	5	1024	301265275	/gbdb/hg19/wib/gc5Base.wib	0	100	1024	53420	3283600
728	chr22	18783210	18788330	chr22.294271	5	1024	301266299	/gbdb/hg19/wib/gc5Base.wib	0	100	1024	43740	2392400
728	chr22	18788330	18793450	chr22.294272	5	1024	301267323	/gbdb/hg19/wib/gc5Base.wib	0	100	1024	46100	2589200
728	chr22	18793450	18798570	chr22.294273	5	1024	301268347	/gbdb/hg19/wib/gc5Base.wib	0	100	1024	49360	2810400
728	chr22	18798570	18803690	chr22.294274	5	1024	301269371	/gbdb/hg19/wib/gc5Base.wib	0	100	1024	48000	2711200
728	chr22	18803690	18808810	chr22.294275	5	1024	301270395	/gbdb/hg19/wib/gc5Base.wib	0	100	1024	44920	2487200
728	chr22	18808810	18813930	chr22.294276	5	1024	301271419	/gbdb/hg19/wib/gc5Base.wib	0	100	1024	51220	3001200
728	chr22	18813930	18819050	chr22.294277	5	1024	301272443	/gbdb/hg19/wib/gc5Base.wib	0	100	1024	45480	2464000
728	chr22	18819050	18824170	chr22.294278	5	1024	301273467	/gbdb/hg19/wib/gc5Base.wib	0	100	1024	44400	2460000
728	chr22	18824170	18829290	chr22.294279	5	1024	301274491	/gbdb/hg19/wib/gc5Base.wib	0	100	1024	45960	2613600
728	chr22	18829290	18834410	chr22.294280	5	1024	301275515	/gbdb/hg19/wib/gc5Base.wib	0	100	1024	47820	2796400
728	chr22	18834410	18839530	chr22.294281	5	1024	301276539	/gbdb/hg19/wib/gc5Base.wib	0	100	1024	57740	3724400
728	chr22	18839530	18844650	chr22.294282	5	1024	301277563	/gbdb/hg19/wib/gc5Base.wib	0	100	1024	59120	3832800
728	chr22	18844650	18849770	chr22.294283	5	1024	301278587	/gbdb/hg19/wib/gc5Base.wib	0	100	1024	49740	2993200
728	chr22	18849770	18854890	chr22.294284	5	1024	301279611	/gbdb/hg19/wib/gc5Base.wib	0	100	1024	43780	2425200
728	chr22	18854890	18860010	chr22.294285	5	1024	301280635	/gbdb/hg19/wib/gc5Base.wib	0	100	1024	45780	2517200
728	chr22	18860010	18865130	chr22.294286	5	1024	301281659	/gbdb/hg19/wib/gc5Base.wib	0	100	1024	49300	2960400
728	chr22	18865130	18870250	chr22.294287	5	1024	301282683	/gbdb/hg19/wib/gc5Base.wib	0	100	1024	39420	2014000
11	chr22	18870250	18875370	chr22.294288	5	1024	301283707	/gbdb/hg19/wib/gc5Base.wib	0	100	1024	45840	2528000
729	chr22	18875370	18880490	chr22.294289	5	1024	301284731	/gbdb/hg19/wib/gc5Base.wib	0	100	1024	33500	1749200
729	chr22	18880490	18885610	chr22.294290	5	1024	301285755	/gbdb/hg19/wib/gc5Base.wib	0	100	1024	28280	1407200
729	chr22	18885610	18890730	chr22.294291	5	1024	301286779	/gbdb/hg19/wib/gc5Base.wib	0	100	1024	50080	3000000
729	chr22	18890730	18895850	chr22.294292	5	1024	301287803	/gbdb/hg19/wib/gc5Base.wib	0	100	1024	57260	3741200
729	chr22	18895850	18900970	chr22.294293	5	1024	301288827	/gbdb/hg19/wib/gc5Base.wib	0	100	1024	62740	4232400
729	chr22	18900970	18906090	chr22.294294	5	1024	301289851	/gbdb/hg19/wib/gc5Base.wib	0	100	1024	57800	3724000
729	chr22	18906090	18911210	chr22.294295	5	1024	301290875	/gbdb/hg19/wib/gc5Base.wib	0	100	1024	62000	4147200
729	chr22	18911210	18916330	chr22.294296	5	1024	301291899	/gbdb/hg19/wib/gc5Base.wib	0	100	1024	61860	4138800
729	chr22	18916330	18921450	chr22.294297	5	1024	301292923	/gbdb/hg19/wib/gc5Base.wib	0	100	1024	57720	3694400
729	chr22	18921450	18926570	chr22.294298	5	1024	301293947	/gbdb/hg19/wib/gc5Base.wib	0	100	1024	56640	3672800
729	chr22	18926570	18931690	chr22.294299	5	1024	301294971	/gbdb/hg19/wib/gc5Base.wib	0	100	1024	42400	2292000
729	chr22	18931690	18936810	chr22.294300	5	1024	301295995	/gbdb/hg19/wib/gc5Base.wib	0	100	1024	44920	2480800
729	chr22	18936810	18941930	chr22.294301	5	1024	301297019	/gbdb/hg19/wib/gc5Base.wib	0	100	1024	56760	3632000
729	chr22	18941930	18947050	chr22.294302	5	1024	301298043	/gbdb/hg19/wib/gc5Base.wib	0	100	1024	64000	4412800
729	chr22	18947050	18952170	chr22.294303	5	1024	301299067	/gbdb/hg19/wib/gc5Base.wib	0	100	1024	57700	3741200
729	chr22	18952170	18957290	chr22.294304	5	1024	301300091	/gbdb/hg19/wib/gc5Base.wib	0	100	1024	64060	4339600
729	chr22	18957290	18962410	chr22.294305	5	1024	301301115	/gbdb/hg19/wib/gc5Base.wib	0	100	1024	66340	4736400
729	chr22	18962410	18967530	chr22.294306	5	1024	301302139	/gbdb/hg19/wib/gc5Base.wib	0	100	1024	53600	3304000
729	chr22	18967530	18972650	chr22.294307	5	1024	301303163	/gbdb/hg19/wib/gc5Base.wib	0	100	1024	51680	3163200
729	chr22	18972650	18977770	chr22.294308	5	1024	301304187	/gbdb/hg19/wib/gc5Base.wib	0	100	1024	50240	3060000
729	chr22	18977770	18982890	chr22.294309	5	1024	301305211	/gbdb/hg19/wib/gc5Base.wib	0	100	1024	57340	3662000
729	chr22	18982890	18988010	chr22.294310	5	1024	301306235	/gbdb/hg19/wib/gc5Base.wib	0	100	1024	50480	2999200
729	chr22	18988010	18993130	chr22.294311	5	1024	301307259	/gbdb/hg19/wib/gc5Base.wib	0	100	1024	39900	2058000
729	chr22	18993130	18998250	chr22.294312	5	1024	301308283	/gbdb/hg19/wib/gc5Base.wib	0	100	1024	40360	2148000
729	chr22	18998250	19003370	chr22.294313	5	1024	301309307	/gbdb/hg19/wib/gc5Base.wib	0	100	1024	41640	2276000
91	chr22	19003370	19008490	chr22.294314	5	1024	301310331	/gbdb/hg19/wib/gc5Base.wib	0	100	1024	50000	2984800
730	chr22	19008490	19013610	chr22.294315	5	1024	301311355	/gbdb/hg19/wib/gc5Base.wib	0	100	1024	54160	3398400
730	chr22	19013610	19018730	chr22.294316	5	1024	301312379	/gbdb/hg19/wib/gc5Base.wib	0	100	1024	64260	4499600
730	chr22	19018730	19023850	chr22.294317	5	1024	301313403	/gbdb/hg19/wib/gc5Base.wib	0	100	1024	62020	4164400
730	chr22	19023850	19028970	chr22.294318	5	1024	301314427	/gbdb/hg19/wib/gc5Base.wib	0	100	1024	60700	4010000
730	chr22	19028970	19034090	chr22.294319	5	1024	301315451	/gbdb/hg19/wib/gc5Base.wib	0	100	1024	52200	3148000
730	chr22	19034090	19039210	chr22.294320	5	1024	301316475	/gbdb/hg19/wib/gc5Base.wib	0	100	1024	48720	2787200
730	chr22	19039210	19044330	chr22.294321	5	1024	301317499	/gbdb/hg19/wib/gc5Base.wib	0	100	1024	45860	2582800
730	chr22	19044330	19049450	chr22.294322	5	1024	301318523	/gbdb/hg19/wib/gc5Base.wib	0	100	1024	57200	3632800
730	chr22	19049450	19054570	chr22.294323	5	1024	301319547	/gbdb/hg19/wib/gc5Base.wib	0	100	1024	54620	3384400
730	chr22	19054570	19059690	chr22.294324	5	1024	301320571	/gbdb/hg19/wib/gc5Base.wib	0	100	1024	50740	3048400
730	chr22	19059690	19064810	chr22.294325	5	1024	301321595	/gbdb/hg19/wib/gc5Base.wib	0	100	1024	45160	2557600
730	chr22	19064810	19069930	chr22.294326	5	1024	301322619	/gbdb/hg19/wib/gc5Base.wib	0	100	1024	40560	2073600
730	chr22	19069930	19075050	chr22.294327	5	1024	301323643	/gbdb/hg19/wib/gc5Base.wib	0	100	1024	53420	3370800
730	chr22	19075050	19080170	chr22.294328	5	1024	301324667	/gbdb/hg19/wib/gc5Base.wib	0	100	1024	44520	2468000
730	chr22	19080170	19085290	chr22.294329	5	1024	301325691	/gbdb/hg19/wib/gc5Base.wib	0	100	1024	43320	2384800
730	chr22	19085290	19090410	chr22.294330	5	1024	301326715	/gbdb/hg19/wib/gc5Base.wib	0	100	1024	49500	2932400
730	chr22	19090410	19095530	chr22.294331	5	1024	301327739	/gbdb/hg19/wib/gc5Base.wib	0	100	1024	51120	3084000
730	chr22	19095530	19100650	chr22.294332	5	1024	301328763	/gbdb/hg19/wib/gc5Base.wib	0	100	1024	43760	2386400
730	chr22	19100650	19105770	chr22.294333	5	1024	301329787	/gbdb/hg19/wib/gc5Base.wib	0	100	1024	49820	2894800
730	chr22	19105770	19110890	chr22.294334	5	1024	301330811	/gbdb/hg19/wib/gc5Base.wib	0	100	1024	57920	3819200
730	chr22	19110890	19116010	chr22.294335	5	1024	301331835	/gbdb/hg19/wib/gc5Base.wib	0	100	1024	57440	3664800
730	chr22	19116010	19121130	chr22.294336	5	1024	301332859	/gbdb/hg19/wib/gc5Base.wib	0	100	1024	57820	3697200
730	chr22	19121130	19126250	chr22.294337	5	1024	301333883	/gbdb/hg19/wib/gc5Base.wib	0	100	1024	58940	3843600
730	chr22	19126250	19131370	chr22.294338	5	1024	301334907	/gbdb/hg19/wib/gc5Base.wib	0	100	1024	55320	3435200
730	chr22	19131370	19136490	chr22.294339	5	1024	301335931	/gbdb/hg19/wib/gc5Base.wib	0	100	1024	54880	3448000
91	chr22	19136490	19141610	chr22.294340	5	1024	301336955	/gbdb/hg19/wib/gc5Base.wib	0	100	1024	62460	4432400
731	chr22	19141610	19146730	chr22.294341	5	1024	301337979	/gbdb/hg19/wib/gc5Base.wib	0	100	1024	50900	3084400
731	chr22	19146730	19151850	chr22.294342	5	1024	301339003	/gbdb/hg19/wib/gc5Base.wib	0	100	1024	46820	2725200
731	chr22	19151850	19156970	chr22.294343	5	1024	301340027	/gbdb/hg19/wib/gc5Base.wib	0	100	1024	53340	3304400
731	chr22	19156970	19162090	chr22.294344	5	1024	301341051	/gbdb/hg19/wib/gc5Base.wib	0	100	1024	62400	4224800
731	chr22	19162090	19167210	chr22.294345	5	1024	301342075	/gbdb/hg19/wib/gc5Base.wib	0	100	1024	67900	4938800
731	chr22	19167210	19172330	chr22.294346	5	1024	301343099	/gbdb/hg19/wib/gc5Base.wib	0	100	1024	60260	3930000
731	chr22	19172330	19177450	chr22.294347	5	1024	301344123	/gbdb/hg19/wib/gc5Base.wib	0	100	1024	52360	3168000
731	chr22	19177450	19182570	chr22.294348	5	1024	301345147	/gbdb/hg19/wib/gc5Base.wib	0	100	1024	53456.7	3278300
731	chr22	19182570	19187690	chr22.294349	5	1024	301346171	/gbdb/hg19/wib/gc5Base.wib	0	100	1024	53740	3272400
731	chr22	19187690	19192810	chr22.294350	5	1024	301347195	/gbdb/hg19/wib/gc5Base.wib	0	100	1024	52220	3166000
731	chr22	19192810	19197930	chr22.294351	5	1024	301348219	/gbdb/hg19/wib/gc5Base.wib	0	100	1024	47005	2703420
731	chr22	19197930	19203050	chr22.294352	5	1024	301349243	/gbdb/hg19/wib/gc5Base.wib	0	100	1024	41580	2207400
731	chr22	19203050	19208170	chr22.294353	5	1024	301350267	/gbdb/hg19/wib/gc5Base.wib	0	100	1024	49370	2905150
731	chr22	19208170	19213290	chr22.294354	5	1024	301351291	/gbdb/hg19/wib/gc5Base.wib	0	100	1024	51940	3046000
731	chr22	19213290	19218410	chr22.294355	5	1024	301352315	/gbdb/hg19/wib/gc5Base.wib	0	100	1024	45460	2530800
731	chr22	19218410	19223530	chr22.294356	5	1024	301353339	/gbdb/hg19/wib/gc5Base.wib	0	100	1024	43460	2330800
731	chr22	19223530	19228650	chr22.294357	5	1024	301354363	/gbdb/hg19/wib/gc5Base.wib	0	100	1024	46480	2693600
731	chr22	19228650	19233770	chr22.294358	5	1024	301355387	/gbdb/hg19/wib/gc5Base.wib	0	100	1024	47140	2723600
731	chr22	19233770	19238890	chr22.294359	5	1024	301356411	/gbdb/hg19/wib/gc5Base.wib	0	100	1024	42180	2287600
731	chr22	19238890	19244010	chr22.294360	5	1024	301357435	/gbdb/hg19/wib/gc5Base.wib	0	100	1024	44440	2511200
731	chr22	19244010	19249130	chr22.294361	5	1024	301358459	/gbdb/hg19/wib/gc5Base.wib	0	100	1024	45600	2556800
731	chr22	19249130	19254250	chr22.294362	5	1024	301359483	/gbdb/hg19/wib/gc5Base.wib	0	100	1024	41300	2237200
731	chr22	19254250	19259370	chr22.294363	5	1024	301360507	/gbdb/hg19/wib/gc5Base.wib	0	100	1024	41760	2236800
731	chr22	19259370	19264490	chr22.294364	5	1024	301361531	/gbdb/hg19/wib/gc5Base.wib	0	100	1024	45900	2588400
91	chr22	19264490	19269610	chr22.294365	5	1024	301362555	/gbdb/hg19/wib/gc5Base.wib	0	100	1024	42860	2350000
732	chr22	19269610	19274730	chr22.294366	5	1024	301363579	/gbdb/hg19/wib/gc5Base.wib	0	100	1024	46780	2703600
732	chr22	19274730	19279850	chr22.294367	5	1024	301364603	/gbdb/hg19/wib/gc5Base.wib	0	100	1024	52500	3289200
732	chr22	19279850	19284970	chr22.294368	5	1024	301365627	/gbdb/hg19/wib/gc5Base.wib	0	100	1024	46380	2633200
732	chr22	19284970	19290090	chr22.294369	5	1024	301366651	/gbdb/hg19/wib/gc5Base.wib	0	100	1024	42180	2309200
732	chr22	19290090	19295210	chr22.294370	5	1024	301367675	/gbdb/hg19/wib/gc5Base.wib	0	100	1024	42940	2301200
732	chr22	19295210	19300330	chr22.294371	5	1024	301368699	/gbdb/hg19/wib/gc5Base.wib	0	100	1024	44160	2487200
732	chr22	19300330	19305450	chr22.294372	5	1024	301369723	/gbdb/hg19/wib/gc5Base.wib	0	100	1024	41580	2261200
732	chr22	19305450	19310570	chr22.294373	5	1024	301370747	/gbdb/hg19/wib/gc5Base.wib	0	100	1024	39300	2028400
732	chr22	19310570	19315690	chr22.294374	5	1024	301371771	/gbdb/hg19/wib/gc5Base.wib	0	100	1024	42800	2337600
732	chr22	19315690	19320810	chr22.294375	5	1024	301372795	/gbdb/hg19/wib/gc5Base.wib	0	100	1024	48600	2820800
732	chr22	19320810	19325930	chr22.294376	5	1024	301373819	/gbdb/hg19/wib/gc5Base.wib	0	100	1024	41500	2205200
732	chr22	19325930	19331050	chr22.294377	5	1024	301374843	/gbdb/hg19/wib/gc5Base.wib	0	100	1024	40280	2078400
732	chr22	19331050	19336170	chr22.294378	5	1024	301375867	/gbdb/hg19/wib/gc5Base.wib	0	100	1024	43680	2375200
732	chr22	19336170	19341290	chr22.294379	5	1024	301376891	/gbdb/hg19/wib/gc5Base.wib	0	100	1024	51120	3055200
732	chr22	19341290	19346410	chr22.294380	5	1024	301377915	/gbdb/hg19/wib/gc5Base.wib	0	100	1024	55000	3391200
732	chr22	19346410	19351530	chr22.294381	5	1024	301378939	/gbdb/hg19/wib/gc5Base.wib	0	100	1024	51260	3055600
732	chr22	19351530	19356650	chr22.294382	5	1024	301379963	/gbdb/hg19/wib/gc5Base.wib	0	100	1024	44000	2412800
732	chr22	19356650	19361770	chr22.294383	5	1024	301380987	/gbdb/hg19/wib/gc5Base.wib	0	100	1024	44660	2478000
732	chr22	19361770	19366890	chr22.294384	5	1024	301382011	/gbdb/hg19/wib/gc5Base.wib	0	100	1024	50800	3009600
732	chr22	19366890	19372010	chr22.294385	5	1024	301383035	/gbdb/hg19/wib/gc5Base.wib	0	100	1024	41280	2244000
732	chr22	19372010	19377130	chr22.294386	5	1024	301384059	/gbdb/hg19/wib/gc5Base.wib	0	100	1024	51040	3015200
732	chr22	19377130	19382250	chr22.294387	5	1024	301385083	/gbdb/hg19/wib/gc5Base.wib	0	100	1024	48560	2828000
732	chr22	19382250	19387370	chr22.294388	5	1024	301386107	/gbdb/hg19/wib/gc5Base.wib	0	100	1024	48900	2814000
732	chr22	19387370	19392490	chr22.294389	5	1024	301387131	/gbdb/hg19/wib/gc5Base.wib	0	100	1024	43700	2395600
732	chr22	19392490	19397610	chr22.294390	5	1024	301388155	/gbdb/hg19/wib/gc5Base.wib	0	100	1024	48020	2774800
91	chr22	19397610	19402730	chr22.294391	5	1024	301389179	/gbdb/hg19/wib/gc5Base.wib	0	100	1024	46900	2635600
733	chr22	19402730	19407850	chr22.294392	5	1024	301390203	/gbdb/hg19/wib/gc5Base.wib	0	100	1024	42600	2303200
733	chr22	19407850	19412970	chr22.294393	5	1024	301391227	/gbdb/hg19/wib/gc5Base.wib	0	100	1024	47480	2667200
733	chr22	19412970	19418090	chr22.294394	5	1024	301392251	/gbdb/hg19/wib/gc5Base.wib	0	100	1024	44360	2418400
733	chr22	19418090	19423210	chr22.294395	5	1024	301393275	/gbdb/hg19/wib/gc5Base.wib	0	100	1024	57480	3853600
733	chr22	19423210	19428330	chr22.294396	5	1024	301394299	/gbdb/hg19/wib/gc5Base.wib	0	100	1024	46900	2698800
733	chr22	19428330	19433450	chr22.294397	5	1024	301395323	/gbdb/hg19/wib/gc5Base.wib	0	100	1024	47480	2712000
733	chr22	19433450	19438570	chr22.294398	5	1024	301396347	/gbdb/hg19/wib/gc5Base.wib	0	100	1024	51600	3186400
733	chr22	19438570	19443690	chr22.294399	5	1024	301397371	/gbdb/hg19/wib/gc5Base.wib	0	100	1024	48960	2810400
733	chr22	19443690	19448810	chr22.294400	5	1024	301398395	/gbdb/hg19/wib/gc5Base.wib	0	100	1024	46500	2659600
733	chr22	19448810	19453930	chr22.294401	5	1024	301399419	/gbdb/hg19/wib/gc5Base.wib	0	100	1024	42660	2282000
733	chr22	19453930	19459050	chr22.294402	5	1024	301400443	/gbdb/hg19/wib/gc5Base.wib	0	100	1024	53500	3234800
733	chr22	19459050	19464170	chr22.294403	5	1024	301401467	/gbdb/hg19/wib/gc5Base.wib	0	100	1024	50640	3002400
733	chr22	19464170	19469290	chr22.294404	5	1024	301402491	/gbdb/hg19/wib/gc5Base.wib	0	100	1024	48580	2944400
733	chr22	19469290	19474410	chr22.294405	5	1024	301403515	/gbdb/hg19/wib/gc5Base.wib	0	100	1024	44940	2502800
733	chr22	19474410	19479530	chr22.294406	5	1024	301404539	/gbdb/hg19/wib/gc5Base.wib	0	100	1024	43220	2387600
733	chr22	19479530	19484650	chr22.294407	5	1024	301405563	/gbdb/hg19/wib/gc5Base.wib	0	100	1024	46940	2670800
733	chr22	19484650	19489770	chr22.294408	5	1024	301406587	/gbdb/hg19/wib/gc5Base.wib	0	100	1024	53000	3210400
733	chr22	19489770	19494890	chr22.294409	5	1024	301407611	/gbdb/hg19/wib/gc5Base.wib	0	100	1024	52520	3191200
733	chr22	19494890	19500010	chr22.294410	5	1024	301408635	/gbdb/hg19/wib/gc5Base.wib	0	100	1024	46180	2606000
733	chr22	19500010	19505130	chr22.294411	5	1024	301409659	/gbdb/hg19/wib/gc5Base.wib	0	100	1024	51340	3102000
733	chr22	19505130	19510250	chr22.294412	5	1024	301410683	/gbdb/hg19/wib/gc5Base.wib	0	100	1024	59400	3864000
733	chr22	19510250	19515370	chr22.294413	5	1024	301411707	/gbdb/hg19/wib/gc5Base.wib	0	100	1024	64300	4463600
733	chr22	19515370	19520490	chr22.294414	5	1024	301412731	/gbdb/hg19/wib/gc5Base.wib	0	100	1024	50440	3087200
733	chr22	19520490	19525610	chr22.294415	5	1024	301413755	/gbdb/hg19/wib/gc5Base.wib	0	100	1024	44340	2566800
91	chr22	19525610	19530730	chr22.294416	5	1024	301414779	/gbdb/hg19/wib/gc5Base.wib	0	100	1024	40660	2162000
734	chr22	19530730	19535850	chr22.294417	5	1024	301415803	/gbdb/hg19/wib/gc5Base.wib	0	100	1024	53040	3278400
734	chr22	19535850	19540970	chr22.294418	5	1024	301416827	/gbdb/hg19/wib/gc5Base.wib	0	100	1024	46640	2632000
734	chr22	19540970	19546090	chr22.294419	5	1024	301417851	/gbdb/hg19/wib/gc5Base.wib	0	100	1024	47760	2797600
734	chr22	19546090	19551210	chr22.294420	5	1024	301418875	/gbdb/hg19/wib/gc5Base.wib	0	100	1024	48900	2884400
734	chr22	19551210	19556330	chr22.294421	5	1024	301419899	/gbdb/hg19/wib/gc5Base.wib	0	100	1024	50960	3032000
734	chr22	19556330	19561450	chr22.294422	5	1024	301420923	/gbdb/hg19/wib/gc5Base.wib	0	100	1024	47980	2731600
734	chr22	19561450	19566570	chr22.294423	5	1024	301421947	/gbdb/hg19/wib/gc5Base.wib	0	100	1024	52440	3176800
734	chr22	19566570	19571690	chr22.294424	5	1024	301422971	/gbdb/hg19/wib/gc5Base.wib	0	100	1024	47840	2781600
734	chr22	19571690	19576810	chr22.294425	5	1024	301423995	/gbdb/hg19/wib/gc5Base.wib	0	100	1024	47220	2734800
734	chr22	19576810	19581930	chr22.294426	5	1024	301425019	/gbdb/hg19/wib/gc5Base.wib	0	100	1024	46260	2612400
734	chr22	19581930	19587050	chr22.294427	5	1024	301426043	/gbdb/hg19/wib/gc5Base.wib	0	100	1024	50680	3041600
734	chr22	19587050	19592170	chr22.294428	5	1024	301427067	/gbdb/hg19/wib/gc5Base.wib	0	100	1024	47000	2656000
734	chr22	19592170	19597290	chr22.294429	5	1024	301428091	/gbdb/hg19/wib/gc5Base.wib	0	100	1024	53760	3313600
734	chr22	19597290	19602410	chr22.294430	5	1024	301429115	/gbdb/hg19/wib/gc5Base.wib	0	100	1024	51220	3072400
734	chr22	19602410	19607530	chr22.294431	5	1024	301430139	/gbdb/hg19/wib/gc5Base.wib	0	100	1024	49820	2939600
734	chr22	19607530	19612650	chr22.294432	5	1024	301431163	/gbdb/hg19/wib/gc5Base.wib	0	100	1024	52500	3219600
734	chr22	19612650	19617770	chr22.294433	5	1024	301432187	/gbdb/hg19/wib/gc5Base.wib	0	100	1024	52620	3249200
734	chr22	19617770	19622890	chr22.294434	5	1024	301433211	/gbdb/hg19/wib/gc5Base.wib	0	100	1024	50240	2999200
734	chr22	19622890	19628010	chr22.294435	5	1024	301434235	/gbdb/hg19/wib/gc5Base.wib	0	100	1024	53360	3248800
734	chr22	19628010	19633130	chr22.294436	5	1024	301435259	/gbdb/hg19/wib/gc5Base.wib	0	100	1024	53160	3282400
734	chr22	19633130	19638250	chr22.294437	5	1024	301436283	/gbdb/hg19/wib/gc5Base.wib	0	100	1024	40400	2116800
734	chr22	19638250	19643370	chr22.294438	5	1024	301437307	/gbdb/hg19/wib/gc5Base.wib	0	100	1024	41220	2175600
734	chr22	19643370	19648490	chr22.294439	5	1024	301438331	/gbdb/hg19/wib/gc5Base.wib	0	100	1024	57460	3703600
734	chr22	19648490	19653610	chr22.294440	5	1024	301439355	/gbdb/hg19/wib/gc5Base.wib	0	100	1024	50500	3068400
734	chr22	19653610	19658730	chr22.294441	5	1024	301440379	/gbdb/hg19/wib/gc5Base.wib	0	100	1024	52720	3213600
91	chr22	19658730	19663850	chr22.294442	5	1024	301441403	/gbdb/hg19/wib/gc5Base.wib	0	100	1024	45460	2487600
735	chr22	19663850	19668970	chr22.294443	5	1024	301442427	/gbdb/hg19/wib/gc5Base.wib	0	100	1024	51620	3141200
735	chr22	19668970	19674090	chr22.294444	5	1024	301443451	/gbdb/hg19/wib/gc5Base.wib	0	100	1024	40500	2158000
735	chr22	19674090	19679210	chr22.294445	5	1024	301444475	/gbdb/hg19/wib/gc5Base.wib	0	100	1024	53260	3348400
735	chr22	19679210	19684330	chr22.294446	5	1024	301445499	/gbdb/hg19/wib/gc5Base.wib	0	100	1024	55000	3501600
735	chr22	19684330	19689450	chr22.294447	5	1024	301446523	/gbdb/hg19/wib/gc5Base.wib	0	100	1024	43200	2383200
735	chr22	19689450	19694570	chr22.294448	5	1024	301447547	/gbdb/hg19/wib/gc5Base.wib	0	100	1024	52400	3202400
735	chr22	19694570	19699690	chr22.294449	5	1024	301448571	/gbdb/hg19/wib/gc5Base.wib	0	100	1024	59700	3913200
735	chr22	19699690	19704810	chr22.294450	5	1024	301449595	/gbdb/hg19/wib/gc5Base.wib	0	100	1024	63480	4430400
735	chr22	19704810	19709930	chr22.294451	5	1024	301450619	/gbdb/hg19/wib/gc5Base.wib	0	100	1024	67660	4878000
735	chr22	19709930	19715050	chr22.294452	5	1024	301451643	/gbdb/hg19/wib/gc5Base.wib	0	100	1024	70900	5230800
735	chr22	19715050	19720170	chr22.294453	5	1024	301452667	/gbdb/hg19/wib/gc5Base.wib	0	100	1024	64100	4406000
735	chr22	19720170	19725290	chr22.294454	5	1024	301453691	/gbdb/hg19/wib/gc5Base.wib	0	100	1024	62460	4202000
735	chr22	19725290	19730410	chr22.294455	5	1024	301454715	/gbdb/hg19/wib/gc5Base.wib	0	100	1024	63300	4316400
735	chr22	19730410	19735530	chr22.294456	5	1024	301455739	/gbdb/hg19/wib/gc5Base.wib	0	100	1024	65380	4537200
735	chr22	19735530	19740650	chr22.294457	5	1024	301456763	/gbdb/hg19/wib/gc5Base.wib	0	100	1024	60640	4028000
735	chr22	19740650	19745770	chr22.294458	5	1024	301457787	/gbdb/hg19/wib/gc5Base.wib	0	100	1024	65320	4556800
735	chr22	19745770	19750890	chr22.294459	5	1024	301458811	/gbdb/hg19/wib/gc5Base.wib	0	100	1024	67040	4942400
735	chr22	19750890	19756010	chr22.294460	5	1024	301459835	/gbdb/hg19/wib/gc5Base.wib	0	100	1024	66960	4857600
735	chr22	19756010	19761130	chr22.294461	5	1024	301460859	/gbdb/hg19/wib/gc5Base.wib	0	100	1024	58040	3740000
735	chr22	19761130	19766250	chr22.294462	5	1024	301461883	/gbdb/hg19/wib/gc5Base.wib	0	100	1024	54100	3354800
735	chr22	19766250	19771370	chr22.294463	5	1024	301462907	/gbdb/hg19/wib/gc5Base.wib	0	100	1024	47320	2723200
735	chr22	19771370	19776490	chr22.294464	5	1024	301463931	/gbdb/hg19/wib/gc5Base.wib	0	100	1024	62360	4212000
735	chr22	19776490	19781610	chr22.294465	5	1024	301464955	/gbdb/hg19/wib/gc5Base.wib	0	100	1024	48480	2840000
735	chr22	19781610	19786730	chr22.294466	5	1024	301465979	/gbdb/hg19/wib/gc5Base.wib	0	100	1024	53520	3322400
735	chr22	19786730	19791850	chr22.294467	5	1024	301467003	/gbdb/hg19/wib/gc5Base.wib	0	100	1024	62700	4222800
91	chr22	19791850	19796970	chr22.294468	5	1024	301468027	/gbdb/hg19/wib/gc5Base.wib	0	100	1024	58720	3849600
736	chr22	19796970	19802090	chr22.294469	5	1024	301469051	/gbdb/hg19/wib/gc5Base.wib	0	100	1024	57720	3744000
736	chr22	19802090	19807210	chr22.294470	5	1024	301470075	/gbdb/hg19/wib/gc5Base.wib	0	100	1024	57540	3686800
736	chr22	19807210	19812330	chr22.294471	5	1024	301471099	/gbdb/hg19/wib/gc5Base.wib	0	100	1024	62300	4186800
736	chr22	19812330	19817450	chr22.294472	5	1024	301472123	/gbdb/hg19/wib/gc5Base.wib	0	100	1024	43800	2421600
736	chr22	19817450	19822570	chr22.294473	5	1024	301473147	/gbdb/hg19/wib/gc5Base.wib	0	100	1024	40600	2188800
736	chr22	19822570	19827690	chr22.294474	5	1024	301474171	/gbdb/hg19/wib/gc5Base.wib	0	100	1024	40740	2178800
736	chr22	19827690	19832810	chr22.294475	5	1024	301475195	/gbdb/hg19/wib/gc5Base.wib	0	100	1024	56080	3566400
736	chr22	19832810	19837930	chr22.294476	5	1024	301476219	/gbdb/hg19/wib/gc5Base.wib	0	100	1024	52700	3210000
736	chr22	19837930	19843050	chr22.294477	5	1024	301477243	/gbdb/hg19/wib/gc5Base.wib	0	100	1024	62720	4223200
736	chr22	19843050	19848170	chr22.294478	5	1024	301478267	/gbdb/hg19/wib/gc5Base.wib	0	100	1024	43180	2364400
736	chr22	19848170	19853290	chr22.294479	5	1024	301479291	/gbdb/hg19/wib/gc5Base.wib	0	100	1024	43500	2387600
736	chr22	19853290	19858410	chr22.294480	5	1024	301480315	/gbdb/hg19/wib/gc5Base.wib	0	100	1024	48340	2890000
736	chr22	19858410	19863530	chr22.294481	5	1024	301481339	/gbdb/hg19/wib/gc5Base.wib	0	100	1024	65480	4574400
736	chr22	19863530	19868650	chr22.294482	5	1024	301482363	/gbdb/hg19/wib/gc5Base.wib	0	100	1024	64060	4404400
736	chr22	19868650	19873770	chr22.294483	5	1024	301483387	/gbdb/hg19/wib/gc5Base.wib	0	100	1024	59020	3838000
736	chr22	19873770	19878890	chr22.294484	5	1024	301484411	/gbdb/hg19/wib/gc5Base.wib	0	100	1024	58040	3812800
736	chr22	19878890	19884010	chr22.294485	5	1024	301485435	/gbdb/hg19/wib/gc5Base.wib	0	100	1024	55540	3534800
736	chr22	19884010	19889130	chr22.294486	5	1024	301486459	/gbdb/hg19/wib/gc5Base.wib	0	100	1024	59080	3853600
736	chr22	19889130	19894250	chr22.294487	5	1024	301487483	/gbdb/hg19/wib/gc5Base.wib	0	100	1024	55860	3611600
736	chr22	19894250	19899370	chr22.294488	5	1024	301488507	/gbdb/hg19/wib/gc5Base.wib	0	100	1024	55500	3437200
736	chr22	19899370	19904490	chr22.294489	5	1024	301489531	/gbdb/hg19/wib/gc5Base.wib	0	100	1024	54040	3348000
736	chr22	19904490	19909610	chr22.294490	5	1024	301490555	/gbdb/hg19/wib/gc5Base.wib	0	100	1024	56800	3634400
736	chr22	19909610	19914730	chr22.294491	5	1024	301491579	/gbdb/hg19/wib/gc5Base.wib	0	100	1024	47460	2761200
736	chr22	19914730	19919850	chr22.294492	5	1024	301492603	/gbdb/hg19/wib/gc5Base.wib	0	100	1024	52140	3158800
11	chr22	19919850	19924970	chr22.294493	5	1024	301493627	/gbdb/hg19/wib/gc5Base.wib	0	100	1024	51220	3058800
737	chr22	19924970	19930090	chr22.294494	5	1024	301494651	/gbdb/hg19/wib/gc5Base.wib	0	100	1024	52280	3282400
737	chr22	19930090	19935210	chr22.294495	5	1024	301495675	/gbdb/hg19/wib/gc5Base.wib	0	100	1024	48460	2865200
737	chr22	19935210	19940330	chr22.294496	5	1024	301496699	/gbdb/hg19/wib/gc5Base.wib	0	100	1024	48400	2907200
737	chr22	19940330	19945450	chr22.294497	5	1024	301497723	/gbdb/hg19/wib/gc5Base.wib	0	100	1024	55400	3527200
737	chr22	19945450	19950570	chr22.294498	5	1024	301498747	/gbdb/hg19/wib/gc5Base.wib	0	100	1024	58480	3852000
737	chr22	19950570	19955690	chr22.294499	5	1024	301499771	/gbdb/hg19/wib/gc5Base.wib	0	100	1024	58880	3808800
737	chr22	19955690	19960810	chr22.294500	5	1024	301500795	/gbdb/hg19/wib/gc5Base.wib	0	100	1024	62940	4294000
737	chr22	19960810	19965930	chr22.294501	5	1024	301501819	/gbdb/hg19/wib/gc5Base.wib	0	100	1024	63040	4236000
737	chr22	19965930	19971050	chr22.294502	5	1024	301502843	/gbdb/hg19/wib/gc5Base.wib	0	100	1024	64480	4404000
737	chr22	19971050	19976170	chr22.294503	5	1024	301503867	/gbdb/hg19/wib/gc5Base.wib	0	100	1024	63720	4383200
737	chr22	19976170	19981290	chr22.294504	5	1024	301504891	/gbdb/hg19/wib/gc5Base.wib	0	100	1024	61220	4037200
737	chr22	19981290	19986410	chr22.294505	5	1024	301505915	/gbdb/hg19/wib/gc5Base.wib	0	100	1024	59260	3875600
737	chr22	19986410	19991530	chr22.294506	5	1024	301506939	/gbdb/hg19/wib/gc5Base.wib	0	100	1024	52120	3176800
737	chr22	19991530	19996650	chr22.294507	5	1024	301507963	/gbdb/hg19/wib/gc5Base.wib	0	100	1024	46300	2699600
737	chr22	19996650	20001770	chr22.294508	5	1024	301508987	/gbdb/hg19/wib/gc5Base.wib	0	100	1024	59340	3817200
737	chr22	20001770	20006890	chr22.294509	5	1024	301510011	/gbdb/hg19/wib/gc5Base.wib	0	100	1024	61860	4247600
737	chr22	20006890	20012010	chr22.294510	5	1024	301511035	/gbdb/hg19/wib/gc5Base.wib	0	100	1024	59360	3913600
737	chr22	20012010	20017130	chr22.294511	5	1024	301512059	/gbdb/hg19/wib/gc5Base.wib	0	100	1024	55200	3455200
737	chr22	20017130	20022250	chr22.294512	5	1024	301513083	/gbdb/hg19/wib/gc5Base.wib	0	100	1024	57380	3674800
737	chr22	20022250	20027370	chr22.294513	5	1024	301514107	/gbdb/hg19/wib/gc5Base.wib	0	100	1024	55540	3482800
737	chr22	20027370	20032490	chr22.294514	5	1024	301515131	/gbdb/hg19/wib/gc5Base.wib	0	100	1024	55160	3474400
737	chr22	20032490	20037610	chr22.294515	5	1024	301516155	/gbdb/hg19/wib/gc5Base.wib	0	100	1024	48180	2837200
737	chr22	20037610	20042730	chr22.294516	5	1024	301517179	/gbdb/hg19/wib/gc5Base.wib	0	100	1024	56500	3643600
737	chr22	20042730	20047850	chr22.294517	5	1024	301518203	/gbdb/hg19/wib/gc5Base.wib	0	100	1024	54080	3364000
737	chr22	20047850	20052970	chr22.294518	5	1024	301519227	/gbdb/hg19/wib/gc5Base.wib	0	100	1024	60520	3954400
92	chr22	20052970	20058090	chr22.294519	5	1024	301520251	/gbdb/hg19/wib/gc5Base.wib	0	100	1024	55740	3499600
738	chr22	20058090	20063210	chr22.294520	5	1024	301521275	/gbdb/hg19/wib/gc5Base.wib	0	100	1024	46220	2709200
738	chr22	20063210	20068330	chr22.294521	5	1024	301522299	/gbdb/hg19/wib/gc5Base.wib	0	100	1024	54240	3543200
738	chr22	20068330	20073450	chr22.294522	5	1024	301523323	/gbdb/hg19/wib/gc5Base.wib	0	100	1024	53880	3317600
738	chr22	20073450	20078570	chr22.294523	5	1024	301524347	/gbdb/hg19/wib/gc5Base.wib	0	100	1024	54340	3344400
738	chr22	20078570	20083690	chr22.294524	5	1024	301525371	/gbdb/hg19/wib/gc5Base.wib	0	100	1024	52900	3229200
738	chr22	20083690	20088810	chr22.294525	5	1024	301526395	/gbdb/hg19/wib/gc5Base.wib	0	100	1024	45100	2518800
738	chr22	20088810	20093930	chr22.294526	5	1024	301527419	/gbdb/hg19/wib/gc5Base.wib	0	100	1024	52320	3189600
738	chr22	20093930	20099050	chr22.294527	5	1024	301528443	/gbdb/hg19/wib/gc5Base.wib	0	100	1024	59440	3875200
738	chr22	20099050	20104170	chr22.294528	5	1024	301529467	/gbdb/hg19/wib/gc5Base.wib	0	100	1024	63560	4334400
738	chr22	20104170	20109290	chr22.294529	5	1024	301530491	/gbdb/hg19/wib/gc5Base.wib	0	100	1024	58700	3943600
738	chr22	20109290	20114410	chr22.294530	5	1024	301531515	/gbdb/hg19/wib/gc5Base.wib	0	100	1024	60400	3947200
738	chr22	20114410	20119530	chr22.294531	5	1024	301532539	/gbdb/hg19/wib/gc5Base.wib	0	100	1024	60900	4156400
738	chr22	20119530	20124650	chr22.294532	5	1024	301533563	/gbdb/hg19/wib/gc5Base.wib	0	100	1024	62280	4225600
738	chr22	20124650	20129770	chr22.294533	5	1024	301534587	/gbdb/hg19/wib/gc5Base.wib	0	100	1024	64720	4464000
738	chr22	20129770	20134890	chr22.294534	5	1024	301535611	/gbdb/hg19/wib/gc5Base.wib	0	100	1024	66900	4772400
738	chr22	20134890	20140010	chr22.294535	5	1024	301536635	/gbdb/hg19/wib/gc5Base.wib	0	100	1024	65080	4574400
738	chr22	20140010	20145130	chr22.294536	5	1024	301537659	/gbdb/hg19/wib/gc5Base.wib	0	100	1024	61940	4201200
738	chr22	20145130	20150250	chr22.294537	5	1024	301538683	/gbdb/hg19/wib/gc5Base.wib	0	100	1024	62220	4170800
738	chr22	20150250	20155370	chr22.294538	5	1024	301539707	/gbdb/hg19/wib/gc5Base.wib	0	100	1024	59420	3822800
738	chr22	20155370	20160490	chr22.294539	5	1024	301540731	/gbdb/hg19/wib/gc5Base.wib	0	100	1024	61520	4162400
738	chr22	20160490	20165610	chr22.294540	5	1024	301541755	/gbdb/hg19/wib/gc5Base.wib	0	100	1024	60620	4053200
738	chr22	20165610	20170730	chr22.294541	5	1024	301542779	/gbdb/hg19/wib/gc5Base.wib	0	100	1024	65280	4545600
738	chr22	20170730	20175850	chr22.294542	5	1024	301543803	/gbdb/hg19/wib/gc5Base.wib	0	100	1024	61160	4072000
738	chr22	20175850	20180970	chr22.294543	5	1024	301544827	/gbdb/hg19/wib/gc5Base.wib	0	100	1024	57800	3748800
92	chr22	20180970	20186090	chr22.294544	5	1024	301545851	/gbdb/hg19/wib/gc5Base.wib	0	100	1024	64140	4412400
739	chr22	20186090	20191210	chr22.294545	5	1024	301546875	/gbdb/hg19/wib/gc5Base.wib	0	100	1024	56400	3580800
739	chr22	20191210	20196330	chr22.294546	5	1024	301547899	/gbdb/hg19/wib/gc5Base.wib	0	100	1024	62240	4224800
739	chr22	20196330	20201450	chr22.294547	5	1024	301548923	/gbdb/hg19/wib/gc5Base.wib	0	100	1024	63940	4342800
739	chr22	20201450	20206570	chr22.294548	5	1024	301549947	/gbdb/hg19/wib/gc5Base.wib	0	100	1024	57820	3782000
739	chr22	20206570	20211690	chr22.294549	5	1024	301550971	/gbdb/hg19/wib/gc5Base.wib	0	100	1024	57280	3724800
739	chr22	20211690	20216810	chr22.294550	5	1024	301551995	/gbdb/hg19/wib/gc5Base.wib	0	100	1024	61500	4040400
739	chr22	20216810	20221930	chr22.294551	5	1024	301553019	/gbdb/hg19/wib/gc5Base.wib	0	100	1024	63940	4360400
739	chr22	20221930	20227050	chr22.294552	5	1024	301554043	/gbdb/hg19/wib/gc5Base.wib	0	100	1024	63360	4345600
739	chr22	20227050	20232170	chr22.294553	5	1024	301555067	/gbdb/hg19/wib/gc5Base.wib	0	100	1024	65620	4579600
739	chr22	20232170	20237290	chr22.294554	5	1024	301556091	/gbdb/hg19/wib/gc5Base.wib	0	100	1024	63860	4374800
739	chr22	20237290	20242410	chr22.294555	5	1024	301557115	/gbdb/hg19/wib/gc5Base.wib	0	100	1024	53500	3237200
739	chr22	20242410	20247530	chr22.294556	5	1024	301558139	/gbdb/hg19/wib/gc5Base.wib	0	100	1024	60620	4062800
739	chr22	20247530	20252650	chr22.294557	5	1024	301559163	/gbdb/hg19/wib/gc5Base.wib	0	100	1024	63320	4296000
739	chr22	20252650	20257770	chr22.294558	5	1024	301560187	/gbdb/hg19/wib/gc5Base.wib	0	100	1024	67260	4818800
739	chr22	20257770	20262890	chr22.294559	5	1024	301561211	/gbdb/hg19/wib/gc5Base.wib	0	100	1024	61680	4114400
739	chr22	20262890	20268010	chr22.294560	5	1024	301562235	/gbdb/hg19/wib/gc5Base.wib	0	100	1024	59960	4007200
739	chr22	20268010	20273130	chr22.294561	5	1024	301563259	/gbdb/hg19/wib/gc5Base.wib	0	100	1024	63560	4324000
739	chr22	20273130	20278250	chr22.294562	5	1024	301564283	/gbdb/hg19/wib/gc5Base.wib	0	100	1024	60860	4015600
739	chr22	20278250	20283370	chr22.294563	5	1024	301565307	/gbdb/hg19/wib/gc5Base.wib	0	100	1024	52520	3212000
739	chr22	20283370	20288490	chr22.294564	5	1024	301566331	/gbdb/hg19/wib/gc5Base.wib	0	100	1024	62000	4244800
739	chr22	20288490	20293610	chr22.294565	5	1024	301567355	/gbdb/hg19/wib/gc5Base.wib	0	100	1024	58640	3821600
739	chr22	20293610	20298730	chr22.294566	5	1024	301568379	/gbdb/hg19/wib/gc5Base.wib	0	100	1024	59140	3850000
739	chr22	20298730	20303850	chr22.294567	5	1024	301569403	/gbdb/hg19/wib/gc5Base.wib	0	100	1024	63520	4320800
739	chr22	20303850	20308970	chr22.294568	5	1024	301570427	/gbdb/hg19/wib/gc5Base.wib	0	100	1024	58180	3842800
739	chr22	20308970	20314090	chr22.294569	5	1024	301571451	/gbdb/hg19/wib/gc5Base.wib	0	100	1024	51300	3059600
92	chr22	20314090	20319210	chr22.294570	5	1024	301572475	/gbdb/hg19/wib/gc5Base.wib	0	100	1024	38160	1956000
740	chr22	20319210	20324330	chr22.294571	5	1024	301573499	/gbdb/hg19/wib/gc5Base.wib	0	100	1024	40440	2169600
740	chr22	20324330	20329450	chr22.294572	5	1024	301574523	/gbdb/hg19/wib/gc5Base.wib	0	100	1024	33380	1675600
740	chr22	20329450	20334570	chr22.294573	5	1024	301575547	/gbdb/hg19/wib/gc5Base.wib	0	100	1024	43760	2386400
740	chr22	20334570	20339690	chr22.294574	5	1024	301576571	/gbdb/hg19/wib/gc5Base.wib	0	100	1024	39980	2052400
740	chr22	20339690	20344810	chr22.294575	5	1024	301577595	/gbdb/hg19/wib/gc5Base.wib	0	100	1024	48360	2768000
740	chr22	20344810	20349930	chr22.294576	5	1024	301578619	/gbdb/hg19/wib/gc5Base.wib	0	100	1024	43800	2399200
740	chr22	20349930	20355050	chr22.294577	5	1024	301579643	/gbdb/hg19/wib/gc5Base.wib	0	100	1024	48520	2874400
740	chr22	20355050	20360170	chr22.294578	5	1024	301580667	/gbdb/hg19/wib/gc5Base.wib	0	100	1024	48060	2836400
740	chr22	20360170	20365290	chr22.294579	5	1024	301581691	/gbdb/hg19/wib/gc5Base.wib	0	100	1024	58000	3719200
740	chr22	20365290	20370410	chr22.294580	5	1024	301582715	/gbdb/hg19/wib/gc5Base.wib	0	100	1024	58200	3789600
740	chr22	20370410	20375530	chr22.294581	5	1024	301583739	/gbdb/hg19/wib/gc5Base.wib	0	100	1024	52820	3257200
740	chr22	20375530	20380650	chr22.294582	5	1024	301584763	/gbdb/hg19/wib/gc5Base.wib	0	100	1024	59000	4036000
740	chr22	20380650	20385770	chr22.294583	5	1024	301585787	/gbdb/hg19/wib/gc5Base.wib	0	100	1024	54320	3400800
740	chr22	20385770	20390890	chr22.294584	5	1024	301586811	/gbdb/hg19/wib/gc5Base.wib	0	100	1024	59420	3875600
740	chr22	20390890	20396010	chr22.294585	5	1024	301587835	/gbdb/hg19/wib/gc5Base.wib	0	100	1024	54920	3464000
740	chr22	20396010	20401130	chr22.294586	5	1024	301588859	/gbdb/hg19/wib/gc5Base.wib	0	100	1024	58360	3766400
740	chr22	20401130	20406250	chr22.294587	5	1024	301589883	/gbdb/hg19/wib/gc5Base.wib	0	100	1024	60160	4001600
740	chr22	20406250	20411370	chr22.294588	5	1024	301590907	/gbdb/hg19/wib/gc5Base.wib	0	100	1024	57080	3599200
740	chr22	20411370	20416490	chr22.294589	5	1024	301591931	/gbdb/hg19/wib/gc5Base.wib	0	100	1024	50360	2980000
740	chr22	20416490	20421610	chr22.294590	5	1024	301592955	/gbdb/hg19/wib/gc5Base.wib	0	100	1024	52780	3310000
740	chr22	20421610	20426730	chr22.294591	5	1024	301593979	/gbdb/hg19/wib/gc5Base.wib	0	100	1024	58280	3760000
740	chr22	20426730	20431850	chr22.294592	5	1024	301595003	/gbdb/hg19/wib/gc5Base.wib	0	100	1024	59020	4103600
740	chr22	20431850	20436970	chr22.294593	5	1024	301596027	/gbdb/hg19/wib/gc5Base.wib	0	100	1024	48220	2934000
740	chr22	20436970	20442090	chr22.294594	5	1024	301597051	/gbdb/hg19/wib/gc5Base.wib	0	100	1024	54440	3435200
740	chr22	20442090	20447210	chr22.294595	5	1024	301598075	/gbdb/hg19/wib/gc5Base.wib	0	100	1024	55380	3523600
92	chr22	20447210	20452330	chr22.294596	5	1024	301599099	/gbdb/hg19/wib/gc5Base.wib	0	100	1024	49480	3030400
741	chr22	20452330	20457450	chr22.294597	5	1024	301600123	/gbdb/hg19/wib/gc5Base.wib	0	100	1024	54020	3373200
741	chr22	20457450	20462570	chr22.294598	5	1024	301601147	/gbdb/hg19/wib/gc5Base.wib	0	100	1024	65220	4555600
741	chr22	20462570	20467690	chr22.294599	5	1024	301602171	/gbdb/hg19/wib/gc5Base.wib	0	100	1024	52160	3215200
741	chr22	20467690	20472810	chr22.294600	5	1024	301603195	/gbdb/hg19/wib/gc5Base.wib	0	100	1024	52880	3252000
741	chr22	20472810	20477930	chr22.294601	5	1024	301604219	/gbdb/hg19/wib/gc5Base.wib	0	100	1024	62380	4210800
741	chr22	20477930	20483050	chr22.294602	5	1024	301605243	/gbdb/hg19/wib/gc5Base.wib	0	100	1024	60340	3977200
741	chr22	20483050	20488170	chr22.294603	5	1024	301606267	/gbdb/hg19/wib/gc5Base.wib	0	100	1024	65340	4624400
741	chr22	20488170	20493290	chr22.294604	5	1024	301607291	/gbdb/hg19/wib/gc5Base.wib	0	100	1024	51240	3056800
741	chr22	20493290	20498410	chr22.294605	5	1024	301608315	/gbdb/hg19/wib/gc5Base.wib	0	100	1024	37980	1918000
741	chr22	20498410	20503530	chr22.294606	5	1024	301609339	/gbdb/hg19/wib/gc5Base.wib	0	100	1024	57080	3732000
741	chr22	20503530	20508650	chr22.294607	5	1024	301610363	/gbdb/hg19/wib/gc5Base.wib	0	100	1024	48300	2867600
741	chr22	20508650	20509435	chr22.294608	5	157	301611387	/gbdb/hg19/wib/gc5Base.wib	0	100	157	5940	308400
742	chr22	20609430	20614550	chr22.294609	5	1024	301611544	/gbdb/hg19/wib/gc5Base.wib	0	100	1024	55890	3542500
742	chr22	20614550	20619670	chr22.294610	5	1024	301612568	/gbdb/hg19/wib/gc5Base.wib	0	100	1024	60240	3960800
742	chr22	20619670	20624790	chr22.294611	5	1024	301613592	/gbdb/hg19/wib/gc5Base.wib	0	100	1024	54680	3428000
742	chr22	20624790	20629910	chr22.294612	5	1024	301614616	/gbdb/hg19/wib/gc5Base.wib	0	100	1024	47620	2790800
742	chr22	20629910	20635030	chr22.294613	5	1024	301615640	/gbdb/hg19/wib/gc5Base.wib	0	100	1024	46340	2682000
742	chr22	20635030	20640150	chr22.294614	5	1024	301616664	/gbdb/hg19/wib/gc5Base.wib	0	100	1024	45200	2448800
742	chr22	20640150	20645270	chr22.294615	5	1024	301617688	/gbdb/hg19/wib/gc5Base.wib	0	100	1024	45860	2537200
742	chr22	20645270	20650390	chr22.294616	5	1024	301618712	/gbdb/hg19/wib/gc5Base.wib	0	100	1024	39980	2074000
742	chr22	20650390	20655510	chr22.294617	5	1024	301619736	/gbdb/hg19/wib/gc5Base.wib	0	100	1024	44560	2402400
742	chr22	20655510	20660630	chr22.294618	5	1024	301620760	/gbdb/hg19/wib/gc5Base.wib	0	100	1024	29360	1665600
742	chr22	20660630	20665750	chr22.294619	5	1024	301621784	/gbdb/hg19/wib/gc5Base.wib	0	100	1024	43420	2344400
742	chr22	20665750	20670870	chr22.294620	5	1024	301622808	/gbdb/hg19/wib/gc5Base.wib	0	100	1024	40240	2112000
742	chr22	20670870	20675990	chr22.294621	5	1024	301623832	/gbdb/hg19/wib/gc5Base.wib	0	100	1024	60880	4140800
742	chr22	20675990	20681110	chr22.294622	5	1024	301624856	/gbdb/hg19/wib/gc5Base.wib	0	100	1024	43360	2357600
742	chr22	20681110	20686230	chr22.294623	5	1024	301625880	/gbdb/hg19/wib/gc5Base.wib	0	100	1024	40280	2120800
742	chr22	20686230	20691350	chr22.294624	5	1024	301626904	/gbdb/hg19/wib/gc5Base.wib	0	100	1024	21500	1016400
742	chr22	20691350	20696470	chr22.294625	5	1024	301627928	/gbdb/hg19/wib/gc5Base.wib	0	100	1024	34960	1797600
742	chr22	20696470	20701590	chr22.294626	5	1024	301628952	/gbdb/hg19/wib/gc5Base.wib	0	100	1024	44200	2433600
742	chr22	20701590	20706710	chr22.294627	5	1024	301629976	/gbdb/hg19/wib/gc5Base.wib	0	100	1024	39780	2028400
92	chr22	20706710	20711830	chr22.294628	5	1024	301631000	/gbdb/hg19/wib/gc5Base.wib	0	100	1024	60640	4160800
743	chr22	20711830	20716950	chr22.294629	5	1024	301632024	/gbdb/hg19/wib/gc5Base.wib	0	100	1024	67340	4852400
743	chr22	20716950	20722070	chr22.294630	5	1024	301633048	/gbdb/hg19/wib/gc5Base.wib	0	100	1024	48100	2777200
743	chr22	20722070	20727190	chr22.294631	5	1024	301634072	/gbdb/hg19/wib/gc5Base.wib	0	100	1024	50320	2964800
743	chr22	20727190	20732310	chr22.294632	5	1024	301635096	/gbdb/hg19/wib/gc5Base.wib	0	100	1024	48640	2843200
743	chr22	20732310	20737430	chr22.294633	5	1024	301636120	/gbdb/hg19/wib/gc5Base.wib	0	100	1024	44060	2466800
743	chr22	20737430	20742550	chr22.294634	5	1024	301637144	/gbdb/hg19/wib/gc5Base.wib	0	100	1024	39360	2069600
743	chr22	20742550	20747670	chr22.294635	5	1024	301638168	/gbdb/hg19/wib/gc5Base.wib	0	100	1024	49980	2966800
743	chr22	20747670	20752790	chr22.294636	5	1024	301639192	/gbdb/hg19/wib/gc5Base.wib	0	100	1024	52840	3284800
743	chr22	20752790	20757910	chr22.294637	5	1024	301640216	/gbdb/hg19/wib/gc5Base.wib	0	100	1024	48220	2834800
743	chr22	20757910	20763030	chr22.294638	5	1024	301641240	/gbdb/hg19/wib/gc5Base.wib	0	100	1024	55440	3512000
743	chr22	20763030	20768150	chr22.294639	5	1024	301642264	/gbdb/hg19/wib/gc5Base.wib	0	100	1024	47640	2784000
743	chr22	20768150	20773270	chr22.294640	5	1024	301643288	/gbdb/hg19/wib/gc5Base.wib	0	100	1024	48880	2947200
743	chr22	20773270	20778390	chr22.294641	5	1024	301644312	/gbdb/hg19/wib/gc5Base.wib	0	100	1024	55540	3470800
743	chr22	20778390	20783510	chr22.294642	5	1024	301645336	/gbdb/hg19/wib/gc5Base.wib	0	100	1024	64340	4506000
743	chr22	20783510	20788630	chr22.294643	5	1024	301646360	/gbdb/hg19/wib/gc5Base.wib	0	100	1024	64660	4529200
743	chr22	20788630	20793750	chr22.294644	5	1024	301647384	/gbdb/hg19/wib/gc5Base.wib	0	100	1024	65880	4657600
743	chr22	20793750	20798870	chr22.294645	5	1024	301648408	/gbdb/hg19/wib/gc5Base.wib	0	100	1024	57260	3641200
743	chr22	20798870	20803990	chr22.294646	5	1024	301649432	/gbdb/hg19/wib/gc5Base.wib	0	100	1024	49400	2916000
743	chr22	20803990	20809110	chr22.294647	5	1024	301650456	/gbdb/hg19/wib/gc5Base.wib	0	100	1024	44360	2445600
743	chr22	20809110	20814230	chr22.294648	5	1024	301651480	/gbdb/hg19/wib/gc5Base.wib	0	100	1024	53140	3226800
743	chr22	20814230	20819350	chr22.294649	5	1024	301652504	/gbdb/hg19/wib/gc5Base.wib	0	100	1024	49160	2892800
743	chr22	20819350	20824470	chr22.294650	5	1024	301653528	/gbdb/hg19/wib/gc5Base.wib	0	100	1024	51400	3081600
743	chr22	20824470	20829590	chr22.294651	5	1024	301654552	/gbdb/hg19/wib/gc5Base.wib	0	100	1024	50880	3064800
743	chr22	20829590	20834710	chr22.294652	5	1024	301655576	/gbdb/hg19/wib/gc5Base.wib	0	100	1024	45540	2650800
743	chr22	20834710	20839830	chr22.294653	5	1024	301656600	/gbdb/hg19/wib/gc5Base.wib	0	100	1024	50760	3050400
92	chr22	20839830	20844950	chr22.294654	5	1024	301657624	/gbdb/hg19/wib/gc5Base.wib	0	100	1024	50140	2958000
744	chr22	20844950	20850070	chr22.294655	5	1024	301658648	/gbdb/hg19/wib/gc5Base.wib	0	100	1024	54520	3477600
744	chr22	20850070	20855190	chr22.294656	5	1024	301659672	/gbdb/hg19/wib/gc5Base.wib	0	100	1024	53940	3378800
744	chr22	20855190	20860310	chr22.294657	5	1024	301660696	/gbdb/hg19/wib/gc5Base.wib	0	100	1024	50020	3017200
744	chr22	20860310	20865430	chr22.294658	5	1024	301661720	/gbdb/hg19/wib/gc5Base.wib	0	100	1024	52180	3165200
744	chr22	20865430	20870550	chr22.294659	5	1024	301662744	/gbdb/hg19/wib/gc5Base.wib	0	100	1024	50200	2980000
744	chr22	20870550	20875670	chr22.294660	5	1024	301663768	/gbdb/hg19/wib/gc5Base.wib	0	100	1024	50040	2943200
744	chr22	20875670	20880790	chr22.294661	5	1024	301664792	/gbdb/hg19/wib/gc5Base.wib	0	100	1024	48600	2856800
744	chr22	20880790	20885910	chr22.294662	5	1024	301665816	/gbdb/hg19/wib/gc5Base.wib	0	100	1024	51840	3128000
744	chr22	20885910	20891030	chr22.294663	5	1024	301666840	/gbdb/hg19/wib/gc5Base.wib	0	100	1024	55060	3418000
744	chr22	20891030	20896150	chr22.294664	5	1024	301667864	/gbdb/hg19/wib/gc5Base.wib	0	100	1024	47220	2762000
744	chr22	20896150	20901270	chr22.294665	5	1024	301668888	/gbdb/hg19/wib/gc5Base.wib	0	100	1024	46300	2636400
744	chr22	20901270	20906390	chr22.294666	5	1024	301669912	/gbdb/hg19/wib/gc5Base.wib	0	100	1024	49760	2964800
744	chr22	20906390	20911510	chr22.294667	5	1024	301670936	/gbdb/hg19/wib/gc5Base.wib	0	100	1024	52640	3164800
744	chr22	20911510	20916630	chr22.294668	5	1024	301671960	/gbdb/hg19/wib/gc5Base.wib	0	100	1024	45700	2590000
744	chr22	20916630	20921750	chr22.294669	5	1024	301672984	/gbdb/hg19/wib/gc5Base.wib	0	100	1024	51040	3067200
744	chr22	20921750	20926870	chr22.294670	5	1024	301674008	/gbdb/hg19/wib/gc5Base.wib	0	100	1024	53960	3281600
744	chr22	20926870	20931990	chr22.294671	5	1024	301675032	/gbdb/hg19/wib/gc5Base.wib	0	100	1024	51260	3074800
744	chr22	20931990	20937110	chr22.294672	5	1024	301676056	/gbdb/hg19/wib/gc5Base.wib	0	100	1024	60080	3898400
744	chr22	20937110	20942230	chr22.294673	5	1024	301677080	/gbdb/hg19/wib/gc5Base.wib	0	100	1024	62600	4187200
744	chr22	20942230	20947350	chr22.294674	5	1024	301678104	/gbdb/hg19/wib/gc5Base.wib	0	100	1024	60340	3972400
744	chr22	20947350	20952470	chr22.294675	5	1024	301679128	/gbdb/hg19/wib/gc5Base.wib	0	100	1024	48880	2882400
744	chr22	20952470	20957590	chr22.294676	5	1024	301680152	/gbdb/hg19/wib/gc5Base.wib	0	100	1024	54300	3405200
744	chr22	20957590	20962710	chr22.294677	5	1024	301681176	/gbdb/hg19/wib/gc5Base.wib	0	100	1024	60880	3996800
744	chr22	20962710	20967830	chr22.294678	5	1024	301682200	/gbdb/hg19/wib/gc5Base.wib	0	100	1024	58980	3811600
11	chr22	20967830	20972950	chr22.294679	5	1024	301683224	/gbdb/hg19/wib/gc5Base.wib	0	100	1024	48700	2855600
745	chr22	20972950	20978070	chr22.294680	5	1024	301684248	/gbdb/hg19/wib/gc5Base.wib	0	100	1024	52180	3184400
745	chr22	20978070	20983190	chr22.294681	5	1024	301685272	/gbdb/hg19/wib/gc5Base.wib	0	100	1024	46740	2621200
745	chr22	20983190	20988310	chr22.294682	5	1024	301686296	/gbdb/hg19/wib/gc5Base.wib	0	100	1024	55800	3516000
745	chr22	20988310	20993430	chr22.294683	5	1024	301687320	/gbdb/hg19/wib/gc5Base.wib	0	100	1024	54000	3342400
745	chr22	20993430	20998550	chr22.294684	5	1024	301688344	/gbdb/hg19/wib/gc5Base.wib	0	100	1024	47740	2730000
745	chr22	20998550	21003670	chr22.294685	5	1024	301689368	/gbdb/hg19/wib/gc5Base.wib	0	100	1024	48840	2762400
745	chr22	21003670	21008790	chr22.294686	5	1024	301690392	/gbdb/hg19/wib/gc5Base.wib	0	100	1024	52220	3146000
745	chr22	21008790	21013910	chr22.294687	5	1024	301691416	/gbdb/hg19/wib/gc5Base.wib	0	100	1024	47860	2798000
745	chr22	21013910	21019030	chr22.294688	5	1024	301692440	/gbdb/hg19/wib/gc5Base.wib	0	100	1024	39820	2090800
745	chr22	21019030	21024150	chr22.294689	5	1024	301693464	/gbdb/hg19/wib/gc5Base.wib	0	100	1024	49980	3157200
745	chr22	21024150	21029270	chr22.294690	5	1024	301694488	/gbdb/hg19/wib/gc5Base.wib	0	100	1024	44380	2686000
745	chr22	21029270	21034390	chr22.294691	5	1024	301695512	/gbdb/hg19/wib/gc5Base.wib	0	100	1024	38580	1965200
745	chr22	21034390	21039510	chr22.294692	5	1024	301696536	/gbdb/hg19/wib/gc5Base.wib	0	100	1024	47920	2732000
745	chr22	21039510	21044630	chr22.294693	5	1024	301697560	/gbdb/hg19/wib/gc5Base.wib	0	100	1024	52460	3357200
745	chr22	21044630	21049750	chr22.294694	5	1024	301698584	/gbdb/hg19/wib/gc5Base.wib	0	100	1024	57940	3727600
745	chr22	21049750	21054870	chr22.294695	5	1024	301699608	/gbdb/hg19/wib/gc5Base.wib	0	100	1024	55040	3458400
745	chr22	21054870	21059990	chr22.294696	5	1024	301700632	/gbdb/hg19/wib/gc5Base.wib	0	100	1024	57820	3930800
745	chr22	21059990	21065110	chr22.294697	5	1024	301701656	/gbdb/hg19/wib/gc5Base.wib	0	100	1024	56900	3637200
745	chr22	21065110	21070230	chr22.294698	5	1024	301702680	/gbdb/hg19/wib/gc5Base.wib	0	100	1024	57780	3730000
745	chr22	21070230	21075350	chr22.294699	5	1024	301703704	/gbdb/hg19/wib/gc5Base.wib	0	100	1024	53660	3331600
745	chr22	21075350	21080470	chr22.294700	5	1024	301704728	/gbdb/hg19/wib/gc5Base.wib	0	100	1024	51120	3115200
745	chr22	21080470	21085590	chr22.294701	5	1024	301705752	/gbdb/hg19/wib/gc5Base.wib	0	100	1024	52860	3222000
745	chr22	21085590	21090710	chr22.294702	5	1024	301706776	/gbdb/hg19/wib/gc5Base.wib	0	100	1024	57180	3676400
745	chr22	21090710	21095830	chr22.294703	5	1024	301707800	/gbdb/hg19/wib/gc5Base.wib	0	100	1024	48980	2910800
745	chr22	21095830	21100950	chr22.294704	5	1024	301708824	/gbdb/hg19/wib/gc5Base.wib	0	100	1024	48480	2884000
93	chr22	21100950	21106070	chr22.294705	5	1024	301709848	/gbdb/hg19/wib/gc5Base.wib	0	100	1024	53600	3266400
746	chr22	21106070	21111190	chr22.294706	5	1024	301710872	/gbdb/hg19/wib/gc5Base.wib	0	100	1024	49760	2925600
746	chr22	21111190	21116310	chr22.294707	5	1024	301711896	/gbdb/hg19/wib/gc5Base.wib	0	100	1024	45460	2594000
746	chr22	21116310	21121430	chr22.294708	5	1024	301712920	/gbdb/hg19/wib/gc5Base.wib	0	100	1024	50480	2966400
746	chr22	21121430	21126550	chr22.294709	5	1024	301713944	/gbdb/hg19/wib/gc5Base.wib	0	100	1024	47700	2824400
746	chr22	21126550	21131670	chr22.294710	5	1024	301714968	/gbdb/hg19/wib/gc5Base.wib	0	100	1024	46580	2652400
746	chr22	21131670	21136790	chr22.294711	5	1024	301715992	/gbdb/hg19/wib/gc5Base.wib	0	100	1024	48660	2803600
746	chr22	21136790	21141910	chr22.294712	5	1024	301717016	/gbdb/hg19/wib/gc5Base.wib	0	100	1024	49140	2870800
746	chr22	21141910	21147030	chr22.294713	5	1024	301718040	/gbdb/hg19/wib/gc5Base.wib	0	100	1024	48140	2779600
746	chr22	21147030	21152150	chr22.294714	5	1024	301719064	/gbdb/hg19/wib/gc5Base.wib	0	100	1024	48420	2822800
746	chr22	21152150	21157270	chr22.294715	5	1024	301720088	/gbdb/hg19/wib/gc5Base.wib	0	100	1024	47020	2713200
746	chr22	21157270	21162390	chr22.294716	5	1024	301721112	/gbdb/hg19/wib/gc5Base.wib	0	100	1024	50660	2999600
746	chr22	21162390	21167510	chr22.294717	5	1024	301722136	/gbdb/hg19/wib/gc5Base.wib	0	100	1024	47620	2726000
746	chr22	21167510	21172630	chr22.294718	5	1024	301723160	/gbdb/hg19/wib/gc5Base.wib	0	100	1024	44020	2461200
746	chr22	21172630	21177750	chr22.294719	5	1024	301724184	/gbdb/hg19/wib/gc5Base.wib	0	100	1024	44460	2454800
746	chr22	21177750	21182870	chr22.294720	5	1024	301725208	/gbdb/hg19/wib/gc5Base.wib	0	100	1024	42480	2284800
746	chr22	21182870	21187990	chr22.294721	5	1024	301726232	/gbdb/hg19/wib/gc5Base.wib	0	100	1024	44500	2458000
746	chr22	21187990	21193110	chr22.294722	5	1024	301727256	/gbdb/hg19/wib/gc5Base.wib	0	100	1024	43840	2420800
746	chr22	21193110	21198230	chr22.294723	5	1024	301728280	/gbdb/hg19/wib/gc5Base.wib	0	100	1024	47880	2781600
746	chr22	21198230	21203350	chr22.294724	5	1024	301729304	/gbdb/hg19/wib/gc5Base.wib	0	100	1024	42080	2300800
746	chr22	21203350	21208470	chr22.294725	5	1024	301730328	/gbdb/hg19/wib/gc5Base.wib	0	100	1024	46400	2687200
746	chr22	21208470	21213590	chr22.294726	5	1024	301731352	/gbdb/hg19/wib/gc5Base.wib	0	100	1024	52680	3298400
746	chr22	21213590	21218710	chr22.294727	5	1024	301732376	/gbdb/hg19/wib/gc5Base.wib	0	100	1024	50140	2957200
746	chr22	21218710	21223830	chr22.294728	5	1024	301733400	/gbdb/hg19/wib/gc5Base.wib	0	100	1024	50460	2932400
746	chr22	21223830	21228950	chr22.294729	5	1024	301734424	/gbdb/hg19/wib/gc5Base.wib	0	100	1024	49920	2993600
93	chr22	21228950	21234070	chr22.294730	5	1024	301735448	/gbdb/hg19/wib/gc5Base.wib	0	100	1024	50820	3091600
747	chr22	21234070	21239190	chr22.294731	5	1024	301736472	/gbdb/hg19/wib/gc5Base.wib	0	100	1024	49780	2918800
747	chr22	21239190	21244310	chr22.294732	5	1024	301737496	/gbdb/hg19/wib/gc5Base.wib	0	100	1024	47800	2774400
747	chr22	21244310	21249430	chr22.294733	5	1024	301738520	/gbdb/hg19/wib/gc5Base.wib	0	100	1024	48460	2890800
747	chr22	21249430	21254550	chr22.294734	5	1024	301739544	/gbdb/hg19/wib/gc5Base.wib	0	100	1024	48960	2932800
747	chr22	21254550	21259670	chr22.294735	5	1024	301740568	/gbdb/hg19/wib/gc5Base.wib	0	100	1024	49140	2908400
747	chr22	21259670	21264790	chr22.294736	5	1024	301741592	/gbdb/hg19/wib/gc5Base.wib	0	100	1024	44440	2514400
747	chr22	21264790	21269910	chr22.294737	5	1024	301742616	/gbdb/hg19/wib/gc5Base.wib	0	100	1024	47860	2830000
747	chr22	21269910	21275030	chr22.294738	5	1024	301743640	/gbdb/hg19/wib/gc5Base.wib	0	100	1024	52820	3406800
747	chr22	21275030	21280150	chr22.294739	5	1024	301744664	/gbdb/hg19/wib/gc5Base.wib	0	100	1024	47040	2754400
747	chr22	21280150	21285270	chr22.294740	5	1024	301745688	/gbdb/hg19/wib/gc5Base.wib	0	100	1024	47320	2748000
747	chr22	21285270	21290390	chr22.294741	5	1024	301746712	/gbdb/hg19/wib/gc5Base.wib	0	100	1024	47340	2746000
747	chr22	21290390	21295510	chr22.294742	5	1024	301747736	/gbdb/hg19/wib/gc5Base.wib	0	100	1024	45940	2574000
747	chr22	21295510	21300630	chr22.294743	5	1024	301748760	/gbdb/hg19/wib/gc5Base.wib	0	100	1024	44640	2489600
747	chr22	21300630	21305750	chr22.294744	5	1024	301749784	/gbdb/hg19/wib/gc5Base.wib	0	100	1024	46720	2628000
747	chr22	21305750	21310870	chr22.294745	5	1024	301750808	/gbdb/hg19/wib/gc5Base.wib	0	100	1024	49360	2885600
747	chr22	21310870	21315990	chr22.294746	5	1024	301751832	/gbdb/hg19/wib/gc5Base.wib	0	100	1024	57160	3761600
747	chr22	21315990	21321110	chr22.294747	5	1024	301752856	/gbdb/hg19/wib/gc5Base.wib	0	100	1024	61540	4176400
747	chr22	21321110	21326230	chr22.294748	5	1024	301753880	/gbdb/hg19/wib/gc5Base.wib	0	100	1024	58780	3850800
747	chr22	21326230	21331350	chr22.294749	5	1024	301754904	/gbdb/hg19/wib/gc5Base.wib	0	100	1024	60740	4041200
747	chr22	21331350	21336470	chr22.294750	5	1024	301755928	/gbdb/hg19/wib/gc5Base.wib	0	100	1024	59980	3923600
747	chr22	21336470	21341590	chr22.294751	5	1024	301756952	/gbdb/hg19/wib/gc5Base.wib	0	100	1024	53360	3304000
747	chr22	21341590	21346710	chr22.294752	5	1024	301757976	/gbdb/hg19/wib/gc5Base.wib	0	100	1024	60460	4009200
747	chr22	21346710	21351830	chr22.294753	5	1024	301759000	/gbdb/hg19/wib/gc5Base.wib	0	100	1024	64820	4473200
747	chr22	21351830	21356950	chr22.294754	5	1024	301760024	/gbdb/hg19/wib/gc5Base.wib	0	100	1024	62300	4227600
747	chr22	21356950	21362070	chr22.294755	5	1024	301761048	/gbdb/hg19/wib/gc5Base.wib	0	100	1024	49320	2934400
93	chr22	21362070	21367190	chr22.294756	5	1024	301762072	/gbdb/hg19/wib/gc5Base.wib	0	100	1024	54400	3346400
748	chr22	21367190	21372310	chr22.294757	5	1024	301763096	/gbdb/hg19/wib/gc5Base.wib	0	100	1024	59080	3858400
748	chr22	21372310	21377430	chr22.294758	5	1024	301764120	/gbdb/hg19/wib/gc5Base.wib	0	100	1024	55000	3434400
748	chr22	21377430	21382550	chr22.294759	5	1024	301765144	/gbdb/hg19/wib/gc5Base.wib	0	100	1024	58880	3830400
748	chr22	21382550	21387670	chr22.294760	5	1024	301766168	/gbdb/hg19/wib/gc5Base.wib	0	100	1024	63140	4275600
748	chr22	21387670	21392790	chr22.294761	5	1024	301767192	/gbdb/hg19/wib/gc5Base.wib	0	100	1024	45720	2556800
748	chr22	21392790	21397910	chr22.294762	5	1024	301768216	/gbdb/hg19/wib/gc5Base.wib	0	100	1024	48520	2867200
748	chr22	21397910	21403030	chr22.294763	5	1024	301769240	/gbdb/hg19/wib/gc5Base.wib	0	100	1024	58960	3836000
748	chr22	21403030	21408150	chr22.294764	5	1024	301770264	/gbdb/hg19/wib/gc5Base.wib	0	100	1024	55440	3478400
748	chr22	21408150	21413270	chr22.294765	5	1024	301771288	/gbdb/hg19/wib/gc5Base.wib	0	100	1024	55180	3416400
748	chr22	21413270	21418390	chr22.294766	5	1024	301772312	/gbdb/hg19/wib/gc5Base.wib	0	100	1024	47120	2692800
748	chr22	21418390	21423510	chr22.294767	5	1024	301773336	/gbdb/hg19/wib/gc5Base.wib	0	100	1024	49420	2907600
748	chr22	21423510	21428630	chr22.294768	5	1024	301774360	/gbdb/hg19/wib/gc5Base.wib	0	100	1024	51840	3085600
748	chr22	21428630	21433750	chr22.294769	5	1024	301775384	/gbdb/hg19/wib/gc5Base.wib	0	100	1024	55740	3577200
748	chr22	21433750	21438870	chr22.294770	5	1024	301776408	/gbdb/hg19/wib/gc5Base.wib	0	100	1024	48560	2896000
748	chr22	21438870	21443990	chr22.294771	5	1024	301777432	/gbdb/hg19/wib/gc5Base.wib	0	100	1024	43980	2538000
748	chr22	21443990	21449110	chr22.294772	5	1024	301778456	/gbdb/hg19/wib/gc5Base.wib	0	100	1024	44040	2461600
748	chr22	21449110	21454230	chr22.294773	5	1024	301779480	/gbdb/hg19/wib/gc5Base.wib	0	100	1024	48180	2777200
748	chr22	21454230	21459350	chr22.294774	5	1024	301780504	/gbdb/hg19/wib/gc5Base.wib	0	100	1024	47480	2723200
748	chr22	21459350	21464470	chr22.294775	5	1024	301781528	/gbdb/hg19/wib/gc5Base.wib	0	100	1024	36480	1772000
748	chr22	21464470	21469590	chr22.294776	5	1024	301782552	/gbdb/hg19/wib/gc5Base.wib	0	100	1024	42580	2335600
748	chr22	21469590	21474710	chr22.294777	5	1024	301783576	/gbdb/hg19/wib/gc5Base.wib	0	100	1024	59440	3851200
748	chr22	21474710	21479830	chr22.294778	5	1024	301784600	/gbdb/hg19/wib/gc5Base.wib	0	100	1024	56660	3620400
748	chr22	21479830	21484950	chr22.294779	5	1024	301785624	/gbdb/hg19/wib/gc5Base.wib	0	100	1024	57860	3788400
748	chr22	21484950	21490070	chr22.294780	5	1024	301786648	/gbdb/hg19/wib/gc5Base.wib	0	100	1024	43600	2360800
748	chr22	21490070	21495190	chr22.294781	5	1024	301787672	/gbdb/hg19/wib/gc5Base.wib	0	100	1024	44840	2503200
93	chr22	21495190	21500310	chr22.294782	5	1024	301788696	/gbdb/hg19/wib/gc5Base.wib	0	100	1024	45180	2506000
749	chr22	21500310	21505430	chr22.294783	5	1024	301789720	/gbdb/hg19/wib/gc5Base.wib	0	100	1024	47980	2726000
749	chr22	21505430	21510550	chr22.294784	5	1024	301790744	/gbdb/hg19/wib/gc5Base.wib	0	100	1024	48440	2890400
749	chr22	21510550	21515670	chr22.294785	5	1024	301791768	/gbdb/hg19/wib/gc5Base.wib	0	100	1024	37460	1887600
749	chr22	21515670	21520790	chr22.294786	5	1024	301792792	/gbdb/hg19/wib/gc5Base.wib	0	100	1024	31980	1627600
749	chr22	21520790	21525910	chr22.294787	5	1024	301793816	/gbdb/hg19/wib/gc5Base.wib	0	100	1024	39840	2074400
749	chr22	21525910	21531030	chr22.294788	5	1024	301794840	/gbdb/hg19/wib/gc5Base.wib	0	100	1024	42440	2280800
749	chr22	21531030	21536150	chr22.294789	5	1024	301795864	/gbdb/hg19/wib/gc5Base.wib	0	100	1024	42060	2215600
749	chr22	21536150	21541270	chr22.294790	5	1024	301796888	/gbdb/hg19/wib/gc5Base.wib	0	100	1024	51820	3151600
749	chr22	21541270	21546390	chr22.294791	5	1024	301797912	/gbdb/hg19/wib/gc5Base.wib	0	100	1024	43580	2386000
749	chr22	21546390	21551510	chr22.294792	5	1024	301798936	/gbdb/hg19/wib/gc5Base.wib	0	100	1024	49240	2929600
749	chr22	21551510	21556630	chr22.294793	5	1024	301799960	/gbdb/hg19/wib/gc5Base.wib	0	100	1024	48460	2866000
749	chr22	21556630	21561750	chr22.294794	5	1024	301800984	/gbdb/hg19/wib/gc5Base.wib	0	100	1024	58680	3801600
749	chr22	21561750	21566870	chr22.294795	5	1024	301802008	/gbdb/hg19/wib/gc5Base.wib	0	100	1024	58420	3787600
749	chr22	21566870	21571990	chr22.294796	5	1024	301803032	/gbdb/hg19/wib/gc5Base.wib	0	100	1024	57540	3709200
749	chr22	21571990	21577110	chr22.294797	5	1024	301804056	/gbdb/hg19/wib/gc5Base.wib	0	100	1024	53600	3316800
749	chr22	21577110	21582230	chr22.294798	5	1024	301805080	/gbdb/hg19/wib/gc5Base.wib	0	100	1024	54380	3372400
749	chr22	21582230	21587350	chr22.294799	5	1024	301806104	/gbdb/hg19/wib/gc5Base.wib	0	100	1024	44400	2439200
749	chr22	21587350	21592470	chr22.294800	5	1024	301807128	/gbdb/hg19/wib/gc5Base.wib	0	100	1024	46720	2627200
749	chr22	21592470	21597590	chr22.294801	5	1024	301808152	/gbdb/hg19/wib/gc5Base.wib	0	100	1024	47160	2673600
749	chr22	21597590	21602710	chr22.294802	5	1024	301809176	/gbdb/hg19/wib/gc5Base.wib	0	100	1024	48300	2698800
749	chr22	21602710	21607830	chr22.294803	5	1024	301810200	/gbdb/hg19/wib/gc5Base.wib	0	100	1024	46220	2528400
749	chr22	21607830	21612950	chr22.294804	5	1024	301811224	/gbdb/hg19/wib/gc5Base.wib	0	100	1024	49580	2918000
749	chr22	21612950	21618070	chr22.294805	5	1024	301812248	/gbdb/hg19/wib/gc5Base.wib	0	100	1024	49780	2854000
749	chr22	21618070	21623190	chr22.294806	5	1024	301813272	/gbdb/hg19/wib/gc5Base.wib	0	100	1024	45600	2544800
93	chr22	21623190	21628310	chr22.294807	5	1024	301814296	/gbdb/hg19/wib/gc5Base.wib	0	100	1024	43140	2353200
750	chr22	21628310	21633430	chr22.294808	5	1024	301815320	/gbdb/hg19/wib/gc5Base.wib	0	100	1024	43360	2362400
750	chr22	21633430	21638550	chr22.294809	5	1024	301816344	/gbdb/hg19/wib/gc5Base.wib	0	100	1024	56720	3671200
750	chr22	21638550	21643670	chr22.294810	5	1024	301817368	/gbdb/hg19/wib/gc5Base.wib	0	100	1024	56980	3649200
750	chr22	21643670	21648790	chr22.294811	5	1024	301818392	/gbdb/hg19/wib/gc5Base.wib	0	100	1024	59020	3846800
750	chr22	21648790	21653910	chr22.294812	5	1024	301819416	/gbdb/hg19/wib/gc5Base.wib	0	100	1024	45560	2601600
750	chr22	21653910	21659030	chr22.294813	5	1024	301820440	/gbdb/hg19/wib/gc5Base.wib	0	100	1024	45840	2571200
750	chr22	21659030	21664150	chr22.294814	5	1024	301821464	/gbdb/hg19/wib/gc5Base.wib	0	100	1024	49060	2890800
750	chr22	21664150	21669270	chr22.294815	5	1024	301822488	/gbdb/hg19/wib/gc5Base.wib	0	100	1024	43340	2324400
750	chr22	21669270	21674390	chr22.294816	5	1024	301823512	/gbdb/hg19/wib/gc5Base.wib	0	100	1024	40500	2133200
750	chr22	21674390	21679510	chr22.294817	5	1024	301824536	/gbdb/hg19/wib/gc5Base.wib	0	100	1024	42600	2260800
750	chr22	21679510	21684630	chr22.294818	5	1024	301825560	/gbdb/hg19/wib/gc5Base.wib	0	100	1024	31580	1622000
750	chr22	21684630	21689750	chr22.294819	5	1024	301826584	/gbdb/hg19/wib/gc5Base.wib	0	100	1024	38760	1997600
750	chr22	21689750	21694870	chr22.294820	5	1024	301827608	/gbdb/hg19/wib/gc5Base.wib	0	100	1024	43620	2374000
750	chr22	21694870	21699990	chr22.294821	5	1024	301828632	/gbdb/hg19/wib/gc5Base.wib	0	100	1024	61180	4150800
750	chr22	21699990	21705110	chr22.294822	5	1024	301829656	/gbdb/hg19/wib/gc5Base.wib	0	100	1024	39340	2045200
750	chr22	21705110	21710230	chr22.294823	5	1024	301830680	/gbdb/hg19/wib/gc5Base.wib	0	100	1024	45920	2594400
750	chr22	21710230	21715350	chr22.294824	5	1024	301831704	/gbdb/hg19/wib/gc5Base.wib	0	100	1024	64360	4458400
750	chr22	21715350	21720470	chr22.294825	5	1024	301832728	/gbdb/hg19/wib/gc5Base.wib	0	100	1024	61720	4176800
750	chr22	21720470	21725590	chr22.294826	5	1024	301833752	/gbdb/hg19/wib/gc5Base.wib	0	100	1024	62220	4194000
750	chr22	21725590	21730710	chr22.294827	5	1024	301834776	/gbdb/hg19/wib/gc5Base.wib	0	100	1024	54600	3403200
750	chr22	21730710	21735830	chr22.294828	5	1024	301835800	/gbdb/hg19/wib/gc5Base.wib	0	100	1024	52540	3227600
750	chr22	21735830	21740950	chr22.294829	5	1024	301836824	/gbdb/hg19/wib/gc5Base.wib	0	100	1024	62800	4358400
750	chr22	21740950	21746070	chr22.294830	5	1024	301837848	/gbdb/hg19/wib/gc5Base.wib	0	100	1024	56500	3590000
750	chr22	21746070	21751190	chr22.294831	5	1024	301838872	/gbdb/hg19/wib/gc5Base.wib	0	100	1024	49420	3035600
750	chr22	21751190	21756310	chr22.294832	5	1024	301839896	/gbdb/hg19/wib/gc5Base.wib	0	100	1024	54320	3416000
93	chr22	21756310	21761430	chr22.294833	5	1024	301840920	/gbdb/hg19/wib/gc5Base.wib	0	100	1024	55120	3504800
751	chr22	21761430	21766550	chr22.294834	5	1024	301841944	/gbdb/hg19/wib/gc5Base.wib	0	100	1024	50260	3078000
751	chr22	21766550	21771670	chr22.294835	5	1024	301842968	/gbdb/hg19/wib/gc5Base.wib	0	100	1024	52340	3395600
751	chr22	21771670	21776790	chr22.294836	5	1024	301843992	/gbdb/hg19/wib/gc5Base.wib	0	100	1024	61920	4240800
751	chr22	21776790	21781910	chr22.294837	5	1024	301845016	/gbdb/hg19/wib/gc5Base.wib	0	100	1024	54000	3390400
751	chr22	21781910	21787030	chr22.294838	5	1024	301846040	/gbdb/hg19/wib/gc5Base.wib	0	100	1024	51220	3097200
751	chr22	21787030	21792150	chr22.294839	5	1024	301847064	/gbdb/hg19/wib/gc5Base.wib	0	100	1024	54820	3381200
751	chr22	21792150	21797270	chr22.294840	5	1024	301848088	/gbdb/hg19/wib/gc5Base.wib	0	100	1024	60760	4033600
751	chr22	21797270	21802390	chr22.294841	5	1024	301849112	/gbdb/hg19/wib/gc5Base.wib	0	100	1024	62840	4281600
751	chr22	21802390	21807510	chr22.294842	5	1024	301850136	/gbdb/hg19/wib/gc5Base.wib	0	100	1024	53940	3435600
751	chr22	21807510	21812630	chr22.294843	5	1024	301851160	/gbdb/hg19/wib/gc5Base.wib	0	100	1024	54860	3468400
751	chr22	21812630	21817750	chr22.294844	5	1024	301852184	/gbdb/hg19/wib/gc5Base.wib	0	100	1024	52720	3250400
751	chr22	21817750	21822870	chr22.294845	5	1024	301853208	/gbdb/hg19/wib/gc5Base.wib	0	100	1024	53800	3469600
751	chr22	21822870	21827990	chr22.294846	5	1024	301854232	/gbdb/hg19/wib/gc5Base.wib	0	100	1024	55800	3644800
751	chr22	21827990	21833110	chr22.294847	5	1024	301855256	/gbdb/hg19/wib/gc5Base.wib	0	100	1024	61420	4099600
751	chr22	21833110	21838230	chr22.294848	5	1024	301856280	/gbdb/hg19/wib/gc5Base.wib	0	100	1024	56660	3614000
751	chr22	21838230	21843350	chr22.294849	5	1024	301857304	/gbdb/hg19/wib/gc5Base.wib	0	100	1024	55360	3513600
751	chr22	21843350	21848470	chr22.294850	5	1024	301858328	/gbdb/hg19/wib/gc5Base.wib	0	100	1024	61540	4078800
751	chr22	21848470	21853590	chr22.294851	5	1024	301859352	/gbdb/hg19/wib/gc5Base.wib	0	100	1024	58400	3765600
751	chr22	21853590	21858710	chr22.294852	5	1024	301860376	/gbdb/hg19/wib/gc5Base.wib	0	100	1024	50100	2962800
751	chr22	21858710	21863830	chr22.294853	5	1024	301861400	/gbdb/hg19/wib/gc5Base.wib	0	100	1024	51360	3151200
751	chr22	21863830	21868950	chr22.294854	5	1024	301862424	/gbdb/hg19/wib/gc5Base.wib	0	100	1024	57840	3740800
751	chr22	21868950	21874070	chr22.294855	5	1024	301863448	/gbdb/hg19/wib/gc5Base.wib	0	100	1024	60660	4219600
751	chr22	21874070	21879190	chr22.294856	5	1024	301864472	/gbdb/hg19/wib/gc5Base.wib	0	100	1024	48700	2978800
751	chr22	21879190	21884310	chr22.294857	5	1024	301865496	/gbdb/hg19/wib/gc5Base.wib	0	100	1024	53080	3313600
93	chr22	21884310	21889430	chr22.294858	5	1024	301866520	/gbdb/hg19/wib/gc5Base.wib	0	100	1024	57120	3683200
752	chr22	21889430	21894550	chr22.294859	5	1024	301867544	/gbdb/hg19/wib/gc5Base.wib	0	100	1024	49600	3041600
752	chr22	21894550	21899670	chr22.294860	5	1024	301868568	/gbdb/hg19/wib/gc5Base.wib	0	100	1024	51920	3187200
752	chr22	21899670	21904790	chr22.294861	5	1024	301869592	/gbdb/hg19/wib/gc5Base.wib	0	100	1024	62560	4244000
752	chr22	21904790	21909910	chr22.294862	5	1024	301870616	/gbdb/hg19/wib/gc5Base.wib	0	100	1024	56860	3698800
752	chr22	21909910	21915030	chr22.294863	5	1024	301871640	/gbdb/hg19/wib/gc5Base.wib	0	100	1024	51920	3205600
752	chr22	21915030	21920150	chr22.294864	5	1024	301872664	/gbdb/hg19/wib/gc5Base.wib	0	100	1024	52100	3201200
752	chr22	21920150	21925270	chr22.294865	5	1024	301873688	/gbdb/hg19/wib/gc5Base.wib	0	100	1024	52400	3274400
752	chr22	21925270	21930390	chr22.294866	5	1024	301874712	/gbdb/hg19/wib/gc5Base.wib	0	100	1024	49240	2893600
752	chr22	21930390	21935510	chr22.294867	5	1024	301875736	/gbdb/hg19/wib/gc5Base.wib	0	100	1024	49800	2947200
752	chr22	21935510	21940630	chr22.294868	5	1024	301876760	/gbdb/hg19/wib/gc5Base.wib	0	100	1024	50420	2999600
752	chr22	21940630	21945750	chr22.294869	5	1024	301877784	/gbdb/hg19/wib/gc5Base.wib	0	100	1024	50680	3057600
752	chr22	21945750	21950870	chr22.294870	5	1024	301878808	/gbdb/hg19/wib/gc5Base.wib	0	100	1024	51420	3055600
752	chr22	21950870	21955990	chr22.294871	5	1024	301879832	/gbdb/hg19/wib/gc5Base.wib	0	100	1024	46220	2678800
752	chr22	21955990	21961110	chr22.294872	5	1024	301880856	/gbdb/hg19/wib/gc5Base.wib	0	100	1024	49840	2966400
752	chr22	21961110	21966230	chr22.294873	5	1024	301881880	/gbdb/hg19/wib/gc5Base.wib	0	100	1024	49000	2868800
752	chr22	21966230	21971350	chr22.294874	5	1024	301882904	/gbdb/hg19/wib/gc5Base.wib	0	100	1024	48520	2838400
752	chr22	21971350	21976470	chr22.294875	5	1024	301883928	/gbdb/hg19/wib/gc5Base.wib	0	100	1024	49720	2997600
752	chr22	21976470	21981590	chr22.294876	5	1024	301884952	/gbdb/hg19/wib/gc5Base.wib	0	100	1024	54400	3355200
752	chr22	21981590	21986710	chr22.294877	5	1024	301885976	/gbdb/hg19/wib/gc5Base.wib	0	100	1024	58140	3886000
752	chr22	21986710	21991830	chr22.294878	5	1024	301887000	/gbdb/hg19/wib/gc5Base.wib	0	100	1024	60720	3996000
752	chr22	21991830	21996950	chr22.294879	5	1024	301888024	/gbdb/hg19/wib/gc5Base.wib	0	100	1024	54680	3486400
752	chr22	21996950	22002070	chr22.294880	5	1024	301889048	/gbdb/hg19/wib/gc5Base.wib	0	100	1024	56240	3606400
752	chr22	22002070	22007190	chr22.294881	5	1024	301890072	/gbdb/hg19/wib/gc5Base.wib	0	100	1024	55660	3595600
752	chr22	22007190	22012310	chr22.294882	5	1024	301891096	/gbdb/hg19/wib/gc5Base.wib	0	100	1024	57720	3747200
752	chr22	22012310	22017430	chr22.294883	5	1024	301892120	/gbdb/hg19/wib/gc5Base.wib	0	100	1024	54040	3364000
11	chr22	22017430	22022550	chr22.294884	5	1024	301893144	/gbdb/hg19/wib/gc5Base.wib	0	100	1024	53300	3367600
753	chr22	22022550	22027670	chr22.294885	5	1024	301894168	/gbdb/hg19/wib/gc5Base.wib	0	100	1024	48920	2886400
753	chr22	22027670	22032790	chr22.294886	5	1024	301895192	/gbdb/hg19/wib/gc5Base.wib	0	100	1024	57680	3747200
753	chr22	22032790	22037910	chr22.294887	5	1024	301896216	/gbdb/hg19/wib/gc5Base.wib	0	100	1024	57360	3701600
753	chr22	22037910	22043030	chr22.294888	5	1024	301897240	/gbdb/hg19/wib/gc5Base.wib	0	100	1024	58300	3849200
753	chr22	22043030	22048150	chr22.294889	5	1024	301898264	/gbdb/hg19/wib/gc5Base.wib	0	100	1024	53560	3342400
753	chr22	22048150	22053270	chr22.294890	5	1024	301899288	/gbdb/hg19/wib/gc5Base.wib	0	100	1024	57400	3706400
753	chr22	22053270	22058390	chr22.294891	5	1024	301900312	/gbdb/hg19/wib/gc5Base.wib	0	100	1024	53960	3359200
753	chr22	22058390	22063510	chr22.294892	5	1024	301901336	/gbdb/hg19/wib/gc5Base.wib	0	100	1024	48540	2848400
753	chr22	22063510	22068630	chr22.294893	5	1024	301902360	/gbdb/hg19/wib/gc5Base.wib	0	100	1024	48500	2857200
753	chr22	22068630	22073750	chr22.294894	5	1024	301903384	/gbdb/hg19/wib/gc5Base.wib	0	100	1024	47520	2769600
753	chr22	22073750	22078870	chr22.294895	5	1024	301904408	/gbdb/hg19/wib/gc5Base.wib	0	100	1024	50720	3056000
753	chr22	22078870	22083990	chr22.294896	5	1024	301905432	/gbdb/hg19/wib/gc5Base.wib	0	100	1024	54020	3385200
753	chr22	22083990	22089110	chr22.294897	5	1024	301906456	/gbdb/hg19/wib/gc5Base.wib	0	100	1024	49780	2938800
753	chr22	22089110	22094230	chr22.294898	5	1024	301907480	/gbdb/hg19/wib/gc5Base.wib	0	100	1024	55400	3681600
753	chr22	22094230	22099350	chr22.294899	5	1024	301908504	/gbdb/hg19/wib/gc5Base.wib	0	100	1024	52460	3170000
753	chr22	22099350	22104470	chr22.294900	5	1024	301909528	/gbdb/hg19/wib/gc5Base.wib	0	100	1024	48300	2822000
753	chr22	22104470	22109590	chr22.294901	5	1024	301910552	/gbdb/hg19/wib/gc5Base.wib	0	100	1024	51180	3108400
753	chr22	22109590	22114710	chr22.294902	5	1024	301911576	/gbdb/hg19/wib/gc5Base.wib	0	100	1024	50500	3005200
753	chr22	22114710	22119830	chr22.294903	5	1024	301912600	/gbdb/hg19/wib/gc5Base.wib	0	100	1024	43740	2344400
753	chr22	22119830	22124950	chr22.294904	5	1024	301913624	/gbdb/hg19/wib/gc5Base.wib	0	100	1024	49300	2905200
753	chr22	22124950	22130070	chr22.294905	5	1024	301914648	/gbdb/hg19/wib/gc5Base.wib	0	100	1024	47500	2757200
753	chr22	22130070	22135190	chr22.294906	5	1024	301915672	/gbdb/hg19/wib/gc5Base.wib	0	100	1024	44820	2490800
753	chr22	22135190	22140310	chr22.294907	5	1024	301916696	/gbdb/hg19/wib/gc5Base.wib	0	100	1024	50160	3033600
753	chr22	22140310	22145430	chr22.294908	5	1024	301917720	/gbdb/hg19/wib/gc5Base.wib	0	100	1024	41000	2196000
753	chr22	22145430	22150550	chr22.294909	5	1024	301918744	/gbdb/hg19/wib/gc5Base.wib	0	100	1024	45160	2584800
94	chr22	22150550	22155670	chr22.294910	5	1024	301919768	/gbdb/hg19/wib/gc5Base.wib	0	100	1024	43820	2375600
754	chr22	22155670	22160790	chr22.294911	5	1024	301920792	/gbdb/hg19/wib/gc5Base.wib	0	100	1024	42020	2219600
754	chr22	22160790	22165910	chr22.294912	5	1024	301921816	/gbdb/hg19/wib/gc5Base.wib	0	100	1024	41900	2268400
754	chr22	22165910	22171030	chr22.294913	5	1024	301922840	/gbdb/hg19/wib/gc5Base.wib	0	100	1024	43020	2394800
754	chr22	22171030	22176150	chr22.294914	5	1024	301923864	/gbdb/hg19/wib/gc5Base.wib	0	100	1024	47040	2728800
754	chr22	22176150	22181270	chr22.294915	5	1024	301924888	/gbdb/hg19/wib/gc5Base.wib	0	100	1024	41480	2249600
754	chr22	22181270	22186390	chr22.294916	5	1024	301925912	/gbdb/hg19/wib/gc5Base.wib	0	100	1024	40340	2040400
754	chr22	22186390	22191510	chr22.294917	5	1024	301926936	/gbdb/hg19/wib/gc5Base.wib	0	100	1024	45360	2581600
754	chr22	22191510	22196630	chr22.294918	5	1024	301927960	/gbdb/hg19/wib/gc5Base.wib	0	100	1024	43720	2432000
754	chr22	22196630	22201750	chr22.294919	5	1024	301928984	/gbdb/hg19/wib/gc5Base.wib	0	100	1024	45500	2562800
754	chr22	22201750	22206870	chr22.294920	5	1024	301930008	/gbdb/hg19/wib/gc5Base.wib	0	100	1024	44380	2574000
754	chr22	22206870	22211990	chr22.294921	5	1024	301931032	/gbdb/hg19/wib/gc5Base.wib	0	100	1024	41840	2216800
754	chr22	22211990	22217110	chr22.294922	5	1024	301932056	/gbdb/hg19/wib/gc5Base.wib	0	100	1024	44640	2456800
754	chr22	22217110	22222230	chr22.294923	5	1024	301933080	/gbdb/hg19/wib/gc5Base.wib	0	100	1024	48980	3047600
754	chr22	22222230	22227350	chr22.294924	5	1024	301934104	/gbdb/hg19/wib/gc5Base.wib	0	100	1024	48000	2840800
754	chr22	22227350	22232470	chr22.294925	5	1024	301935128	/gbdb/hg19/wib/gc5Base.wib	0	100	1024	46060	2636400
754	chr22	22232470	22237590	chr22.294926	5	1024	301936152	/gbdb/hg19/wib/gc5Base.wib	0	100	1024	49460	2991600
754	chr22	22237590	22242710	chr22.294927	5	1024	301937176	/gbdb/hg19/wib/gc5Base.wib	0	100	1024	53460	3431600
754	chr22	22242710	22247830	chr22.294928	5	1024	301938200	/gbdb/hg19/wib/gc5Base.wib	0	100	1024	47300	2822000
754	chr22	22247830	22252950	chr22.294929	5	1024	301939224	/gbdb/hg19/wib/gc5Base.wib	0	100	1024	43300	2389200
754	chr22	22252950	22258070	chr22.294930	5	1024	301940248	/gbdb/hg19/wib/gc5Base.wib	0	100	1024	44860	2554800
754	chr22	22258070	22263190	chr22.294931	5	1024	301941272	/gbdb/hg19/wib/gc5Base.wib	0	100	1024	50540	3041200
754	chr22	22263190	22268310	chr22.294932	5	1024	301942296	/gbdb/hg19/wib/gc5Base.wib	0	100	1024	47920	2880000
754	chr22	22268310	22273430	chr22.294933	5	1024	301943320	/gbdb/hg19/wib/gc5Base.wib	0	100	1024	54300	3404400
754	chr22	22273430	22278550	chr22.294934	5	1024	301944344	/gbdb/hg19/wib/gc5Base.wib	0	100	1024	58840	3853600
94	chr22	22278550	22283670	chr22.294935	5	1024	301945368	/gbdb/hg19/wib/gc5Base.wib	0	100	1024	58220	3761200
755	chr22	22283670	22288790	chr22.294936	5	1024	301946392	/gbdb/hg19/wib/gc5Base.wib	0	100	1024	55860	3517200
755	chr22	22288790	22293910	chr22.294937	5	1024	301947416	/gbdb/hg19/wib/gc5Base.wib	0	100	1024	53680	3361600
755	chr22	22293910	22299030	chr22.294938	5	1024	301948440	/gbdb/hg19/wib/gc5Base.wib	0	100	1024	57340	3640400
755	chr22	22299030	22304150	chr22.294939	5	1024	301949464	/gbdb/hg19/wib/gc5Base.wib	0	100	1024	57040	3607200
755	chr22	22304150	22309270	chr22.294940	5	1024	301950488	/gbdb/hg19/wib/gc5Base.wib	0	100	1024	54760	3515200
755	chr22	22309270	22314390	chr22.294941	5	1024	301951512	/gbdb/hg19/wib/gc5Base.wib	0	100	1024	60760	3992800
755	chr22	22314390	22319510	chr22.294942	5	1024	301952536	/gbdb/hg19/wib/gc5Base.wib	0	100	1024	62320	4168000
755	chr22	22319510	22324630	chr22.294943	5	1024	301953560	/gbdb/hg19/wib/gc5Base.wib	0	100	1024	52200	3140800
755	chr22	22324630	22329750	chr22.294944	5	1024	301954584	/gbdb/hg19/wib/gc5Base.wib	0	100	1024	56060	3537200
755	chr22	22329750	22334870	chr22.294945	5	1024	301955608	/gbdb/hg19/wib/gc5Base.wib	0	100	1024	52820	3210800
755	chr22	22334870	22339990	chr22.294946	5	1024	301956632	/gbdb/hg19/wib/gc5Base.wib	0	100	1024	51700	3205200
755	chr22	22339990	22345110	chr22.294947	5	1024	301957656	/gbdb/hg19/wib/gc5Base.wib	0	100	1024	49800	2924800
755	chr22	22345110	22350230	chr22.294948	5	1024	301958680	/gbdb/hg19/wib/gc5Base.wib	0	100	1024	52800	3180000
755	chr22	22350230	22355350	chr22.294949	5	1024	301959704	/gbdb/hg19/wib/gc5Base.wib	0	100	1024	42880	2308000
755	chr22	22355350	22360470	chr22.294950	5	1024	301960728	/gbdb/hg19/wib/gc5Base.wib	0	100	1024	44460	2492400
755	chr22	22360470	22365590	chr22.294951	5	1024	301961752	/gbdb/hg19/wib/gc5Base.wib	0	100	1024	43620	2402800
755	chr22	22365590	22370710	chr22.294952	5	1024	301962776	/gbdb/hg19/wib/gc5Base.wib	0	100	1024	42940	2327600
755	chr22	22370710	22375830	chr22.294953	5	1024	301963800	/gbdb/hg19/wib/gc5Base.wib	0	100	1024	45560	2519200
755	chr22	22375830	22380950	chr22.294954	5	1024	301964824	/gbdb/hg19/wib/gc5Base.wib	0	100	1024	49160	2880000
755	chr22	22380950	22386070	chr22.294955	5	1024	301965848	/gbdb/hg19/wib/gc5Base.wib	0	100	1024	42980	2386000
755	chr22	22386070	22391190	chr22.294956	5	1024	301966872	/gbdb/hg19/wib/gc5Base.wib	0	100	1024	49160	2797600
755	chr22	22391190	22396310	chr22.294957	5	1024	301967896	/gbdb/hg19/wib/gc5Base.wib	0	100	1024	44520	2437600
755	chr22	22396310	22401430	chr22.294958	5	1024	301968920	/gbdb/hg19/wib/gc5Base.wib	0	100	1024	44440	2452800
755	chr22	22401430	22406550	chr22.294959	5	1024	301969944	/gbdb/hg19/wib/gc5Base.wib	0	100	1024	33800	1640000
755	chr22	22406550	22411670	chr22.294960	5	1024	301970968	/gbdb/hg19/wib/gc5Base.wib	0	100	1024	42740	2258000
94	chr22	22411670	22416790	chr22.294961	5	1024	301971992	/gbdb/hg19/wib/gc5Base.wib	0	100	1024	48560	2793600
756	chr22	22416790	22421910	chr22.294962	5	1024	301973016	/gbdb/hg19/wib/gc5Base.wib	0	100	1024	42700	2306800
756	chr22	22421910	22427030	chr22.294963	5	1024	301974040	/gbdb/hg19/wib/gc5Base.wib	0	100	1024	45620	2522000
756	chr22	22427030	22432150	chr22.294964	5	1024	301975064	/gbdb/hg19/wib/gc5Base.wib	0	100	1024	44500	2467600
756	chr22	22432150	22437270	chr22.294965	5	1024	301976088	/gbdb/hg19/wib/gc5Base.wib	0	100	1024	44340	2436400
756	chr22	22437270	22442390	chr22.294966	5	1024	301977112	/gbdb/hg19/wib/gc5Base.wib	0	100	1024	47720	2728800
756	chr22	22442390	22447510	chr22.294967	5	1024	301978136	/gbdb/hg19/wib/gc5Base.wib	0	100	1024	44200	2436800
756	chr22	22447510	22452630	chr22.294968	5	1024	301979160	/gbdb/hg19/wib/gc5Base.wib	0	100	1024	42180	2167600
756	chr22	22452630	22457750	chr22.294969	5	1024	301980184	/gbdb/hg19/wib/gc5Base.wib	0	100	1024	45380	2562000
756	chr22	22457750	22462870	chr22.294970	5	1024	301981208	/gbdb/hg19/wib/gc5Base.wib	0	100	1024	43060	2330000
756	chr22	22462870	22467990	chr22.294971	5	1024	301982232	/gbdb/hg19/wib/gc5Base.wib	0	100	1024	46880	2659200
756	chr22	22467990	22473110	chr22.294972	5	1024	301983256	/gbdb/hg19/wib/gc5Base.wib	0	100	1024	60320	4204800
756	chr22	22473110	22478230	chr22.294973	5	1024	301984280	/gbdb/hg19/wib/gc5Base.wib	0	100	1024	38180	1952400
756	chr22	22478230	22483350	chr22.294974	5	1024	301985304	/gbdb/hg19/wib/gc5Base.wib	0	100	1024	50740	3088400
756	chr22	22483350	22488470	chr22.294975	5	1024	301986328	/gbdb/hg19/wib/gc5Base.wib	0	100	1024	38380	1900400
756	chr22	22488470	22493590	chr22.294976	5	1024	301987352	/gbdb/hg19/wib/gc5Base.wib	0	100	1024	34820	1558000
756	chr22	22493590	22498710	chr22.294977	5	1024	301988376	/gbdb/hg19/wib/gc5Base.wib	0	100	1024	36800	1744000
756	chr22	22498710	22503830	chr22.294978	5	1024	301989400	/gbdb/hg19/wib/gc5Base.wib	0	100	1024	37020	1852400
756	chr22	22503830	22508950	chr22.294979	5	1024	301990424	/gbdb/hg19/wib/gc5Base.wib	0	100	1024	38660	1997200
756	chr22	22508950	22514070	chr22.294980	5	1024	301991448	/gbdb/hg19/wib/gc5Base.wib	0	100	1024	43540	2339600
756	chr22	22514070	22519190	chr22.294981	5	1024	301992472	/gbdb/hg19/wib/gc5Base.wib	0	100	1024	47240	2631200
756	chr22	22519190	22524310	chr22.294982	5	1024	301993496	/gbdb/hg19/wib/gc5Base.wib	0	100	1024	48320	2778400
756	chr22	22524310	22529430	chr22.294983	5	1024	301994520	/gbdb/hg19/wib/gc5Base.wib	0	100	1024	41520	2163200
756	chr22	22529430	22534550	chr22.294984	5	1024	301995544	/gbdb/hg19/wib/gc5Base.wib	0	100	1024	44980	2472400
756	chr22	22534550	22539670	chr22.294985	5	1024	301996568	/gbdb/hg19/wib/gc5Base.wib	0	100	1024	45440	2518400
94	chr22	22539670	22544790	chr22.294986	5	1024	301997592	/gbdb/hg19/wib/gc5Base.wib	0	100	1024	44340	2399600
757	chr22	22544790	22549910	chr22.294987	5	1024	301998616	/gbdb/hg19/wib/gc5Base.wib	0	100	1024	41340	2102800
757	chr22	22549910	22555030	chr22.294988	5	1024	301999640	/gbdb/hg19/wib/gc5Base.wib	0	100	1024	51800	3106400
757	chr22	22555030	22560150	chr22.294989	5	1024	302000664	/gbdb/hg19/wib/gc5Base.wib	0	100	1024	49620	3014000
757	chr22	22560150	22565270	chr22.294990	5	1024	302001688	/gbdb/hg19/wib/gc5Base.wib	0	100	1024	45020	2475600
757	chr22	22565270	22570390	chr22.294991	5	1024	302002712	/gbdb/hg19/wib/gc5Base.wib	0	100	1024	44900	2498000
757	chr22	22570390	22575510	chr22.294992	5	1024	302003736	/gbdb/hg19/wib/gc5Base.wib	0	100	1024	46700	2666800
757	chr22	22575510	22580630	chr22.294993	5	1024	302004760	/gbdb/hg19/wib/gc5Base.wib	0	100	1024	57140	3635600
757	chr22	22580630	22585750	chr22.294994	5	1024	302005784	/gbdb/hg19/wib/gc5Base.wib	0	100	1024	46880	2682400
757	chr22	22585750	22590870	chr22.294995	5	1024	302006808	/gbdb/hg19/wib/gc5Base.wib	0	100	1024	46960	2651200
757	chr22	22590870	22595990	chr22.294996	5	1024	302007832	/gbdb/hg19/wib/gc5Base.wib	0	100	1024	48500	2860400
757	chr22	22595990	22601110	chr22.294997	5	1024	302008856	/gbdb/hg19/wib/gc5Base.wib	0	100	1024	54320	3360800
757	chr22	22601110	22606230	chr22.294998	5	1024	302009880	/gbdb/hg19/wib/gc5Base.wib	0	100	1024	45080	2588800
757	chr22	22606230	22611350	chr22.294999	5	1024	302010904	/gbdb/hg19/wib/gc5Base.wib	0	100	1024	37980	2080400
757	chr22	22611350	22616470	chr22.295000	5	1024	302011928	/gbdb/hg19/wib/gc5Base.wib	0	100	1024	47740	2772400
757	chr22	22616470	22621590	chr22.295001	5	1024	302012952	/gbdb/hg19/wib/gc5Base.wib	0	100	1024	46600	2617600
757	chr22	22621590	22626710	chr22.295002	5	1024	302013976	/gbdb/hg19/wib/gc5Base.wib	0	100	1024	48740	2827600
757	chr22	22626710	22631830	chr22.295003	5	1024	302015000	/gbdb/hg19/wib/gc5Base.wib	0	100	1024	33120	1550400
757	chr22	22631830	22636950	chr22.295004	5	1024	302016024	/gbdb/hg19/wib/gc5Base.wib	0	100	1024	42200	2192000
757	chr22	22636950	22642070	chr22.295005	5	1024	302017048	/gbdb/hg19/wib/gc5Base.wib	0	100	1024	31040	1260800
757	chr22	22642070	22647190	chr22.295006	5	1024	302018072	/gbdb/hg19/wib/gc5Base.wib	0	100	1024	57560	3848000
757	chr22	22647190	22652310	chr22.295007	5	1024	302019096	/gbdb/hg19/wib/gc5Base.wib	0	100	1024	57960	3797600
757	chr22	22652310	22657430	chr22.295008	5	1024	302020120	/gbdb/hg19/wib/gc5Base.wib	0	100	1024	47120	2768800
757	chr22	22657430	22662550	chr22.295009	5	1024	302021144	/gbdb/hg19/wib/gc5Base.wib	0	100	1024	45340	2480400
757	chr22	22662550	22667670	chr22.295010	5	1024	302022168	/gbdb/hg19/wib/gc5Base.wib	0	100	1024	39980	2055600
757	chr22	22667670	22672790	chr22.295011	5	1024	302023192	/gbdb/hg19/wib/gc5Base.wib	0	100	1024	48040	2710400
94	chr22	22672790	22677910	chr22.295012	5	1024	302024216	/gbdb/hg19/wib/gc5Base.wib	0	100	1024	53400	3256800
758	chr22	22677910	22683030	chr22.295013	5	1024	302025240	/gbdb/hg19/wib/gc5Base.wib	0	100	1024	50700	2986800
758	chr22	22683030	22688150	chr22.295014	5	1024	302026264	/gbdb/hg19/wib/gc5Base.wib	0	100	1024	43800	2375200
758	chr22	22688150	22693270	chr22.295015	5	1024	302027288	/gbdb/hg19/wib/gc5Base.wib	0	100	1024	37260	1794000
758	chr22	22693270	22698390	chr22.295016	5	1024	302028312	/gbdb/hg19/wib/gc5Base.wib	0	100	1024	46840	2620000
758	chr22	22698390	22703510	chr22.295017	5	1024	302029336	/gbdb/hg19/wib/gc5Base.wib	0	100	1024	46400	2597600
758	chr22	22703510	22708630	chr22.295018	5	1024	302030360	/gbdb/hg19/wib/gc5Base.wib	0	100	1024	46600	2599200
758	chr22	22708630	22713750	chr22.295019	5	1024	302031384	/gbdb/hg19/wib/gc5Base.wib	0	100	1024	49900	2971600
758	chr22	22713750	22718870	chr22.295020	5	1024	302032408	/gbdb/hg19/wib/gc5Base.wib	0	100	1024	41540	2157200
758	chr22	22718870	22723990	chr22.295021	5	1024	302033432	/gbdb/hg19/wib/gc5Base.wib	0	100	1024	41700	2170800
758	chr22	22723990	22729110	chr22.295022	5	1024	302034456	/gbdb/hg19/wib/gc5Base.wib	0	100	1024	44800	2440800
758	chr22	22729110	22734230	chr22.295023	5	1024	302035480	/gbdb/hg19/wib/gc5Base.wib	0	100	1024	49440	2892000
758	chr22	22734230	22739350	chr22.295024	5	1024	302036504	/gbdb/hg19/wib/gc5Base.wib	0	100	1024	44920	2462400
758	chr22	22739350	22744470	chr22.295025	5	1024	302037528	/gbdb/hg19/wib/gc5Base.wib	0	100	1024	46820	2613200
758	chr22	22744470	22749590	chr22.295026	5	1024	302038552	/gbdb/hg19/wib/gc5Base.wib	0	100	1024	42420	2257200
758	chr22	22749590	22754710	chr22.295027	5	1024	302039576	/gbdb/hg19/wib/gc5Base.wib	0	100	1024	50620	2953200
758	chr22	22754710	22759830	chr22.295028	5	1024	302040600	/gbdb/hg19/wib/gc5Base.wib	0	100	1024	49340	2886800
758	chr22	22759830	22764950	chr22.295029	5	1024	302041624	/gbdb/hg19/wib/gc5Base.wib	0	100	1024	52000	3100800
758	chr22	22764950	22770070	chr22.295030	5	1024	302042648	/gbdb/hg19/wib/gc5Base.wib	0	100	1024	38800	1927200
758	chr22	22770070	22775190	chr22.295031	5	1024	302043672	/gbdb/hg19/wib/gc5Base.wib	0	100	1024	41340	2160400
758	chr22	22775190	22780310	chr22.295032	5	1024	302044696	/gbdb/hg19/wib/gc5Base.wib	0	100	1024	44320	2440800
758	chr22	22780310	22785430	chr22.295033	5	1024	302045720	/gbdb/hg19/wib/gc5Base.wib	0	100	1024	49000	2801600
758	chr22	22785430	22790550	chr22.295034	5	1024	302046744	/gbdb/hg19/wib/gc5Base.wib	0	100	1024	45620	2542000
758	chr22	22790550	22795670	chr22.295035	5	1024	302047768	/gbdb/hg19/wib/gc5Base.wib	0	100	1024	44220	2358800
758	chr22	22795670	22800790	chr22.295036	5	1024	302048792	/gbdb/hg19/wib/gc5Base.wib	0	100	1024	43100	2423600
758	chr22	22800790	22805910	chr22.295037	5	1024	302049816	/gbdb/hg19/wib/gc5Base.wib	0	100	1024	42260	2203600
94	chr22	22805910	22811030	chr22.295038	5	1024	302050840	/gbdb/hg19/wib/gc5Base.wib	0	100	1024	44000	2380800
759	chr22	22811030	22816150	chr22.295039	5	1024	302051864	/gbdb/hg19/wib/gc5Base.wib	0	100	1024	44060	2402800
759	chr22	22816150	22821270	chr22.295040	5	1024	302052888	/gbdb/hg19/wib/gc5Base.wib	0	100	1024	45760	2529600
759	chr22	22821270	22826390	chr22.295041	5	1024	302053912	/gbdb/hg19/wib/gc5Base.wib	0	100	1024	41340	2177200
759	chr22	22826390	22831510	chr22.295042	5	1024	302054936	/gbdb/hg19/wib/gc5Base.wib	0	100	1024	45140	2606800
759	chr22	22831510	22836630	chr22.295043	5	1024	302055960	/gbdb/hg19/wib/gc5Base.wib	0	100	1024	42540	2298000
759	chr22	22836630	22841750	chr22.295044	5	1024	302056984	/gbdb/hg19/wib/gc5Base.wib	0	100	1024	43360	2396800
759	chr22	22841750	22846870	chr22.295045	5	1024	302058008	/gbdb/hg19/wib/gc5Base.wib	0	100	1024	39400	2019200
759	chr22	22846870	22851990	chr22.295046	5	1024	302059032	/gbdb/hg19/wib/gc5Base.wib	0	100	1024	44260	2494800
759	chr22	22851990	22857110	chr22.295047	5	1024	302060056	/gbdb/hg19/wib/gc5Base.wib	0	100	1024	40140	2145200
759	chr22	22857110	22862230	chr22.295048	5	1024	302061080	/gbdb/hg19/wib/gc5Base.wib	0	100	1024	41980	2218800
759	chr22	22862230	22867350	chr22.295049	5	1024	302062104	/gbdb/hg19/wib/gc5Base.wib	0	100	1024	44440	2565600
759	chr22	22867350	22872470	chr22.295050	5	1024	302063128	/gbdb/hg19/wib/gc5Base.wib	0	100	1024	43860	2356400
759	chr22	22872470	22877590	chr22.295051	5	1024	302064152	/gbdb/hg19/wib/gc5Base.wib	0	100	1024	46560	2700800
759	chr22	22877590	22882710	chr22.295052	5	1024	302065176	/gbdb/hg19/wib/gc5Base.wib	0	100	1024	44260	2493200
759	chr22	22882710	22887830	chr22.295053	5	1024	302066200	/gbdb/hg19/wib/gc5Base.wib	0	100	1024	47660	2726800
759	chr22	22887830	22892950	chr22.295054	5	1024	302067224	/gbdb/hg19/wib/gc5Base.wib	0	100	1024	49200	2798400
759	chr22	22892950	22898070	chr22.295055	5	1024	302068248	/gbdb/hg19/wib/gc5Base.wib	0	100	1024	45680	2581600
759	chr22	22898070	22903190	chr22.295056	5	1024	302069272	/gbdb/hg19/wib/gc5Base.wib	0	100	1024	58700	3890000
759	chr22	22903190	22908310	chr22.295057	5	1024	302070296	/gbdb/hg19/wib/gc5Base.wib	0	100	1024	46220	2610800
759	chr22	22908310	22913430	chr22.295058	5	1024	302071320	/gbdb/hg19/wib/gc5Base.wib	0	100	1024	43960	2365600
759	chr22	22913430	22918550	chr22.295059	5	1024	302072344	/gbdb/hg19/wib/gc5Base.wib	0	100	1024	46640	2580000
759	chr22	22918550	22923670	chr22.295060	5	1024	302073368	/gbdb/hg19/wib/gc5Base.wib	0	100	1024	49000	2893600
759	chr22	22923670	22928790	chr22.295061	5	1024	302074392	/gbdb/hg19/wib/gc5Base.wib	0	100	1024	37700	1887600
759	chr22	22928790	22933910	chr22.295062	5	1024	302075416	/gbdb/hg19/wib/gc5Base.wib	0	100	1024	47300	2706000
94	chr22	22933910	22939030	chr22.295063	5	1024	302076440	/gbdb/hg19/wib/gc5Base.wib	0	100	1024	49340	2866800
760	chr22	22939030	22944150	chr22.295064	5	1024	302077464	/gbdb/hg19/wib/gc5Base.wib	0	100	1024	47940	2761200
760	chr22	22944150	22949270	chr22.295065	5	1024	302078488	/gbdb/hg19/wib/gc5Base.wib	0	100	1024	43900	2383600
760	chr22	22949270	22954390	chr22.295066	5	1024	302079512	/gbdb/hg19/wib/gc5Base.wib	0	100	1024	41080	2167200
760	chr22	22954390	22959510	chr22.295067	5	1024	302080536	/gbdb/hg19/wib/gc5Base.wib	0	100	1024	47680	2705600
760	chr22	22959510	22964630	chr22.295068	5	1024	302081560	/gbdb/hg19/wib/gc5Base.wib	0	100	1024	47560	2719200
760	chr22	22964630	22969750	chr22.295069	5	1024	302082584	/gbdb/hg19/wib/gc5Base.wib	0	100	1024	44740	2530800
760	chr22	22969750	22974870	chr22.295070	5	1024	302083608	/gbdb/hg19/wib/gc5Base.wib	0	100	1024	56060	3534800
760	chr22	22974870	22979990	chr22.295071	5	1024	302084632	/gbdb/hg19/wib/gc5Base.wib	0	100	1024	58980	3821200
760	chr22	22979990	22985110	chr22.295072	5	1024	302085656	/gbdb/hg19/wib/gc5Base.wib	0	100	1024	57140	3679600
760	chr22	22985110	22990230	chr22.295073	5	1024	302086680	/gbdb/hg19/wib/gc5Base.wib	0	100	1024	60780	4010800
760	chr22	22990230	22995350	chr22.295074	5	1024	302087704	/gbdb/hg19/wib/gc5Base.wib	0	100	1024	58320	3752800
760	chr22	22995350	23000470	chr22.295075	5	1024	302088728	/gbdb/hg19/wib/gc5Base.wib	0	100	1024	52100	3118800
760	chr22	23000470	23005590	chr22.295076	5	1024	302089752	/gbdb/hg19/wib/gc5Base.wib	0	100	1024	47660	2760400
760	chr22	23005590	23010710	chr22.295077	5	1024	302090776	/gbdb/hg19/wib/gc5Base.wib	0	100	1024	53740	3260400
760	chr22	23010710	23015830	chr22.295078	5	1024	302091800	/gbdb/hg19/wib/gc5Base.wib	0	100	1024	47000	2660800
760	chr22	23015830	23020950	chr22.295079	5	1024	302092824	/gbdb/hg19/wib/gc5Base.wib	0	100	1024	42940	2311600
760	chr22	23020950	23026070	chr22.295080	5	1024	302093848	/gbdb/hg19/wib/gc5Base.wib	0	100	1024	48980	2730800
760	chr22	23026070	23031190	chr22.295081	5	1024	302094872	/gbdb/hg19/wib/gc5Base.wib	0	100	1024	53940	3270000
760	chr22	23031190	23036310	chr22.295082	5	1024	302095896	/gbdb/hg19/wib/gc5Base.wib	0	100	1024	51300	3004400
760	chr22	23036310	23041430	chr22.295083	5	1024	302096920	/gbdb/hg19/wib/gc5Base.wib	0	100	1024	52380	3158800
760	chr22	23041430	23046550	chr22.295084	5	1024	302097944	/gbdb/hg19/wib/gc5Base.wib	0	100	1024	50400	2970400
760	chr22	23046550	23051670	chr22.295085	5	1024	302098968	/gbdb/hg19/wib/gc5Base.wib	0	100	1024	48560	2768000
760	chr22	23051670	23056790	chr22.295086	5	1024	302099992	/gbdb/hg19/wib/gc5Base.wib	0	100	1024	53580	3270800
760	chr22	23056790	23061910	chr22.295087	5	1024	302101016	/gbdb/hg19/wib/gc5Base.wib	0	100	1024	43080	2302400
760	chr22	23061910	23067030	chr22.295088	5	1024	302102040	/gbdb/hg19/wib/gc5Base.wib	0	100	1024	42860	2264400
11	chr22	23067030	23072150	chr22.295089	5	1024	302103064	/gbdb/hg19/wib/gc5Base.wib	0	100	1024	36840	1792800
761	chr22	23072150	23077270	chr22.295090	5	1024	302104088	/gbdb/hg19/wib/gc5Base.wib	0	100	1024	48680	2852000
761	chr22	23077270	23082390	chr22.295091	5	1024	302105112	/gbdb/hg19/wib/gc5Base.wib	0	100	1024	46620	2619600
761	chr22	23082390	23087510	chr22.295092	5	1024	302106136	/gbdb/hg19/wib/gc5Base.wib	0	100	1024	41140	2102800
761	chr22	23087510	23092630	chr22.295093	5	1024	302107160	/gbdb/hg19/wib/gc5Base.wib	0	100	1024	53580	3252400
761	chr22	23092630	23097750	chr22.295094	5	1024	302108184	/gbdb/hg19/wib/gc5Base.wib	0	100	1024	51140	3010800
761	chr22	23097750	23102870	chr22.295095	5	1024	302109208	/gbdb/hg19/wib/gc5Base.wib	0	100	1024	50800	3019200
761	chr22	23102870	23107990	chr22.295096	5	1024	302110232	/gbdb/hg19/wib/gc5Base.wib	0	100	1024	45640	2528000
761	chr22	23107990	23113110	chr22.295097	5	1024	302111256	/gbdb/hg19/wib/gc5Base.wib	0	100	1024	47340	2632400
761	chr22	23113110	23118230	chr22.295098	5	1024	302112280	/gbdb/hg19/wib/gc5Base.wib	0	100	1024	52700	3175600
761	chr22	23118230	23123350	chr22.295099	5	1024	302113304	/gbdb/hg19/wib/gc5Base.wib	0	100	1024	36820	1838800
761	chr22	23123350	23128470	chr22.295100	5	1024	302114328	/gbdb/hg19/wib/gc5Base.wib	0	100	1024	40580	2136400
761	chr22	23128470	23133590	chr22.295101	5	1024	302115352	/gbdb/hg19/wib/gc5Base.wib	0	100	1024	51560	3105600
761	chr22	23133590	23138710	chr22.295102	5	1024	302116376	/gbdb/hg19/wib/gc5Base.wib	0	100	1024	49500	2893200
761	chr22	23138710	23143830	chr22.295103	5	1024	302117400	/gbdb/hg19/wib/gc5Base.wib	0	100	1024	47120	2674400
761	chr22	23143830	23148950	chr22.295104	5	1024	302118424	/gbdb/hg19/wib/gc5Base.wib	0	100	1024	42540	2270000
761	chr22	23148950	23154070	chr22.295105	5	1024	302119448	/gbdb/hg19/wib/gc5Base.wib	0	100	1024	43980	2424400
761	chr22	23154070	23159190	chr22.295106	5	1024	302120472	/gbdb/hg19/wib/gc5Base.wib	0	100	1024	51120	2968000
761	chr22	23159190	23164310	chr22.295107	5	1024	302121496	/gbdb/hg19/wib/gc5Base.wib	0	100	1024	51840	3080000
761	chr22	23164310	23169430	chr22.295108	5	1024	302122520	/gbdb/hg19/wib/gc5Base.wib	0	100	1024	45760	2574400
761	chr22	23169430	23174550	chr22.295109	5	1024	302123544	/gbdb/hg19/wib/gc5Base.wib	0	100	1024	37160	1830400
761	chr22	23174550	23179670	chr22.295110	5	1024	302124568	/gbdb/hg19/wib/gc5Base.wib	0	100	1024	45080	2480800
761	chr22	23179670	23184790	chr22.295111	5	1024	302125592	/gbdb/hg19/wib/gc5Base.wib	0	100	1024	40900	2150000
761	chr22	23184790	23189910	chr22.295112	5	1024	302126616	/gbdb/hg19/wib/gc5Base.wib	0	100	1024	35340	1670800
761	chr22	23189910	23195030	chr22.295113	5	1024	302127640	/gbdb/hg19/wib/gc5Base.wib	0	100	1024	52120	3084000
95	chr22	23195030	23200150	chr22.295114	5	1024	302128664	/gbdb/hg19/wib/gc5Base.wib	0	100	1024	53660	3249200
762	chr22	23200150	23205270	chr22.295115	5	1024	302129688	/gbdb/hg19/wib/gc5Base.wib	0	100	1024	38760	1925600
762	chr22	23205270	23210390	chr22.295116	5	1024	302130712	/gbdb/hg19/wib/gc5Base.wib	0	100	1024	45240	2458400
762	chr22	23210390	23215510	chr22.295117	5	1024	302131736	/gbdb/hg19/wib/gc5Base.wib	0	100	1024	48160	2702400
762	chr22	23215510	23220630	chr22.295118	5	1024	302132760	/gbdb/hg19/wib/gc5Base.wib	0	100	1024	41100	2176400
762	chr22	23220630	23225750	chr22.295119	5	1024	302133784	/gbdb/hg19/wib/gc5Base.wib	0	100	1024	54220	3306800
762	chr22	23225750	23230870	chr22.295120	5	1024	302134808	/gbdb/hg19/wib/gc5Base.wib	0	100	1024	53840	3297600
762	chr22	23230870	23235990	chr22.295121	5	1024	302135832	/gbdb/hg19/wib/gc5Base.wib	0	100	1024	43620	2412400
762	chr22	23235990	23241110	chr22.295122	5	1024	302136856	/gbdb/hg19/wib/gc5Base.wib	0	100	1024	54560	3362400
762	chr22	23241110	23246230	chr22.295123	5	1024	302137880	/gbdb/hg19/wib/gc5Base.wib	0	100	1024	54420	3330000
762	chr22	23246230	23251350	chr22.295124	5	1024	302138904	/gbdb/hg19/wib/gc5Base.wib	0	100	1024	54500	3382000
762	chr22	23251350	23256470	chr22.295125	5	1024	302139928	/gbdb/hg19/wib/gc5Base.wib	0	100	1024	53220	3181200
762	chr22	23256470	23261590	chr22.295126	5	1024	302140952	/gbdb/hg19/wib/gc5Base.wib	0	100	1024	57560	3628000
762	chr22	23261590	23266710	chr22.295127	5	1024	302141976	/gbdb/hg19/wib/gc5Base.wib	0	100	1024	58000	3713600
762	chr22	23266710	23271830	chr22.295128	5	1024	302143000	/gbdb/hg19/wib/gc5Base.wib	0	100	1024	59400	3869600
762	chr22	23271830	23276950	chr22.295129	5	1024	302144024	/gbdb/hg19/wib/gc5Base.wib	0	100	1024	60200	3940800
762	chr22	23276950	23282070	chr22.295130	5	1024	302145048	/gbdb/hg19/wib/gc5Base.wib	0	100	1024	51520	3085600
762	chr22	23282070	23287190	chr22.295131	5	1024	302146072	/gbdb/hg19/wib/gc5Base.wib	0	100	1024	55760	3490400
762	chr22	23287190	23292310	chr22.295132	5	1024	302147096	/gbdb/hg19/wib/gc5Base.wib	0	100	1024	46100	2578000
762	chr22	23292310	23297430	chr22.295133	5	1024	302148120	/gbdb/hg19/wib/gc5Base.wib	0	100	1024	48180	2768400
762	chr22	23297430	23302550	chr22.295134	5	1024	302149144	/gbdb/hg19/wib/gc5Base.wib	0	100	1024	48540	2749200
762	chr22	23302550	23307670	chr22.295135	5	1024	302150168	/gbdb/hg19/wib/gc5Base.wib	0	100	1024	35940	1716400
762	chr22	23307670	23312790	chr22.295136	5	1024	302151192	/gbdb/hg19/wib/gc5Base.wib	0	100	1024	36900	1772400
762	chr22	23312790	23317910	chr22.295137	5	1024	302152216	/gbdb/hg19/wib/gc5Base.wib	0	100	1024	41120	2101600
762	chr22	23317910	23323030	chr22.295138	5	1024	302153240	/gbdb/hg19/wib/gc5Base.wib	0	100	1024	39540	1980400
762	chr22	23323030	23328150	chr22.295139	5	1024	302154264	/gbdb/hg19/wib/gc5Base.wib	0	100	1024	41880	2199200
95	chr22	23328150	23333270	chr22.295140	5	1024	302155288	/gbdb/hg19/wib/gc5Base.wib	0	100	1024	43680	2417600
763	chr22	23333270	23338390	chr22.295141	5	1024	302156312	/gbdb/hg19/wib/gc5Base.wib	0	100	1024	40400	2084800
763	chr22	23338390	23343510	chr22.295142	5	1024	302157336	/gbdb/hg19/wib/gc5Base.wib	0	100	1024	40100	2053200
763	chr22	23343510	23348630	chr22.295143	5	1024	302158360	/gbdb/hg19/wib/gc5Base.wib	0	100	1024	37760	1841600
763	chr22	23348630	23353750	chr22.295144	5	1024	302159384	/gbdb/hg19/wib/gc5Base.wib	0	100	1024	43880	2367200
763	chr22	23353750	23358870	chr22.295145	5	1024	302160408	/gbdb/hg19/wib/gc5Base.wib	0	100	1024	49580	2894800
763	chr22	23358870	23363990	chr22.295146	5	1024	302161432	/gbdb/hg19/wib/gc5Base.wib	0	100	1024	46780	2784400
763	chr22	23363990	23369110	chr22.295147	5	1024	302162456	/gbdb/hg19/wib/gc5Base.wib	0	100	1024	43880	2448000
763	chr22	23369110	23374230	chr22.295148	5	1024	302163480	/gbdb/hg19/wib/gc5Base.wib	0	100	1024	44680	2514400
763	chr22	23374230	23379350	chr22.295149	5	1024	302164504	/gbdb/hg19/wib/gc5Base.wib	0	100	1024	50360	2956800
763	chr22	23379350	23384470	chr22.295150	5	1024	302165528	/gbdb/hg19/wib/gc5Base.wib	0	100	1024	48400	2768000
763	chr22	23384470	23389590	chr22.295151	5	1024	302166552	/gbdb/hg19/wib/gc5Base.wib	0	100	1024	37820	1899600
763	chr22	23389590	23394710	chr22.295152	5	1024	302167576	/gbdb/hg19/wib/gc5Base.wib	0	100	1024	40400	2054400
763	chr22	23394710	23399830	chr22.295153	5	1024	302168600	/gbdb/hg19/wib/gc5Base.wib	0	100	1024	46880	2631200
763	chr22	23399830	23404950	chr22.295154	5	1024	302169624	/gbdb/hg19/wib/gc5Base.wib	0	100	1024	57360	3672000
763	chr22	23404950	23410070	chr22.295155	5	1024	302170648	/gbdb/hg19/wib/gc5Base.wib	0	100	1024	57980	3703600
763	chr22	23410070	23415190	chr22.295156	5	1024	302171672	/gbdb/hg19/wib/gc5Base.wib	0	100	1024	61940	4257200
763	chr22	23415190	23420310	chr22.295157	5	1024	302172696	/gbdb/hg19/wib/gc5Base.wib	0	100	1024	58120	3700000
763	chr22	23420310	23425430	chr22.295158	5	1024	302173720	/gbdb/hg19/wib/gc5Base.wib	0	100	1024	54300	3419600
763	chr22	23425430	23430550	chr22.295159	5	1024	302174744	/gbdb/hg19/wib/gc5Base.wib	0	100	1024	56080	3536000
763	chr22	23430550	23435670	chr22.295160	5	1024	302175768	/gbdb/hg19/wib/gc5Base.wib	0	100	1024	58880	3720800
763	chr22	23435670	23440790	chr22.295161	5	1024	302176792	/gbdb/hg19/wib/gc5Base.wib	0	100	1024	62580	4173200
763	chr22	23440790	23445910	chr22.295162	5	1024	302177816	/gbdb/hg19/wib/gc5Base.wib	0	100	1024	60080	3913600
763	chr22	23445910	23451030	chr22.295163	5	1024	302178840	/gbdb/hg19/wib/gc5Base.wib	0	100	1024	59560	3860800
763	chr22	23451030	23456150	chr22.295164	5	1024	302179864	/gbdb/hg19/wib/gc5Base.wib	0	100	1024	61300	4007600
763	chr22	23456150	23461270	chr22.295165	5	1024	302180888	/gbdb/hg19/wib/gc5Base.wib	0	100	1024	60680	3979200
95	chr22	23461270	23466390	chr22.295166	5	1024	302181912	/gbdb/hg19/wib/gc5Base.wib	0	100	1024	55520	3477600
764	chr22	23466390	23471510	chr22.295167	5	1024	302182936	/gbdb/hg19/wib/gc5Base.wib	0	100	1024	56920	3600000
764	chr22	23471510	23476630	chr22.295168	5	1024	302183960	/gbdb/hg19/wib/gc5Base.wib	0	100	1024	47700	2763600
764	chr22	23476630	23481750	chr22.295169	5	1024	302184984	/gbdb/hg19/wib/gc5Base.wib	0	100	1024	49040	2889600
764	chr22	23481750	23486870	chr22.295170	5	1024	302186008	/gbdb/hg19/wib/gc5Base.wib	0	100	1024	49660	2984400
764	chr22	23486870	23491990	chr22.295171	5	1024	302187032	/gbdb/hg19/wib/gc5Base.wib	0	100	1024	53420	3286800
764	chr22	23491990	23497110	chr22.295172	5	1024	302188056	/gbdb/hg19/wib/gc5Base.wib	0	100	1024	57980	3728400
764	chr22	23497110	23502230	chr22.295173	5	1024	302189080	/gbdb/hg19/wib/gc5Base.wib	0	100	1024	57500	3711600
764	chr22	23502230	23507350	chr22.295174	5	1024	302190104	/gbdb/hg19/wib/gc5Base.wib	0	100	1024	57740	3660400
764	chr22	23507350	23512470	chr22.295175	5	1024	302191128	/gbdb/hg19/wib/gc5Base.wib	0	100	1024	55400	3448000
764	chr22	23512470	23517590	chr22.295176	5	1024	302192152	/gbdb/hg19/wib/gc5Base.wib	0	100	1024	48880	2942400
764	chr22	23517590	23522710	chr22.295177	5	1024	302193176	/gbdb/hg19/wib/gc5Base.wib	0	100	1024	56280	3549600
764	chr22	23522710	23527830	chr22.295178	5	1024	302194200	/gbdb/hg19/wib/gc5Base.wib	0	100	1024	59540	4067600
764	chr22	23527830	23532950	chr22.295179	5	1024	302195224	/gbdb/hg19/wib/gc5Base.wib	0	100	1024	48820	2896400
764	chr22	23532950	23538070	chr22.295180	5	1024	302196248	/gbdb/hg19/wib/gc5Base.wib	0	100	1024	51680	3156000
764	chr22	23538070	23543190	chr22.295181	5	1024	302197272	/gbdb/hg19/wib/gc5Base.wib	0	100	1024	51860	3165200
764	chr22	23543190	23548310	chr22.295182	5	1024	302198296	/gbdb/hg19/wib/gc5Base.wib	0	100	1024	48980	2844400
764	chr22	23548310	23553430	chr22.295183	5	1024	302199320	/gbdb/hg19/wib/gc5Base.wib	0	100	1024	47980	2786800
764	chr22	23553430	23558550	chr22.295184	5	1024	302200344	/gbdb/hg19/wib/gc5Base.wib	0	100	1024	51800	3101600
764	chr22	23558550	23563670	chr22.295185	5	1024	302201368	/gbdb/hg19/wib/gc5Base.wib	0	100	1024	54920	3363200
764	chr22	23563670	23568790	chr22.295186	5	1024	302202392	/gbdb/hg19/wib/gc5Base.wib	0	100	1024	53500	3254800
764	chr22	23568790	23573910	chr22.295187	5	1024	302203416	/gbdb/hg19/wib/gc5Base.wib	0	100	1024	45440	2539200
764	chr22	23573910	23579030	chr22.295188	5	1024	302204440	/gbdb/hg19/wib/gc5Base.wib	0	100	1024	55680	3464000
764	chr22	23579030	23584150	chr22.295189	5	1024	302205464	/gbdb/hg19/wib/gc5Base.wib	0	100	1024	54740	3429200
764	chr22	23584150	23589270	chr22.295190	5	1024	302206488	/gbdb/hg19/wib/gc5Base.wib	0	100	1024	52260	3151600
95	chr22	23589270	23594390	chr22.295191	5	1024	302207512	/gbdb/hg19/wib/gc5Base.wib	0	100	1024	53200	3250400
765	chr22	23594390	23599510	chr22.295192	5	1024	302208536	/gbdb/hg19/wib/gc5Base.wib	0	100	1024	55500	3455600
765	chr22	23599510	23604630	chr22.295193	5	1024	302209560	/gbdb/hg19/wib/gc5Base.wib	0	100	1024	57260	3678000
765	chr22	23604630	23609750	chr22.295194	5	1024	302210584	/gbdb/hg19/wib/gc5Base.wib	0	100	1024	55980	3574800
765	chr22	23609750	23614870	chr22.295195	5	1024	302211608	/gbdb/hg19/wib/gc5Base.wib	0	100	1024	55540	3432400
765	chr22	23614870	23619990	chr22.295196	5	1024	302212632	/gbdb/hg19/wib/gc5Base.wib	0	100	1024	58480	3746400
765	chr22	23619990	23625110	chr22.295197	5	1024	302213656	/gbdb/hg19/wib/gc5Base.wib	0	100	1024	59940	3898000
765	chr22	23625110	23630230	chr22.295198	5	1024	302214680	/gbdb/hg19/wib/gc5Base.wib	0	100	1024	58480	3716000
765	chr22	23630230	23635350	chr22.295199	5	1024	302215704	/gbdb/hg19/wib/gc5Base.wib	0	100	1024	57000	3640000
765	chr22	23635350	23640470	chr22.295200	5	1024	302216728	/gbdb/hg19/wib/gc5Base.wib	0	100	1024	53840	3280800
765	chr22	23640470	23645590	chr22.295201	5	1024	302217752	/gbdb/hg19/wib/gc5Base.wib	0	100	1024	53660	3327600
765	chr22	23645590	23650710	chr22.295202	5	1024	302218776	/gbdb/hg19/wib/gc5Base.wib	0	100	1024	53480	3284000
765	chr22	23650710	23655830	chr22.295203	5	1024	302219800	/gbdb/hg19/wib/gc5Base.wib	0	100	1024	58420	3732400
765	chr22	23655830	23660950	chr22.295204	5	1024	302220824	/gbdb/hg19/wib/gc5Base.wib	0	100	1024	58760	3804000
765	chr22	23660950	23666070	chr22.295205	5	1024	302221848	/gbdb/hg19/wib/gc5Base.wib	0	100	1024	51460	3162000
765	chr22	23666070	23671190	chr22.295206	5	1024	302222872	/gbdb/hg19/wib/gc5Base.wib	0	100	1024	42340	2268400
765	chr22	23671190	23676310	chr22.295207	5	1024	302223896	/gbdb/hg19/wib/gc5Base.wib	0	100	1024	43540	2386800
765	chr22	23676310	23681430	chr22.295208	5	1024	302224920	/gbdb/hg19/wib/gc5Base.wib	0	100	1024	43940	2423600
765	chr22	23681430	23686550	chr22.295209	5	1024	302225944	/gbdb/hg19/wib/gc5Base.wib	0	100	1024	43880	2414400
765	chr22	23686550	23691670	chr22.295210	5	1024	302226968	/gbdb/hg19/wib/gc5Base.wib	0	100	1024	37700	1880400
765	chr22	23691670	23696790	chr22.295211	5	1024	302227992	/gbdb/hg19/wib/gc5Base.wib	0	100	1024	41920	2263200
765	chr22	23696790	23701910	chr22.295212	5	1024	302229016	/gbdb/hg19/wib/gc5Base.wib	0	100	1024	43340	2307600
765	chr22	23701910	23707030	chr22.295213	5	1024	302230040	/gbdb/hg19/wib/gc5Base.wib	0	100	1024	48360	2760800
765	chr22	23707030	23712150	chr22.295214	5	1024	302231064	/gbdb/hg19/wib/gc5Base.wib	0	100	1024	45360	2494400
765	chr22	23712150	23717270	chr22.295215	5	1024	302232088	/gbdb/hg19/wib/gc5Base.wib	0	100	1024	42540	2351600
765	chr22	23717270	23722390	chr22.295216	5	1024	302233112	/gbdb/hg19/wib/gc5Base.wib	0	100	1024	52820	3230800
95	chr22	23722390	23727510	chr22.295217	5	1024	302234136	/gbdb/hg19/wib/gc5Base.wib	0	100	1024	61680	4121600
766	chr22	23727510	23732630	chr22.295218	5	1024	302235160	/gbdb/hg19/wib/gc5Base.wib	0	100	1024	64720	4515200
766	chr22	23732630	23737750	chr22.295219	5	1024	302236184	/gbdb/hg19/wib/gc5Base.wib	0	100	1024	61640	4220000
766	chr22	23737750	23742870	chr22.295220	5	1024	302237208	/gbdb/hg19/wib/gc5Base.wib	0	100	1024	65020	4504400
766	chr22	23742870	23747990	chr22.295221	5	1024	302238232	/gbdb/hg19/wib/gc5Base.wib	0	100	1024	65980	4642000
766	chr22	23747990	23753110	chr22.295222	5	1024	302239256	/gbdb/hg19/wib/gc5Base.wib	0	100	1024	45020	2486800
766	chr22	23753110	23758230	chr22.295223	5	1024	302240280	/gbdb/hg19/wib/gc5Base.wib	0	100	1024	46860	2650800
766	chr22	23758230	23763350	chr22.295224	5	1024	302241304	/gbdb/hg19/wib/gc5Base.wib	0	100	1024	50100	2938800
766	chr22	23763350	23768470	chr22.295225	5	1024	302242328	/gbdb/hg19/wib/gc5Base.wib	0	100	1024	51120	3069600
766	chr22	23768470	23773590	chr22.295226	5	1024	302243352	/gbdb/hg19/wib/gc5Base.wib	0	100	1024	41500	2236400
766	chr22	23773590	23778710	chr22.295227	5	1024	302244376	/gbdb/hg19/wib/gc5Base.wib	0	100	1024	59380	3910800
766	chr22	23778710	23783830	chr22.295228	5	1024	302245400	/gbdb/hg19/wib/gc5Base.wib	0	100	1024	47620	2759600
766	chr22	23783830	23788950	chr22.295229	5	1024	302246424	/gbdb/hg19/wib/gc5Base.wib	0	100	1024	42200	2221600
766	chr22	23788950	23794070	chr22.295230	5	1024	302247448	/gbdb/hg19/wib/gc5Base.wib	0	100	1024	62880	4344000
766	chr22	23794070	23799190	chr22.295231	5	1024	302248472	/gbdb/hg19/wib/gc5Base.wib	0	100	1024	49280	2940800
766	chr22	23799190	23804310	chr22.295232	5	1024	302249496	/gbdb/hg19/wib/gc5Base.wib	0	100	1024	57280	3813600
766	chr22	23804310	23809430	chr22.295233	5	1024	302250520	/gbdb/hg19/wib/gc5Base.wib	0	100	1024	42220	2291600
766	chr22	23809430	23814550	chr22.295234	5	1024	302251544	/gbdb/hg19/wib/gc5Base.wib	0	100	1024	43900	2351600
766	chr22	23814550	23819670	chr22.295235	5	1024	302252568	/gbdb/hg19/wib/gc5Base.wib	0	100	1024	41780	2210000
766	chr22	23819670	23824790	chr22.295236	5	1024	302253592	/gbdb/hg19/wib/gc5Base.wib	0	100	1024	41320	2153600
766	chr22	23824790	23829910	chr22.295237	5	1024	302254616	/gbdb/hg19/wib/gc5Base.wib	0	100	1024	41820	2191600
766	chr22	23829910	23835030	chr22.295238	5	1024	302255640	/gbdb/hg19/wib/gc5Base.wib	0	100	1024	45380	2597200
766	chr22	23835030	23840150	chr22.295239	5	1024	302256664	/gbdb/hg19/wib/gc5Base.wib	0	100	1024	51980	3151600
766	chr22	23840150	23845270	chr22.295240	5	1024	302257688	/gbdb/hg19/wib/gc5Base.wib	0	100	1024	58220	3734800
766	chr22	23845270	23850390	chr22.295241	5	1024	302258712	/gbdb/hg19/wib/gc5Base.wib	0	100	1024	52460	3201200
95	chr22	23850390	23855510	chr22.295242	5	1024	302259736	/gbdb/hg19/wib/gc5Base.wib	0	100	1024	53940	3358000
767	chr22	23855510	23860630	chr22.295243	5	1024	302260760	/gbdb/hg19/wib/gc5Base.wib	0	100	1024	56080	3560000
767	chr22	23860630	23865750	chr22.295244	5	1024	302261784	/gbdb/hg19/wib/gc5Base.wib	0	100	1024	60300	4104400
767	chr22	23865750	23870870	chr22.295245	5	1024	302262808	/gbdb/hg19/wib/gc5Base.wib	0	100	1024	54100	3347600
767	chr22	23870870	23875990	chr22.295246	5	1024	302263832	/gbdb/hg19/wib/gc5Base.wib	0	100	1024	60480	3987200
767	chr22	23875990	23881110	chr22.295247	5	1024	302264856	/gbdb/hg19/wib/gc5Base.wib	0	100	1024	56660	3590800
767	chr22	23881110	23886230	chr22.295248	5	1024	302265880	/gbdb/hg19/wib/gc5Base.wib	0	100	1024	41500	2211600
767	chr22	23886230	23891350	chr22.295249	5	1024	302266904	/gbdb/hg19/wib/gc5Base.wib	0	100	1024	46320	2630400
767	chr22	23891350	23896470	chr22.295250	5	1024	302267928	/gbdb/hg19/wib/gc5Base.wib	0	100	1024	51100	2957200
767	chr22	23896470	23901590	chr22.295251	5	1024	302268952	/gbdb/hg19/wib/gc5Base.wib	0	100	1024	52540	3209200
767	chr22	23901590	23906710	chr22.295252	5	1024	302269976	/gbdb/hg19/wib/gc5Base.wib	0	100	1024	51740	3171600
767	chr22	23906710	23911830	chr22.295253	5	1024	302271000	/gbdb/hg19/wib/gc5Base.wib	0	100	1024	61220	4116400
767	chr22	23911830	23916950	chr22.295254	5	1024	302272024	/gbdb/hg19/wib/gc5Base.wib	0	100	1024	57640	3700000
767	chr22	23916950	23922070	chr22.295255	5	1024	302273048	/gbdb/hg19/wib/gc5Base.wib	0	100	1024	52980	3312400
767	chr22	23922070	23927190	chr22.295256	5	1024	302274072	/gbdb/hg19/wib/gc5Base.wib	0	100	1024	55240	3506400
767	chr22	23927190	23932310	chr22.295257	5	1024	302275096	/gbdb/hg19/wib/gc5Base.wib	0	100	1024	49160	2864000
767	chr22	23932310	23937430	chr22.295258	5	1024	302276120	/gbdb/hg19/wib/gc5Base.wib	0	100	1024	50940	3036400
767	chr22	23937430	23942550	chr22.295259	5	1024	302277144	/gbdb/hg19/wib/gc5Base.wib	0	100	1024	53440	3275200
767	chr22	23942550	23947670	chr22.295260	5	1024	302278168	/gbdb/hg19/wib/gc5Base.wib	0	100	1024	53460	3305200
767	chr22	23947670	23952790	chr22.295261	5	1024	302279192	/gbdb/hg19/wib/gc5Base.wib	0	100	1024	57680	3700000
767	chr22	23952790	23957910	chr22.295262	5	1024	302280216	/gbdb/hg19/wib/gc5Base.wib	0	100	1024	43040	2307200
767	chr22	23957910	23963030	chr22.295263	5	1024	302281240	/gbdb/hg19/wib/gc5Base.wib	0	100	1024	42260	2205200
767	chr22	23963030	23968150	chr22.295264	5	1024	302282264	/gbdb/hg19/wib/gc5Base.wib	0	100	1024	42100	2194800
767	chr22	23968150	23973270	chr22.295265	5	1024	302283288	/gbdb/hg19/wib/gc5Base.wib	0	100	1024	50660	2973200
767	chr22	23973270	23978390	chr22.295266	5	1024	302284312	/gbdb/hg19/wib/gc5Base.wib	0	100	1024	48340	2801200
767	chr22	23978390	23983510	chr22.295267	5	1024	302285336	/gbdb/hg19/wib/gc5Base.wib	0	100	1024	56820	3571600
95	chr22	23983510	23988630	chr22.295268	5	1024	302286360	/gbdb/hg19/wib/gc5Base.wib	0	100	1024	48120	2846400
768	chr22	23988630	23993750	chr22.295269	5	1024	302287384	/gbdb/hg19/wib/gc5Base.wib	0	100	1024	51960	3198400
768	chr22	23993750	23998870	chr22.295270	5	1024	302288408	/gbdb/hg19/wib/gc5Base.wib	0	100	1024	56580	3568400
768	chr22	23998870	24003990	chr22.295271	5	1024	302289432	/gbdb/hg19/wib/gc5Base.wib	0	100	1024	48900	2882000
768	chr22	24003990	24009110	chr22.295272	5	1024	302290456	/gbdb/hg19/wib/gc5Base.wib	0	100	1024	46400	2561600
768	chr22	24009110	24014230	chr22.295273	5	1024	302291480	/gbdb/hg19/wib/gc5Base.wib	0	100	1024	49740	2940400
768	chr22	24014230	24019350	chr22.295274	5	1024	302292504	/gbdb/hg19/wib/gc5Base.wib	0	100	1024	58560	3772000
768	chr22	24019350	24024470	chr22.295275	5	1024	302293528	/gbdb/hg19/wib/gc5Base.wib	0	100	1024	51440	3091200
768	chr22	24024470	24029590	chr22.295276	5	1024	302294552	/gbdb/hg19/wib/gc5Base.wib	0	100	1024	54460	3318000
768	chr22	24029590	24034710	chr22.295277	5	1024	302295576	/gbdb/hg19/wib/gc5Base.wib	0	100	1024	53500	3215600
768	chr22	24034710	24039830	chr22.295278	5	1024	302296600	/gbdb/hg19/wib/gc5Base.wib	0	100	1024	58620	3733200
768	chr22	24039830	24044950	chr22.295279	5	1024	302297624	/gbdb/hg19/wib/gc5Base.wib	0	100	1024	46140	2567600
768	chr22	24044950	24050070	chr22.295280	5	1024	302298648	/gbdb/hg19/wib/gc5Base.wib	0	100	1024	42880	2224000
768	chr22	24050070	24055190	chr22.295281	5	1024	302299672	/gbdb/hg19/wib/gc5Base.wib	0	100	1024	44260	2361200
768	chr22	24055190	24060310	chr22.295282	5	1024	302300696	/gbdb/hg19/wib/gc5Base.wib	0	100	1024	58360	3854400
768	chr22	24060310	24065430	chr22.295283	5	1024	302301720	/gbdb/hg19/wib/gc5Base.wib	0	100	1024	49340	2978000
768	chr22	24065430	24070550	chr22.295284	5	1024	302302744	/gbdb/hg19/wib/gc5Base.wib	0	100	1024	47820	2782000
768	chr22	24070550	24075670	chr22.295285	5	1024	302303768	/gbdb/hg19/wib/gc5Base.wib	0	100	1024	47700	2814000
768	chr22	24075670	24080790	chr22.295286	5	1024	302304792	/gbdb/hg19/wib/gc5Base.wib	0	100	1024	48080	2805600
768	chr22	24080790	24085910	chr22.295287	5	1024	302305816	/gbdb/hg19/wib/gc5Base.wib	0	100	1024	49900	3001200
768	chr22	24085910	24091030	chr22.295288	5	1024	302306840	/gbdb/hg19/wib/gc5Base.wib	0	100	1024	51840	3109600
768	chr22	24091030	24096150	chr22.295289	5	1024	302307864	/gbdb/hg19/wib/gc5Base.wib	0	100	1024	57680	3808800
768	chr22	24096150	24101270	chr22.295290	5	1024	302308888	/gbdb/hg19/wib/gc5Base.wib	0	100	1024	50160	3036800
768	chr22	24101270	24106390	chr22.295291	5	1024	302309912	/gbdb/hg19/wib/gc5Base.wib	0	100	1024	54620	3466000
768	chr22	24106390	24111510	chr22.295292	5	1024	302310936	/gbdb/hg19/wib/gc5Base.wib	0	100	1024	62540	4250800
768	chr22	24111510	24116630	chr22.295293	5	1024	302311960	/gbdb/hg19/wib/gc5Base.wib	0	100	1024	58620	3870800
11	chr22	24116630	24121750	chr22.295294	5	1024	302312984	/gbdb/hg19/wib/gc5Base.wib	0	100	1024	57900	3703600
769	chr22	24121750	24126870	chr22.295295	5	1024	302314008	/gbdb/hg19/wib/gc5Base.wib	0	100	1024	60520	3984000
769	chr22	24126870	24131990	chr22.295296	5	1024	302315032	/gbdb/hg19/wib/gc5Base.wib	0	100	1024	51840	3245600
769	chr22	24131990	24137110	chr22.295297	5	1024	302316056	/gbdb/hg19/wib/gc5Base.wib	0	100	1024	50980	3061200
769	chr22	24137110	24142230	chr22.295298	5	1024	302317080	/gbdb/hg19/wib/gc5Base.wib	0	100	1024	50880	3137600
769	chr22	24142230	24147350	chr22.295299	5	1024	302318104	/gbdb/hg19/wib/gc5Base.wib	0	100	1024	54440	3339200
769	chr22	24147350	24152470	chr22.295300	5	1024	302319128	/gbdb/hg19/wib/gc5Base.wib	0	100	1024	50120	3019200
769	chr22	24152470	24157590	chr22.295301	5	1024	302320152	/gbdb/hg19/wib/gc5Base.wib	0	100	1024	42400	2317600
769	chr22	24157590	24162710	chr22.295302	5	1024	302321176	/gbdb/hg19/wib/gc5Base.wib	0	100	1024	51360	3104800
769	chr22	24162710	24167830	chr22.295303	5	1024	302322200	/gbdb/hg19/wib/gc5Base.wib	0	100	1024	56260	3526000
769	chr22	24167830	24172950	chr22.295304	5	1024	302323224	/gbdb/hg19/wib/gc5Base.wib	0	100	1024	54100	3334000
769	chr22	24172950	24178070	chr22.295305	5	1024	302324248	/gbdb/hg19/wib/gc5Base.wib	0	100	1024	59880	3901600
769	chr22	24178070	24183190	chr22.295306	5	1024	302325272	/gbdb/hg19/wib/gc5Base.wib	0	100	1024	59080	3920000
769	chr22	24183190	24188310	chr22.295307	5	1024	302326296	/gbdb/hg19/wib/gc5Base.wib	0	100	1024	57920	3752000
769	chr22	24188310	24193430	chr22.295308	5	1024	302327320	/gbdb/hg19/wib/gc5Base.wib	0	100	1024	57320	3752800
769	chr22	24193430	24198550	chr22.295309	5	1024	302328344	/gbdb/hg19/wib/gc5Base.wib	0	100	1024	58660	4058000
769	chr22	24198550	24203670	chr22.295310	5	1024	302329368	/gbdb/hg19/wib/gc5Base.wib	0	100	1024	53140	3364400
769	chr22	24203670	24208790	chr22.295311	5	1024	302330392	/gbdb/hg19/wib/gc5Base.wib	0	100	1024	52540	3174000
769	chr22	24208790	24213910	chr22.295312	5	1024	302331416	/gbdb/hg19/wib/gc5Base.wib	0	100	1024	51060	3062800
769	chr22	24213910	24219030	chr22.295313	5	1024	302332440	/gbdb/hg19/wib/gc5Base.wib	0	100	1024	48620	2844400
769	chr22	24219030	24224150	chr22.295314	5	1024	302333464	/gbdb/hg19/wib/gc5Base.wib	0	100	1024	50980	3006800
769	chr22	24224150	24229270	chr22.295315	5	1024	302334488	/gbdb/hg19/wib/gc5Base.wib	0	100	1024	53200	3295200
769	chr22	24229270	24234390	chr22.295316	5	1024	302335512	/gbdb/hg19/wib/gc5Base.wib	0	100	1024	52280	3189600
769	chr22	24234390	24239510	chr22.295317	5	1024	302336536	/gbdb/hg19/wib/gc5Base.wib	0	100	1024	60960	4091200
769	chr22	24239510	24244630	chr22.295318	5	1024	302337560	/gbdb/hg19/wib/gc5Base.wib	0	100	1024	46840	2656800
96	chr22	24244630	24249750	chr22.295319	5	1024	302338584	/gbdb/hg19/wib/gc5Base.wib	0	100	1024	53500	3267600
770	chr22	24249750	24254870	chr22.295320	5	1024	302339608	/gbdb/hg19/wib/gc5Base.wib	0	100	1024	48900	2851600
770	chr22	24254870	24259990	chr22.295321	5	1024	302340632	/gbdb/hg19/wib/gc5Base.wib	0	100	1024	48960	2891200
770	chr22	24259990	24265110	chr22.295322	5	1024	302341656	/gbdb/hg19/wib/gc5Base.wib	0	100	1024	48760	2856800
770	chr22	24265110	24270230	chr22.295323	5	1024	302342680	/gbdb/hg19/wib/gc5Base.wib	0	100	1024	46400	2645600
770	chr22	24270230	24275350	chr22.295324	5	1024	302343704	/gbdb/hg19/wib/gc5Base.wib	0	100	1024	44600	2440800
770	chr22	24275350	24280470	chr22.295325	5	1024	302344728	/gbdb/hg19/wib/gc5Base.wib	0	100	1024	50460	3084400
770	chr22	24280470	24285590	chr22.295326	5	1024	302345752	/gbdb/hg19/wib/gc5Base.wib	0	100	1024	50760	3012800
770	chr22	24285590	24290710	chr22.295327	5	1024	302346776	/gbdb/hg19/wib/gc5Base.wib	0	100	1024	41300	2153200
770	chr22	24290710	24295830	chr22.295328	5	1024	302347800	/gbdb/hg19/wib/gc5Base.wib	0	100	1024	56100	3570800
770	chr22	24295830	24300950	chr22.295329	5	1024	302348824	/gbdb/hg19/wib/gc5Base.wib	0	100	1024	50180	2948400
770	chr22	24300950	24306070	chr22.295330	5	1024	302349848	/gbdb/hg19/wib/gc5Base.wib	0	100	1024	58060	3778000
770	chr22	24306070	24311190	chr22.295331	5	1024	302350872	/gbdb/hg19/wib/gc5Base.wib	0	100	1024	55380	3509200
770	chr22	24311190	24316310	chr22.295332	5	1024	302351896	/gbdb/hg19/wib/gc5Base.wib	0	100	1024	52560	3172000
770	chr22	24316310	24321430	chr22.295333	5	1024	302352920	/gbdb/hg19/wib/gc5Base.wib	0	100	1024	54980	3437200
770	chr22	24321430	24326550	chr22.295334	5	1024	302353944	/gbdb/hg19/wib/gc5Base.wib	0	100	1024	58060	3804400
770	chr22	24326550	24331670	chr22.295335	5	1024	302354968	/gbdb/hg19/wib/gc5Base.wib	0	100	1024	52280	3116800
770	chr22	24331670	24336790	chr22.295336	5	1024	302355992	/gbdb/hg19/wib/gc5Base.wib	0	100	1024	51880	3182400
770	chr22	24336790	24341910	chr22.295337	5	1024	302357016	/gbdb/hg19/wib/gc5Base.wib	0	100	1024	42660	2287600
770	chr22	24341910	24347030	chr22.295338	5	1024	302358040	/gbdb/hg19/wib/gc5Base.wib	0	100	1024	54720	3408000
770	chr22	24347030	24352150	chr22.295339	5	1024	302359064	/gbdb/hg19/wib/gc5Base.wib	0	100	1024	55040	3459200
770	chr22	24352150	24357270	chr22.295340	5	1024	302360088	/gbdb/hg19/wib/gc5Base.wib	0	100	1024	51180	3087600
770	chr22	24357270	24362390	chr22.295341	5	1024	302361112	/gbdb/hg19/wib/gc5Base.wib	0	100	1024	44680	2562400
770	chr22	24362390	24367510	chr22.295342	5	1024	302362136	/gbdb/hg19/wib/gc5Base.wib	0	100	1024	49580	2931600
770	chr22	24367510	24372630	chr22.295343	5	1024	302363160	/gbdb/hg19/wib/gc5Base.wib	0	100	1024	53820	3289200
770	chr22	24372630	24377750	chr22.295344	5	1024	302364184	/gbdb/hg19/wib/gc5Base.wib	0	100	1024	54800	3488000
96	chr22	24377750	24382870	chr22.295345	5	1024	302365208	/gbdb/hg19/wib/gc5Base.wib	0	100	1024	52040	3121600
771	chr22	24382870	24387990	chr22.295346	5	1024	302366232	/gbdb/hg19/wib/gc5Base.wib	0	100	1024	52420	3196400
771	chr22	24387990	24393110	chr22.295347	5	1024	302367256	/gbdb/hg19/wib/gc5Base.wib	0	100	1024	40420	2098000
771	chr22	24393110	24398230	chr22.295348	5	1024	302368280	/gbdb/hg19/wib/gc5Base.wib	0	100	1024	51100	3091600
771	chr22	24398230	24403350	chr22.295349	5	1024	302369304	/gbdb/hg19/wib/gc5Base.wib	0	100	1024	55460	3462800
771	chr22	24403350	24408470	chr22.295350	5	1024	302370328	/gbdb/hg19/wib/gc5Base.wib	0	100	1024	53480	3303200
771	chr22	24408470	24413590	chr22.295351	5	1024	302371352	/gbdb/hg19/wib/gc5Base.wib	0	100	1024	42280	2350400
771	chr22	24413590	24418710	chr22.295352	5	1024	302372376	/gbdb/hg19/wib/gc5Base.wib	0	100	1024	40780	2209200
771	chr22	24418710	24423830	chr22.295353	5	1024	302373400	/gbdb/hg19/wib/gc5Base.wib	0	100	1024	37340	1839600
771	chr22	24423830	24428950	chr22.295354	5	1024	302374424	/gbdb/hg19/wib/gc5Base.wib	0	100	1024	44620	2427600
771	chr22	24428950	24434070	chr22.295355	5	1024	302375448	/gbdb/hg19/wib/gc5Base.wib	0	100	1024	47140	2664400
771	chr22	24434070	24439190	chr22.295356	5	1024	302376472	/gbdb/hg19/wib/gc5Base.wib	0	100	1024	46020	2539600
771	chr22	24439190	24444310	chr22.295357	5	1024	302377496	/gbdb/hg19/wib/gc5Base.wib	0	100	1024	45720	2552000
771	chr22	24444310	24449430	chr22.295358	5	1024	302378520	/gbdb/hg19/wib/gc5Base.wib	0	100	1024	49520	2906400
771	chr22	24449430	24454550	chr22.295359	5	1024	302379544	/gbdb/hg19/wib/gc5Base.wib	0	100	1024	50380	2974000
771	chr22	24454550	24459670	chr22.295360	5	1024	302380568	/gbdb/hg19/wib/gc5Base.wib	0	100	1024	52940	3193200
771	chr22	24459670	24464790	chr22.295361	5	1024	302381592	/gbdb/hg19/wib/gc5Base.wib	0	100	1024	50100	2929200
771	chr22	24464790	24469910	chr22.295362	5	1024	302382616	/gbdb/hg19/wib/gc5Base.wib	0	100	1024	52300	3139600
771	chr22	24469910	24475030	chr22.295363	5	1024	302383640	/gbdb/hg19/wib/gc5Base.wib	0	100	1024	44420	2423600
771	chr22	24475030	24480150	chr22.295364	5	1024	302384664	/gbdb/hg19/wib/gc5Base.wib	0	100	1024	39760	2084000
771	chr22	24480150	24485270	chr22.295365	5	1024	302385688	/gbdb/hg19/wib/gc5Base.wib	0	100	1024	51060	2991600
771	chr22	24485270	24490390	chr22.295366	5	1024	302386712	/gbdb/hg19/wib/gc5Base.wib	0	100	1024	52080	3090400
771	chr22	24490390	24495510	chr22.295367	5	1024	302387736	/gbdb/hg19/wib/gc5Base.wib	0	100	1024	53300	3282800
771	chr22	24495510	24500630	chr22.295368	5	1024	302388760	/gbdb/hg19/wib/gc5Base.wib	0	100	1024	54500	3303600
771	chr22	24500630	24505750	chr22.295369	5	1024	302389784	/gbdb/hg19/wib/gc5Base.wib	0	100	1024	52080	3088000
96	chr22	24505750	24510870	chr22.295370	5	1024	302390808	/gbdb/hg19/wib/gc5Base.wib	0	100	1024	45980	2590000
772	chr22	24510870	24515990	chr22.295371	5	1024	302391832	/gbdb/hg19/wib/gc5Base.wib	0	100	1024	55920	3487200
772	chr22	24515990	24521110	chr22.295372	5	1024	302392856	/gbdb/hg19/wib/gc5Base.wib	0	100	1024	53140	3215600
772	chr22	24521110	24526230	chr22.295373	5	1024	302393880	/gbdb/hg19/wib/gc5Base.wib	0	100	1024	52920	3180000
772	chr22	24526230	24531350	chr22.295374	5	1024	302394904	/gbdb/hg19/wib/gc5Base.wib	0	100	1024	57140	3616400
772	chr22	24531350	24536470	chr22.295375	5	1024	302395928	/gbdb/hg19/wib/gc5Base.wib	0	100	1024	51180	3048400
772	chr22	24536470	24541590	chr22.295376	5	1024	302396952	/gbdb/hg19/wib/gc5Base.wib	0	100	1024	57620	3607600
772	chr22	24541590	24546710	chr22.295377	5	1024	302397976	/gbdb/hg19/wib/gc5Base.wib	0	100	1024	55460	3450000
772	chr22	24546710	24551830	chr22.295378	5	1024	302399000	/gbdb/hg19/wib/gc5Base.wib	0	100	1024	57880	3633600
772	chr22	24551830	24556950	chr22.295379	5	1024	302400024	/gbdb/hg19/wib/gc5Base.wib	0	100	1024	61700	4174000
772	chr22	24556950	24562070	chr22.295380	5	1024	302401048	/gbdb/hg19/wib/gc5Base.wib	0	100	1024	59360	3824800
772	chr22	24562070	24567190	chr22.295381	5	1024	302402072	/gbdb/hg19/wib/gc5Base.wib	0	100	1024	61660	4132400
772	chr22	24567190	24572310	chr22.295382	5	1024	302403096	/gbdb/hg19/wib/gc5Base.wib	0	100	1024	59940	3896400
772	chr22	24572310	24577430	chr22.295383	5	1024	302404120	/gbdb/hg19/wib/gc5Base.wib	0	100	1024	63760	4371200
772	chr22	24577430	24582550	chr22.295384	5	1024	302405144	/gbdb/hg19/wib/gc5Base.wib	0	100	1024	66160	4618400
772	chr22	24582550	24587670	chr22.295385	5	1024	302406168	/gbdb/hg19/wib/gc5Base.wib	0	100	1024	64320	4382400
772	chr22	24587670	24592790	chr22.295386	5	1024	302407192	/gbdb/hg19/wib/gc5Base.wib	0	100	1024	46740	2630000
772	chr22	24592790	24597910	chr22.295387	5	1024	302408216	/gbdb/hg19/wib/gc5Base.wib	0	100	1024	48220	2838800
772	chr22	24597910	24603030	chr22.295388	5	1024	302409240	/gbdb/hg19/wib/gc5Base.wib	0	100	1024	46460	2690000
772	chr22	24603030	24608150	chr22.295389	5	1024	302410264	/gbdb/hg19/wib/gc5Base.wib	0	100	1024	45360	2553600
772	chr22	24608150	24613270	chr22.295390	5	1024	302411288	/gbdb/hg19/wib/gc5Base.wib	0	100	1024	51300	3098000
772	chr22	24613270	24618390	chr22.295391	5	1024	302412312	/gbdb/hg19/wib/gc5Base.wib	0	100	1024	52200	3198400
772	chr22	24618390	24623510	chr22.295392	5	1024	302413336	/gbdb/hg19/wib/gc5Base.wib	0	100	1024	55740	3548400
772	chr22	24623510	24628630	chr22.295393	5	1024	302414360	/gbdb/hg19/wib/gc5Base.wib	0	100	1024	54120	3416800
772	chr22	24628630	24633750	chr22.295394	5	1024	302415384	/gbdb/hg19/wib/gc5Base.wib	0	100	1024	55640	3563200
772	chr22	24633750	24638870	chr22.295395	5	1024	302416408	/gbdb/hg19/wib/gc5Base.wib	0	100	1024	44320	2587200
96	chr22	24638870	24643990	chr22.295396	5	1024	302417432	/gbdb/hg19/wib/gc5Base.wib	0	100	1024	61540	4090000
773	chr22	24643990	24649110	chr22.295397	5	1024	302418456	/gbdb/hg19/wib/gc5Base.wib	0	100	1024	60360	3994400
773	chr22	24649110	24654230	chr22.295398	5	1024	302419480	/gbdb/hg19/wib/gc5Base.wib	0	100	1024	56960	3667200
773	chr22	24654230	24659350	chr22.295399	5	1024	302420504	/gbdb/hg19/wib/gc5Base.wib	0	100	1024	59500	3869200
773	chr22	24659350	24664470	chr22.295400	5	1024	302421528	/gbdb/hg19/wib/gc5Base.wib	0	100	1024	48380	2847600
773	chr22	24664470	24669590	chr22.295401	5	1024	302422552	/gbdb/hg19/wib/gc5Base.wib	0	100	1024	49680	3133600
773	chr22	24669590	24674710	chr22.295402	5	1024	302423576	/gbdb/hg19/wib/gc5Base.wib	0	100	1024	42360	2294400
773	chr22	24674710	24679830	chr22.295403	5	1024	302424600	/gbdb/hg19/wib/gc5Base.wib	0	100	1024	41840	2264000
773	chr22	24679830	24684950	chr22.295404	5	1024	302425624	/gbdb/hg19/wib/gc5Base.wib	0	100	1024	42980	2318800
773	chr22	24684950	24690070	chr22.295405	5	1024	302426648	/gbdb/hg19/wib/gc5Base.wib	0	100	1024	41100	2136400
773	chr22	24690070	24695190	chr22.295406	5	1024	302427672	/gbdb/hg19/wib/gc5Base.wib	0	100	1024	41300	2230800
773	chr22	24695190	24700310	chr22.295407	5	1024	302428696	/gbdb/hg19/wib/gc5Base.wib	0	100	1024	41680	2182400
773	chr22	24700310	24705430	chr22.295408	5	1024	302429720	/gbdb/hg19/wib/gc5Base.wib	0	100	1024	39140	1993200
773	chr22	24705430	24710550	chr22.295409	5	1024	302430744	/gbdb/hg19/wib/gc5Base.wib	0	100	1024	39240	2044000
773	chr22	24710550	24715670	chr22.295410	5	1024	302431768	/gbdb/hg19/wib/gc5Base.wib	0	100	1024	53800	3506400
773	chr22	24715670	24720790	chr22.295411	5	1024	302432792	/gbdb/hg19/wib/gc5Base.wib	0	100	1024	41820	2222000
773	chr22	24720790	24725910	chr22.295412	5	1024	302433816	/gbdb/hg19/wib/gc5Base.wib	0	100	1024	38440	1965600
773	chr22	24725910	24731030	chr22.295413	5	1024	302434840	/gbdb/hg19/wib/gc5Base.wib	0	100	1024	39160	1992000
773	chr22	24731030	24736150	chr22.295414	5	1024	302435864	/gbdb/hg19/wib/gc5Base.wib	0	100	1024	39000	1960800
773	chr22	24736150	24741270	chr22.295415	5	1024	302436888	/gbdb/hg19/wib/gc5Base.wib	0	100	1024	41640	2235200
773	chr22	24741270	24746390	chr22.295416	5	1024	302437912	/gbdb/hg19/wib/gc5Base.wib	0	100	1024	44920	2478400
773	chr22	24746390	24751510	chr22.295417	5	1024	302438936	/gbdb/hg19/wib/gc5Base.wib	0	100	1024	43060	2338000
773	chr22	24751510	24756630	chr22.295418	5	1024	302439960	/gbdb/hg19/wib/gc5Base.wib	0	100	1024	40860	2120400
773	chr22	24756630	24761750	chr22.295419	5	1024	302440984	/gbdb/hg19/wib/gc5Base.wib	0	100	1024	44380	2408400
773	chr22	24761750	24766870	chr22.295420	5	1024	302442008	/gbdb/hg19/wib/gc5Base.wib	0	100	1024	41820	2251600
773	chr22	24766870	24771990	chr22.295421	5	1024	302443032	/gbdb/hg19/wib/gc5Base.wib	0	100	1024	39640	2054400
96	chr22	24771990	24777110	chr22.295422	5	1024	302444056	/gbdb/hg19/wib/gc5Base.wib	0	100	1024	39080	1951200
774	chr22	24777110	24782230	chr22.295423	5	1024	302445080	/gbdb/hg19/wib/gc5Base.wib	0	100	1024	39260	2110000
774	chr22	24782230	24787350	chr22.295424	5	1024	302446104	/gbdb/hg19/wib/gc5Base.wib	0	100	1024	41520	2209600
774	chr22	24787350	24792470	chr22.295425	5	1024	302447128	/gbdb/hg19/wib/gc5Base.wib	0	100	1024	44200	2377600
774	chr22	24792470	24797590	chr22.295426	5	1024	302448152	/gbdb/hg19/wib/gc5Base.wib	0	100	1024	44080	2387200
774	chr22	24797590	24802710	chr22.295427	5	1024	302449176	/gbdb/hg19/wib/gc5Base.wib	0	100	1024	52080	3148800
774	chr22	24802710	24807830	chr22.295428	5	1024	302450200	/gbdb/hg19/wib/gc5Base.wib	0	100	1024	52100	3154800
774	chr22	24807830	24812950	chr22.295429	5	1024	302451224	/gbdb/hg19/wib/gc5Base.wib	0	100	1024	56240	3566400
774	chr22	24812950	24818070	chr22.295430	5	1024	302452248	/gbdb/hg19/wib/gc5Base.wib	0	100	1024	61560	4112800
774	chr22	24818070	24823190	chr22.295431	5	1024	302453272	/gbdb/hg19/wib/gc5Base.wib	0	100	1024	65980	4689200
774	chr22	24823190	24828310	chr22.295432	5	1024	302454296	/gbdb/hg19/wib/gc5Base.wib	0	100	1024	60720	4034400
774	chr22	24828310	24833430	chr22.295433	5	1024	302455320	/gbdb/hg19/wib/gc5Base.wib	0	100	1024	59940	3914800
774	chr22	24833430	24838550	chr22.295434	5	1024	302456344	/gbdb/hg19/wib/gc5Base.wib	0	100	1024	53920	3332800
774	chr22	24838550	24843670	chr22.295435	5	1024	302457368	/gbdb/hg19/wib/gc5Base.wib	0	100	1024	53560	3280000
774	chr22	24843670	24848790	chr22.295436	5	1024	302458392	/gbdb/hg19/wib/gc5Base.wib	0	100	1024	45720	2546400
774	chr22	24848790	24853910	chr22.295437	5	1024	302459416	/gbdb/hg19/wib/gc5Base.wib	0	100	1024	44560	2472800
774	chr22	24853910	24859030	chr22.295438	5	1024	302460440	/gbdb/hg19/wib/gc5Base.wib	0	100	1024	44600	2476000
774	chr22	24859030	24864150	chr22.295439	5	1024	302461464	/gbdb/hg19/wib/gc5Base.wib	0	100	1024	44140	2396400
774	chr22	24864150	24869270	chr22.295440	5	1024	302462488	/gbdb/hg19/wib/gc5Base.wib	0	100	1024	46100	2650800
774	chr22	24869270	24874390	chr22.295441	5	1024	302463512	/gbdb/hg19/wib/gc5Base.wib	0	100	1024	44800	2493600
774	chr22	24874390	24879510	chr22.295442	5	1024	302464536	/gbdb/hg19/wib/gc5Base.wib	0	100	1024	40900	2135600
774	chr22	24879510	24884630	chr22.295443	5	1024	302465560	/gbdb/hg19/wib/gc5Base.wib	0	100	1024	43760	2347200
774	chr22	24884630	24889750	chr22.295444	5	1024	302466584	/gbdb/hg19/wib/gc5Base.wib	0	100	1024	41900	2281200
774	chr22	24889750	24894870	chr22.295445	5	1024	302467608	/gbdb/hg19/wib/gc5Base.wib	0	100	1024	57040	3668000
774	chr22	24894870	24899990	chr22.295446	5	1024	302468632	/gbdb/hg19/wib/gc5Base.wib	0	100	1024	51680	3103200
96	chr22	24899990	24905110	chr22.295447	5	1024	302469656	/gbdb/hg19/wib/gc5Base.wib	0	100	1024	48080	2794400
775	chr22	24905110	24910230	chr22.295448	5	1024	302470680	/gbdb/hg19/wib/gc5Base.wib	0	100	1024	45740	2587600
775	chr22	24910230	24915350	chr22.295449	5	1024	302471704	/gbdb/hg19/wib/gc5Base.wib	0	100	1024	51500	3115600
775	chr22	24915350	24920470	chr22.295450	5	1024	302472728	/gbdb/hg19/wib/gc5Base.wib	0	100	1024	53740	3306800
775	chr22	24920470	24925590	chr22.295451	5	1024	302473752	/gbdb/hg19/wib/gc5Base.wib	0	100	1024	48940	2863600
775	chr22	24925590	24930710	chr22.295452	5	1024	302474776	/gbdb/hg19/wib/gc5Base.wib	0	100	1024	47280	2673600
775	chr22	24930710	24935830	chr22.295453	5	1024	302475800	/gbdb/hg19/wib/gc5Base.wib	0	100	1024	50180	2925200
775	chr22	24935830	24940950	chr22.295454	5	1024	302476824	/gbdb/hg19/wib/gc5Base.wib	0	100	1024	57000	3605600
775	chr22	24940950	24946070	chr22.295455	5	1024	302477848	/gbdb/hg19/wib/gc5Base.wib	0	100	1024	56140	3540400
775	chr22	24946070	24951190	chr22.295456	5	1024	302478872	/gbdb/hg19/wib/gc5Base.wib	0	100	1024	54820	3422000
775	chr22	24951190	24956310	chr22.295457	5	1024	302479896	/gbdb/hg19/wib/gc5Base.wib	0	100	1024	49100	2890800
775	chr22	24956310	24961430	chr22.295458	5	1024	302480920	/gbdb/hg19/wib/gc5Base.wib	0	100	1024	46200	2616000
775	chr22	24961430	24966550	chr22.295459	5	1024	302481944	/gbdb/hg19/wib/gc5Base.wib	0	100	1024	49960	2940000
775	chr22	24966550	24971670	chr22.295460	5	1024	302482968	/gbdb/hg19/wib/gc5Base.wib	0	100	1024	46380	2655600
775	chr22	24971670	24976790	chr22.295461	5	1024	302483992	/gbdb/hg19/wib/gc5Base.wib	0	100	1024	44060	2434000
775	chr22	24976790	24981910	chr22.295462	5	1024	302485016	/gbdb/hg19/wib/gc5Base.wib	0	100	1024	55360	3493600
775	chr22	24981910	24987030	chr22.295463	5	1024	302486040	/gbdb/hg19/wib/gc5Base.wib	0	100	1024	60680	3988000
775	chr22	24987030	24992150	chr22.295464	5	1024	302487064	/gbdb/hg19/wib/gc5Base.wib	0	100	1024	62000	4203200
775	chr22	24992150	24997270	chr22.295465	5	1024	302488088	/gbdb/hg19/wib/gc5Base.wib	0	100	1024	52760	3200800
775	chr22	24997270	25002390	chr22.295466	5	1024	302489112	/gbdb/hg19/wib/gc5Base.wib	0	100	1024	47100	2981200
775	chr22	25002390	25007510	chr22.295467	5	1024	302490136	/gbdb/hg19/wib/gc5Base.wib	0	100	1024	60520	3961600
775	chr22	25007510	25012630	chr22.295468	5	1024	302491160	/gbdb/hg19/wib/gc5Base.wib	0	100	1024	51380	3108400
775	chr22	25012630	25017750	chr22.295469	5	1024	302492184	/gbdb/hg19/wib/gc5Base.wib	0	100	1024	54900	3437200
775	chr22	25017750	25022870	chr22.295470	5	1024	302493208	/gbdb/hg19/wib/gc5Base.wib	0	100	1024	56260	3582000
775	chr22	25022870	25027990	chr22.295471	5	1024	302494232	/gbdb/hg19/wib/gc5Base.wib	0	100	1024	59400	3872800
775	chr22	25027990	25033110	chr22.295472	5	1024	302495256	/gbdb/hg19/wib/gc5Base.wib	0	100	1024	55820	3538800
96	chr22	25033110	25038230	chr22.295473	5	1024	302496280	/gbdb/hg19/wib/gc5Base.wib	0	100	1024	45380	2622000
776	chr22	25038230	25043350	chr22.295474	5	1024	302497304	/gbdb/hg19/wib/gc5Base.wib	0	100	1024	54560	3443200
776	chr22	25043350	25048470	chr22.295475	5	1024	302498328	/gbdb/hg19/wib/gc5Base.wib	0	100	1024	59540	3872400
776	chr22	25048470	25053590	chr22.295476	5	1024	302499352	/gbdb/hg19/wib/gc5Base.wib	0	100	1024	57140	3682000
776	chr22	25053590	25058710	chr22.295477	5	1024	302500376	/gbdb/hg19/wib/gc5Base.wib	0	100	1024	55040	3544000
776	chr22	25058710	25063830	chr22.295478	5	1024	302501400	/gbdb/hg19/wib/gc5Base.wib	0	100	1024	42400	2262400
776	chr22	25063830	25068950	chr22.295479	5	1024	302502424	/gbdb/hg19/wib/gc5Base.wib	0	100	1024	45260	2568400
776	chr22	25068950	25074070	chr22.295480	5	1024	302503448	/gbdb/hg19/wib/gc5Base.wib	0	100	1024	41020	2162000
776	chr22	25074070	25079190	chr22.295481	5	1024	302504472	/gbdb/hg19/wib/gc5Base.wib	0	100	1024	40900	2157200
776	chr22	25079190	25084310	chr22.295482	5	1024	302505496	/gbdb/hg19/wib/gc5Base.wib	0	100	1024	39980	2094800
776	chr22	25084310	25089430	chr22.295483	5	1024	302506520	/gbdb/hg19/wib/gc5Base.wib	0	100	1024	33860	1586800
776	chr22	25089430	25094550	chr22.295484	5	1024	302507544	/gbdb/hg19/wib/gc5Base.wib	0	100	1024	57420	3676400
776	chr22	25094550	25099670	chr22.295485	5	1024	302508568	/gbdb/hg19/wib/gc5Base.wib	0	100	1024	48860	2844400
776	chr22	25099670	25104790	chr22.295486	5	1024	302509592	/gbdb/hg19/wib/gc5Base.wib	0	100	1024	49620	2952400
776	chr22	25104790	25109910	chr22.295487	5	1024	302510616	/gbdb/hg19/wib/gc5Base.wib	0	100	1024	46780	2753200
776	chr22	25109910	25115030	chr22.295488	5	1024	302511640	/gbdb/hg19/wib/gc5Base.wib	0	100	1024	43240	2344800
776	chr22	25115030	25120150	chr22.295489	5	1024	302512664	/gbdb/hg19/wib/gc5Base.wib	0	100	1024	41200	2206400
776	chr22	25120150	25125270	chr22.295490	5	1024	302513688	/gbdb/hg19/wib/gc5Base.wib	0	100	1024	42400	2252800
776	chr22	25125270	25130390	chr22.295491	5	1024	302514712	/gbdb/hg19/wib/gc5Base.wib	0	100	1024	41100	2190800
776	chr22	25130390	25135510	chr22.295492	5	1024	302515736	/gbdb/hg19/wib/gc5Base.wib	0	100	1024	44940	2450000
776	chr22	25135510	25140630	chr22.295493	5	1024	302516760	/gbdb/hg19/wib/gc5Base.wib	0	100	1024	41140	2140400
776	chr22	25140630	25145750	chr22.295494	5	1024	302517784	/gbdb/hg19/wib/gc5Base.wib	0	100	1024	36980	1755600
776	chr22	25145750	25150870	chr22.295495	5	1024	302518808	/gbdb/hg19/wib/gc5Base.wib	0	100	1024	40420	2079600
776	chr22	25150870	25155990	chr22.295496	5	1024	302519832	/gbdb/hg19/wib/gc5Base.wib	0	100	1024	42700	2314000
776	chr22	25155990	25161110	chr22.295497	5	1024	302520856	/gbdb/hg19/wib/gc5Base.wib	0	100	1024	51420	3115600
1	chr22	25161110	25166230	chr22.295498	5	1024	302521880	/gbdb/hg19/wib/gc5Base.wib	0	100	1024	44460	2490800
777	chr22	25166230	25171350	chr22.295499	5	1024	302522904	/gbdb/hg19/wib/gc5Base.wib	0	100	1024	48140	2857200
777	chr22	25171350	25176470	chr22.295500	5	1024	302523928	/gbdb/hg19/wib/gc5Base.wib	0	100	1024	44900	2536400
777	chr22	25176470	25181590	chr22.295501	5	1024	302524952	/gbdb/hg19/wib/gc5Base.wib	0	100	1024	44860	2587600
777	chr22	25181590	25186710	chr22.295502	5	1024	302525976	/gbdb/hg19/wib/gc5Base.wib	0	100	1024	48000	2764800
777	chr22	25186710	25191830	chr22.295503	5	1024	302527000	/gbdb/hg19/wib/gc5Base.wib	0	100	1024	46500	2729200
777	chr22	25191830	25196950	chr22.295504	5	1024	302528024	/gbdb/hg19/wib/gc5Base.wib	0	100	1024	47220	2782000
777	chr22	25196950	25202070	chr22.295505	5	1024	302529048	/gbdb/hg19/wib/gc5Base.wib	0	100	1024	50240	2998400
777	chr22	25202070	25207190	chr22.295506	5	1024	302530072	/gbdb/hg19/wib/gc5Base.wib	0	100	1024	55520	3504800
777	chr22	25207190	25212310	chr22.295507	5	1024	302531096	/gbdb/hg19/wib/gc5Base.wib	0	100	1024	49580	2898800
777	chr22	25212310	25217430	chr22.295508	5	1024	302532120	/gbdb/hg19/wib/gc5Base.wib	0	100	1024	51160	3094400
777	chr22	25217430	25222550	chr22.295509	5	1024	302533144	/gbdb/hg19/wib/gc5Base.wib	0	100	1024	51040	3064800
777	chr22	25222550	25227670	chr22.295510	5	1024	302534168	/gbdb/hg19/wib/gc5Base.wib	0	100	1024	52540	3146800
777	chr22	25227670	25232790	chr22.295511	5	1024	302535192	/gbdb/hg19/wib/gc5Base.wib	0	100	1024	48740	2802800
777	chr22	25232790	25237910	chr22.295512	5	1024	302536216	/gbdb/hg19/wib/gc5Base.wib	0	100	1024	43180	2396400
777	chr22	25237910	25243030	chr22.295513	5	1024	302537240	/gbdb/hg19/wib/gc5Base.wib	0	100	1024	48560	2828000
777	chr22	25243030	25248150	chr22.295514	5	1024	302538264	/gbdb/hg19/wib/gc5Base.wib	0	100	1024	49380	2872400
777	chr22	25248150	25253270	chr22.295515	5	1024	302539288	/gbdb/hg19/wib/gc5Base.wib	0	100	1024	48460	2812400
777	chr22	25253270	25258390	chr22.295516	5	1024	302540312	/gbdb/hg19/wib/gc5Base.wib	0	100	1024	48620	2882800
777	chr22	25258390	25263510	chr22.295517	5	1024	302541336	/gbdb/hg19/wib/gc5Base.wib	0	100	1024	51620	3038800
777	chr22	25263510	25268630	chr22.295518	5	1024	302542360	/gbdb/hg19/wib/gc5Base.wib	0	100	1024	50240	2964000
777	chr22	25268630	25273750	chr22.295519	5	1024	302543384	/gbdb/hg19/wib/gc5Base.wib	0	100	1024	49460	2906800
777	chr22	25273750	25278870	chr22.295520	5	1024	302544408	/gbdb/hg19/wib/gc5Base.wib	0	100	1024	48200	2789600
777	chr22	25278870	25283990	chr22.295521	5	1024	302545432	/gbdb/hg19/wib/gc5Base.wib	0	100	1024	47980	2805200
777	chr22	25283990	25289110	chr22.295522	5	1024	302546456	/gbdb/hg19/wib/gc5Base.wib	0	100	1024	49100	2949200
777	chr22	25289110	25294230	chr22.295523	5	1024	302547480	/gbdb/hg19/wib/gc5Base.wib	0	100	1024	48580	2863600
97	chr22	25294230	25299350	chr22.295524	5	1024	302548504	/gbdb/hg19/wib/gc5Base.wib	0	100	1024	46200	2657600
778	chr22	25299350	25304470	chr22.295525	5	1024	302549528	/gbdb/hg19/wib/gc5Base.wib	0	100	1024	43600	2441600
778	chr22	25304470	25309590	chr22.295526	5	1024	302550552	/gbdb/hg19/wib/gc5Base.wib	0	100	1024	46680	2694400
778	chr22	25309590	25314710	chr22.295527	5	1024	302551576	/gbdb/hg19/wib/gc5Base.wib	0	100	1024	44760	2526400
778	chr22	25314710	25319830	chr22.295528	5	1024	302552600	/gbdb/hg19/wib/gc5Base.wib	0	100	1024	47620	2770000
778	chr22	25319830	25324950	chr22.295529	5	1024	302553624	/gbdb/hg19/wib/gc5Base.wib	0	100	1024	50540	2996400
778	chr22	25324950	25330070	chr22.295530	5	1024	302554648	/gbdb/hg19/wib/gc5Base.wib	0	100	1024	47680	2707200
778	chr22	25330070	25335190	chr22.295531	5	1024	302555672	/gbdb/hg19/wib/gc5Base.wib	0	100	1024	47420	2662800
778	chr22	25335190	25340310	chr22.295532	5	1024	302556696	/gbdb/hg19/wib/gc5Base.wib	0	100	1024	50300	3039600
778	chr22	25340310	25345430	chr22.295533	5	1024	302557720	/gbdb/hg19/wib/gc5Base.wib	0	100	1024	51300	3057200
778	chr22	25345430	25350550	chr22.295534	5	1024	302558744	/gbdb/hg19/wib/gc5Base.wib	0	100	1024	56380	3682000
778	chr22	25350550	25355670	chr22.295535	5	1024	302559768	/gbdb/hg19/wib/gc5Base.wib	0	100	1024	50580	3070000
778	chr22	25355670	25360790	chr22.295536	5	1024	302560792	/gbdb/hg19/wib/gc5Base.wib	0	100	1024	49940	2985200
778	chr22	25360790	25365910	chr22.295537	5	1024	302561816	/gbdb/hg19/wib/gc5Base.wib	0	100	1024	49660	2978000
778	chr22	25365910	25371030	chr22.295538	5	1024	302562840	/gbdb/hg19/wib/gc5Base.wib	0	100	1024	49420	2910800
778	chr22	25371030	25376150	chr22.295539	5	1024	302563864	/gbdb/hg19/wib/gc5Base.wib	0	100	1024	51160	3088000
778	chr22	25376150	25381270	chr22.295540	5	1024	302564888	/gbdb/hg19/wib/gc5Base.wib	0	100	1024	50280	2996800
778	chr22	25381270	25386390	chr22.295541	5	1024	302565912	/gbdb/hg19/wib/gc5Base.wib	0	100	1024	50500	3026800
778	chr22	25386390	25391510	chr22.295542	5	1024	302566936	/gbdb/hg19/wib/gc5Base.wib	0	100	1024	53360	3278400
778	chr22	25391510	25396630	chr22.295543	5	1024	302567960	/gbdb/hg19/wib/gc5Base.wib	0	100	1024	49820	2946800
778	chr22	25396630	25401750	chr22.295544	5	1024	302568984	/gbdb/hg19/wib/gc5Base.wib	0	100	1024	46020	2661200
778	chr22	25401750	25406870	chr22.295545	5	1024	302570008	/gbdb/hg19/wib/gc5Base.wib	0	100	1024	49560	2921600
778	chr22	25406870	25411990	chr22.295546	5	1024	302571032	/gbdb/hg19/wib/gc5Base.wib	0	100	1024	46220	2615600
778	chr22	25411990	25417110	chr22.295547	5	1024	302572056	/gbdb/hg19/wib/gc5Base.wib	0	100	1024	46360	2651200
778	chr22	25417110	25422230	chr22.295548	5	1024	302573080	/gbdb/hg19/wib/gc5Base.wib	0	100	1024	49200	2873600
778	chr22	25422230	25427350	chr22.295549	5	1024	302574104	/gbdb/hg19/wib/gc5Base.wib	0	100	1024	54720	3486400
97	chr22	25427350	25432470	chr22.295550	5	1024	302575128	/gbdb/hg19/wib/gc5Base.wib	0	100	1024	47200	2748000
779	chr22	25432470	25437590	chr22.295551	5	1024	302576152	/gbdb/hg19/wib/gc5Base.wib	0	100	1024	50960	3080000
779	chr22	25437590	25442710	chr22.295552	5	1024	302577176	/gbdb/hg19/wib/gc5Base.wib	0	100	1024	49200	2939200
779	chr22	25442710	25447830	chr22.295553	5	1024	302578200	/gbdb/hg19/wib/gc5Base.wib	0	100	1024	50480	2981600
779	chr22	25447830	25452950	chr22.295554	5	1024	302579224	/gbdb/hg19/wib/gc5Base.wib	0	100	1024	48920	2849600
779	chr22	25452950	25458070	chr22.295555	5	1024	302580248	/gbdb/hg19/wib/gc5Base.wib	0	100	1024	51480	3099200
779	chr22	25458070	25463190	chr22.295556	5	1024	302581272	/gbdb/hg19/wib/gc5Base.wib	0	100	1024	51880	3166400
779	chr22	25463190	25468310	chr22.295557	5	1024	302582296	/gbdb/hg19/wib/gc5Base.wib	0	100	1024	54500	3384400
779	chr22	25468310	25473430	chr22.295558	5	1024	302583320	/gbdb/hg19/wib/gc5Base.wib	0	100	1024	47160	2718400
779	chr22	25473430	25478550	chr22.295559	5	1024	302584344	/gbdb/hg19/wib/gc5Base.wib	0	100	1024	51040	3022400
779	chr22	25478550	25483670	chr22.295560	5	1024	302585368	/gbdb/hg19/wib/gc5Base.wib	0	100	1024	49820	2922800
779	chr22	25483670	25488790	chr22.295561	5	1024	302586392	/gbdb/hg19/wib/gc5Base.wib	0	100	1024	48280	2775200
779	chr22	25488790	25493910	chr22.295562	5	1024	302587416	/gbdb/hg19/wib/gc5Base.wib	0	100	1024	51100	3000400
779	chr22	25493910	25499030	chr22.295563	5	1024	302588440	/gbdb/hg19/wib/gc5Base.wib	0	100	1024	52060	3130800
779	chr22	25499030	25504150	chr22.295564	5	1024	302589464	/gbdb/hg19/wib/gc5Base.wib	0	100	1024	48240	2812000
779	chr22	25504150	25509270	chr22.295565	5	1024	302590488	/gbdb/hg19/wib/gc5Base.wib	0	100	1024	55060	3463600
779	chr22	25509270	25514390	chr22.295566	5	1024	302591512	/gbdb/hg19/wib/gc5Base.wib	0	100	1024	51700	3095600
779	chr22	25514390	25519510	chr22.295567	5	1024	302592536	/gbdb/hg19/wib/gc5Base.wib	0	100	1024	49760	2930400
779	chr22	25519510	25524630	chr22.295568	5	1024	302593560	/gbdb/hg19/wib/gc5Base.wib	0	100	1024	48820	2776400
779	chr22	25524630	25529750	chr22.295569	5	1024	302594584	/gbdb/hg19/wib/gc5Base.wib	0	100	1024	48860	2842800
779	chr22	25529750	25534870	chr22.295570	5	1024	302595608	/gbdb/hg19/wib/gc5Base.wib	0	100	1024	46100	2544400
779	chr22	25534870	25539990	chr22.295571	5	1024	302596632	/gbdb/hg19/wib/gc5Base.wib	0	100	1024	50600	3001600
779	chr22	25539990	25545110	chr22.295572	5	1024	302597656	/gbdb/hg19/wib/gc5Base.wib	0	100	1024	50460	2981200
779	chr22	25545110	25550230	chr22.295573	5	1024	302598680	/gbdb/hg19/wib/gc5Base.wib	0	100	1024	51280	3103200
779	chr22	25550230	25555350	chr22.295574	5	1024	302599704	/gbdb/hg19/wib/gc5Base.wib	0	100	1024	46160	2616800
97	chr22	25555350	25560470	chr22.295575	5	1024	302600728	/gbdb/hg19/wib/gc5Base.wib	0	100	1024	51600	3089600
780	chr22	25560470	25565590	chr22.295576	5	1024	302601752	/gbdb/hg19/wib/gc5Base.wib	0	100	1024	51100	3043600
780	chr22	25565590	25570710	chr22.295577	5	1024	302602776	/gbdb/hg19/wib/gc5Base.wib	0	100	1024	50200	3014400
780	chr22	25570710	25575830	chr22.295578	5	1024	302603800	/gbdb/hg19/wib/gc5Base.wib	0	100	1024	55520	3537600
780	chr22	25575830	25580950	chr22.295579	5	1024	302604824	/gbdb/hg19/wib/gc5Base.wib	0	100	1024	51180	3058000
780	chr22	25580950	25586070	chr22.295580	5	1024	302605848	/gbdb/hg19/wib/gc5Base.wib	0	100	1024	48120	2804000
780	chr22	25586070	25591190	chr22.295581	5	1024	302606872	/gbdb/hg19/wib/gc5Base.wib	0	100	1024	46800	2651200
780	chr22	25591190	25596310	chr22.295582	5	1024	302607896	/gbdb/hg19/wib/gc5Base.wib	0	100	1024	50440	2988800
780	chr22	25596310	25601430	chr22.295583	5	1024	302608920	/gbdb/hg19/wib/gc5Base.wib	0	100	1024	52160	3125600
780	chr22	25601430	25606550	chr22.295584	5	1024	302609944	/gbdb/hg19/wib/gc5Base.wib	0	100	1024	53520	3308800
780	chr22	25606550	25611670	chr22.295585	5	1024	302610968	/gbdb/hg19/wib/gc5Base.wib	0	100	1024	46860	2629200
780	chr22	25611670	25616790	chr22.295586	5	1024	302611992	/gbdb/hg19/wib/gc5Base.wib	0	100	1024	48580	2834000
780	chr22	25616790	25621910	chr22.295587	5	1024	302613016	/gbdb/hg19/wib/gc5Base.wib	0	100	1024	50700	3026000
780	chr22	25621910	25627030	chr22.295588	5	1024	302614040	/gbdb/hg19/wib/gc5Base.wib	0	100	1024	48440	2780800
780	chr22	25627030	25632150	chr22.295589	5	1024	302615064	/gbdb/hg19/wib/gc5Base.wib	0	100	1024	50680	3030400
780	chr22	25632150	25637270	chr22.295590	5	1024	302616088	/gbdb/hg19/wib/gc5Base.wib	0	100	1024	47900	2814000
780	chr22	25637270	25642390	chr22.295591	5	1024	302617112	/gbdb/hg19/wib/gc5Base.wib	0	100	1024	49760	2940800
780	chr22	25642390	25647510	chr22.295592	5	1024	302618136	/gbdb/hg19/wib/gc5Base.wib	0	100	1024	44200	2473600
780	chr22	25647510	25652630	chr22.295593	5	1024	302619160	/gbdb/hg19/wib/gc5Base.wib	0	100	1024	42780	2346800
780	chr22	25652630	25657750	chr22.295594	5	1024	302620184	/gbdb/hg19/wib/gc5Base.wib	0	100	1024	45060	2507600
780	chr22	25657750	25662870	chr22.295595	5	1024	302621208	/gbdb/hg19/wib/gc5Base.wib	0	100	1024	44680	2460000
780	chr22	25662870	25667990	chr22.295596	5	1024	302622232	/gbdb/hg19/wib/gc5Base.wib	0	100	1024	44640	2446400
780	chr22	25667990	25673110	chr22.295597	5	1024	302623256	/gbdb/hg19/wib/gc5Base.wib	0	100	1024	43160	2319200
780	chr22	25673110	25678230	chr22.295598	5	1024	302624280	/gbdb/hg19/wib/gc5Base.wib	0	100	1024	49920	3011200
780	chr22	25678230	25683350	chr22.295599	5	1024	302625304	/gbdb/hg19/wib/gc5Base.wib	0	100	1024	50220	3116400
780	chr22	25683350	25688470	chr22.295600	5	1024	302626328	/gbdb/hg19/wib/gc5Base.wib	0	100	1024	42140	2267600
97	chr22	25688470	25693590	chr22.295601	5	1024	302627352	/gbdb/hg19/wib/gc5Base.wib	0	100	1024	38940	2013200
781	chr22	25693590	25698710	chr22.295602	5	1024	302628376	/gbdb/hg19/wib/gc5Base.wib	0	100	1024	38780	1973200
781	chr22	25698710	25703830	chr22.295603	5	1024	302629400	/gbdb/hg19/wib/gc5Base.wib	0	100	1024	44360	2472000
781	chr22	25703830	25708950	chr22.295604	5	1024	302630424	/gbdb/hg19/wib/gc5Base.wib	0	100	1024	41480	2218400
781	chr22	25708950	25714070	chr22.295605	5	1024	302631448	/gbdb/hg19/wib/gc5Base.wib	0	100	1024	48120	2828000
781	chr22	25714070	25719190	chr22.295606	5	1024	302632472	/gbdb/hg19/wib/gc5Base.wib	0	100	1024	55900	3511600
781	chr22	25719190	25724310	chr22.295607	5	1024	302633496	/gbdb/hg19/wib/gc5Base.wib	0	100	1024	48960	2882400
781	chr22	25724310	25729430	chr22.295608	5	1024	302634520	/gbdb/hg19/wib/gc5Base.wib	0	100	1024	45060	2508400
781	chr22	25729430	25734550	chr22.295609	5	1024	302635544	/gbdb/hg19/wib/gc5Base.wib	0	100	1024	47740	2678000
781	chr22	25734550	25739670	chr22.295610	5	1024	302636568	/gbdb/hg19/wib/gc5Base.wib	0	100	1024	40900	2082000
781	chr22	25739670	25744790	chr22.295611	5	1024	302637592	/gbdb/hg19/wib/gc5Base.wib	0	100	1024	53840	3341600
781	chr22	25744790	25749910	chr22.295612	5	1024	302638616	/gbdb/hg19/wib/gc5Base.wib	0	100	1024	52780	3271600
781	chr22	25749910	25755030	chr22.295613	5	1024	302639640	/gbdb/hg19/wib/gc5Base.wib	0	100	1024	57180	3638000
781	chr22	25755030	25760150	chr22.295614	5	1024	302640664	/gbdb/hg19/wib/gc5Base.wib	0	100	1024	59060	3798000
781	chr22	25760150	25765270	chr22.295615	5	1024	302641688	/gbdb/hg19/wib/gc5Base.wib	0	100	1024	59100	3838800
781	chr22	25765270	25770390	chr22.295616	5	1024	302642712	/gbdb/hg19/wib/gc5Base.wib	0	100	1024	57040	3626400
781	chr22	25770390	25775510	chr22.295617	5	1024	302643736	/gbdb/hg19/wib/gc5Base.wib	0	100	1024	53620	3342800
781	chr22	25775510	25780630	chr22.295618	5	1024	302644760	/gbdb/hg19/wib/gc5Base.wib	0	100	1024	54860	3421200
781	chr22	25780630	25785750	chr22.295619	5	1024	302645784	/gbdb/hg19/wib/gc5Base.wib	0	100	1024	53020	3237200
781	chr22	25785750	25790870	chr22.295620	5	1024	302646808	/gbdb/hg19/wib/gc5Base.wib	0	100	1024	58520	3785600
781	chr22	25790870	25795990	chr22.295621	5	1024	302647832	/gbdb/hg19/wib/gc5Base.wib	0	100	1024	50880	3080800
781	chr22	25795990	25801110	chr22.295622	5	1024	302648856	/gbdb/hg19/wib/gc5Base.wib	0	100	1024	57400	3728800
781	chr22	25801110	25806230	chr22.295623	5	1024	302649880	/gbdb/hg19/wib/gc5Base.wib	0	100	1024	56340	3675600
781	chr22	25806230	25811350	chr22.295624	5	1024	302650904	/gbdb/hg19/wib/gc5Base.wib	0	100	1024	49520	2933600
781	chr22	25811350	25816470	chr22.295625	5	1024	302651928	/gbdb/hg19/wib/gc5Base.wib	0	100	1024	45420	2538800
97	chr22	25816470	25821590	chr22.295626	5	1024	302652952	/gbdb/hg19/wib/gc5Base.wib	0	100	1024	47940	2910800
782	chr22	25821590	25826710	chr22.295627	5	1024	302653976	/gbdb/hg19/wib/gc5Base.wib	0	100	1024	48220	2850800
782	chr22	25826710	25831830	chr22.295628	5	1024	302655000	/gbdb/hg19/wib/gc5Base.wib	0	100	1024	50040	2939200
782	chr22	25831830	25836950	chr22.295629	5	1024	302656024	/gbdb/hg19/wib/gc5Base.wib	0	100	1024	48920	2926400
782	chr22	25836950	25842070	chr22.295630	5	1024	302657048	/gbdb/hg19/wib/gc5Base.wib	0	100	1024	43280	2380800
782	chr22	25842070	25847190	chr22.295631	5	1024	302658072	/gbdb/hg19/wib/gc5Base.wib	0	100	1024	48300	2850800
782	chr22	25847190	25852310	chr22.295632	5	1024	302659096	/gbdb/hg19/wib/gc5Base.wib	0	100	1024	45040	2490400
782	chr22	25852310	25857430	chr22.295633	5	1024	302660120	/gbdb/hg19/wib/gc5Base.wib	0	100	1024	50260	2910000
782	chr22	25857430	25862550	chr22.295634	5	1024	302661144	/gbdb/hg19/wib/gc5Base.wib	0	100	1024	47360	2757600
782	chr22	25862550	25867670	chr22.295635	5	1024	302662168	/gbdb/hg19/wib/gc5Base.wib	0	100	1024	48540	2791600
782	chr22	25867670	25872790	chr22.295636	5	1024	302663192	/gbdb/hg19/wib/gc5Base.wib	0	100	1024	47660	2734000
782	chr22	25872790	25877910	chr22.295637	5	1024	302664216	/gbdb/hg19/wib/gc5Base.wib	0	100	1024	46960	2655200
782	chr22	25877910	25883030	chr22.295638	5	1024	302665240	/gbdb/hg19/wib/gc5Base.wib	0	100	1024	48500	2770000
782	chr22	25883030	25888150	chr22.295639	5	1024	302666264	/gbdb/hg19/wib/gc5Base.wib	0	100	1024	47360	2596800
782	chr22	25888150	25893270	chr22.295640	5	1024	302667288	/gbdb/hg19/wib/gc5Base.wib	0	100	1024	46520	2584000
782	chr22	25893270	25898390	chr22.295641	5	1024	302668312	/gbdb/hg19/wib/gc5Base.wib	0	100	1024	41020	2132400
782	chr22	25898390	25903510	chr22.295642	5	1024	302669336	/gbdb/hg19/wib/gc5Base.wib	0	100	1024	42900	2290800
782	chr22	25903510	25908630	chr22.295643	5	1024	302670360	/gbdb/hg19/wib/gc5Base.wib	0	100	1024	45400	2520800
782	chr22	25908630	25913750	chr22.295644	5	1024	302671384	/gbdb/hg19/wib/gc5Base.wib	0	100	1024	45160	2520000
782	chr22	25913750	25918870	chr22.295645	5	1024	302672408	/gbdb/hg19/wib/gc5Base.wib	0	100	1024	44920	2476800
782	chr22	25918870	25923990	chr22.295646	5	1024	302673432	/gbdb/hg19/wib/gc5Base.wib	0	100	1024	44160	2406400
782	chr22	25923990	25929110	chr22.295647	5	1024	302674456	/gbdb/hg19/wib/gc5Base.wib	0	100	1024	39440	1972000
782	chr22	25929110	25934230	chr22.295648	5	1024	302675480	/gbdb/hg19/wib/gc5Base.wib	0	100	1024	43980	2421200
782	chr22	25934230	25939350	chr22.295649	5	1024	302676504	/gbdb/hg19/wib/gc5Base.wib	0	100	1024	43380	2291600
782	chr22	25939350	25944470	chr22.295650	5	1024	302677528	/gbdb/hg19/wib/gc5Base.wib	0	100	1024	44700	2442000
782	chr22	25944470	25949590	chr22.295651	5	1024	302678552	/gbdb/hg19/wib/gc5Base.wib	0	100	1024	44300	2410800
97	chr22	25949590	25954710	chr22.295652	5	1024	302679576	/gbdb/hg19/wib/gc5Base.wib	0	100	1024	47780	2745200
783	chr22	25954710	25959830	chr22.295653	5	1024	302680600	/gbdb/hg19/wib/gc5Base.wib	0	100	1024	46320	2600800
783	chr22	25959830	25964950	chr22.295654	5	1024	302681624	/gbdb/hg19/wib/gc5Base.wib	0	100	1024	48460	3000400
783	chr22	25964950	25970070	chr22.295655	5	1024	302682648	/gbdb/hg19/wib/gc5Base.wib	0	100	1024	41580	2189200
783	chr22	25970070	25975190	chr22.295656	5	1024	302683672	/gbdb/hg19/wib/gc5Base.wib	0	100	1024	41420	2210000
783	chr22	25975190	25980310	chr22.295657	5	1024	302684696	/gbdb/hg19/wib/gc5Base.wib	0	100	1024	42600	2304800
783	chr22	25980310	25985430	chr22.295658	5	1024	302685720	/gbdb/hg19/wib/gc5Base.wib	0	100	1024	42100	2253200
783	chr22	25985430	25990550	chr22.295659	5	1024	302686744	/gbdb/hg19/wib/gc5Base.wib	0	100	1024	38900	1954800
783	chr22	25990550	25995670	chr22.295660	5	1024	302687768	/gbdb/hg19/wib/gc5Base.wib	0	100	1024	38360	1961600
783	chr22	25995670	26000790	chr22.295661	5	1024	302688792	/gbdb/hg19/wib/gc5Base.wib	0	100	1024	36560	1789600
783	chr22	26000790	26005910	chr22.295662	5	1024	302689816	/gbdb/hg19/wib/gc5Base.wib	0	100	1024	42340	2266800
783	chr22	26005910	26011030	chr22.295663	5	1024	302690840	/gbdb/hg19/wib/gc5Base.wib	0	100	1024	41160	2194400
783	chr22	26011030	26016150	chr22.295664	5	1024	302691864	/gbdb/hg19/wib/gc5Base.wib	0	100	1024	44760	2426400
783	chr22	26016150	26021270	chr22.295665	5	1024	302692888	/gbdb/hg19/wib/gc5Base.wib	0	100	1024	46080	2616000
783	chr22	26021270	26026390	chr22.295666	5	1024	302693912	/gbdb/hg19/wib/gc5Base.wib	0	100	1024	45660	2550800
783	chr22	26026390	26031510	chr22.295667	5	1024	302694936	/gbdb/hg19/wib/gc5Base.wib	0	100	1024	33940	1595600
783	chr22	26031510	26036630	chr22.295668	5	1024	302695960	/gbdb/hg19/wib/gc5Base.wib	0	100	1024	37660	1798000
783	chr22	26036630	26041750	chr22.295669	5	1024	302696984	/gbdb/hg19/wib/gc5Base.wib	0	100	1024	41880	2193600
783	chr22	26041750	26046870	chr22.295670	5	1024	302698008	/gbdb/hg19/wib/gc5Base.wib	0	100	1024	41160	2194400
783	chr22	26046870	26051990	chr22.295671	5	1024	302699032	/gbdb/hg19/wib/gc5Base.wib	0	100	1024	37080	1839200
783	chr22	26051990	26057110	chr22.295672	5	1024	302700056	/gbdb/hg19/wib/gc5Base.wib	0	100	1024	39100	1948400
783	chr22	26057110	26062230	chr22.295673	5	1024	302701080	/gbdb/hg19/wib/gc5Base.wib	0	100	1024	38380	1957200
783	chr22	26062230	26067350	chr22.295674	5	1024	302702104	/gbdb/hg19/wib/gc5Base.wib	0	100	1024	43880	2436000
783	chr22	26067350	26072470	chr22.295675	5	1024	302703128	/gbdb/hg19/wib/gc5Base.wib	0	100	1024	42380	2304400
783	chr22	26072470	26077590	chr22.295676	5	1024	302704152	/gbdb/hg19/wib/gc5Base.wib	0	100	1024	40500	2134800
783	chr22	26077590	26082710	chr22.295677	5	1024	302705176	/gbdb/hg19/wib/gc5Base.wib	0	100	1024	39640	2060000
97	chr22	26082710	26087830	chr22.295678	5	1024	302706200	/gbdb/hg19/wib/gc5Base.wib	0	100	1024	42100	2254800
784	chr22	26087830	26092950	chr22.295679	5	1024	302707224	/gbdb/hg19/wib/gc5Base.wib	0	100	1024	45420	2550000
784	chr22	26092950	26098070	chr22.295680	5	1024	302708248	/gbdb/hg19/wib/gc5Base.wib	0	100	1024	47500	2734800
784	chr22	26098070	26103190	chr22.295681	5	1024	302709272	/gbdb/hg19/wib/gc5Base.wib	0	100	1024	40220	2117200
784	chr22	26103190	26108310	chr22.295682	5	1024	302710296	/gbdb/hg19/wib/gc5Base.wib	0	100	1024	46680	2700800
784	chr22	26108310	26113430	chr22.295683	5	1024	302711320	/gbdb/hg19/wib/gc5Base.wib	0	100	1024	43220	2357200
784	chr22	26113430	26118550	chr22.295684	5	1024	302712344	/gbdb/hg19/wib/gc5Base.wib	0	100	1024	41020	2169200
784	chr22	26118550	26123670	chr22.295685	5	1024	302713368	/gbdb/hg19/wib/gc5Base.wib	0	100	1024	42340	2294000
784	chr22	26123670	26128790	chr22.295686	5	1024	302714392	/gbdb/hg19/wib/gc5Base.wib	0	100	1024	44080	2428000
784	chr22	26128790	26133910	chr22.295687	5	1024	302715416	/gbdb/hg19/wib/gc5Base.wib	0	100	1024	49500	2943600
784	chr22	26133910	26139030	chr22.295688	5	1024	302716440	/gbdb/hg19/wib/gc5Base.wib	0	100	1024	50580	3006800
784	chr22	26139030	26144150	chr22.295689	5	1024	302717464	/gbdb/hg19/wib/gc5Base.wib	0	100	1024	49700	2914000
784	chr22	26144150	26149270	chr22.295690	5	1024	302718488	/gbdb/hg19/wib/gc5Base.wib	0	100	1024	53900	3318000
784	chr22	26149270	26154390	chr22.295691	5	1024	302719512	/gbdb/hg19/wib/gc5Base.wib	0	100	1024	51240	3100000
784	chr22	26154390	26159510	chr22.295692	5	1024	302720536	/gbdb/hg19/wib/gc5Base.wib	0	100	1024	49340	2902800
784	chr22	26159510	26164630	chr22.295693	5	1024	302721560	/gbdb/hg19/wib/gc5Base.wib	0	100	1024	50980	2972400
784	chr22	26164630	26169750	chr22.295694	5	1024	302722584	/gbdb/hg19/wib/gc5Base.wib	0	100	1024	54620	3388400
784	chr22	26169750	26174870	chr22.295695	5	1024	302723608	/gbdb/hg19/wib/gc5Base.wib	0	100	1024	51120	3050400
784	chr22	26174870	26179990	chr22.295696	5	1024	302724632	/gbdb/hg19/wib/gc5Base.wib	0	100	1024	50900	3058800
784	chr22	26179990	26185110	chr22.295697	5	1024	302725656	/gbdb/hg19/wib/gc5Base.wib	0	100	1024	47500	2702000
784	chr22	26185110	26190230	chr22.295698	5	1024	302726680	/gbdb/hg19/wib/gc5Base.wib	0	100	1024	49520	2968000
784	chr22	26190230	26195350	chr22.295699	5	1024	302727704	/gbdb/hg19/wib/gc5Base.wib	0	100	1024	48060	2782800
784	chr22	26195350	26200470	chr22.295700	5	1024	302728728	/gbdb/hg19/wib/gc5Base.wib	0	100	1024	46900	2658800
784	chr22	26200470	26205590	chr22.295701	5	1024	302729752	/gbdb/hg19/wib/gc5Base.wib	0	100	1024	51760	3024000
784	chr22	26205590	26210710	chr22.295702	5	1024	302730776	/gbdb/hg19/wib/gc5Base.wib	0	100	1024	48860	2846000
12	chr22	26210710	26215830	chr22.295703	5	1024	302731800	/gbdb/hg19/wib/gc5Base.wib	0	100	1024	45980	2507600
785	chr22	26215830	26220950	chr22.295704	5	1024	302732824	/gbdb/hg19/wib/gc5Base.wib	0	100	1024	45920	2580000
785	chr22	26220950	26226070	chr22.295705	5	1024	302733848	/gbdb/hg19/wib/gc5Base.wib	0	100	1024	48700	2848400
785	chr22	26226070	26231190	chr22.295706	5	1024	302734872	/gbdb/hg19/wib/gc5Base.wib	0	100	1024	46620	2631600
785	chr22	26231190	26236310	chr22.295707	5	1024	302735896	/gbdb/hg19/wib/gc5Base.wib	0	100	1024	50080	2954400
785	chr22	26236310	26241430	chr22.295708	5	1024	302736920	/gbdb/hg19/wib/gc5Base.wib	0	100	1024	49940	2915600
785	chr22	26241430	26246550	chr22.295709	5	1024	302737944	/gbdb/hg19/wib/gc5Base.wib	0	100	1024	51500	3063600
785	chr22	26246550	26251670	chr22.295710	5	1024	302738968	/gbdb/hg19/wib/gc5Base.wib	0	100	1024	46020	2549200
785	chr22	26251670	26256790	chr22.295711	5	1024	302739992	/gbdb/hg19/wib/gc5Base.wib	0	100	1024	40460	2077200
785	chr22	26256790	26261910	chr22.295712	5	1024	302741016	/gbdb/hg19/wib/gc5Base.wib	0	100	1024	38980	1973200
785	chr22	26261910	26267030	chr22.295713	5	1024	302742040	/gbdb/hg19/wib/gc5Base.wib	0	100	1024	45820	2544400
785	chr22	26267030	26272150	chr22.295714	5	1024	302743064	/gbdb/hg19/wib/gc5Base.wib	0	100	1024	47340	2681200
785	chr22	26272150	26277270	chr22.295715	5	1024	302744088	/gbdb/hg19/wib/gc5Base.wib	0	100	1024	43180	2314000
785	chr22	26277270	26282390	chr22.295716	5	1024	302745112	/gbdb/hg19/wib/gc5Base.wib	0	100	1024	47300	2650000
785	chr22	26282390	26287510	chr22.295717	5	1024	302746136	/gbdb/hg19/wib/gc5Base.wib	0	100	1024	47020	2672400
785	chr22	26287510	26292630	chr22.295718	5	1024	302747160	/gbdb/hg19/wib/gc5Base.wib	0	100	1024	42620	2246000
785	chr22	26292630	26297750	chr22.295719	5	1024	302748184	/gbdb/hg19/wib/gc5Base.wib	0	100	1024	46540	2564400
785	chr22	26297750	26302870	chr22.295720	5	1024	302749208	/gbdb/hg19/wib/gc5Base.wib	0	100	1024	46120	2590400
785	chr22	26302870	26307990	chr22.295721	5	1024	302750232	/gbdb/hg19/wib/gc5Base.wib	0	100	1024	46220	2573200
785	chr22	26307990	26313110	chr22.295722	5	1024	302751256	/gbdb/hg19/wib/gc5Base.wib	0	100	1024	37420	1926800
785	chr22	26313110	26318230	chr22.295723	5	1024	302752280	/gbdb/hg19/wib/gc5Base.wib	0	100	1024	42720	2252800
785	chr22	26318230	26323350	chr22.295724	5	1024	302753304	/gbdb/hg19/wib/gc5Base.wib	0	100	1024	47860	2738800
785	chr22	26323350	26328470	chr22.295725	5	1024	302754328	/gbdb/hg19/wib/gc5Base.wib	0	100	1024	46200	2619200
785	chr22	26328470	26333590	chr22.295726	5	1024	302755352	/gbdb/hg19/wib/gc5Base.wib	0	100	1024	44820	2485200
785	chr22	26333590	26338710	chr22.295727	5	1024	302756376	/gbdb/hg19/wib/gc5Base.wib	0	100	1024	47420	2631600
785	chr22	26338710	26343830	chr22.295728	5	1024	302757400	/gbdb/hg19/wib/gc5Base.wib	0	100	1024	53220	3295600
98	chr22	26343830	26348950	chr22.295729	5	1024	302758424	/gbdb/hg19/wib/gc5Base.wib	0	100	1024	46940	2590000
786	chr22	26348950	26354070	chr22.295730	5	1024	302759448	/gbdb/hg19/wib/gc5Base.wib	0	100	1024	48380	2802800
786	chr22	26354070	26359190	chr22.295731	5	1024	302760472	/gbdb/hg19/wib/gc5Base.wib	0	100	1024	47580	2693200
786	chr22	26359190	26364310	chr22.295732	5	1024	302761496	/gbdb/hg19/wib/gc5Base.wib	0	100	1024	43380	2351600
786	chr22	26364310	26369430	chr22.295733	5	1024	302762520	/gbdb/hg19/wib/gc5Base.wib	0	100	1024	44640	2426400
786	chr22	26369430	26374550	chr22.295734	5	1024	302763544	/gbdb/hg19/wib/gc5Base.wib	0	100	1024	43880	2370400
786	chr22	26374550	26379670	chr22.295735	5	1024	302764568	/gbdb/hg19/wib/gc5Base.wib	0	100	1024	46280	2544800
786	chr22	26379670	26384790	chr22.295736	5	1024	302765592	/gbdb/hg19/wib/gc5Base.wib	0	100	1024	44160	2405600
786	chr22	26384790	26389910	chr22.295737	5	1024	302766616	/gbdb/hg19/wib/gc5Base.wib	0	100	1024	50100	2950800
786	chr22	26389910	26395030	chr22.295738	5	1024	302767640	/gbdb/hg19/wib/gc5Base.wib	0	100	1024	45060	2482800
786	chr22	26395030	26400150	chr22.295739	5	1024	302768664	/gbdb/hg19/wib/gc5Base.wib	0	100	1024	45620	2491600
786	chr22	26400150	26405270	chr22.295740	5	1024	302769688	/gbdb/hg19/wib/gc5Base.wib	0	100	1024	42420	2249200
786	chr22	26405270	26410390	chr22.295741	5	1024	302770712	/gbdb/hg19/wib/gc5Base.wib	0	100	1024	40720	2088800
786	chr22	26410390	26415510	chr22.295742	5	1024	302771736	/gbdb/hg19/wib/gc5Base.wib	0	100	1024	43020	2287600
786	chr22	26415510	26420630	chr22.295743	5	1024	302772760	/gbdb/hg19/wib/gc5Base.wib	0	100	1024	48500	2773200
786	chr22	26420630	26425750	chr22.295744	5	1024	302773784	/gbdb/hg19/wib/gc5Base.wib	0	100	1024	51000	3040800
786	chr22	26425750	26430870	chr22.295745	5	1024	302774808	/gbdb/hg19/wib/gc5Base.wib	0	100	1024	46660	2610000
786	chr22	26430870	26435990	chr22.295746	5	1024	302775832	/gbdb/hg19/wib/gc5Base.wib	0	100	1024	48620	2727600
786	chr22	26435990	26441110	chr22.295747	5	1024	302776856	/gbdb/hg19/wib/gc5Base.wib	0	100	1024	44220	2432400
786	chr22	26441110	26446230	chr22.295748	5	1024	302777880	/gbdb/hg19/wib/gc5Base.wib	0	100	1024	44300	2406000
786	chr22	26446230	26451350	chr22.295749	5	1024	302778904	/gbdb/hg19/wib/gc5Base.wib	0	100	1024	43440	2330400
786	chr22	26451350	26456470	chr22.295750	5	1024	302779928	/gbdb/hg19/wib/gc5Base.wib	0	100	1024	42400	2189600
786	chr22	26456470	26461590	chr22.295751	5	1024	302780952	/gbdb/hg19/wib/gc5Base.wib	0	100	1024	44740	2412400
786	chr22	26461590	26466710	chr22.295752	5	1024	302781976	/gbdb/hg19/wib/gc5Base.wib	0	100	1024	45680	2537600
786	chr22	26466710	26471830	chr22.295753	5	1024	302783000	/gbdb/hg19/wib/gc5Base.wib	0	100	1024	44100	2330800
98	chr22	26471830	26476950	chr22.295754	5	1024	302784024	/gbdb/hg19/wib/gc5Base.wib	0	100	1024	42620	2198800
787	chr22	26476950	26482070	chr22.295755	5	1024	302785048	/gbdb/hg19/wib/gc5Base.wib	0	100	1024	43200	2290400
787	chr22	26482070	26487190	chr22.295756	5	1024	302786072	/gbdb/hg19/wib/gc5Base.wib	0	100	1024	41160	2141600
787	chr22	26487190	26492310	chr22.295757	5	1024	302787096	/gbdb/hg19/wib/gc5Base.wib	0	100	1024	46280	2576000
787	chr22	26492310	26497430	chr22.295758	5	1024	302788120	/gbdb/hg19/wib/gc5Base.wib	0	100	1024	43840	2352000
787	chr22	26497430	26502550	chr22.295759	5	1024	302789144	/gbdb/hg19/wib/gc5Base.wib	0	100	1024	44900	2435600
787	chr22	26502550	26507670	chr22.295760	5	1024	302790168	/gbdb/hg19/wib/gc5Base.wib	0	100	1024	44380	2366000
787	chr22	26507670	26512790	chr22.295761	5	1024	302791192	/gbdb/hg19/wib/gc5Base.wib	0	100	1024	37500	1781200
787	chr22	26512790	26517910	chr22.295762	5	1024	302792216	/gbdb/hg19/wib/gc5Base.wib	0	100	1024	41320	2165600
787	chr22	26517910	26523030	chr22.295763	5	1024	302793240	/gbdb/hg19/wib/gc5Base.wib	0	100	1024	44860	2455600
787	chr22	26523030	26528150	chr22.295764	5	1024	302794264	/gbdb/hg19/wib/gc5Base.wib	0	100	1024	45040	2501600
787	chr22	26528150	26533270	chr22.295765	5	1024	302795288	/gbdb/hg19/wib/gc5Base.wib	0	100	1024	44740	2404400
787	chr22	26533270	26538390	chr22.295766	5	1024	302796312	/gbdb/hg19/wib/gc5Base.wib	0	100	1024	43980	2396400
787	chr22	26538390	26543510	chr22.295767	5	1024	302797336	/gbdb/hg19/wib/gc5Base.wib	0	100	1024	44220	2392400
787	chr22	26543510	26548630	chr22.295768	5	1024	302798360	/gbdb/hg19/wib/gc5Base.wib	0	100	1024	36740	1843600
787	chr22	26548630	26553750	chr22.295769	5	1024	302799384	/gbdb/hg19/wib/gc5Base.wib	0	100	1024	42960	2311200
787	chr22	26553750	26558870	chr22.295770	5	1024	302800408	/gbdb/hg19/wib/gc5Base.wib	0	100	1024	46740	2566000
787	chr22	26558870	26563990	chr22.295771	5	1024	302801432	/gbdb/hg19/wib/gc5Base.wib	0	100	1024	43560	2310400
787	chr22	26563990	26569110	chr22.295772	5	1024	302802456	/gbdb/hg19/wib/gc5Base.wib	0	100	1024	54660	3520400
787	chr22	26569110	26574230	chr22.295773	5	1024	302803480	/gbdb/hg19/wib/gc5Base.wib	0	100	1024	44220	2354800
787	chr22	26574230	26579350	chr22.295774	5	1024	302804504	/gbdb/hg19/wib/gc5Base.wib	0	100	1024	43760	2347200
787	chr22	26579350	26584470	chr22.295775	5	1024	302805528	/gbdb/hg19/wib/gc5Base.wib	0	100	1024	45320	2518400
787	chr22	26584470	26589590	chr22.295776	5	1024	302806552	/gbdb/hg19/wib/gc5Base.wib	0	100	1024	40680	2116800
787	chr22	26589590	26594710	chr22.295777	5	1024	302807576	/gbdb/hg19/wib/gc5Base.wib	0	100	1024	43260	2280400
787	chr22	26594710	26599830	chr22.295778	5	1024	302808600	/gbdb/hg19/wib/gc5Base.wib	0	100	1024	45040	2436000
787	chr22	26599830	26604950	chr22.295779	5	1024	302809624	/gbdb/hg19/wib/gc5Base.wib	0	100	1024	40020	2050800
98	chr22	26604950	26610070	chr22.295780	5	1024	302810648	/gbdb/hg19/wib/gc5Base.wib	0	100	1024	44880	2462400
788	chr22	26610070	26615190	chr22.295781	5	1024	302811672	/gbdb/hg19/wib/gc5Base.wib	0	100	1024	45280	2488800
788	chr22	26615190	26620310	chr22.295782	5	1024	302812696	/gbdb/hg19/wib/gc5Base.wib	0	100	1024	43900	2378000
788	chr22	26620310	26625430	chr22.295783	5	1024	302813720	/gbdb/hg19/wib/gc5Base.wib	0	100	1024	47280	2627200
788	chr22	26625430	26630550	chr22.295784	5	1024	302814744	/gbdb/hg19/wib/gc5Base.wib	0	100	1024	50260	2915600
788	chr22	26630550	26635670	chr22.295785	5	1024	302815768	/gbdb/hg19/wib/gc5Base.wib	0	100	1024	48080	2716800
788	chr22	26635670	26640790	chr22.295786	5	1024	302816792	/gbdb/hg19/wib/gc5Base.wib	0	100	1024	48000	2712000
788	chr22	26640790	26645910	chr22.295787	5	1024	302817816	/gbdb/hg19/wib/gc5Base.wib	0	100	1024	43880	2332800
788	chr22	26645910	26651030	chr22.295788	5	1024	302818840	/gbdb/hg19/wib/gc5Base.wib	0	100	1024	41020	2138000
788	chr22	26651030	26656150	chr22.295789	5	1024	302819864	/gbdb/hg19/wib/gc5Base.wib	0	100	1024	44500	2414000
788	chr22	26656150	26661270	chr22.295790	5	1024	302820888	/gbdb/hg19/wib/gc5Base.wib	0	100	1024	41520	2149600
788	chr22	26661270	26666390	chr22.295791	5	1024	302821912	/gbdb/hg19/wib/gc5Base.wib	0	100	1024	45320	2504800
788	chr22	26666390	26671510	chr22.295792	5	1024	302822936	/gbdb/hg19/wib/gc5Base.wib	0	100	1024	45780	2515600
788	chr22	26671510	26676630	chr22.295793	5	1024	302823960	/gbdb/hg19/wib/gc5Base.wib	0	100	1024	45720	2492800
788	chr22	26676630	26681750	chr22.295794	5	1024	302824984	/gbdb/hg19/wib/gc5Base.wib	0	100	1024	43060	2363600
788	chr22	26681750	26686870	chr22.295795	5	1024	302826008	/gbdb/hg19/wib/gc5Base.wib	0	100	1024	46640	2659200
788	chr22	26686870	26691990	chr22.295796	5	1024	302827032	/gbdb/hg19/wib/gc5Base.wib	0	100	1024	49080	2834400
788	chr22	26691990	26697110	chr22.295797	5	1024	302828056	/gbdb/hg19/wib/gc5Base.wib	0	100	1024	45020	2479600
788	chr22	26697110	26702230	chr22.295798	5	1024	302829080	/gbdb/hg19/wib/gc5Base.wib	0	100	1024	43780	2354000
788	chr22	26702230	26707350	chr22.295799	5	1024	302830104	/gbdb/hg19/wib/gc5Base.wib	0	100	1024	44580	2441200
788	chr22	26707350	26712470	chr22.295800	5	1024	302831128	/gbdb/hg19/wib/gc5Base.wib	0	100	1024	50040	2939200
788	chr22	26712470	26717590	chr22.295801	5	1024	302832152	/gbdb/hg19/wib/gc5Base.wib	0	100	1024	47940	2790000
788	chr22	26717590	26722710	chr22.295802	5	1024	302833176	/gbdb/hg19/wib/gc5Base.wib	0	100	1024	47880	2688800
788	chr22	26722710	26727830	chr22.295803	5	1024	302834200	/gbdb/hg19/wib/gc5Base.wib	0	100	1024	49520	2890400
788	chr22	26727830	26732950	chr22.295804	5	1024	302835224	/gbdb/hg19/wib/gc5Base.wib	0	100	1024	48120	2731200
788	chr22	26732950	26738070	chr22.295805	5	1024	302836248	/gbdb/hg19/wib/gc5Base.wib	0	100	1024	46660	2565200
98	chr22	26738070	26743190	chr22.295806	5	1024	302837272	/gbdb/hg19/wib/gc5Base.wib	0	100	1024	45100	2466000
789	chr22	26743190	26748310	chr22.295807	5	1024	302838296	/gbdb/hg19/wib/gc5Base.wib	0	100	1024	46780	2713200
789	chr22	26748310	26753430	chr22.295808	5	1024	302839320	/gbdb/hg19/wib/gc5Base.wib	0	100	1024	46640	2628000
789	chr22	26753430	26758550	chr22.295809	5	1024	302840344	/gbdb/hg19/wib/gc5Base.wib	0	100	1024	45340	2566000
789	chr22	26758550	26763670	chr22.295810	5	1024	302841368	/gbdb/hg19/wib/gc5Base.wib	0	100	1024	45880	2567200
789	chr22	26763670	26768790	chr22.295811	5	1024	302842392	/gbdb/hg19/wib/gc5Base.wib	0	100	1024	46480	2658400
789	chr22	26768790	26773910	chr22.295812	5	1024	302843416	/gbdb/hg19/wib/gc5Base.wib	0	100	1024	45700	2566000
789	chr22	26773910	26779030	chr22.295813	5	1024	302844440	/gbdb/hg19/wib/gc5Base.wib	0	100	1024	44500	2410800
789	chr22	26779030	26784150	chr22.295814	5	1024	302845464	/gbdb/hg19/wib/gc5Base.wib	0	100	1024	44440	2402400
789	chr22	26784150	26789270	chr22.295815	5	1024	302846488	/gbdb/hg19/wib/gc5Base.wib	0	100	1024	43080	2369600
789	chr22	26789270	26794390	chr22.295816	5	1024	302847512	/gbdb/hg19/wib/gc5Base.wib	0	100	1024	46100	2561200
789	chr22	26794390	26799510	chr22.295817	5	1024	302848536	/gbdb/hg19/wib/gc5Base.wib	0	100	1024	44780	2473200
789	chr22	26799510	26804630	chr22.295818	5	1024	302849560	/gbdb/hg19/wib/gc5Base.wib	0	100	1024	46720	2628800
789	chr22	26804630	26809750	chr22.295819	5	1024	302850584	/gbdb/hg19/wib/gc5Base.wib	0	100	1024	45160	2500000
789	chr22	26809750	26814870	chr22.295820	5	1024	302851608	/gbdb/hg19/wib/gc5Base.wib	0	100	1024	46300	2584400
789	chr22	26814870	26819990	chr22.295821	5	1024	302852632	/gbdb/hg19/wib/gc5Base.wib	0	100	1024	42340	2224400
789	chr22	26819990	26825110	chr22.295822	5	1024	302853656	/gbdb/hg19/wib/gc5Base.wib	0	100	1024	49060	2902800
789	chr22	26825110	26830230	chr22.295823	5	1024	302854680	/gbdb/hg19/wib/gc5Base.wib	0	100	1024	54800	3501600
789	chr22	26830230	26835350	chr22.295824	5	1024	302855704	/gbdb/hg19/wib/gc5Base.wib	0	100	1024	48620	2834800
789	chr22	26835350	26840470	chr22.295825	5	1024	302856728	/gbdb/hg19/wib/gc5Base.wib	0	100	1024	50040	2968800
789	chr22	26840470	26845590	chr22.295826	5	1024	302857752	/gbdb/hg19/wib/gc5Base.wib	0	100	1024	52760	3179200
789	chr22	26845590	26850710	chr22.295827	5	1024	302858776	/gbdb/hg19/wib/gc5Base.wib	0	100	1024	51420	3068400
789	chr22	26850710	26855830	chr22.295828	5	1024	302859800	/gbdb/hg19/wib/gc5Base.wib	0	100	1024	46260	2625200
789	chr22	26855830	26860950	chr22.295829	5	1024	302860824	/gbdb/hg19/wib/gc5Base.wib	0	100	1024	49700	2882800
789	chr22	26860950	26866070	chr22.295830	5	1024	302861848	/gbdb/hg19/wib/gc5Base.wib	0	100	1024	44860	2490800
98	chr22	26866070	26871190	chr22.295831	5	1024	302862872	/gbdb/hg19/wib/gc5Base.wib	0	100	1024	45820	2534000
790	chr22	26871190	26876310	chr22.295832	5	1024	302863896	/gbdb/hg19/wib/gc5Base.wib	0	100	1024	43760	2396000
790	chr22	26876310	26881430	chr22.295833	5	1024	302864920	/gbdb/hg19/wib/gc5Base.wib	0	100	1024	48960	2893600
790	chr22	26881430	26886550	chr22.295834	5	1024	302865944	/gbdb/hg19/wib/gc5Base.wib	0	100	1024	45160	2474400
790	chr22	26886550	26891670	chr22.295835	5	1024	302866968	/gbdb/hg19/wib/gc5Base.wib	0	100	1024	46480	2632800
790	chr22	26891670	26896790	chr22.295836	5	1024	302867992	/gbdb/hg19/wib/gc5Base.wib	0	100	1024	47880	2773600
790	chr22	26896790	26901910	chr22.295837	5	1024	302869016	/gbdb/hg19/wib/gc5Base.wib	0	100	1024	44420	2450800
790	chr22	26901910	26907030	chr22.295838	5	1024	302870040	/gbdb/hg19/wib/gc5Base.wib	0	100	1024	44000	2418400
790	chr22	26907030	26912150	chr22.295839	5	1024	302871064	/gbdb/hg19/wib/gc5Base.wib	0	100	1024	46360	2596000
790	chr22	26912150	26917270	chr22.295840	5	1024	302872088	/gbdb/hg19/wib/gc5Base.wib	0	100	1024	47520	2776000
790	chr22	26917270	26922390	chr22.295841	5	1024	302873112	/gbdb/hg19/wib/gc5Base.wib	0	100	1024	45100	2490800
790	chr22	26922390	26927510	chr22.295842	5	1024	302874136	/gbdb/hg19/wib/gc5Base.wib	0	100	1024	48320	2792800
790	chr22	26927510	26932630	chr22.295843	5	1024	302875160	/gbdb/hg19/wib/gc5Base.wib	0	100	1024	46740	2679600
790	chr22	26932630	26937750	chr22.295844	5	1024	302876184	/gbdb/hg19/wib/gc5Base.wib	0	100	1024	52840	3246400
790	chr22	26937750	26942870	chr22.295845	5	1024	302877208	/gbdb/hg19/wib/gc5Base.wib	0	100	1024	51920	3112000
790	chr22	26942870	26947990	chr22.295846	5	1024	302878232	/gbdb/hg19/wib/gc5Base.wib	0	100	1024	49820	2963600
790	chr22	26947990	26953110	chr22.295847	5	1024	302879256	/gbdb/hg19/wib/gc5Base.wib	0	100	1024	50080	2983200
790	chr22	26953110	26958230	chr22.295848	5	1024	302880280	/gbdb/hg19/wib/gc5Base.wib	0	100	1024	48040	2820800
790	chr22	26958230	26963350	chr22.295849	5	1024	302881304	/gbdb/hg19/wib/gc5Base.wib	0	100	1024	51620	3106000
790	chr22	26963350	26968470	chr22.295850	5	1024	302882328	/gbdb/hg19/wib/gc5Base.wib	0	100	1024	49440	2879200
790	chr22	26968470	26973590	chr22.295851	5	1024	302883352	/gbdb/hg19/wib/gc5Base.wib	0	100	1024	48920	2877600
790	chr22	26973590	26978710	chr22.295852	5	1024	302884376	/gbdb/hg19/wib/gc5Base.wib	0	100	1024	50560	2973600
790	chr22	26978710	26983830	chr22.295853	5	1024	302885400	/gbdb/hg19/wib/gc5Base.wib	0	100	1024	51800	3142400
790	chr22	26983830	26988950	chr22.295854	5	1024	302886424	/gbdb/hg19/wib/gc5Base.wib	0	100	1024	52880	3339200
790	chr22	26988950	26994070	chr22.295855	5	1024	302887448	/gbdb/hg19/wib/gc5Base.wib	0	100	1024	45700	2606800
790	chr22	26994070	26999190	chr22.295856	5	1024	302888472	/gbdb/hg19/wib/gc5Base.wib	0	100	1024	49960	2955200
98	chr22	26999190	27004310	chr22.295857	5	1024	302889496	/gbdb/hg19/wib/gc5Base.wib	0	100	1024	47800	2780800
791	chr22	27004310	27009430	chr22.295858	5	1024	302890520	/gbdb/hg19/wib/gc5Base.wib	0	100	1024	50480	2985600
791	chr22	27009430	27014550	chr22.295859	5	1024	302891544	/gbdb/hg19/wib/gc5Base.wib	0	100	1024	50540	3039600
791	chr22	27014550	27019670	chr22.295860	5	1024	302892568	/gbdb/hg19/wib/gc5Base.wib	0	100	1024	52200	3159200
791	chr22	27019670	27024790	chr22.295861	5	1024	302893592	/gbdb/hg19/wib/gc5Base.wib	0	100	1024	46880	2632800
791	chr22	27024790	27029910	chr22.295862	5	1024	302894616	/gbdb/hg19/wib/gc5Base.wib	0	100	1024	45860	2587600
791	chr22	27029910	27035030	chr22.295863	5	1024	302895640	/gbdb/hg19/wib/gc5Base.wib	0	100	1024	48160	2820800
791	chr22	27035030	27040150	chr22.295864	5	1024	302896664	/gbdb/hg19/wib/gc5Base.wib	0	100	1024	47260	2726800
791	chr22	27040150	27045270	chr22.295865	5	1024	302897688	/gbdb/hg19/wib/gc5Base.wib	0	100	1024	52220	3139600
791	chr22	27045270	27050390	chr22.295866	5	1024	302898712	/gbdb/hg19/wib/gc5Base.wib	0	100	1024	49340	2850000
791	chr22	27050390	27055510	chr22.295867	5	1024	302899736	/gbdb/hg19/wib/gc5Base.wib	0	100	1024	54860	3534800
791	chr22	27055510	27060630	chr22.295868	5	1024	302900760	/gbdb/hg19/wib/gc5Base.wib	0	100	1024	45620	2570800
791	chr22	27060630	27065750	chr22.295869	5	1024	302901784	/gbdb/hg19/wib/gc5Base.wib	0	100	1024	52980	3210800
791	chr22	27065750	27070870	chr22.295870	5	1024	302902808	/gbdb/hg19/wib/gc5Base.wib	0	100	1024	52940	3219600
791	chr22	27070870	27075990	chr22.295871	5	1024	302903832	/gbdb/hg19/wib/gc5Base.wib	0	100	1024	49480	2883200
791	chr22	27075990	27081110	chr22.295872	5	1024	302904856	/gbdb/hg19/wib/gc5Base.wib	0	100	1024	51880	3116800
791	chr22	27081110	27086230	chr22.295873	5	1024	302905880	/gbdb/hg19/wib/gc5Base.wib	0	100	1024	47260	2700400
791	chr22	27086230	27091350	chr22.295874	5	1024	302906904	/gbdb/hg19/wib/gc5Base.wib	0	100	1024	45500	2462000
791	chr22	27091350	27096470	chr22.295875	5	1024	302907928	/gbdb/hg19/wib/gc5Base.wib	0	100	1024	46540	2640400
791	chr22	27096470	27101590	chr22.295876	5	1024	302908952	/gbdb/hg19/wib/gc5Base.wib	0	100	1024	40320	2138400
791	chr22	27101590	27106710	chr22.295877	5	1024	302909976	/gbdb/hg19/wib/gc5Base.wib	0	100	1024	42800	2245600
791	chr22	27106710	27111830	chr22.295878	5	1024	302911000	/gbdb/hg19/wib/gc5Base.wib	0	100	1024	48420	2786000
791	chr22	27111830	27116950	chr22.295879	5	1024	302912024	/gbdb/hg19/wib/gc5Base.wib	0	100	1024	47920	2778400
791	chr22	27116950	27122070	chr22.295880	5	1024	302913048	/gbdb/hg19/wib/gc5Base.wib	0	100	1024	47620	2694800
791	chr22	27122070	27127190	chr22.295881	5	1024	302914072	/gbdb/hg19/wib/gc5Base.wib	0	100	1024	46960	2624800
98	chr22	27127190	27132310	chr22.295882	5	1024	302915096	/gbdb/hg19/wib/gc5Base.wib	0	100	1024	45820	2533200
792	chr22	27132310	27137430	chr22.295883	5	1024	302916120	/gbdb/hg19/wib/gc5Base.wib	0	100	1024	44200	2472000
792	chr22	27137430	27142550	chr22.295884	5	1024	302917144	/gbdb/hg19/wib/gc5Base.wib	0	100	1024	44220	2395600
792	chr22	27142550	27147670	chr22.295885	5	1024	302918168	/gbdb/hg19/wib/gc5Base.wib	0	100	1024	47840	2756800
792	chr22	27147670	27152790	chr22.295886	5	1024	302919192	/gbdb/hg19/wib/gc5Base.wib	0	100	1024	51160	3077600
792	chr22	27152790	27157910	chr22.295887	5	1024	302920216	/gbdb/hg19/wib/gc5Base.wib	0	100	1024	51300	3061200
792	chr22	27157910	27163030	chr22.295888	5	1024	302921240	/gbdb/hg19/wib/gc5Base.wib	0	100	1024	49260	2842800
792	chr22	27163030	27168150	chr22.295889	5	1024	302922264	/gbdb/hg19/wib/gc5Base.wib	0	100	1024	47500	2730800
792	chr22	27168150	27173270	chr22.295890	5	1024	302923288	/gbdb/hg19/wib/gc5Base.wib	0	100	1024	53280	3412800
792	chr22	27173270	27178390	chr22.295891	5	1024	302924312	/gbdb/hg19/wib/gc5Base.wib	0	100	1024	48780	2827600
792	chr22	27178390	27183510	chr22.295892	5	1024	302925336	/gbdb/hg19/wib/gc5Base.wib	0	100	1024	48320	2743200
792	chr22	27183510	27188630	chr22.295893	5	1024	302926360	/gbdb/hg19/wib/gc5Base.wib	0	100	1024	47560	2716800
792	chr22	27188630	27193750	chr22.295894	5	1024	302927384	/gbdb/hg19/wib/gc5Base.wib	0	100	1024	50900	2982000
792	chr22	27193750	27198870	chr22.295895	5	1024	302928408	/gbdb/hg19/wib/gc5Base.wib	0	100	1024	52860	3210000
792	chr22	27198870	27203990	chr22.295896	5	1024	302929432	/gbdb/hg19/wib/gc5Base.wib	0	100	1024	49280	2851200
792	chr22	27203990	27209110	chr22.295897	5	1024	302930456	/gbdb/hg19/wib/gc5Base.wib	0	100	1024	46680	2617600
792	chr22	27209110	27214230	chr22.295898	5	1024	302931480	/gbdb/hg19/wib/gc5Base.wib	0	100	1024	45700	2533200
792	chr22	27214230	27219350	chr22.295899	5	1024	302932504	/gbdb/hg19/wib/gc5Base.wib	0	100	1024	46780	2662800
792	chr22	27219350	27224470	chr22.295900	5	1024	302933528	/gbdb/hg19/wib/gc5Base.wib	0	100	1024	45800	2573600
792	chr22	27224470	27229590	chr22.295901	5	1024	302934552	/gbdb/hg19/wib/gc5Base.wib	0	100	1024	50500	2966800
792	chr22	27229590	27234710	chr22.295902	5	1024	302935576	/gbdb/hg19/wib/gc5Base.wib	0	100	1024	50160	2942400
792	chr22	27234710	27239830	chr22.295903	5	1024	302936600	/gbdb/hg19/wib/gc5Base.wib	0	100	1024	48100	2712400
792	chr22	27239830	27244950	chr22.295904	5	1024	302937624	/gbdb/hg19/wib/gc5Base.wib	0	100	1024	47020	2610800
792	chr22	27244950	27250070	chr22.295905	5	1024	302938648	/gbdb/hg19/wib/gc5Base.wib	0	100	1024	45440	2472000
792	chr22	27250070	27255190	chr22.295906	5	1024	302939672	/gbdb/hg19/wib/gc5Base.wib	0	100	1024	44360	2367200
792	chr22	27255190	27260310	chr22.295907	5	1024	302940696	/gbdb/hg19/wib/gc5Base.wib	0	100	1024	44460	2455600
12	chr22	27260310	27265430	chr22.295908	5	1024	302941720	/gbdb/hg19/wib/gc5Base.wib	0	100	1024	38980	1937200
793	chr22	27265430	27270550	chr22.295909	5	1024	302942744	/gbdb/hg19/wib/gc5Base.wib	0	100	1024	35400	1744800
793	chr22	27270550	27275670	chr22.295910	5	1024	302943768	/gbdb/hg19/wib/gc5Base.wib	0	100	1024	35540	1718000
793	chr22	27275670	27280790	chr22.295911	5	1024	302944792	/gbdb/hg19/wib/gc5Base.wib	0	100	1024	41700	2248400
793	chr22	27280790	27285910	chr22.295912	5	1024	302945816	/gbdb/hg19/wib/gc5Base.wib	0	100	1024	48640	2804800
793	chr22	27285910	27291030	chr22.295913	5	1024	302946840	/gbdb/hg19/wib/gc5Base.wib	0	100	1024	48780	2858800
793	chr22	27291030	27296150	chr22.295914	5	1024	302947864	/gbdb/hg19/wib/gc5Base.wib	0	100	1024	45700	2523600
793	chr22	27296150	27301270	chr22.295915	5	1024	302948888	/gbdb/hg19/wib/gc5Base.wib	0	100	1024	50840	3084000
793	chr22	27301270	27306390	chr22.295916	5	1024	302949912	/gbdb/hg19/wib/gc5Base.wib	0	100	1024	46180	2569200
793	chr22	27306390	27311510	chr22.295917	5	1024	302950936	/gbdb/hg19/wib/gc5Base.wib	0	100	1024	50300	2965200
793	chr22	27311510	27316630	chr22.295918	5	1024	302951960	/gbdb/hg19/wib/gc5Base.wib	0	100	1024	46440	2588800
793	chr22	27316630	27321750	chr22.295919	5	1024	302952984	/gbdb/hg19/wib/gc5Base.wib	0	100	1024	46060	2579600
793	chr22	27321750	27326870	chr22.295920	5	1024	302954008	/gbdb/hg19/wib/gc5Base.wib	0	100	1024	45600	2542400
793	chr22	27326870	27331990	chr22.295921	5	1024	302955032	/gbdb/hg19/wib/gc5Base.wib	0	100	1024	43200	2320800
793	chr22	27331990	27337110	chr22.295922	5	1024	302956056	/gbdb/hg19/wib/gc5Base.wib	0	100	1024	47800	2737600
793	chr22	27337110	27342230	chr22.295923	5	1024	302957080	/gbdb/hg19/wib/gc5Base.wib	0	100	1024	45940	2530800
793	chr22	27342230	27347350	chr22.295924	5	1024	302958104	/gbdb/hg19/wib/gc5Base.wib	0	100	1024	43560	2354400
793	chr22	27347350	27352470	chr22.295925	5	1024	302959128	/gbdb/hg19/wib/gc5Base.wib	0	100	1024	48140	2750000
793	chr22	27352470	27357590	chr22.295926	5	1024	302960152	/gbdb/hg19/wib/gc5Base.wib	0	100	1024	46140	2554000
793	chr22	27357590	27362710	chr22.295927	5	1024	302961176	/gbdb/hg19/wib/gc5Base.wib	0	100	1024	43020	2233200
793	chr22	27362710	27367830	chr22.295928	5	1024	302962200	/gbdb/hg19/wib/gc5Base.wib	0	100	1024	44200	2379200
793	chr22	27367830	27372950	chr22.295929	5	1024	302963224	/gbdb/hg19/wib/gc5Base.wib	0	100	1024	45200	2453600
793	chr22	27372950	27378070	chr22.295930	5	1024	302964248	/gbdb/hg19/wib/gc5Base.wib	0	100	1024	47000	2638400
793	chr22	27378070	27383190	chr22.295931	5	1024	302965272	/gbdb/hg19/wib/gc5Base.wib	0	100	1024	48020	2721200
793	chr22	27383190	27388310	chr22.295932	5	1024	302966296	/gbdb/hg19/wib/gc5Base.wib	0	100	1024	45320	2440800
793	chr22	27388310	27393430	chr22.295933	5	1024	302967320	/gbdb/hg19/wib/gc5Base.wib	0	100	1024	46020	2534000
99	chr22	27393430	27398550	chr22.295934	5	1024	302968344	/gbdb/hg19/wib/gc5Base.wib	0	100	1024	47360	2695200
794	chr22	27398550	27403670	chr22.295935	5	1024	302969368	/gbdb/hg19/wib/gc5Base.wib	0	100	1024	43760	2366400
794	chr22	27403670	27408790	chr22.295936	5	1024	302970392	/gbdb/hg19/wib/gc5Base.wib	0	100	1024	50280	2894400
794	chr22	27408790	27413910	chr22.295937	5	1024	302971416	/gbdb/hg19/wib/gc5Base.wib	0	100	1024	46640	2588000
794	chr22	27413910	27419030	chr22.295938	5	1024	302972440	/gbdb/hg19/wib/gc5Base.wib	0	100	1024	45920	2531200
794	chr22	27419030	27424150	chr22.295939	5	1024	302973464	/gbdb/hg19/wib/gc5Base.wib	0	100	1024	42260	2283600
794	chr22	27424150	27429270	chr22.295940	5	1024	302974488	/gbdb/hg19/wib/gc5Base.wib	0	100	1024	47960	2800000
794	chr22	27429270	27434390	chr22.295941	5	1024	302975512	/gbdb/hg19/wib/gc5Base.wib	0	100	1024	44620	2410800
794	chr22	27434390	27439510	chr22.295942	5	1024	302976536	/gbdb/hg19/wib/gc5Base.wib	0	100	1024	46460	2587600
794	chr22	27439510	27444630	chr22.295943	5	1024	302977560	/gbdb/hg19/wib/gc5Base.wib	0	100	1024	44500	2398800
794	chr22	27444630	27449750	chr22.295944	5	1024	302978584	/gbdb/hg19/wib/gc5Base.wib	0	100	1024	46040	2544000
794	chr22	27449750	27454870	chr22.295945	5	1024	302979608	/gbdb/hg19/wib/gc5Base.wib	0	100	1024	45740	2481200
794	chr22	27454870	27459990	chr22.295946	5	1024	302980632	/gbdb/hg19/wib/gc5Base.wib	0	100	1024	46720	2625600
794	chr22	27459990	27465110	chr22.295947	5	1024	302981656	/gbdb/hg19/wib/gc5Base.wib	0	100	1024	47520	2654400
794	chr22	27465110	27470230	chr22.295948	5	1024	302982680	/gbdb/hg19/wib/gc5Base.wib	0	100	1024	44720	2435200
794	chr22	27470230	27475350	chr22.295949	5	1024	302983704	/gbdb/hg19/wib/gc5Base.wib	0	100	1024	45640	2481600
794	chr22	27475350	27480470	chr22.295950	5	1024	302984728	/gbdb/hg19/wib/gc5Base.wib	0	100	1024	46880	2666400
794	chr22	27480470	27485590	chr22.295951	5	1024	302985752	/gbdb/hg19/wib/gc5Base.wib	0	100	1024	46400	2597600
794	chr22	27485590	27490710	chr22.295952	5	1024	302986776	/gbdb/hg19/wib/gc5Base.wib	0	100	1024	51460	3016400
794	chr22	27490710	27495830	chr22.295953	5	1024	302987800	/gbdb/hg19/wib/gc5Base.wib	0	100	1024	48100	2747600
794	chr22	27495830	27500950	chr22.295954	5	1024	302988824	/gbdb/hg19/wib/gc5Base.wib	0	100	1024	49860	2906000
794	chr22	27500950	27506070	chr22.295955	5	1024	302989848	/gbdb/hg19/wib/gc5Base.wib	0	100	1024	46900	2613200
794	chr22	27506070	27511190	chr22.295956	5	1024	302990872	/gbdb/hg19/wib/gc5Base.wib	0	100	1024	48980	2834000
794	chr22	27511190	27516310	chr22.295957	5	1024	302991896	/gbdb/hg19/wib/gc5Base.wib	0	100	1024	42240	2219200
794	chr22	27516310	27521430	chr22.295958	5	1024	302992920	/gbdb/hg19/wib/gc5Base.wib	0	100	1024	47700	2755600
99	chr22	27521430	27526550	chr22.295959	5	1024	302993944	/gbdb/hg19/wib/gc5Base.wib	0	100	1024	42780	2296400
795	chr22	27526550	27531670	chr22.295960	5	1024	302994968	/gbdb/hg19/wib/gc5Base.wib	0	100	1024	48560	2779200
795	chr22	27531670	27536790	chr22.295961	5	1024	302995992	/gbdb/hg19/wib/gc5Base.wib	0	100	1024	50760	2995200
795	chr22	27536790	27541910	chr22.295962	5	1024	302997016	/gbdb/hg19/wib/gc5Base.wib	0	100	1024	47720	2716800
795	chr22	27541910	27547030	chr22.295963	5	1024	302998040	/gbdb/hg19/wib/gc5Base.wib	0	100	1024	44740	2438800
795	chr22	27547030	27552150	chr22.295964	5	1024	302999064	/gbdb/hg19/wib/gc5Base.wib	0	100	1024	43520	2385600
795	chr22	27552150	27557270	chr22.295965	5	1024	303000088	/gbdb/hg19/wib/gc5Base.wib	0	100	1024	48220	2781200
795	chr22	27557270	27562390	chr22.295966	5	1024	303001112	/gbdb/hg19/wib/gc5Base.wib	0	100	1024	45520	2496000
795	chr22	27562390	27567510	chr22.295967	5	1024	303002136	/gbdb/hg19/wib/gc5Base.wib	0	100	1024	46660	2557200
795	chr22	27567510	27572630	chr22.295968	5	1024	303003160	/gbdb/hg19/wib/gc5Base.wib	0	100	1024	43160	2345600
795	chr22	27572630	27577750	chr22.295969	5	1024	303004184	/gbdb/hg19/wib/gc5Base.wib	0	100	1024	44000	2379200
795	chr22	27577750	27582870	chr22.295970	5	1024	303005208	/gbdb/hg19/wib/gc5Base.wib	0	100	1024	46460	2614800
795	chr22	27582870	27587990	chr22.295971	5	1024	303006232	/gbdb/hg19/wib/gc5Base.wib	0	100	1024	44660	2389200
795	chr22	27587990	27593110	chr22.295972	5	1024	303007256	/gbdb/hg19/wib/gc5Base.wib	0	100	1024	49400	2871200
795	chr22	27593110	27598230	chr22.295973	5	1024	303008280	/gbdb/hg19/wib/gc5Base.wib	0	100	1024	47340	2670000
795	chr22	27598230	27603350	chr22.295974	5	1024	303009304	/gbdb/hg19/wib/gc5Base.wib	0	100	1024	46740	2642800
795	chr22	27603350	27608470	chr22.295975	5	1024	303010328	/gbdb/hg19/wib/gc5Base.wib	0	100	1024	45500	2534000
795	chr22	27608470	27613590	chr22.295976	5	1024	303011352	/gbdb/hg19/wib/gc5Base.wib	0	100	1024	50260	2919600
795	chr22	27613590	27618710	chr22.295977	5	1024	303012376	/gbdb/hg19/wib/gc5Base.wib	0	100	1024	46800	2636000
795	chr22	27618710	27623830	chr22.295978	5	1024	303013400	/gbdb/hg19/wib/gc5Base.wib	0	100	1024	45460	2540400
795	chr22	27623830	27628950	chr22.295979	5	1024	303014424	/gbdb/hg19/wib/gc5Base.wib	0	100	1024	41580	2168400
795	chr22	27628950	27634070	chr22.295980	5	1024	303015448	/gbdb/hg19/wib/gc5Base.wib	0	100	1024	43440	2360800
795	chr22	27634070	27639190	chr22.295981	5	1024	303016472	/gbdb/hg19/wib/gc5Base.wib	0	100	1024	52440	3176800
795	chr22	27639190	27644310	chr22.295982	5	1024	303017496	/gbdb/hg19/wib/gc5Base.wib	0	100	1024	47020	2610800
795	chr22	27644310	27649430	chr22.295983	5	1024	303018520	/gbdb/hg19/wib/gc5Base.wib	0	100	1024	48520	2794400
795	chr22	27649430	27654550	chr22.295984	5	1024	303019544	/gbdb/hg19/wib/gc5Base.wib	0	100	1024	45880	2530400
99	chr22	27654550	27659670	chr22.295985	5	1024	303020568	/gbdb/hg19/wib/gc5Base.wib	0	100	1024	49280	2904800
796	chr22	27659670	27664790	chr22.295986	5	1024	303021592	/gbdb/hg19/wib/gc5Base.wib	0	100	1024	49500	2851600
796	chr22	27664790	27669910	chr22.295987	5	1024	303022616	/gbdb/hg19/wib/gc5Base.wib	0	100	1024	48400	2784800
796	chr22	27669910	27675030	chr22.295988	5	1024	303023640	/gbdb/hg19/wib/gc5Base.wib	0	100	1024	47060	2666000
796	chr22	27675030	27680150	chr22.295989	5	1024	303024664	/gbdb/hg19/wib/gc5Base.wib	0	100	1024	43140	2287600
796	chr22	27680150	27685270	chr22.295990	5	1024	303025688	/gbdb/hg19/wib/gc5Base.wib	0	100	1024	46880	2618400
796	chr22	27685270	27690390	chr22.295991	5	1024	303026712	/gbdb/hg19/wib/gc5Base.wib	0	100	1024	42620	2253200
796	chr22	27690390	27695510	chr22.295992	5	1024	303027736	/gbdb/hg19/wib/gc5Base.wib	0	100	1024	48900	2859600
796	chr22	27695510	27700630	chr22.295993	5	1024	303028760	/gbdb/hg19/wib/gc5Base.wib	0	100	1024	51600	3143200
796	chr22	27700630	27705750	chr22.295994	5	1024	303029784	/gbdb/hg19/wib/gc5Base.wib	0	100	1024	47080	2636000
796	chr22	27705750	27710870	chr22.295995	5	1024	303030808	/gbdb/hg19/wib/gc5Base.wib	0	100	1024	51540	3080400
796	chr22	27710870	27715990	chr22.295996	5	1024	303031832	/gbdb/hg19/wib/gc5Base.wib	0	100	1024	48020	2740400
796	chr22	27715990	27721110	chr22.295997	5	1024	303032856	/gbdb/hg19/wib/gc5Base.wib	0	100	1024	47640	2708000
796	chr22	27721110	27726230	chr22.295998	5	1024	303033880	/gbdb/hg19/wib/gc5Base.wib	0	100	1024	46120	2576000
796	chr22	27726230	27731350	chr22.295999	5	1024	303034904	/gbdb/hg19/wib/gc5Base.wib	0	100	1024	47680	2686400
796	chr22	27731350	27736470	chr22.296000	5	1024	303035928	/gbdb/hg19/wib/gc5Base.wib	0	100	1024	46460	2588400
796	chr22	27736470	27741590	chr22.296001	5	1024	303036952	/gbdb/hg19/wib/gc5Base.wib	0	100	1024	34360	1580800
796	chr22	27741590	27746710	chr22.296002	5	1024	303037976	/gbdb/hg19/wib/gc5Base.wib	0	100	1024	39540	2059600
796	chr22	27746710	27751830	chr22.296003	5	1024	303039000	/gbdb/hg19/wib/gc5Base.wib	0	100	1024	44560	2444000
796	chr22	27751830	27756950	chr22.296004	5	1024	303040024	/gbdb/hg19/wib/gc5Base.wib	0	100	1024	42680	2236800
796	chr22	27756950	27762070	chr22.296005	5	1024	303041048	/gbdb/hg19/wib/gc5Base.wib	0	80	1024	34680	1593600
796	chr22	27762070	27767190	chr22.296006	5	1024	303042072	/gbdb/hg19/wib/gc5Base.wib	0	100	1024	41360	2209600
796	chr22	27767190	27772310	chr22.296007	5	1024	303043096	/gbdb/hg19/wib/gc5Base.wib	0	100	1024	45180	2442800
796	chr22	27772310	27777430	chr22.296008	5	1024	303044120	/gbdb/hg19/wib/gc5Base.wib	0	100	1024	46080	2646400
796	chr22	27777430	27782550	chr22.296009	5	1024	303045144	/gbdb/hg19/wib/gc5Base.wib	0	100	1024	49680	2905600
99	chr22	27782550	27787670	chr22.296010	5	1024	303046168	/gbdb/hg19/wib/gc5Base.wib	0	100	1024	48300	2814800
797	chr22	27787670	27792790	chr22.296011	5	1024	303047192	/gbdb/hg19/wib/gc5Base.wib	0	100	1024	49060	2802800
797	chr22	27792790	27797910	chr22.296012	5	1024	303048216	/gbdb/hg19/wib/gc5Base.wib	0	100	1024	45240	2509600
797	chr22	27797910	27803030	chr22.296013	5	1024	303049240	/gbdb/hg19/wib/gc5Base.wib	0	100	1024	49920	2930400
797	chr22	27803030	27808150	chr22.296014	5	1024	303050264	/gbdb/hg19/wib/gc5Base.wib	0	100	1024	52340	3158800
797	chr22	27808150	27813270	chr22.296015	5	1024	303051288	/gbdb/hg19/wib/gc5Base.wib	0	100	1024	51820	3105200
797	chr22	27813270	27818390	chr22.296016	5	1024	303052312	/gbdb/hg19/wib/gc5Base.wib	0	100	1024	50220	2984400
797	chr22	27818390	27823510	chr22.296017	5	1024	303053336	/gbdb/hg19/wib/gc5Base.wib	0	100	1024	44760	2432000
797	chr22	27823510	27828630	chr22.296018	5	1024	303054360	/gbdb/hg19/wib/gc5Base.wib	0	100	1024	51100	2998000
797	chr22	27828630	27833750	chr22.296019	5	1024	303055384	/gbdb/hg19/wib/gc5Base.wib	0	100	1024	53200	3262400
797	chr22	27833750	27838870	chr22.296020	5	1024	303056408	/gbdb/hg19/wib/gc5Base.wib	0	100	1024	52780	3250800
797	chr22	27838870	27843990	chr22.296021	5	1024	303057432	/gbdb/hg19/wib/gc5Base.wib	0	100	1024	52800	3268800
797	chr22	27843990	27849110	chr22.296022	5	1024	303058456	/gbdb/hg19/wib/gc5Base.wib	0	100	1024	47560	2644000
797	chr22	27849110	27854230	chr22.296023	5	1024	303059480	/gbdb/hg19/wib/gc5Base.wib	0	100	1024	51140	3032400
797	chr22	27854230	27859350	chr22.296024	5	1024	303060504	/gbdb/hg19/wib/gc5Base.wib	0	100	1024	50360	2920800
797	chr22	27859350	27864470	chr22.296025	5	1024	303061528	/gbdb/hg19/wib/gc5Base.wib	0	100	1024	50860	2986000
797	chr22	27864470	27869590	chr22.296026	5	1024	303062552	/gbdb/hg19/wib/gc5Base.wib	0	100	1024	48140	2730000
797	chr22	27869590	27874710	chr22.296027	5	1024	303063576	/gbdb/hg19/wib/gc5Base.wib	0	100	1024	53620	3251600
797	chr22	27874710	27879830	chr22.296028	5	1024	303064600	/gbdb/hg19/wib/gc5Base.wib	0	100	1024	50660	3025200
797	chr22	27879830	27884950	chr22.296029	5	1024	303065624	/gbdb/hg19/wib/gc5Base.wib	0	100	1024	47660	2781200
797	chr22	27884950	27890070	chr22.296030	5	1024	303066648	/gbdb/hg19/wib/gc5Base.wib	0	100	1024	50620	2981200
797	chr22	27890070	27895190	chr22.296031	5	1024	303067672	/gbdb/hg19/wib/gc5Base.wib	0	100	1024	52320	3139200
797	chr22	27895190	27900310	chr22.296032	5	1024	303068696	/gbdb/hg19/wib/gc5Base.wib	0	100	1024	51680	3131200
797	chr22	27900310	27905430	chr22.296033	5	1024	303069720	/gbdb/hg19/wib/gc5Base.wib	0	100	1024	51920	3080800
797	chr22	27905430	27910550	chr22.296034	5	1024	303070744	/gbdb/hg19/wib/gc5Base.wib	0	100	1024	47120	2612000
797	chr22	27910550	27915670	chr22.296035	5	1024	303071768	/gbdb/hg19/wib/gc5Base.wib	0	100	1024	50700	2990000
99	chr22	27915670	27920790	chr22.296036	5	1024	303072792	/gbdb/hg19/wib/gc5Base.wib	0	100	1024	51340	3080400
798	chr22	27920790	27925910	chr22.296037	5	1024	303073816	/gbdb/hg19/wib/gc5Base.wib	0	100	1024	49780	2902800
798	chr22	27925910	27931030	chr22.296038	5	1024	303074840	/gbdb/hg19/wib/gc5Base.wib	0	100	1024	48440	2773600
798	chr22	27931030	27936150	chr22.296039	5	1024	303075864	/gbdb/hg19/wib/gc5Base.wib	0	100	1024	49640	2924800
798	chr22	27936150	27941270	chr22.296040	5	1024	303076888	/gbdb/hg19/wib/gc5Base.wib	0	100	1024	52100	3168400
798	chr22	27941270	27946390	chr22.296041	5	1024	303077912	/gbdb/hg19/wib/gc5Base.wib	0	100	1024	49740	2950800
798	chr22	27946390	27951510	chr22.296042	5	1024	303078936	/gbdb/hg19/wib/gc5Base.wib	0	100	1024	52440	3156800
798	chr22	27951510	27956630	chr22.296043	5	1024	303079960	/gbdb/hg19/wib/gc5Base.wib	0	100	1024	51400	3098400
798	chr22	27956630	27961750	chr22.296044	5	1024	303080984	/gbdb/hg19/wib/gc5Base.wib	0	100	1024	52920	3195200
798	chr22	27961750	27966870	chr22.296045	5	1024	303082008	/gbdb/hg19/wib/gc5Base.wib	0	100	1024	49060	2828400
798	chr22	27966870	27971990	chr22.296046	5	1024	303083032	/gbdb/hg19/wib/gc5Base.wib	0	100	1024	51680	3112800
798	chr22	27971990	27977110	chr22.296047	5	1024	303084056	/gbdb/hg19/wib/gc5Base.wib	0	100	1024	51640	3092000
798	chr22	27977110	27982230	chr22.296048	5	1024	303085080	/gbdb/hg19/wib/gc5Base.wib	0	100	1024	51600	3078400
798	chr22	27982230	27987350	chr22.296049	5	1024	303086104	/gbdb/hg19/wib/gc5Base.wib	0	100	1024	48240	2734400
798	chr22	27987350	27992470	chr22.296050	5	1024	303087128	/gbdb/hg19/wib/gc5Base.wib	0	100	1024	50600	2942400
798	chr22	27992470	27997590	chr22.296051	5	1024	303088152	/gbdb/hg19/wib/gc5Base.wib	0	100	1024	46140	2582800
798	chr22	27997590	28002710	chr22.296052	5	1024	303089176	/gbdb/hg19/wib/gc5Base.wib	0	100	1024	51220	3066000
798	chr22	28002710	28007830	chr22.296053	5	1024	303090200	/gbdb/hg19/wib/gc5Base.wib	0	100	1024	52240	3217600
798	chr22	28007830	28012950	chr22.296054	5	1024	303091224	/gbdb/hg19/wib/gc5Base.wib	0	100	1024	57560	3715200
798	chr22	28012950	28018070	chr22.296055	5	1024	303092248	/gbdb/hg19/wib/gc5Base.wib	0	100	1024	52840	3203200
798	chr22	28018070	28023190	chr22.296056	5	1024	303093272	/gbdb/hg19/wib/gc5Base.wib	0	100	1024	49120	2861600
798	chr22	28023190	28028310	chr22.296057	5	1024	303094296	/gbdb/hg19/wib/gc5Base.wib	0	100	1024	51000	3072800
798	chr22	28028310	28033430	chr22.296058	5	1024	303095320	/gbdb/hg19/wib/gc5Base.wib	0	100	1024	53580	3246800
798	chr22	28033430	28038550	chr22.296059	5	1024	303096344	/gbdb/hg19/wib/gc5Base.wib	0	100	1024	54900	3455600
798	chr22	28038550	28043670	chr22.296060	5	1024	303097368	/gbdb/hg19/wib/gc5Base.wib	0	100	1024	51060	3057200
798	chr22	28043670	28048790	chr22.296061	5	1024	303098392	/gbdb/hg19/wib/gc5Base.wib	0	100	1024	49540	2846000
99	chr22	28048790	28053910	chr22.296062	5	1024	303099416	/gbdb/hg19/wib/gc5Base.wib	0	100	1024	48680	2800000
799	chr22	28053910	28059030	chr22.296063	5	1024	303100440	/gbdb/hg19/wib/gc5Base.wib	0	100	1024	50200	3004800
799	chr22	28059030	28064150	chr22.296064	5	1024	303101464	/gbdb/hg19/wib/gc5Base.wib	0	100	1024	47460	2738000
799	chr22	28064150	28069270	chr22.296065	5	1024	303102488	/gbdb/hg19/wib/gc5Base.wib	0	100	1024	56480	3562400
799	chr22	28069270	28074390	chr22.296066	5	1024	303103512	/gbdb/hg19/wib/gc5Base.wib	0	100	1024	51740	3099600
799	chr22	28074390	28079510	chr22.296067	5	1024	303104536	/gbdb/hg19/wib/gc5Base.wib	0	100	1024	50720	3005600
799	chr22	28079510	28084630	chr22.296068	5	1024	303105560	/gbdb/hg19/wib/gc5Base.wib	0	100	1024	49600	2929600
799	chr22	28084630	28089750	chr22.296069	5	1024	303106584	/gbdb/hg19/wib/gc5Base.wib	0	100	1024	47200	2672000
799	chr22	28089750	28094870	chr22.296070	5	1024	303107608	/gbdb/hg19/wib/gc5Base.wib	0	100	1024	52420	3138800
799	chr22	28094870	28099990	chr22.296071	5	1024	303108632	/gbdb/hg19/wib/gc5Base.wib	0	100	1024	51740	3103600
799	chr22	28099990	28105110	chr22.296072	5	1024	303109656	/gbdb/hg19/wib/gc5Base.wib	0	100	1024	51200	3020000
799	chr22	28105110	28110230	chr22.296073	5	1024	303110680	/gbdb/hg19/wib/gc5Base.wib	0	100	1024	50960	2980000
799	chr22	28110230	28115350	chr22.296074	5	1024	303111704	/gbdb/hg19/wib/gc5Base.wib	0	100	1024	50600	2951200
799	chr22	28115350	28120470	chr22.296075	5	1024	303112728	/gbdb/hg19/wib/gc5Base.wib	0	100	1024	48260	2753200
799	chr22	28120470	28125590	chr22.296076	5	1024	303113752	/gbdb/hg19/wib/gc5Base.wib	0	100	1024	50380	2914000
799	chr22	28125590	28130710	chr22.296077	5	1024	303114776	/gbdb/hg19/wib/gc5Base.wib	0	100	1024	51440	3072000
799	chr22	28130710	28135830	chr22.296078	5	1024	303115800	/gbdb/hg19/wib/gc5Base.wib	0	100	1024	44940	2478000
799	chr22	28135830	28140950	chr22.296079	5	1024	303116824	/gbdb/hg19/wib/gc5Base.wib	0	100	1024	49340	2908400
799	chr22	28140950	28146070	chr22.296080	5	1024	303117848	/gbdb/hg19/wib/gc5Base.wib	0	100	1024	48860	2842000
799	chr22	28146070	28151190	chr22.296081	5	1024	303118872	/gbdb/hg19/wib/gc5Base.wib	0	100	1024	53500	3266000
799	chr22	28151190	28156310	chr22.296082	5	1024	303119896	/gbdb/hg19/wib/gc5Base.wib	0	100	1024	55200	3452800
799	chr22	28156310	28161430	chr22.296083	5	1024	303120920	/gbdb/hg19/wib/gc5Base.wib	0	100	1024	52740	3219600
799	chr22	28161430	28166550	chr22.296084	5	1024	303121944	/gbdb/hg19/wib/gc5Base.wib	0	100	1024	51520	3086400
799	chr22	28166550	28171670	chr22.296085	5	1024	303122968	/gbdb/hg19/wib/gc5Base.wib	0	100	1024	53120	3304000
799	chr22	28171670	28176790	chr22.296086	5	1024	303123992	/gbdb/hg19/wib/gc5Base.wib	0	100	1024	53800	3356800
99	chr22	28176790	28181910	chr22.296087	5	1024	303125016	/gbdb/hg19/wib/gc5Base.wib	0	100	1024	50560	3041600
800	chr22	28181910	28187030	chr22.296088	5	1024	303126040	/gbdb/hg19/wib/gc5Base.wib	0	100	1024	50040	2952000
800	chr22	28187030	28192150	chr22.296089	5	1024	303127064	/gbdb/hg19/wib/gc5Base.wib	0	100	1024	44920	2580000
800	chr22	28192150	28197270	chr22.296090	5	1024	303128088	/gbdb/hg19/wib/gc5Base.wib	0	100	1024	68940	5102800
800	chr22	28197270	28202390	chr22.296091	5	1024	303129112	/gbdb/hg19/wib/gc5Base.wib	0	100	1024	56280	3695200
800	chr22	28202390	28207510	chr22.296092	5	1024	303130136	/gbdb/hg19/wib/gc5Base.wib	0	100	1024	53000	3202400
800	chr22	28207510	28212630	chr22.296093	5	1024	303131160	/gbdb/hg19/wib/gc5Base.wib	0	100	1024	50320	3017600
800	chr22	28212630	28217750	chr22.296094	5	1024	303132184	/gbdb/hg19/wib/gc5Base.wib	0	100	1024	49500	2912400
800	chr22	28217750	28222870	chr22.296095	5	1024	303133208	/gbdb/hg19/wib/gc5Base.wib	0	100	1024	49640	2920000
800	chr22	28222870	28227990	chr22.296096	5	1024	303134232	/gbdb/hg19/wib/gc5Base.wib	0	100	1024	49400	2896800
800	chr22	28227990	28233110	chr22.296097	5	1024	303135256	/gbdb/hg19/wib/gc5Base.wib	0	100	1024	51820	3151600
800	chr22	28233110	28238230	chr22.296098	5	1024	303136280	/gbdb/hg19/wib/gc5Base.wib	0	100	1024	49320	2863200
800	chr22	28238230	28243350	chr22.296099	5	1024	303137304	/gbdb/hg19/wib/gc5Base.wib	0	100	1024	52220	3168400
800	chr22	28243350	28248470	chr22.296100	5	1024	303138328	/gbdb/hg19/wib/gc5Base.wib	0	100	1024	45600	2536800
800	chr22	28248470	28253590	chr22.296101	5	1024	303139352	/gbdb/hg19/wib/gc5Base.wib	0	100	1024	40660	2102000
800	chr22	28253590	28258710	chr22.296102	5	1024	303140376	/gbdb/hg19/wib/gc5Base.wib	0	100	1024	40500	2114000
800	chr22	28258710	28263830	chr22.296103	5	1024	303141400	/gbdb/hg19/wib/gc5Base.wib	0	100	1024	37400	1836800
800	chr22	28263830	28268950	chr22.296104	5	1024	303142424	/gbdb/hg19/wib/gc5Base.wib	0	100	1024	40180	2056400
800	chr22	28268950	28274070	chr22.296105	5	1024	303143448	/gbdb/hg19/wib/gc5Base.wib	0	100	1024	40080	2041600
800	chr22	28274070	28279190	chr22.296106	5	1024	303144472	/gbdb/hg19/wib/gc5Base.wib	0	100	1024	38300	1928400
800	chr22	28279190	28284310	chr22.296107	5	1024	303145496	/gbdb/hg19/wib/gc5Base.wib	0	100	1024	41980	2217200
800	chr22	28284310	28289430	chr22.296108	5	1024	303146520	/gbdb/hg19/wib/gc5Base.wib	0	100	1024	45180	2483600
800	chr22	28289430	28294550	chr22.296109	5	1024	303147544	/gbdb/hg19/wib/gc5Base.wib	0	100	1024	39380	2004400
800	chr22	28294550	28299670	chr22.296110	5	1024	303148568	/gbdb/hg19/wib/gc5Base.wib	0	100	1024	41900	2313200
800	chr22	28299670	28304790	chr22.296111	5	1024	303149592	/gbdb/hg19/wib/gc5Base.wib	0	100	1024	38900	1944400
800	chr22	28304790	28309910	chr22.296112	5	1024	303150616	/gbdb/hg19/wib/gc5Base.wib	0	100	1024	38180	1929200
12	chr22	28309910	28315030	chr22.296113	5	1024	303151640	/gbdb/hg19/wib/gc5Base.wib	0	100	1024	40960	2177600
801	chr22	28315030	28320150	chr22.296114	5	1024	303152664	/gbdb/hg19/wib/gc5Base.wib	0	100	1024	45560	2604800
801	chr22	28320150	28325270	chr22.296115	5	1024	303153688	/gbdb/hg19/wib/gc5Base.wib	0	100	1024	35080	1674400
801	chr22	28325270	28330390	chr22.296116	5	1024	303154712	/gbdb/hg19/wib/gc5Base.wib	0	100	1024	40800	2140000
801	chr22	28330390	28335510	chr22.296117	5	1024	303155736	/gbdb/hg19/wib/gc5Base.wib	0	100	1024	40400	2145600
801	chr22	28335510	28340630	chr22.296118	5	1024	303156760	/gbdb/hg19/wib/gc5Base.wib	0	100	1024	40480	2190400
801	chr22	28340630	28345750	chr22.296119	5	1024	303157784	/gbdb/hg19/wib/gc5Base.wib	0	100	1024	39080	1991200
801	chr22	28345750	28350870	chr22.296120	5	1024	303158808	/gbdb/hg19/wib/gc5Base.wib	0	100	1024	35620	1659600
801	chr22	28350870	28355990	chr22.296121	5	1024	303159832	/gbdb/hg19/wib/gc5Base.wib	0	100	1024	41580	2242800
801	chr22	28355990	28361110	chr22.296122	5	1024	303160856	/gbdb/hg19/wib/gc5Base.wib	0	100	1024	40960	2162400
801	chr22	28361110	28366230	chr22.296123	5	1024	303161880	/gbdb/hg19/wib/gc5Base.wib	0	100	1024	42760	2332000
801	chr22	28366230	28371350	chr22.296124	5	1024	303162904	/gbdb/hg19/wib/gc5Base.wib	0	100	1024	38100	1931600
801	chr22	28371350	28376470	chr22.296125	5	1024	303163928	/gbdb/hg19/wib/gc5Base.wib	0	100	1024	40240	2140000
801	chr22	28376470	28381590	chr22.296126	5	1024	303164952	/gbdb/hg19/wib/gc5Base.wib	0	100	1024	51660	3155600
801	chr22	28381590	28386710	chr22.296127	5	1024	303165976	/gbdb/hg19/wib/gc5Base.wib	0	100	1024	51680	3091200
801	chr22	28386710	28391830	chr22.296128	5	1024	303167000	/gbdb/hg19/wib/gc5Base.wib	0	100	1024	57140	3642000
801	chr22	28391830	28396950	chr22.296129	5	1024	303168024	/gbdb/hg19/wib/gc5Base.wib	0	100	1024	55540	3502800
801	chr22	28396950	28402070	chr22.296130	5	1024	303169048	/gbdb/hg19/wib/gc5Base.wib	0	100	1024	56980	3614000
801	chr22	28402070	28407190	chr22.296131	5	1024	303170072	/gbdb/hg19/wib/gc5Base.wib	0	100	1024	49880	2895200
801	chr22	28407190	28412310	chr22.296132	5	1024	303171096	/gbdb/hg19/wib/gc5Base.wib	0	100	1024	52740	3188400
801	chr22	28412310	28417430	chr22.296133	5	1024	303172120	/gbdb/hg19/wib/gc5Base.wib	0	100	1024	58120	3716000
801	chr22	28417430	28422550	chr22.296134	5	1024	303173144	/gbdb/hg19/wib/gc5Base.wib	0	100	1024	55240	3412000
801	chr22	28422550	28427670	chr22.296135	5	1024	303174168	/gbdb/hg19/wib/gc5Base.wib	0	100	1024	52760	3135200
801	chr22	28427670	28432790	chr22.296136	5	1024	303175192	/gbdb/hg19/wib/gc5Base.wib	0	100	1024	44800	2472800
801	chr22	28432790	28437910	chr22.296137	5	1024	303176216	/gbdb/hg19/wib/gc5Base.wib	0	100	1024	39880	1994400
100	chr22	28437910	28443030	chr22.296138	5	1024	303177240	/gbdb/hg19/wib/gc5Base.wib	0	100	1024	43560	2336800
802	chr22	28443030	28448150	chr22.296139	5	1024	303178264	/gbdb/hg19/wib/gc5Base.wib	0	100	1024	47460	2694000
802	chr22	28448150	28453270	chr22.296140	5	1024	303179288	/gbdb/hg19/wib/gc5Base.wib	0	100	1024	40380	2095600
802	chr22	28453270	28458390	chr22.296141	5	1024	303180312	/gbdb/hg19/wib/gc5Base.wib	0	100	1024	35760	1689600
802	chr22	28458390	28463510	chr22.296142	5	1024	303181336	/gbdb/hg19/wib/gc5Base.wib	0	100	1024	40700	2117200
802	chr22	28463510	28468630	chr22.296143	5	1024	303182360	/gbdb/hg19/wib/gc5Base.wib	0	100	1024	40080	2042400
802	chr22	28468630	28473750	chr22.296144	5	1024	303183384	/gbdb/hg19/wib/gc5Base.wib	0	100	1024	43080	2312000
802	chr22	28473750	28478870	chr22.296145	5	1024	303184408	/gbdb/hg19/wib/gc5Base.wib	0	100	1024	39060	1971600
802	chr22	28478870	28483990	chr22.296146	5	1024	303185432	/gbdb/hg19/wib/gc5Base.wib	0	100	1024	42780	2257200
802	chr22	28483990	28489110	chr22.296147	5	1024	303186456	/gbdb/hg19/wib/gc5Base.wib	0	100	1024	39680	2040000
802	chr22	28489110	28494230	chr22.296148	5	1024	303187480	/gbdb/hg19/wib/gc5Base.wib	0	100	1024	42880	2300800
802	chr22	28494230	28499350	chr22.296149	5	1024	303188504	/gbdb/hg19/wib/gc5Base.wib	0	100	1024	45320	2487200
802	chr22	28499350	28504470	chr22.296150	5	1024	303189528	/gbdb/hg19/wib/gc5Base.wib	0	100	1024	47900	2716400
802	chr22	28504470	28509590	chr22.296151	5	1024	303190552	/gbdb/hg19/wib/gc5Base.wib	0	100	1024	40800	2183200
802	chr22	28509590	28514710	chr22.296152	5	1024	303191576	/gbdb/hg19/wib/gc5Base.wib	0	100	1024	43540	2358000
802	chr22	28514710	28519830	chr22.296153	5	1024	303192600	/gbdb/hg19/wib/gc5Base.wib	0	100	1024	40740	2132400
802	chr22	28519830	28524950	chr22.296154	5	1024	303193624	/gbdb/hg19/wib/gc5Base.wib	0	100	1024	40840	2124800
802	chr22	28524950	28530070	chr22.296155	5	1024	303194648	/gbdb/hg19/wib/gc5Base.wib	0	100	1024	42300	2238800
802	chr22	28530070	28535190	chr22.296156	5	1024	303195672	/gbdb/hg19/wib/gc5Base.wib	0	100	1024	41940	2188400
802	chr22	28535190	28540310	chr22.296157	5	1024	303196696	/gbdb/hg19/wib/gc5Base.wib	0	100	1024	40180	2050000
802	chr22	28540310	28545430	chr22.296158	5	1024	303197720	/gbdb/hg19/wib/gc5Base.wib	0	100	1024	40540	2022800
802	chr22	28545430	28550550	chr22.296159	5	1024	303198744	/gbdb/hg19/wib/gc5Base.wib	0	100	1024	39120	1992800
802	chr22	28550550	28555670	chr22.296160	5	1024	303199768	/gbdb/hg19/wib/gc5Base.wib	0	100	1024	38040	1864000
802	chr22	28555670	28560790	chr22.296161	5	1024	303200792	/gbdb/hg19/wib/gc5Base.wib	0	100	1024	44380	2434000
802	chr22	28560790	28565910	chr22.296162	5	1024	303201816	/gbdb/hg19/wib/gc5Base.wib	0	100	1024	40360	2037600
802	chr22	28565910	28571030	chr22.296163	5	1024	303202840	/gbdb/hg19/wib/gc5Base.wib	0	100	1024	41380	2148400
100	chr22	28571030	28576150	chr22.296164	5	1024	303203864	/gbdb/hg19/wib/gc5Base.wib	0	100	1024	38240	1934400
803	chr22	28576150	28581270	chr22.296165	5	1024	303204888	/gbdb/hg19/wib/gc5Base.wib	0	100	1024	37240	1841600
803	chr22	28581270	28586390	chr22.296166	5	1024	303205912	/gbdb/hg19/wib/gc5Base.wib	0	100	1024	38200	1912800
803	chr22	28586390	28591510	chr22.296167	5	1024	303206936	/gbdb/hg19/wib/gc5Base.wib	0	100	1024	43300	2293200
803	chr22	28591510	28596630	chr22.296168	5	1024	303207960	/gbdb/hg19/wib/gc5Base.wib	0	100	1024	36940	1824400
803	chr22	28596630	28601750	chr22.296169	5	1024	303208984	/gbdb/hg19/wib/gc5Base.wib	0	100	1024	38700	1932400
803	chr22	28601750	28606870	chr22.296170	5	1024	303210008	/gbdb/hg19/wib/gc5Base.wib	0	100	1024	43120	2274400
803	chr22	28606870	28611990	chr22.296171	5	1024	303211032	/gbdb/hg19/wib/gc5Base.wib	0	100	1024	39260	1922000
803	chr22	28611990	28617110	chr22.296172	5	1024	303212056	/gbdb/hg19/wib/gc5Base.wib	0	80	1024	38900	1918800
803	chr22	28617110	28622230	chr22.296173	5	1024	303213080	/gbdb/hg19/wib/gc5Base.wib	0	100	1024	41980	2171600
803	chr22	28622230	28627350	chr22.296174	5	1024	303214104	/gbdb/hg19/wib/gc5Base.wib	0	100	1024	39940	2061200
803	chr22	28627350	28632470	chr22.296175	5	1024	303215128	/gbdb/hg19/wib/gc5Base.wib	0	100	1024	41220	2189200
803	chr22	28632470	28637590	chr22.296176	5	1024	303216152	/gbdb/hg19/wib/gc5Base.wib	0	100	1024	36920	1763200
803	chr22	28637590	28642710	chr22.296177	5	1024	303217176	/gbdb/hg19/wib/gc5Base.wib	0	100	1024	36360	1761600
803	chr22	28642710	28647830	chr22.296178	5	1024	303218200	/gbdb/hg19/wib/gc5Base.wib	0	100	1024	39940	2044400
803	chr22	28647830	28652950	chr22.296179	5	1024	303219224	/gbdb/hg19/wib/gc5Base.wib	0	100	1024	40160	2106400
803	chr22	28652950	28658070	chr22.296180	5	1024	303220248	/gbdb/hg19/wib/gc5Base.wib	0	100	1024	36300	1730800
803	chr22	28658070	28663190	chr22.296181	5	1024	303221272	/gbdb/hg19/wib/gc5Base.wib	0	100	1024	39200	1944000
803	chr22	28663190	28668310	chr22.296182	5	1024	303222296	/gbdb/hg19/wib/gc5Base.wib	0	100	1024	39700	2006800
803	chr22	28668310	28673430	chr22.296183	5	1024	303223320	/gbdb/hg19/wib/gc5Base.wib	0	100	1024	36520	1791200
803	chr22	28673430	28678550	chr22.296184	5	1024	303224344	/gbdb/hg19/wib/gc5Base.wib	0	100	1024	36460	1808400
803	chr22	28678550	28683670	chr22.296185	5	1024	303225368	/gbdb/hg19/wib/gc5Base.wib	0	100	1024	34680	1618400
803	chr22	28683670	28688790	chr22.296186	5	1024	303226392	/gbdb/hg19/wib/gc5Base.wib	0	100	1024	37760	1954400
803	chr22	28688790	28693910	chr22.296187	5	1024	303227416	/gbdb/hg19/wib/gc5Base.wib	0	100	1024	39140	1999600
803	chr22	28693910	28699030	chr22.296188	5	1024	303228440	/gbdb/hg19/wib/gc5Base.wib	0	100	1024	40580	2097200
803	chr22	28699030	28704150	chr22.296189	5	1024	303229464	/gbdb/hg19/wib/gc5Base.wib	0	100	1024	37360	1927200
100	chr22	28704150	28709270	chr22.296190	5	1024	303230488	/gbdb/hg19/wib/gc5Base.wib	0	100	1024	36080	1744800
804	chr22	28709270	28714390	chr22.296191	5	1024	303231512	/gbdb/hg19/wib/gc5Base.wib	0	100	1024	40100	2042800
804	chr22	28714390	28719510	chr22.296192	5	1024	303232536	/gbdb/hg19/wib/gc5Base.wib	0	100	1024	37960	1901600
804	chr22	28719510	28724630	chr22.296193	5	1024	303233560	/gbdb/hg19/wib/gc5Base.wib	0	100	1024	36880	1803200
804	chr22	28724630	28729750	chr22.296194	5	1024	303234584	/gbdb/hg19/wib/gc5Base.wib	0	100	1024	34980	1614800
804	chr22	28729750	28734870	chr22.296195	5	1024	303235608	/gbdb/hg19/wib/gc5Base.wib	0	100	1024	40260	2011600
804	chr22	28734870	28739990	chr22.296196	5	1024	303236632	/gbdb/hg19/wib/gc5Base.wib	0	100	1024	40440	2138400
804	chr22	28739990	28745110	chr22.296197	5	1024	303237656	/gbdb/hg19/wib/gc5Base.wib	0	100	1024	41440	2144000
804	chr22	28745110	28750230	chr22.296198	5	1024	303238680	/gbdb/hg19/wib/gc5Base.wib	0	100	1024	37640	1855200
804	chr22	28750230	28755350	chr22.296199	5	1024	303239704	/gbdb/hg19/wib/gc5Base.wib	0	100	1024	39240	2018400
804	chr22	28755350	28760470	chr22.296200	5	1024	303240728	/gbdb/hg19/wib/gc5Base.wib	0	100	1024	42360	2213600
804	chr22	28760470	28765590	chr22.296201	5	1024	303241752	/gbdb/hg19/wib/gc5Base.wib	0	100	1024	34520	1547200
804	chr22	28765590	28770710	chr22.296202	5	1024	303242776	/gbdb/hg19/wib/gc5Base.wib	0	100	1024	39400	2012000
804	chr22	28770710	28775830	chr22.296203	5	1024	303243800	/gbdb/hg19/wib/gc5Base.wib	0	100	1024	39240	2027200
804	chr22	28775830	28780950	chr22.296204	5	1024	303244824	/gbdb/hg19/wib/gc5Base.wib	0	100	1024	37500	1783600
804	chr22	28780950	28786070	chr22.296205	5	1024	303245848	/gbdb/hg19/wib/gc5Base.wib	0	100	1024	40540	2095600
804	chr22	28786070	28791190	chr22.296206	5	1024	303246872	/gbdb/hg19/wib/gc5Base.wib	0	100	1024	44780	2454000
804	chr22	28791190	28796310	chr22.296207	5	1024	303247896	/gbdb/hg19/wib/gc5Base.wib	0	100	1024	40060	2067600
804	chr22	28796310	28801430	chr22.296208	5	1024	303248920	/gbdb/hg19/wib/gc5Base.wib	0	100	1024	40020	2073200
804	chr22	28801430	28806550	chr22.296209	5	1024	303249944	/gbdb/hg19/wib/gc5Base.wib	0	100	1024	39640	2032800
804	chr22	28806550	28811670	chr22.296210	5	1024	303250968	/gbdb/hg19/wib/gc5Base.wib	0	100	1024	37260	1815600
804	chr22	28811670	28816790	chr22.296211	5	1024	303251992	/gbdb/hg19/wib/gc5Base.wib	0	100	1024	36740	1762000
804	chr22	28816790	28821910	chr22.296212	5	1024	303253016	/gbdb/hg19/wib/gc5Base.wib	0	100	1024	38500	1952400
804	chr22	28821910	28827030	chr22.296213	5	1024	303254040	/gbdb/hg19/wib/gc5Base.wib	0	100	1024	38720	1995200
804	chr22	28827030	28832150	chr22.296214	5	1024	303255064	/gbdb/hg19/wib/gc5Base.wib	0	100	1024	36960	1862400
100	chr22	28832150	28837270	chr22.296215	5	1024	303256088	/gbdb/hg19/wib/gc5Base.wib	0	100	1024	39140	1973200
805	chr22	28837270	28842390	chr22.296216	5	1024	303257112	/gbdb/hg19/wib/gc5Base.wib	0	100	1024	44380	2466000
805	chr22	28842390	28847510	chr22.296217	5	1024	303258136	/gbdb/hg19/wib/gc5Base.wib	0	100	1024	38160	1873600
805	chr22	28847510	28852630	chr22.296218	5	1024	303259160	/gbdb/hg19/wib/gc5Base.wib	0	100	1024	39420	2033200
805	chr22	28852630	28857750	chr22.296219	5	1024	303260184	/gbdb/hg19/wib/gc5Base.wib	0	100	1024	39480	2085600
805	chr22	28857750	28862870	chr22.296220	5	1024	303261208	/gbdb/hg19/wib/gc5Base.wib	0	100	1024	39940	2046800
805	chr22	28862870	28867990	chr22.296221	5	1024	303262232	/gbdb/hg19/wib/gc5Base.wib	0	100	1024	40420	2117200
805	chr22	28867990	28873110	chr22.296222	5	1024	303263256	/gbdb/hg19/wib/gc5Base.wib	0	100	1024	36820	1802000
805	chr22	28873110	28878230	chr22.296223	5	1024	303264280	/gbdb/hg19/wib/gc5Base.wib	0	100	1024	38060	1840400
805	chr22	28878230	28883350	chr22.296224	5	1024	303265304	/gbdb/hg19/wib/gc5Base.wib	0	100	1024	36520	1834400
805	chr22	28883350	28888470	chr22.296225	5	1024	303266328	/gbdb/hg19/wib/gc5Base.wib	0	100	1024	38360	1925600
805	chr22	28888470	28893590	chr22.296226	5	1024	303267352	/gbdb/hg19/wib/gc5Base.wib	0	100	1024	37960	1858400
805	chr22	28893590	28898710	chr22.296227	5	1024	303268376	/gbdb/hg19/wib/gc5Base.wib	0	100	1024	35600	1736000
805	chr22	28898710	28903830	chr22.296228	5	1024	303269400	/gbdb/hg19/wib/gc5Base.wib	0	100	1024	43440	2382400
805	chr22	28903830	28908950	chr22.296229	5	1024	303270424	/gbdb/hg19/wib/gc5Base.wib	0	100	1024	40380	2060400
805	chr22	28908950	28914070	chr22.296230	5	1024	303271448	/gbdb/hg19/wib/gc5Base.wib	0	100	1024	35340	1735600
805	chr22	28914070	28919190	chr22.296231	5	1024	303272472	/gbdb/hg19/wib/gc5Base.wib	0	100	1024	41020	2134000
805	chr22	28919190	28924310	chr22.296232	5	1024	303273496	/gbdb/hg19/wib/gc5Base.wib	0	100	1024	39840	2089600
805	chr22	28924310	28929430	chr22.296233	5	1024	303274520	/gbdb/hg19/wib/gc5Base.wib	0	100	1024	43120	2277600
805	chr22	28929430	28934550	chr22.296234	5	1024	303275544	/gbdb/hg19/wib/gc5Base.wib	0	100	1024	40660	2214000
805	chr22	28934550	28939670	chr22.296235	5	1024	303276568	/gbdb/hg19/wib/gc5Base.wib	0	100	1024	40800	2184800
805	chr22	28939670	28944790	chr22.296236	5	1024	303277592	/gbdb/hg19/wib/gc5Base.wib	0	100	1024	38520	1956000
805	chr22	28944790	28949910	chr22.296237	5	1024	303278616	/gbdb/hg19/wib/gc5Base.wib	0	100	1024	43740	2497200
805	chr22	28949910	28955030	chr22.296238	5	1024	303279640	/gbdb/hg19/wib/gc5Base.wib	0	100	1024	41740	2222000
805	chr22	28955030	28960150	chr22.296239	5	1024	303280664	/gbdb/hg19/wib/gc5Base.wib	0	100	1024	40160	2063200
805	chr22	28960150	28965270	chr22.296240	5	1024	303281688	/gbdb/hg19/wib/gc5Base.wib	0	100	1024	36960	1869600
100	chr22	28965270	28970390	chr22.296241	5	1024	303282712	/gbdb/hg19/wib/gc5Base.wib	0	100	1024	39300	2033200
806	chr22	28970390	28975510	chr22.296242	5	1024	303283736	/gbdb/hg19/wib/gc5Base.wib	0	100	1024	34160	1547200
806	chr22	28975510	28980630	chr22.296243	5	1024	303284760	/gbdb/hg19/wib/gc5Base.wib	0	100	1024	34740	1688400
806	chr22	28980630	28985750	chr22.296244	5	1024	303285784	/gbdb/hg19/wib/gc5Base.wib	0	100	1024	41000	2199200
806	chr22	28985750	28990870	chr22.296245	5	1024	303286808	/gbdb/hg19/wib/gc5Base.wib	0	100	1024	40560	2164800
806	chr22	28990870	28995990	chr22.296246	5	1024	303287832	/gbdb/hg19/wib/gc5Base.wib	0	100	1024	38340	1968400
806	chr22	28995990	29001110	chr22.296247	5	1024	303288856	/gbdb/hg19/wib/gc5Base.wib	0	100	1024	37820	1946800
806	chr22	29001110	29006230	chr22.296248	5	1024	303289880	/gbdb/hg19/wib/gc5Base.wib	0	100	1024	40280	2086400
806	chr22	29006230	29011350	chr22.296249	5	1024	303290904	/gbdb/hg19/wib/gc5Base.wib	0	100	1024	40100	1997200
806	chr22	29011350	29016470	chr22.296250	5	1024	303291928	/gbdb/hg19/wib/gc5Base.wib	0	100	1024	40300	2096400
806	chr22	29016470	29021590	chr22.296251	5	1024	303292952	/gbdb/hg19/wib/gc5Base.wib	0	100	1024	36340	1773200
806	chr22	29021590	29026710	chr22.296252	5	1024	303293976	/gbdb/hg19/wib/gc5Base.wib	0	100	1024	37240	1877600
806	chr22	29026710	29031830	chr22.296253	5	1024	303295000	/gbdb/hg19/wib/gc5Base.wib	0	100	1024	40440	2164000
806	chr22	29031830	29036950	chr22.296254	5	1024	303296024	/gbdb/hg19/wib/gc5Base.wib	0	100	1024	37120	1862400
806	chr22	29036950	29042070	chr22.296255	5	1024	303297048	/gbdb/hg19/wib/gc5Base.wib	0	100	1024	42540	2356400
806	chr22	29042070	29047190	chr22.296256	5	1024	303298072	/gbdb/hg19/wib/gc5Base.wib	0	100	1024	40860	2167600
806	chr22	29047190	29052310	chr22.296257	5	1024	303299096	/gbdb/hg19/wib/gc5Base.wib	0	100	1024	43500	2378800
806	chr22	29052310	29057430	chr22.296258	5	1024	303300120	/gbdb/hg19/wib/gc5Base.wib	0	100	1024	41360	2245600
806	chr22	29057430	29062550	chr22.296259	5	1024	303301144	/gbdb/hg19/wib/gc5Base.wib	0	100	1024	44320	2438400
806	chr22	29062550	29067670	chr22.296260	5	1024	303302168	/gbdb/hg19/wib/gc5Base.wib	0	100	1024	39160	1988000
806	chr22	29067670	29072790	chr22.296261	5	1024	303303192	/gbdb/hg19/wib/gc5Base.wib	0	100	1024	41260	2212400
806	chr22	29072790	29077910	chr22.296262	5	1024	303304216	/gbdb/hg19/wib/gc5Base.wib	0	100	1024	52520	3364800
806	chr22	29077910	29083030	chr22.296263	5	1024	303305240	/gbdb/hg19/wib/gc5Base.wib	0	100	1024	46920	2660800
806	chr22	29083030	29088150	chr22.296264	5	1024	303306264	/gbdb/hg19/wib/gc5Base.wib	0	100	1024	46860	2642000
806	chr22	29088150	29093270	chr22.296265	5	1024	303307288	/gbdb/hg19/wib/gc5Base.wib	0	100	1024	44660	2419600
100	chr22	29093270	29098390	chr22.296266	5	1024	303308312	/gbdb/hg19/wib/gc5Base.wib	0	100	1024	46120	2644800
807	chr22	29098390	29103510	chr22.296267	5	1024	303309336	/gbdb/hg19/wib/gc5Base.wib	0	100	1024	46600	2684800
807	chr22	29103510	29108630	chr22.296268	5	1024	303310360	/gbdb/hg19/wib/gc5Base.wib	0	100	1024	40480	2148000
807	chr22	29108630	29113750	chr22.296269	5	1024	303311384	/gbdb/hg19/wib/gc5Base.wib	0	100	1024	44120	2487200
807	chr22	29113750	29118870	chr22.296270	5	1024	303312408	/gbdb/hg19/wib/gc5Base.wib	0	100	1024	43020	2390000
807	chr22	29118870	29123990	chr22.296271	5	1024	303313432	/gbdb/hg19/wib/gc5Base.wib	0	100	1024	43640	2498400
807	chr22	29123990	29129110	chr22.296272	5	1024	303314456	/gbdb/hg19/wib/gc5Base.wib	0	100	1024	45580	2630000
807	chr22	29129110	29134230	chr22.296273	5	1024	303315480	/gbdb/hg19/wib/gc5Base.wib	0	100	1024	45500	2558000
807	chr22	29134230	29139350	chr22.296274	5	1024	303316504	/gbdb/hg19/wib/gc5Base.wib	0	100	1024	49380	2959600
807	chr22	29139350	29144470	chr22.296275	5	1024	303317528	/gbdb/hg19/wib/gc5Base.wib	0	100	1024	47280	2708800
807	chr22	29144470	29149590	chr22.296276	5	1024	303318552	/gbdb/hg19/wib/gc5Base.wib	0	100	1024	46180	2667600
807	chr22	29149590	29154710	chr22.296277	5	1024	303319576	/gbdb/hg19/wib/gc5Base.wib	0	100	1024	48020	2831600
807	chr22	29154710	29159830	chr22.296278	5	1024	303320600	/gbdb/hg19/wib/gc5Base.wib	0	100	1024	46900	2690000
807	chr22	29159830	29164950	chr22.296279	5	1024	303321624	/gbdb/hg19/wib/gc5Base.wib	0	100	1024	47420	2804400
807	chr22	29164950	29170070	chr22.296280	5	1024	303322648	/gbdb/hg19/wib/gc5Base.wib	0	100	1024	51420	3219600
807	chr22	29170070	29175190	chr22.296281	5	1024	303323672	/gbdb/hg19/wib/gc5Base.wib	0	100	1024	46540	2724400
807	chr22	29175190	29180310	chr22.296282	5	1024	303324696	/gbdb/hg19/wib/gc5Base.wib	0	100	1024	45060	2591600
807	chr22	29180310	29185430	chr22.296283	5	1024	303325720	/gbdb/hg19/wib/gc5Base.wib	0	100	1024	40940	2156400
807	chr22	29185430	29190550	chr22.296284	5	1024	303326744	/gbdb/hg19/wib/gc5Base.wib	0	100	1024	45980	2627600
807	chr22	29190550	29195670	chr22.296285	5	1024	303327768	/gbdb/hg19/wib/gc5Base.wib	0	100	1024	42760	2300800
807	chr22	29195670	29200790	chr22.296286	5	1024	303328792	/gbdb/hg19/wib/gc5Base.wib	0	100	1024	49080	3072800
807	chr22	29200790	29205910	chr22.296287	5	1024	303329816	/gbdb/hg19/wib/gc5Base.wib	0	100	1024	47740	2836400
807	chr22	29205910	29211030	chr22.296288	5	1024	303330840	/gbdb/hg19/wib/gc5Base.wib	0	100	1024	44060	2446000
807	chr22	29211030	29216150	chr22.296289	5	1024	303331864	/gbdb/hg19/wib/gc5Base.wib	0	100	1024	48700	2788400
807	chr22	29216150	29221270	chr22.296290	5	1024	303332888	/gbdb/hg19/wib/gc5Base.wib	0	100	1024	46560	2665600
807	chr22	29221270	29226390	chr22.296291	5	1024	303333912	/gbdb/hg19/wib/gc5Base.wib	0	100	1024	45600	2608000
100	chr22	29226390	29231510	chr22.296292	5	1024	303334936	/gbdb/hg19/wib/gc5Base.wib	0	100	1024	48780	2833200
808	chr22	29231510	29236630	chr22.296293	5	1024	303335960	/gbdb/hg19/wib/gc5Base.wib	0	100	1024	52560	3231200
808	chr22	29236630	29241750	chr22.296294	5	1024	303336984	/gbdb/hg19/wib/gc5Base.wib	0	100	1024	44740	2485200
808	chr22	29241750	29246870	chr22.296295	5	1024	303338008	/gbdb/hg19/wib/gc5Base.wib	0	100	1024	46940	2672400
808	chr22	29246870	29251990	chr22.296296	5	1024	303339032	/gbdb/hg19/wib/gc5Base.wib	0	100	1024	46640	2667200
808	chr22	29251990	29257110	chr22.296297	5	1024	303340056	/gbdb/hg19/wib/gc5Base.wib	0	100	1024	44320	2507200
808	chr22	29257110	29262230	chr22.296298	5	1024	303341080	/gbdb/hg19/wib/gc5Base.wib	0	100	1024	50220	2990000
808	chr22	29262230	29267350	chr22.296299	5	1024	303342104	/gbdb/hg19/wib/gc5Base.wib	0	100	1024	47200	2764000
808	chr22	29267350	29272470	chr22.296300	5	1024	303343128	/gbdb/hg19/wib/gc5Base.wib	0	100	1024	41880	2260800
808	chr22	29272470	29277590	chr22.296301	5	1024	303344152	/gbdb/hg19/wib/gc5Base.wib	0	100	1024	47360	2776000
808	chr22	29277590	29282710	chr22.296302	5	1024	303345176	/gbdb/hg19/wib/gc5Base.wib	0	100	1024	55080	3675200
808	chr22	29282710	29287830	chr22.296303	5	1024	303346200	/gbdb/hg19/wib/gc5Base.wib	0	100	1024	43640	2374400
808	chr22	29287830	29292950	chr22.296304	5	1024	303347224	/gbdb/hg19/wib/gc5Base.wib	0	100	1024	48820	2870000
808	chr22	29292950	29298070	chr22.296305	5	1024	303348248	/gbdb/hg19/wib/gc5Base.wib	0	100	1024	46600	2630400
808	chr22	29298070	29303190	chr22.296306	5	1024	303349272	/gbdb/hg19/wib/gc5Base.wib	0	100	1024	46480	2601600
808	chr22	29303190	29308310	chr22.296307	5	1024	303350296	/gbdb/hg19/wib/gc5Base.wib	0	100	1024	46820	2634800
808	chr22	29308310	29313430	chr22.296308	5	1024	303351320	/gbdb/hg19/wib/gc5Base.wib	0	100	1024	45820	2595600
808	chr22	29313430	29318550	chr22.296309	5	1024	303352344	/gbdb/hg19/wib/gc5Base.wib	0	100	1024	46920	2653600
808	chr22	29318550	29323670	chr22.296310	5	1024	303353368	/gbdb/hg19/wib/gc5Base.wib	0	100	1024	47420	2723600
808	chr22	29323670	29328790	chr22.296311	5	1024	303354392	/gbdb/hg19/wib/gc5Base.wib	0	100	1024	43820	2370800
808	chr22	29328790	29333910	chr22.296312	5	1024	303355416	/gbdb/hg19/wib/gc5Base.wib	0	100	1024	45660	2576400
808	chr22	29333910	29339030	chr22.296313	5	1024	303356440	/gbdb/hg19/wib/gc5Base.wib	0	100	1024	42040	2253600
808	chr22	29339030	29344150	chr22.296314	5	1024	303357464	/gbdb/hg19/wib/gc5Base.wib	0	100	1024	43180	2372400
808	chr22	29344150	29349270	chr22.296315	5	1024	303358488	/gbdb/hg19/wib/gc5Base.wib	0	100	1024	43380	2366000
808	chr22	29349270	29354390	chr22.296316	5	1024	303359512	/gbdb/hg19/wib/gc5Base.wib	0	100	1024	47440	2697600
808	chr22	29354390	29359510	chr22.296317	5	1024	303360536	/gbdb/hg19/wib/gc5Base.wib	0	100	1024	45320	2448000
12	chr22	29359510	29364630	chr22.296318	5	1024	303361560	/gbdb/hg19/wib/gc5Base.wib	0	100	1024	44100	2410800
809	chr22	29364630	29369750	chr22.296319	5	1024	303362584	/gbdb/hg19/wib/gc5Base.wib	0	100	1024	43160	2303200
809	chr22	29369750	29374870	chr22.296320	5	1024	303363608	/gbdb/hg19/wib/gc5Base.wib	0	100	1024	43540	2399600
809	chr22	29374870	29379990	chr22.296321	5	1024	303364632	/gbdb/hg19/wib/gc5Base.wib	0	100	1024	43880	2361600
809	chr22	29379990	29385110	chr22.296322	5	1024	303365656	/gbdb/hg19/wib/gc5Base.wib	0	100	1024	44780	2424400
809	chr22	29385110	29390230	chr22.296323	5	1024	303366680	/gbdb/hg19/wib/gc5Base.wib	0	100	1024	48940	2858000
809	chr22	29390230	29395350	chr22.296324	5	1024	303367704	/gbdb/hg19/wib/gc5Base.wib	0	100	1024	46100	2628400
809	chr22	29395350	29400470	chr22.296325	5	1024	303368728	/gbdb/hg19/wib/gc5Base.wib	0	100	1024	44620	2494000
809	chr22	29400470	29405590	chr22.296326	5	1024	303369752	/gbdb/hg19/wib/gc5Base.wib	0	100	1024	48940	2851600
809	chr22	29405590	29410710	chr22.296327	5	1024	303370776	/gbdb/hg19/wib/gc5Base.wib	0	100	1024	45440	2514400
809	chr22	29410710	29415830	chr22.296328	5	1024	303371800	/gbdb/hg19/wib/gc5Base.wib	0	100	1024	45280	2468000
809	chr22	29415830	29420950	chr22.296329	5	1024	303372824	/gbdb/hg19/wib/gc5Base.wib	0	100	1024	44460	2483600
809	chr22	29420950	29426070	chr22.296330	5	1024	303373848	/gbdb/hg19/wib/gc5Base.wib	0	100	1024	47440	2704800
809	chr22	29426070	29431190	chr22.296331	5	1024	303374872	/gbdb/hg19/wib/gc5Base.wib	0	100	1024	52600	3247200
809	chr22	29431190	29436310	chr22.296332	5	1024	303375896	/gbdb/hg19/wib/gc5Base.wib	0	100	1024	45320	2566400
809	chr22	29436310	29441430	chr22.296333	5	1024	303376920	/gbdb/hg19/wib/gc5Base.wib	0	100	1024	47540	2683600
809	chr22	29441430	29446550	chr22.296334	5	1024	303377944	/gbdb/hg19/wib/gc5Base.wib	0	100	1024	56820	3646800
809	chr22	29446550	29451670	chr22.296335	5	1024	303378968	/gbdb/hg19/wib/gc5Base.wib	0	100	1024	51440	3140800
809	chr22	29451670	29456790	chr22.296336	5	1024	303379992	/gbdb/hg19/wib/gc5Base.wib	0	100	1024	45700	2596400
809	chr22	29456790	29461910	chr22.296337	5	1024	303381016	/gbdb/hg19/wib/gc5Base.wib	0	100	1024	47260	2703600
809	chr22	29461910	29467030	chr22.296338	5	1024	303382040	/gbdb/hg19/wib/gc5Base.wib	0	100	1024	47760	2780800
809	chr22	29467030	29472150	chr22.296339	5	1024	303383064	/gbdb/hg19/wib/gc5Base.wib	0	100	1024	58340	3980400
809	chr22	29472150	29477270	chr22.296340	5	1024	303384088	/gbdb/hg19/wib/gc5Base.wib	0	100	1024	42860	2330000
809	chr22	29477270	29482390	chr22.296341	5	1024	303385112	/gbdb/hg19/wib/gc5Base.wib	0	100	1024	40700	2150800
809	chr22	29482390	29487510	chr22.296342	5	1024	303386136	/gbdb/hg19/wib/gc5Base.wib	0	100	1024	43740	2416400
101	chr22	29487510	29492630	chr22.296343	5	1024	303387160	/gbdb/hg19/wib/gc5Base.wib	0	100	1024	44820	2450800
810	chr22	29492630	29497750	chr22.296344	5	1024	303388184	/gbdb/hg19/wib/gc5Base.wib	0	100	1024	41940	2260400
810	chr22	29497750	29502870	chr22.296345	5	1024	303389208	/gbdb/hg19/wib/gc5Base.wib	0	100	1024	42580	2313200
810	chr22	29502870	29507990	chr22.296346	5	1024	303390232	/gbdb/hg19/wib/gc5Base.wib	0	100	1024	47160	2677600
810	chr22	29507990	29513110	chr22.296347	5	1024	303391256	/gbdb/hg19/wib/gc5Base.wib	0	100	1024	45100	2453200
810	chr22	29513110	29518230	chr22.296348	5	1024	303392280	/gbdb/hg19/wib/gc5Base.wib	0	100	1024	43660	2377200
810	chr22	29518230	29523350	chr22.296349	5	1024	303393304	/gbdb/hg19/wib/gc5Base.wib	0	100	1024	42160	2244000
810	chr22	29523350	29528470	chr22.296350	5	1024	303394328	/gbdb/hg19/wib/gc5Base.wib	0	100	1024	41580	2224400
810	chr22	29528470	29533590	chr22.296351	5	1024	303395352	/gbdb/hg19/wib/gc5Base.wib	0	100	1024	48540	2803600
810	chr22	29533590	29538710	chr22.296352	5	1024	303396376	/gbdb/hg19/wib/gc5Base.wib	0	100	1024	49360	2842400
810	chr22	29538710	29543830	chr22.296353	5	1024	303397400	/gbdb/hg19/wib/gc5Base.wib	0	100	1024	56400	3575200
810	chr22	29543830	29548950	chr22.296354	5	1024	303398424	/gbdb/hg19/wib/gc5Base.wib	0	100	1024	53140	3266800
810	chr22	29548950	29554070	chr22.296355	5	1024	303399448	/gbdb/hg19/wib/gc5Base.wib	0	100	1024	50560	3064000
810	chr22	29554070	29559190	chr22.296356	5	1024	303400472	/gbdb/hg19/wib/gc5Base.wib	0	100	1024	46420	2670000
810	chr22	29559190	29564310	chr22.296357	5	1024	303401496	/gbdb/hg19/wib/gc5Base.wib	0	100	1024	52080	3148000
810	chr22	29564310	29569430	chr22.296358	5	1024	303402520	/gbdb/hg19/wib/gc5Base.wib	0	100	1024	54480	3386400
810	chr22	29569430	29574550	chr22.296359	5	1024	303403544	/gbdb/hg19/wib/gc5Base.wib	0	100	1024	43040	2370400
810	chr22	29574550	29579670	chr22.296360	5	1024	303404568	/gbdb/hg19/wib/gc5Base.wib	0	100	1024	43700	2416400
810	chr22	29579670	29584790	chr22.296361	5	1024	303405592	/gbdb/hg19/wib/gc5Base.wib	0	100	1024	51160	3116800
810	chr22	29584790	29589910	chr22.296362	5	1024	303406616	/gbdb/hg19/wib/gc5Base.wib	0	100	1024	49100	2927600
810	chr22	29589910	29595030	chr22.296363	5	1024	303407640	/gbdb/hg19/wib/gc5Base.wib	0	100	1024	47620	2767600
810	chr22	29595030	29600150	chr22.296364	5	1024	303408664	/gbdb/hg19/wib/gc5Base.wib	0	100	1024	54640	3391200
810	chr22	29600150	29605270	chr22.296365	5	1024	303409688	/gbdb/hg19/wib/gc5Base.wib	0	100	1024	60520	4053600
810	chr22	29605270	29610390	chr22.296366	5	1024	303410712	/gbdb/hg19/wib/gc5Base.wib	0	100	1024	55080	3439200
810	chr22	29610390	29615510	chr22.296367	5	1024	303411736	/gbdb/hg19/wib/gc5Base.wib	0	100	1024	60660	3966000
810	chr22	29615510	29620630	chr22.296368	5	1024	303412760	/gbdb/hg19/wib/gc5Base.wib	0	100	1024	54260	3404400
101	chr22	29620630	29625750	chr22.296369	5	1024	303413784	/gbdb/hg19/wib/gc5Base.wib	0	100	1024	54680	3474400
811	chr22	29625750	29630870	chr22.296370	5	1024	303414808	/gbdb/hg19/wib/gc5Base.wib	0	100	1024	56700	3603600
811	chr22	29630870	29635990	chr22.296371	5	1024	303415832	/gbdb/hg19/wib/gc5Base.wib	0	100	1024	44040	2519200
811	chr22	29635990	29641110	chr22.296372	5	1024	303416856	/gbdb/hg19/wib/gc5Base.wib	0	100	1024	48200	2754400
811	chr22	29641110	29646230	chr22.296373	5	1024	303417880	/gbdb/hg19/wib/gc5Base.wib	0	100	1024	49980	2977200
811	chr22	29646230	29651350	chr22.296374	5	1024	303418904	/gbdb/hg19/wib/gc5Base.wib	0	100	1024	52580	3220400
811	chr22	29651350	29656470	chr22.296375	5	1024	303419928	/gbdb/hg19/wib/gc5Base.wib	0	100	1024	59280	3845600
811	chr22	29656470	29661590	chr22.296376	5	1024	303420952	/gbdb/hg19/wib/gc5Base.wib	0	100	1024	55280	3532000
811	chr22	29661590	29666710	chr22.296377	5	1024	303421976	/gbdb/hg19/wib/gc5Base.wib	0	100	1024	56760	3701600
811	chr22	29666710	29671830	chr22.296378	5	1024	303423000	/gbdb/hg19/wib/gc5Base.wib	0	100	1024	37860	1854800
811	chr22	29671830	29676950	chr22.296379	5	1024	303424024	/gbdb/hg19/wib/gc5Base.wib	0	100	1024	43440	2388800
811	chr22	29676950	29682070	chr22.296380	5	1024	303425048	/gbdb/hg19/wib/gc5Base.wib	0	100	1024	47820	2798000
811	chr22	29682070	29687190	chr22.296381	5	1024	303426072	/gbdb/hg19/wib/gc5Base.wib	0	100	1024	42700	2321200
811	chr22	29687190	29692310	chr22.296382	5	1024	303427096	/gbdb/hg19/wib/gc5Base.wib	0	100	1024	44400	2468800
811	chr22	29692310	29697430	chr22.296383	5	1024	303428120	/gbdb/hg19/wib/gc5Base.wib	0	100	1024	51040	3046400
811	chr22	29697430	29702550	chr22.296384	5	1024	303429144	/gbdb/hg19/wib/gc5Base.wib	0	100	1024	58140	3735600
811	chr22	29702550	29707670	chr22.296385	5	1024	303430168	/gbdb/hg19/wib/gc5Base.wib	0	100	1024	66360	4768800
811	chr22	29707670	29712790	chr22.296386	5	1024	303431192	/gbdb/hg19/wib/gc5Base.wib	0	100	1024	65760	4721600
811	chr22	29712790	29717910	chr22.296387	5	1024	303432216	/gbdb/hg19/wib/gc5Base.wib	0	100	1024	53280	3297600
811	chr22	29717910	29723030	chr22.296388	5	1024	303433240	/gbdb/hg19/wib/gc5Base.wib	0	100	1024	49360	2937600
811	chr22	29723030	29728150	chr22.296389	5	1024	303434264	/gbdb/hg19/wib/gc5Base.wib	0	100	1024	63620	4344400
811	chr22	29728150	29733270	chr22.296390	5	1024	303435288	/gbdb/hg19/wib/gc5Base.wib	0	100	1024	57560	3642400
811	chr22	29733270	29738390	chr22.296391	5	1024	303436312	/gbdb/hg19/wib/gc5Base.wib	0	100	1024	59120	3812000
811	chr22	29738390	29743510	chr22.296392	5	1024	303437336	/gbdb/hg19/wib/gc5Base.wib	0	100	1024	52860	3191600
811	chr22	29743510	29748630	chr22.296393	5	1024	303438360	/gbdb/hg19/wib/gc5Base.wib	0	100	1024	51040	3016000
101	chr22	29748630	29753750	chr22.296394	5	1024	303439384	/gbdb/hg19/wib/gc5Base.wib	0	100	1024	53340	3243600
812	chr22	29753750	29758870	chr22.296395	5	1024	303440408	/gbdb/hg19/wib/gc5Base.wib	0	100	1024	52540	3164400
812	chr22	29758870	29763990	chr22.296396	5	1024	303441432	/gbdb/hg19/wib/gc5Base.wib	0	100	1024	50160	2965600
812	chr22	29763990	29769110	chr22.296397	5	1024	303442456	/gbdb/hg19/wib/gc5Base.wib	0	100	1024	46060	2633200
812	chr22	29769110	29774230	chr22.296398	5	1024	303443480	/gbdb/hg19/wib/gc5Base.wib	0	100	1024	47640	2716800
812	chr22	29774230	29779350	chr22.296399	5	1024	303444504	/gbdb/hg19/wib/gc5Base.wib	0	100	1024	48180	2743600
812	chr22	29779350	29784470	chr22.296400	5	1024	303445528	/gbdb/hg19/wib/gc5Base.wib	0	100	1024	50760	3012800
812	chr22	29784470	29789590	chr22.296401	5	1024	303446552	/gbdb/hg19/wib/gc5Base.wib	0	100	1024	50540	3118000
812	chr22	29789590	29794710	chr22.296402	5	1024	303447576	/gbdb/hg19/wib/gc5Base.wib	0	100	1024	52720	3215200
812	chr22	29794710	29799830	chr22.296403	5	1024	303448600	/gbdb/hg19/wib/gc5Base.wib	0	100	1024	43440	2313600
812	chr22	29799830	29804950	chr22.296404	5	1024	303449624	/gbdb/hg19/wib/gc5Base.wib	0	100	1024	41360	2212000
812	chr22	29804950	29810070	chr22.296405	5	1024	303450648	/gbdb/hg19/wib/gc5Base.wib	0	100	1024	41360	2233600
812	chr22	29810070	29815190	chr22.296406	5	1024	303451672	/gbdb/hg19/wib/gc5Base.wib	0	100	1024	49020	2836400
812	chr22	29815190	29820310	chr22.296407	5	1024	303452696	/gbdb/hg19/wib/gc5Base.wib	0	100	1024	49620	2900400
812	chr22	29820310	29825430	chr22.296408	5	1024	303453720	/gbdb/hg19/wib/gc5Base.wib	0	100	1024	45920	2622400
812	chr22	29825430	29830550	chr22.296409	5	1024	303454744	/gbdb/hg19/wib/gc5Base.wib	0	100	1024	40820	2175600
812	chr22	29830550	29835670	chr22.296410	5	1024	303455768	/gbdb/hg19/wib/gc5Base.wib	0	100	1024	44480	2459200
812	chr22	29835670	29840790	chr22.296411	5	1024	303456792	/gbdb/hg19/wib/gc5Base.wib	0	100	1024	45240	2540800
812	chr22	29840790	29845910	chr22.296412	5	1024	303457816	/gbdb/hg19/wib/gc5Base.wib	0	100	1024	50760	3038400
812	chr22	29845910	29851030	chr22.296413	5	1024	303458840	/gbdb/hg19/wib/gc5Base.wib	0	100	1024	49360	2927200
812	chr22	29851030	29856150	chr22.296414	5	1024	303459864	/gbdb/hg19/wib/gc5Base.wib	0	100	1024	52320	3206400
812	chr22	29856150	29861270	chr22.296415	5	1024	303460888	/gbdb/hg19/wib/gc5Base.wib	0	100	1024	54640	3404000
812	chr22	29861270	29866390	chr22.296416	5	1024	303461912	/gbdb/hg19/wib/gc5Base.wib	0	100	1024	52120	3154400
812	chr22	29866390	29871510	chr22.296417	5	1024	303462936	/gbdb/hg19/wib/gc5Base.wib	0	100	1024	52120	3172800
812	chr22	29871510	29876630	chr22.296418	5	1024	303463960	/gbdb/hg19/wib/gc5Base.wib	0	100	1024	58320	3783200
812	chr22	29876630	29881750	chr22.296419	5	1024	303464984	/gbdb/hg19/wib/gc5Base.wib	0	100	1024	56240	3612000
101	chr22	29881750	29886870	chr22.296420	5	1024	303466008	/gbdb/hg19/wib/gc5Base.wib	0	100	1024	50680	2962400
813	chr22	29886870	29891990	chr22.296421	5	1024	303467032	/gbdb/hg19/wib/gc5Base.wib	0	100	1024	48640	2876000
813	chr22	29891990	29897110	chr22.296422	5	1024	303468056	/gbdb/hg19/wib/gc5Base.wib	0	100	1024	44260	2497200
813	chr22	29897110	29902230	chr22.296423	5	1024	303469080	/gbdb/hg19/wib/gc5Base.wib	0	100	1024	47380	2771600
813	chr22	29902230	29907350	chr22.296424	5	1024	303470104	/gbdb/hg19/wib/gc5Base.wib	0	100	1024	49200	2855200
813	chr22	29907350	29912470	chr22.296425	5	1024	303471128	/gbdb/hg19/wib/gc5Base.wib	0	100	1024	47380	2752400
813	chr22	29912470	29917590	chr22.296426	5	1024	303472152	/gbdb/hg19/wib/gc5Base.wib	0	100	1024	50020	2921200
813	chr22	29917590	29922710	chr22.296427	5	1024	303473176	/gbdb/hg19/wib/gc5Base.wib	0	100	1024	47540	2761200
813	chr22	29922710	29927830	chr22.296428	5	1024	303474200	/gbdb/hg19/wib/gc5Base.wib	0	100	1024	47640	2706400
813	chr22	29927830	29932950	chr22.296429	5	1024	303475224	/gbdb/hg19/wib/gc5Base.wib	0	100	1024	43500	2414800
813	chr22	29932950	29938070	chr22.296430	5	1024	303476248	/gbdb/hg19/wib/gc5Base.wib	0	100	1024	47240	2745600
813	chr22	29938070	29943190	chr22.296431	5	1024	303477272	/gbdb/hg19/wib/gc5Base.wib	0	100	1024	47620	2742000
813	chr22	29943190	29948310	chr22.296432	5	1024	303478296	/gbdb/hg19/wib/gc5Base.wib	0	100	1024	49900	2905200
813	chr22	29948310	29953430	chr22.296433	5	1024	303479320	/gbdb/hg19/wib/gc5Base.wib	0	100	1024	53940	3409200
813	chr22	29953430	29958550	chr22.296434	5	1024	303480344	/gbdb/hg19/wib/gc5Base.wib	0	100	1024	52000	3116000
813	chr22	29958550	29963670	chr22.296435	5	1024	303481368	/gbdb/hg19/wib/gc5Base.wib	0	100	1024	48880	2869600
813	chr22	29963670	29968790	chr22.296436	5	1024	303482392	/gbdb/hg19/wib/gc5Base.wib	0	100	1024	52500	3212400
813	chr22	29968790	29973910	chr22.296437	5	1024	303483416	/gbdb/hg19/wib/gc5Base.wib	0	100	1024	49020	2915600
813	chr22	29973910	29979030	chr22.296438	5	1024	303484440	/gbdb/hg19/wib/gc5Base.wib	0	100	1024	54740	3501200
813	chr22	29979030	29984150	chr22.296439	5	1024	303485464	/gbdb/hg19/wib/gc5Base.wib	0	100	1024	51080	3125600
813	chr22	29984150	29989270	chr22.296440	5	1024	303486488	/gbdb/hg19/wib/gc5Base.wib	0	100	1024	50380	3022000
813	chr22	29989270	29994390	chr22.296441	5	1024	303487512	/gbdb/hg19/wib/gc5Base.wib	0	100	1024	49520	2987200
813	chr22	29994390	29999510	chr22.296442	5	1024	303488536	/gbdb/hg19/wib/gc5Base.wib	0	100	1024	51780	3235600
813	chr22	29999510	30004630	chr22.296443	5	1024	303489560	/gbdb/hg19/wib/gc5Base.wib	0	100	1024	50340	3068400
813	chr22	30004630	30009750	chr22.296444	5	1024	303490584	/gbdb/hg19/wib/gc5Base.wib	0	100	1024	42880	2335200
813	chr22	30009750	30014870	chr22.296445	5	1024	303491608	/gbdb/hg19/wib/gc5Base.wib	0	100	1024	45140	2526800
101	chr22	30014870	30019990	chr22.296446	5	1024	303492632	/gbdb/hg19/wib/gc5Base.wib	0	100	1024	47780	2727600
814	chr22	30019990	30025110	chr22.296447	5	1024	303493656	/gbdb/hg19/wib/gc5Base.wib	0	100	1024	42380	2256400
814	chr22	30025110	30030230	chr22.296448	5	1024	303494680	/gbdb/hg19/wib/gc5Base.wib	0	100	1024	44640	2406400
814	chr22	30030230	30035350	chr22.296449	5	1024	303495704	/gbdb/hg19/wib/gc5Base.wib	0	100	1024	43160	2327200
814	chr22	30035350	30040470	chr22.296450	5	1024	303496728	/gbdb/hg19/wib/gc5Base.wib	0	100	1024	48980	2938800
814	chr22	30040470	30045590	chr22.296451	5	1024	303497752	/gbdb/hg19/wib/gc5Base.wib	0	100	1024	43600	2393600
814	chr22	30045590	30050710	chr22.296452	5	1024	303498776	/gbdb/hg19/wib/gc5Base.wib	0	100	1024	40400	2136800
814	chr22	30050710	30055830	chr22.296453	5	1024	303499800	/gbdb/hg19/wib/gc5Base.wib	0	100	1024	42880	2337600
814	chr22	30055830	30060950	chr22.296454	5	1024	303500824	/gbdb/hg19/wib/gc5Base.wib	0	100	1024	45900	2568400
814	chr22	30060950	30066070	chr22.296455	5	1024	303501848	/gbdb/hg19/wib/gc5Base.wib	0	100	1024	44220	2464400
814	chr22	30066070	30071190	chr22.296456	5	1024	303502872	/gbdb/hg19/wib/gc5Base.wib	0	100	1024	52300	3154800
814	chr22	30071190	30076310	chr22.296457	5	1024	303503896	/gbdb/hg19/wib/gc5Base.wib	0	100	1024	48960	2819200
814	chr22	30076310	30081430	chr22.296458	5	1024	303504920	/gbdb/hg19/wib/gc5Base.wib	0	100	1024	47400	2692000
814	chr22	30081430	30086550	chr22.296459	5	1024	303505944	/gbdb/hg19/wib/gc5Base.wib	0	100	1024	50640	3006400
814	chr22	30086550	30091670	chr22.296460	5	1024	303506968	/gbdb/hg19/wib/gc5Base.wib	0	100	1024	57760	3680800
814	chr22	30091670	30096790	chr22.296461	5	1024	303507992	/gbdb/hg19/wib/gc5Base.wib	0	100	1024	53180	3316400
814	chr22	30096790	30101910	chr22.296462	5	1024	303509016	/gbdb/hg19/wib/gc5Base.wib	0	100	1024	60580	4022000
814	chr22	30101910	30107030	chr22.296463	5	1024	303510040	/gbdb/hg19/wib/gc5Base.wib	0	100	1024	59200	3864000
814	chr22	30107030	30112150	chr22.296464	5	1024	303511064	/gbdb/hg19/wib/gc5Base.wib	0	100	1024	59400	3880800
814	chr22	30112150	30117270	chr22.296465	5	1024	303512088	/gbdb/hg19/wib/gc5Base.wib	0	100	1024	64580	4595600
814	chr22	30117270	30122390	chr22.296466	5	1024	303513112	/gbdb/hg19/wib/gc5Base.wib	0	100	1024	63940	4337200
814	chr22	30122390	30127510	chr22.296467	5	1024	303514136	/gbdb/hg19/wib/gc5Base.wib	0	100	1024	62760	4270400
814	chr22	30127510	30132630	chr22.296468	5	1024	303515160	/gbdb/hg19/wib/gc5Base.wib	0	100	1024	58000	3784800
814	chr22	30132630	30137750	chr22.296469	5	1024	303516184	/gbdb/hg19/wib/gc5Base.wib	0	100	1024	58200	3765600
814	chr22	30137750	30142870	chr22.296470	5	1024	303517208	/gbdb/hg19/wib/gc5Base.wib	0	100	1024	54520	3400800
101	chr22	30142870	30147990	chr22.296471	5	1024	303518232	/gbdb/hg19/wib/gc5Base.wib	0	100	1024	54160	3297600
815	chr22	30147990	30153110	chr22.296472	5	1024	303519256	/gbdb/hg19/wib/gc5Base.wib	0	100	1024	54260	3373200
815	chr22	30153110	30158230	chr22.296473	5	1024	303520280	/gbdb/hg19/wib/gc5Base.wib	0	100	1024	47360	2752000
815	chr22	30158230	30163350	chr22.296474	5	1024	303521304	/gbdb/hg19/wib/gc5Base.wib	0	100	1024	50700	3082800
815	chr22	30163350	30168470	chr22.296475	5	1024	303522328	/gbdb/hg19/wib/gc5Base.wib	0	100	1024	49700	2927600
815	chr22	30168470	30173590	chr22.296476	5	1024	303523352	/gbdb/hg19/wib/gc5Base.wib	0	100	1024	49800	2976000
815	chr22	30173590	30178710	chr22.296477	5	1024	303524376	/gbdb/hg19/wib/gc5Base.wib	0	100	1024	50440	3000800
815	chr22	30178710	30183830	chr22.296478	5	1024	303525400	/gbdb/hg19/wib/gc5Base.wib	0	100	1024	51220	3102800
815	chr22	30183830	30188950	chr22.296479	5	1024	303526424	/gbdb/hg19/wib/gc5Base.wib	0	100	1024	56700	3585200
815	chr22	30188950	30194070	chr22.296480	5	1024	303527448	/gbdb/hg19/wib/gc5Base.wib	0	100	1024	52020	3165200
815	chr22	30194070	30199190	chr22.296481	5	1024	303528472	/gbdb/hg19/wib/gc5Base.wib	0	100	1024	51960	3130400
815	chr22	30199190	30204310	chr22.296482	5	1024	303529496	/gbdb/hg19/wib/gc5Base.wib	0	100	1024	52440	3159200
815	chr22	30204310	30209430	chr22.296483	5	1024	303530520	/gbdb/hg19/wib/gc5Base.wib	0	100	1024	46660	2699600
815	chr22	30209430	30214550	chr22.296484	5	1024	303531544	/gbdb/hg19/wib/gc5Base.wib	0	100	1024	48680	2789600
815	chr22	30214550	30219670	chr22.296485	5	1024	303532568	/gbdb/hg19/wib/gc5Base.wib	0	100	1024	48080	2790400
815	chr22	30219670	30224790	chr22.296486	5	1024	303533592	/gbdb/hg19/wib/gc5Base.wib	0	100	1024	47400	2744000
815	chr22	30224790	30229910	chr22.296487	5	1024	303534616	/gbdb/hg19/wib/gc5Base.wib	0	100	1024	48120	2760000
815	chr22	30229910	30235030	chr22.296488	5	1024	303535640	/gbdb/hg19/wib/gc5Base.wib	0	100	1024	49760	2970400
815	chr22	30235030	30240150	chr22.296489	5	1024	303536664	/gbdb/hg19/wib/gc5Base.wib	0	100	1024	46420	2611600
815	chr22	30240150	30245270	chr22.296490	5	1024	303537688	/gbdb/hg19/wib/gc5Base.wib	0	100	1024	46540	2618000
815	chr22	30245270	30250390	chr22.296491	5	1024	303538712	/gbdb/hg19/wib/gc5Base.wib	0	100	1024	47640	2746400
815	chr22	30250390	30255510	chr22.296492	5	1024	303539736	/gbdb/hg19/wib/gc5Base.wib	0	100	1024	53320	3412000
815	chr22	30255510	30260630	chr22.296493	5	1024	303540760	/gbdb/hg19/wib/gc5Base.wib	0	100	1024	43560	2392000
815	chr22	30260630	30265750	chr22.296494	5	1024	303541784	/gbdb/hg19/wib/gc5Base.wib	0	100	1024	43260	2384400
815	chr22	30265750	30270870	chr22.296495	5	1024	303542808	/gbdb/hg19/wib/gc5Base.wib	0	100	1024	46020	2561200
815	chr22	30270870	30275990	chr22.296496	5	1024	303543832	/gbdb/hg19/wib/gc5Base.wib	0	100	1024	41500	2214000
101	chr22	30275990	30281110	chr22.296497	5	1024	303544856	/gbdb/hg19/wib/gc5Base.wib	0	100	1024	51560	3288800
816	chr22	30281110	30286230	chr22.296498	5	1024	303545880	/gbdb/hg19/wib/gc5Base.wib	0	100	1024	38500	1983600
816	chr22	30286230	30291350	chr22.296499	5	1024	303546904	/gbdb/hg19/wib/gc5Base.wib	0	100	1024	40400	2145600
816	chr22	30291350	30296470	chr22.296500	5	1024	303547928	/gbdb/hg19/wib/gc5Base.wib	0	100	1024	40460	2131600
816	chr22	30296470	30301590	chr22.296501	5	1024	303548952	/gbdb/hg19/wib/gc5Base.wib	0	100	1024	39560	2063200
816	chr22	30301590	30306710	chr22.296502	5	1024	303549976	/gbdb/hg19/wib/gc5Base.wib	0	100	1024	40880	2190400
816	chr22	30306710	30311830	chr22.296503	5	1024	303551000	/gbdb/hg19/wib/gc5Base.wib	0	100	1024	39560	2080800
816	chr22	30311830	30316950	chr22.296504	5	1024	303552024	/gbdb/hg19/wib/gc5Base.wib	0	100	1024	36700	1806800
816	chr22	30316950	30322070	chr22.296505	5	1024	303553048	/gbdb/hg19/wib/gc5Base.wib	0	100	1024	41320	2228800
816	chr22	30322070	30327190	chr22.296506	5	1024	303554072	/gbdb/hg19/wib/gc5Base.wib	0	100	1024	39700	2114000
816	chr22	30327190	30332310	chr22.296507	5	1024	303555096	/gbdb/hg19/wib/gc5Base.wib	0	100	1024	38540	1973200
816	chr22	30332310	30337430	chr22.296508	5	1024	303556120	/gbdb/hg19/wib/gc5Base.wib	0	100	1024	40620	2153200
816	chr22	30337430	30342550	chr22.296509	5	1024	303557144	/gbdb/hg19/wib/gc5Base.wib	0	100	1024	41900	2267600
816	chr22	30342550	30347670	chr22.296510	5	1024	303558168	/gbdb/hg19/wib/gc5Base.wib	0	100	1024	39060	2027600
816	chr22	30347670	30352790	chr22.296511	5	1024	303559192	/gbdb/hg19/wib/gc5Base.wib	0	100	1024	40620	2158800
816	chr22	30352790	30357910	chr22.296512	5	1024	303560216	/gbdb/hg19/wib/gc5Base.wib	0	100	1024	37860	1895600
816	chr22	30357910	30363030	chr22.296513	5	1024	303561240	/gbdb/hg19/wib/gc5Base.wib	0	100	1024	40240	2085600
816	chr22	30363030	30368150	chr22.296514	5	1024	303562264	/gbdb/hg19/wib/gc5Base.wib	0	100	1024	39220	2009200
816	chr22	30368150	30373270	chr22.296515	5	1024	303563288	/gbdb/hg19/wib/gc5Base.wib	0	100	1024	39740	2061200
816	chr22	30373270	30378390	chr22.296516	5	1024	303564312	/gbdb/hg19/wib/gc5Base.wib	0	100	1024	41180	2176400
816	chr22	30378390	30383510	chr22.296517	5	1024	303565336	/gbdb/hg19/wib/gc5Base.wib	0	100	1024	41880	2249600
816	chr22	30383510	30388630	chr22.296518	5	1024	303566360	/gbdb/hg19/wib/gc5Base.wib	0	100	1024	41220	2187600
816	chr22	30388630	30393750	chr22.296519	5	1024	303567384	/gbdb/hg19/wib/gc5Base.wib	0	100	1024	39640	1998400
816	chr22	30393750	30398870	chr22.296520	5	1024	303568408	/gbdb/hg19/wib/gc5Base.wib	0	100	1024	42800	2339200
816	chr22	30398870	30403990	chr22.296521	5	1024	303569432	/gbdb/hg19/wib/gc5Base.wib	0	100	1024	43000	2252000
12	chr22	30403990	30409110	chr22.296522	5	1024	303570456	/gbdb/hg19/wib/gc5Base.wib	0	100	1024	42240	2238400
817	chr22	30409110	30414230	chr22.296523	5	1024	303571480	/gbdb/hg19/wib/gc5Base.wib	0	100	1024	46960	2600000
817	chr22	30414230	30419350	chr22.296524	5	1024	303572504	/gbdb/hg19/wib/gc5Base.wib	0	100	1024	52860	3164400
817	chr22	30419350	30424470	chr22.296525	5	1024	303573528	/gbdb/hg19/wib/gc5Base.wib	0	100	1024	50700	2952400
817	chr22	30424470	30429590	chr22.296526	5	1024	303574552	/gbdb/hg19/wib/gc5Base.wib	0	100	1024	46760	2640800
817	chr22	30429590	30434710	chr22.296527	5	1024	303575576	/gbdb/hg19/wib/gc5Base.wib	0	100	1024	48900	2834000
817	chr22	30434710	30439830	chr22.296528	5	1024	303576600	/gbdb/hg19/wib/gc5Base.wib	0	100	1024	49720	2923200
817	chr22	30439830	30444950	chr22.296529	5	1024	303577624	/gbdb/hg19/wib/gc5Base.wib	0	100	1024	50140	2935600
817	chr22	30444950	30450070	chr22.296530	5	1024	303578648	/gbdb/hg19/wib/gc5Base.wib	0	100	1024	42860	2390800
817	chr22	30450070	30455190	chr22.296531	5	1024	303579672	/gbdb/hg19/wib/gc5Base.wib	0	100	1024	43060	2328400
817	chr22	30455190	30460310	chr22.296532	5	1024	303580696	/gbdb/hg19/wib/gc5Base.wib	0	100	1024	42400	2338400
817	chr22	30460310	30465430	chr22.296533	5	1024	303581720	/gbdb/hg19/wib/gc5Base.wib	0	100	1024	46420	2727600
817	chr22	30465430	30470550	chr22.296534	5	1024	303582744	/gbdb/hg19/wib/gc5Base.wib	0	100	1024	40200	2094400
817	chr22	30470550	30475670	chr22.296535	5	1024	303583768	/gbdb/hg19/wib/gc5Base.wib	0	100	1024	42900	2295600
817	chr22	30475670	30480790	chr22.296536	5	1024	303584792	/gbdb/hg19/wib/gc5Base.wib	0	100	1024	46660	2765200
817	chr22	30480790	30485910	chr22.296537	5	1024	303585816	/gbdb/hg19/wib/gc5Base.wib	0	100	1024	40240	2135200
817	chr22	30485910	30491030	chr22.296538	5	1024	303586840	/gbdb/hg19/wib/gc5Base.wib	0	100	1024	36080	1776800
817	chr22	30491030	30496150	chr22.296539	5	1024	303587864	/gbdb/hg19/wib/gc5Base.wib	0	100	1024	37460	1868400
817	chr22	30496150	30501270	chr22.296540	5	1024	303588888	/gbdb/hg19/wib/gc5Base.wib	0	100	1024	37360	1860800
817	chr22	30501270	30506390	chr22.296541	5	1024	303589912	/gbdb/hg19/wib/gc5Base.wib	0	100	1024	40740	2168400
817	chr22	30506390	30511510	chr22.296542	5	1024	303590936	/gbdb/hg19/wib/gc5Base.wib	0	100	1024	38240	1962400
817	chr22	30511510	30516630	chr22.296543	5	1024	303591960	/gbdb/hg19/wib/gc5Base.wib	0	100	1024	39260	1999600
817	chr22	30516630	30521750	chr22.296544	5	1024	303592984	/gbdb/hg19/wib/gc5Base.wib	0	80	1024	37540	1868400
817	chr22	30521750	30526870	chr22.296545	5	1024	303594008	/gbdb/hg19/wib/gc5Base.wib	0	100	1024	39580	2119600
817	chr22	30526870	30531990	chr22.296546	5	1024	303595032	/gbdb/hg19/wib/gc5Base.wib	0	100	1024	36280	1759200
817	chr22	30531990	30537110	chr22.296547	5	1024	303596056	/gbdb/hg19/wib/gc5Base.wib	0	100	1024	36200	1761600
102	chr22	30537110	30542230	chr22.296548	5	1024	303597080	/gbdb/hg19/wib/gc5Base.wib	0	100	1024	39540	2028400
818	chr22	30542230	30547350	chr22.296549	5	1024	303598104	/gbdb/hg19/wib/gc5Base.wib	0	100	1024	37140	1850800
818	chr22	30547350	30552470	chr22.296550	5	1024	303599128	/gbdb/hg19/wib/gc5Base.wib	0	100	1024	39640	1996800
818	chr22	30552470	30557590	chr22.296551	5	1024	303600152	/gbdb/hg19/wib/gc5Base.wib	0	100	1024	38520	1922400
818	chr22	30557590	30562710	chr22.296552	5	1024	303601176	/gbdb/hg19/wib/gc5Base.wib	0	100	1024	35200	1724000
818	chr22	30562710	30567830	chr22.296553	5	1024	303602200	/gbdb/hg19/wib/gc5Base.wib	0	100	1024	40060	1983600
818	chr22	30567830	30572950	chr22.296554	5	1024	303603224	/gbdb/hg19/wib/gc5Base.wib	0	100	1024	39640	2033600
818	chr22	30572950	30578070	chr22.296555	5	1024	303604248	/gbdb/hg19/wib/gc5Base.wib	0	100	1024	43140	2302000
818	chr22	30578070	30583190	chr22.296556	5	1024	303605272	/gbdb/hg19/wib/gc5Base.wib	0	100	1024	39400	1996800
818	chr22	30583190	30588310	chr22.296557	5	1024	303606296	/gbdb/hg19/wib/gc5Base.wib	0	100	1024	43540	2329200
818	chr22	30588310	30593430	chr22.296558	5	1024	303607320	/gbdb/hg19/wib/gc5Base.wib	0	100	1024	45100	2427600
818	chr22	30593430	30598550	chr22.296559	5	1024	303608344	/gbdb/hg19/wib/gc5Base.wib	0	100	1024	45680	2608800
818	chr22	30598550	30603670	chr22.296560	5	1024	303609368	/gbdb/hg19/wib/gc5Base.wib	0	100	1024	53140	3226000
818	chr22	30603670	30608790	chr22.296561	5	1024	303610392	/gbdb/hg19/wib/gc5Base.wib	0	100	1024	52720	3214400
818	chr22	30608790	30613910	chr22.296562	5	1024	303611416	/gbdb/hg19/wib/gc5Base.wib	0	100	1024	52980	3243600
818	chr22	30613910	30619030	chr22.296563	5	1024	303612440	/gbdb/hg19/wib/gc5Base.wib	0	100	1024	52340	3158800
818	chr22	30619030	30624150	chr22.296564	5	1024	303613464	/gbdb/hg19/wib/gc5Base.wib	0	100	1024	52740	3182000
818	chr22	30624150	30629270	chr22.296565	5	1024	303614488	/gbdb/hg19/wib/gc5Base.wib	0	100	1024	54900	3453200
818	chr22	30629270	30634390	chr22.296566	5	1024	303615512	/gbdb/hg19/wib/gc5Base.wib	0	100	1024	51260	3066000
818	chr22	30634390	30639510	chr22.296567	5	1024	303616536	/gbdb/hg19/wib/gc5Base.wib	0	100	1024	57560	3731200
818	chr22	30639510	30644630	chr22.296568	5	1024	303617560	/gbdb/hg19/wib/gc5Base.wib	0	100	1024	61820	4170800
818	chr22	30644630	30649750	chr22.296569	5	1024	303618584	/gbdb/hg19/wib/gc5Base.wib	0	100	1024	60400	4012800
818	chr22	30649750	30654870	chr22.296570	5	1024	303619608	/gbdb/hg19/wib/gc5Base.wib	0	100	1024	59980	3996400
818	chr22	30654870	30659990	chr22.296571	5	1024	303620632	/gbdb/hg19/wib/gc5Base.wib	0	100	1024	57780	3706000
818	chr22	30659990	30665110	chr22.296572	5	1024	303621656	/gbdb/hg19/wib/gc5Base.wib	0	100	1024	61980	4159600
818	chr22	30665110	30670230	chr22.296573	5	1024	303622680	/gbdb/hg19/wib/gc5Base.wib	0	100	1024	51420	3098000
102	chr22	30670230	30675350	chr22.296574	5	1024	303623704	/gbdb/hg19/wib/gc5Base.wib	0	100	1024	53760	3296000
819	chr22	30675350	30680470	chr22.296575	5	1024	303624728	/gbdb/hg19/wib/gc5Base.wib	0	100	1024	53520	3348800
819	chr22	30680470	30685590	chr22.296576	5	1024	303625752	/gbdb/hg19/wib/gc5Base.wib	0	100	1024	62060	4187600
819	chr22	30685590	30690710	chr22.296577	5	1024	303626776	/gbdb/hg19/wib/gc5Base.wib	0	100	1024	60880	4041600
819	chr22	30690710	30695830	chr22.296578	5	1024	303627800	/gbdb/hg19/wib/gc5Base.wib	0	100	1024	58020	3713200
819	chr22	30695830	30700950	chr22.296579	5	1024	303628824	/gbdb/hg19/wib/gc5Base.wib	0	100	1024	54200	3308000
819	chr22	30700950	30706070	chr22.296580	5	1024	303629848	/gbdb/hg19/wib/gc5Base.wib	0	100	1024	49220	2847600
819	chr22	30706070	30711190	chr22.296581	5	1024	303630872	/gbdb/hg19/wib/gc5Base.wib	0	100	1024	50940	3003600
819	chr22	30711190	30716310	chr22.296582	5	1024	303631896	/gbdb/hg19/wib/gc5Base.wib	0	100	1024	50940	2948400
819	chr22	30716310	30721430	chr22.296583	5	1024	303632920	/gbdb/hg19/wib/gc5Base.wib	0	100	1024	51440	3058400
819	chr22	30721430	30726550	chr22.296584	5	1024	303633944	/gbdb/hg19/wib/gc5Base.wib	0	100	1024	55320	3604000
819	chr22	30726550	30731670	chr22.296585	5	1024	303634968	/gbdb/hg19/wib/gc5Base.wib	0	100	1024	48000	2726400
819	chr22	30731670	30736790	chr22.296586	5	1024	303635992	/gbdb/hg19/wib/gc5Base.wib	0	100	1024	54480	3356000
819	chr22	30736790	30741910	chr22.296587	5	1024	303637016	/gbdb/hg19/wib/gc5Base.wib	0	100	1024	50620	2959600
819	chr22	30741910	30747030	chr22.296588	5	1024	303638040	/gbdb/hg19/wib/gc5Base.wib	0	100	1024	46980	2696400
819	chr22	30747030	30752150	chr22.296589	5	1024	303639064	/gbdb/hg19/wib/gc5Base.wib	0	100	1024	48480	2800800
819	chr22	30752150	30757270	chr22.296590	5	1024	303640088	/gbdb/hg19/wib/gc5Base.wib	0	100	1024	52460	3305200
819	chr22	30757270	30762390	chr22.296591	5	1024	303641112	/gbdb/hg19/wib/gc5Base.wib	0	100	1024	54000	3353600
819	chr22	30762390	30767510	chr22.296592	5	1024	303642136	/gbdb/hg19/wib/gc5Base.wib	0	100	1024	56300	3522800
819	chr22	30767510	30772630	chr22.296593	5	1024	303643160	/gbdb/hg19/wib/gc5Base.wib	0	100	1024	60260	3957200
819	chr22	30772630	30777750	chr22.296594	5	1024	303644184	/gbdb/hg19/wib/gc5Base.wib	0	100	1024	59300	3892400
819	chr22	30777750	30782870	chr22.296595	5	1024	303645208	/gbdb/hg19/wib/gc5Base.wib	0	100	1024	58160	3740800
819	chr22	30782870	30787990	chr22.296596	5	1024	303646232	/gbdb/hg19/wib/gc5Base.wib	0	100	1024	56420	3690800
819	chr22	30787990	30793110	chr22.296597	5	1024	303647256	/gbdb/hg19/wib/gc5Base.wib	0	100	1024	54140	3386800
819	chr22	30793110	30798230	chr22.296598	5	1024	303648280	/gbdb/hg19/wib/gc5Base.wib	0	100	1024	55640	3582400
102	chr22	30798230	30803350	chr22.296599	5	1024	303649304	/gbdb/hg19/wib/gc5Base.wib	0	100	1024	51740	3123600
820	chr22	30803350	30808470	chr22.296600	5	1024	303650328	/gbdb/hg19/wib/gc5Base.wib	0	100	1024	51160	3030400
820	chr22	30808470	30813590	chr22.296601	5	1024	303651352	/gbdb/hg19/wib/gc5Base.wib	0	100	1024	48760	2801600
820	chr22	30813590	30818710	chr22.296602	5	1024	303652376	/gbdb/hg19/wib/gc5Base.wib	0	100	1024	47240	2649600
820	chr22	30818710	30823830	chr22.296603	5	1024	303653400	/gbdb/hg19/wib/gc5Base.wib	0	100	1024	57720	3752800
820	chr22	30823830	30828950	chr22.296604	5	1024	303654424	/gbdb/hg19/wib/gc5Base.wib	0	100	1024	56900	3612400
820	chr22	30828950	30834070	chr22.296605	5	1024	303655448	/gbdb/hg19/wib/gc5Base.wib	0	100	1024	51260	3066000
820	chr22	30834070	30839190	chr22.296606	5	1024	303656472	/gbdb/hg19/wib/gc5Base.wib	0	100	1024	51560	3103200
820	chr22	30839190	30844310	chr22.296607	5	1024	303657496	/gbdb/hg19/wib/gc5Base.wib	0	100	1024	50920	3059200
820	chr22	30844310	30849430	chr22.296608	5	1024	303658520	/gbdb/hg19/wib/gc5Base.wib	0	100	1024	49780	2940400
820	chr22	30849430	30854550	chr22.296609	5	1024	303659544	/gbdb/hg19/wib/gc5Base.wib	0	100	1024	45200	2708800
820	chr22	30854550	30859670	chr22.296610	5	1024	303660568	/gbdb/hg19/wib/gc5Base.wib	0	100	1024	52560	3136000
820	chr22	30859670	30864790	chr22.296611	5	1024	303661592	/gbdb/hg19/wib/gc5Base.wib	0	100	1024	46300	2563600
820	chr22	30864790	30869910	chr22.296612	5	1024	303662616	/gbdb/hg19/wib/gc5Base.wib	0	100	1024	53280	3243200
820	chr22	30869910	30875030	chr22.296613	5	1024	303663640	/gbdb/hg19/wib/gc5Base.wib	0	100	1024	50980	3062000
820	chr22	30875030	30880150	chr22.296614	5	1024	303664664	/gbdb/hg19/wib/gc5Base.wib	0	100	1024	47880	2712000
820	chr22	30880150	30885270	chr22.296615	5	1024	303665688	/gbdb/hg19/wib/gc5Base.wib	0	100	1024	53600	3332800
820	chr22	30885270	30890390	chr22.296616	5	1024	303666712	/gbdb/hg19/wib/gc5Base.wib	0	100	1024	55260	3416400
820	chr22	30890390	30895510	chr22.296617	5	1024	303667736	/gbdb/hg19/wib/gc5Base.wib	0	100	1024	49420	2919600
820	chr22	30895510	30900630	chr22.296618	5	1024	303668760	/gbdb/hg19/wib/gc5Base.wib	0	100	1024	48360	2873600
820	chr22	30900630	30905750	chr22.296619	5	1024	303669784	/gbdb/hg19/wib/gc5Base.wib	0	100	1024	51460	3238000
820	chr22	30905750	30910870	chr22.296620	5	1024	303670808	/gbdb/hg19/wib/gc5Base.wib	0	100	1024	48480	2875200
820	chr22	30910870	30915990	chr22.296621	5	1024	303671832	/gbdb/hg19/wib/gc5Base.wib	0	100	1024	49680	2907200
820	chr22	30915990	30921110	chr22.296622	5	1024	303672856	/gbdb/hg19/wib/gc5Base.wib	0	100	1024	50100	2941200
820	chr22	30921110	30926230	chr22.296623	5	1024	303673880	/gbdb/hg19/wib/gc5Base.wib	0	100	1024	50440	3081600
820	chr22	30926230	30931350	chr22.296624	5	1024	303674904	/gbdb/hg19/wib/gc5Base.wib	0	100	1024	54380	3415600
102	chr22	30931350	30936470	chr22.296625	5	1024	303675928	/gbdb/hg19/wib/gc5Base.wib	0	100	1024	48860	2831600
821	chr22	30936470	30941590	chr22.296626	5	1024	303676952	/gbdb/hg19/wib/gc5Base.wib	0	100	1024	55360	3551200
821	chr22	30941590	30946710	chr22.296627	5	1024	303677976	/gbdb/hg19/wib/gc5Base.wib	0	100	1024	52680	3196800
821	chr22	30946710	30951830	chr22.296628	5	1024	303679000	/gbdb/hg19/wib/gc5Base.wib	0	100	1024	53540	3383600
821	chr22	30951830	30956950	chr22.296629	5	1024	303680024	/gbdb/hg19/wib/gc5Base.wib	0	100	1024	53400	3396000
821	chr22	30956950	30962070	chr22.296630	5	1024	303681048	/gbdb/hg19/wib/gc5Base.wib	0	100	1024	54180	3352400
821	chr22	30962070	30967190	chr22.296631	5	1024	303682072	/gbdb/hg19/wib/gc5Base.wib	0	100	1024	51800	3134400
821	chr22	30967190	30972310	chr22.296632	5	1024	303683096	/gbdb/hg19/wib/gc5Base.wib	0	100	1024	60900	4095600
821	chr22	30972310	30977430	chr22.296633	5	1024	303684120	/gbdb/hg19/wib/gc5Base.wib	0	100	1024	57040	3627200
821	chr22	30977430	30982550	chr22.296634	5	1024	303685144	/gbdb/hg19/wib/gc5Base.wib	0	100	1024	58560	3760000
821	chr22	30982550	30987670	chr22.296635	5	1024	303686168	/gbdb/hg19/wib/gc5Base.wib	0	100	1024	49200	2790400
821	chr22	30987670	30992790	chr22.296636	5	1024	303687192	/gbdb/hg19/wib/gc5Base.wib	0	100	1024	48980	2922800
821	chr22	30992790	30997910	chr22.296637	5	1024	303688216	/gbdb/hg19/wib/gc5Base.wib	0	100	1024	48200	2898400
821	chr22	30997910	31003030	chr22.296638	5	1024	303689240	/gbdb/hg19/wib/gc5Base.wib	0	100	1024	48300	2814800
821	chr22	31003030	31008150	chr22.296639	5	1024	303690264	/gbdb/hg19/wib/gc5Base.wib	0	100	1024	52740	3151600
821	chr22	31008150	31013270	chr22.296640	5	1024	303691288	/gbdb/hg19/wib/gc5Base.wib	0	100	1024	54000	3292800
821	chr22	31013270	31018390	chr22.296641	5	1024	303692312	/gbdb/hg19/wib/gc5Base.wib	0	100	1024	50960	3043200
821	chr22	31018390	31023510	chr22.296642	5	1024	303693336	/gbdb/hg19/wib/gc5Base.wib	0	100	1024	49760	2988800
821	chr22	31023510	31028630	chr22.296643	5	1024	303694360	/gbdb/hg19/wib/gc5Base.wib	0	100	1024	54580	3478800
821	chr22	31028630	31033750	chr22.296644	5	1024	303695384	/gbdb/hg19/wib/gc5Base.wib	0	100	1024	60000	4054400
821	chr22	31033750	31038870	chr22.296645	5	1024	303696408	/gbdb/hg19/wib/gc5Base.wib	0	100	1024	52200	3203200
821	chr22	31038870	31043990	chr22.296646	5	1024	303697432	/gbdb/hg19/wib/gc5Base.wib	0	100	1024	54240	3404800
821	chr22	31043990	31049110	chr22.296647	5	1024	303698456	/gbdb/hg19/wib/gc5Base.wib	0	100	1024	52240	3172000
821	chr22	31049110	31054230	chr22.296648	5	1024	303699480	/gbdb/hg19/wib/gc5Base.wib	0	100	1024	50240	3052800
821	chr22	31054230	31059350	chr22.296649	5	1024	303700504	/gbdb/hg19/wib/gc5Base.wib	0	100	1024	45620	2564400
102	chr22	31059350	31064470	chr22.296650	5	1024	303701528	/gbdb/hg19/wib/gc5Base.wib	0	100	1024	54060	3335600
822	chr22	31064470	31069590	chr22.296651	5	1024	303702552	/gbdb/hg19/wib/gc5Base.wib	0	100	1024	47560	2746400
822	chr22	31069590	31074710	chr22.296652	5	1024	303703576	/gbdb/hg19/wib/gc5Base.wib	0	100	1024	47000	2682400
822	chr22	31074710	31079830	chr22.296653	5	1024	303704600	/gbdb/hg19/wib/gc5Base.wib	0	100	1024	49440	2868000
822	chr22	31079830	31084950	chr22.296654	5	1024	303705624	/gbdb/hg19/wib/gc5Base.wib	0	100	1024	47360	2734400
822	chr22	31084950	31090070	chr22.296655	5	1024	303706648	/gbdb/hg19/wib/gc5Base.wib	0	100	1024	46840	2715200
822	chr22	31090070	31095190	chr22.296656	5	1024	303707672	/gbdb/hg19/wib/gc5Base.wib	0	100	1024	56280	3651200
822	chr22	31095190	31100310	chr22.296657	5	1024	303708696	/gbdb/hg19/wib/gc5Base.wib	0	100	1024	44760	2512000
822	chr22	31100310	31105430	chr22.296658	5	1024	303709720	/gbdb/hg19/wib/gc5Base.wib	0	100	1024	49100	2878800
822	chr22	31105430	31110550	chr22.296659	5	1024	303710744	/gbdb/hg19/wib/gc5Base.wib	0	100	1024	44680	2504000
822	chr22	31110550	31115670	chr22.296660	5	1024	303711768	/gbdb/hg19/wib/gc5Base.wib	0	100	1024	47840	2728000
822	chr22	31115670	31120790	chr22.296661	5	1024	303712792	/gbdb/hg19/wib/gc5Base.wib	0	100	1024	45860	2574800
822	chr22	31120790	31125910	chr22.296662	5	1024	303713816	/gbdb/hg19/wib/gc5Base.wib	0	100	1024	46580	2674000
822	chr22	31125910	31131030	chr22.296663	5	1024	303714840	/gbdb/hg19/wib/gc5Base.wib	0	100	1024	48680	2850400
822	chr22	31131030	31136150	chr22.296664	5	1024	303715864	/gbdb/hg19/wib/gc5Base.wib	0	100	1024	46660	2700400
822	chr22	31136150	31141270	chr22.296665	5	1024	303716888	/gbdb/hg19/wib/gc5Base.wib	0	100	1024	49160	2866400
822	chr22	31141270	31146390	chr22.296666	5	1024	303717912	/gbdb/hg19/wib/gc5Base.wib	0	100	1024	46180	2598800
822	chr22	31146390	31151510	chr22.296667	5	1024	303718936	/gbdb/hg19/wib/gc5Base.wib	0	100	1024	50440	2985600
822	chr22	31151510	31156630	chr22.296668	5	1024	303719960	/gbdb/hg19/wib/gc5Base.wib	0	100	1024	50640	3007200
822	chr22	31156630	31161750	chr22.296669	5	1024	303720984	/gbdb/hg19/wib/gc5Base.wib	0	100	1024	46220	2690000
822	chr22	31161750	31166870	chr22.296670	5	1024	303722008	/gbdb/hg19/wib/gc5Base.wib	0	100	1024	49140	2891600
822	chr22	31166870	31171990	chr22.296671	5	1024	303723032	/gbdb/hg19/wib/gc5Base.wib	0	100	1024	51300	3091600
822	chr22	31171990	31177110	chr22.296672	5	1024	303724056	/gbdb/hg19/wib/gc5Base.wib	0	100	1024	48220	2814000
822	chr22	31177110	31182230	chr22.296673	5	1024	303725080	/gbdb/hg19/wib/gc5Base.wib	0	100	1024	46520	2649600
822	chr22	31182230	31187350	chr22.296674	5	1024	303726104	/gbdb/hg19/wib/gc5Base.wib	0	100	1024	48700	2836400
822	chr22	31187350	31192470	chr22.296675	5	1024	303727128	/gbdb/hg19/wib/gc5Base.wib	0	100	1024	44240	2485600
102	chr22	31192470	31197590	chr22.296676	5	1024	303728152	/gbdb/hg19/wib/gc5Base.wib	0	100	1024	45620	2564400
823	chr22	31197590	31202710	chr22.296677	5	1024	303729176	/gbdb/hg19/wib/gc5Base.wib	0	100	1024	53640	3332800
823	chr22	31202710	31207830	chr22.296678	5	1024	303730200	/gbdb/hg19/wib/gc5Base.wib	0	100	1024	51360	3085600
823	chr22	31207830	31212950	chr22.296679	5	1024	303731224	/gbdb/hg19/wib/gc5Base.wib	0	100	1024	46420	2674000
823	chr22	31212950	31218070	chr22.296680	5	1024	303732248	/gbdb/hg19/wib/gc5Base.wib	0	100	1024	48760	2826400
823	chr22	31218070	31223190	chr22.296681	5	1024	303733272	/gbdb/hg19/wib/gc5Base.wib	0	100	1024	55440	3527200
823	chr22	31223190	31228310	chr22.296682	5	1024	303734296	/gbdb/hg19/wib/gc5Base.wib	0	100	1024	51640	3100800
823	chr22	31228310	31233430	chr22.296683	5	1024	303735320	/gbdb/hg19/wib/gc5Base.wib	0	100	1024	43280	2356800
823	chr22	31233430	31238550	chr22.296684	5	1024	303736344	/gbdb/hg19/wib/gc5Base.wib	0	100	1024	41660	2184400
823	chr22	31238550	31243670	chr22.296685	5	1024	303737368	/gbdb/hg19/wib/gc5Base.wib	0	100	1024	45180	2539600
823	chr22	31243670	31248790	chr22.296686	5	1024	303738392	/gbdb/hg19/wib/gc5Base.wib	0	100	1024	35620	1752400
823	chr22	31248790	31253910	chr22.296687	5	1024	303739416	/gbdb/hg19/wib/gc5Base.wib	0	100	1024	46600	2687200
823	chr22	31253910	31259030	chr22.296688	5	1024	303740440	/gbdb/hg19/wib/gc5Base.wib	0	100	1024	56420	3638800
823	chr22	31259030	31264150	chr22.296689	5	1024	303741464	/gbdb/hg19/wib/gc5Base.wib	0	100	1024	56360	3566400
823	chr22	31264150	31269270	chr22.296690	5	1024	303742488	/gbdb/hg19/wib/gc5Base.wib	0	100	1024	59840	3925600
823	chr22	31269270	31274390	chr22.296691	5	1024	303743512	/gbdb/hg19/wib/gc5Base.wib	0	100	1024	57240	3640000
823	chr22	31274390	31279510	chr22.296692	5	1024	303744536	/gbdb/hg19/wib/gc5Base.wib	0	100	1024	59780	3882000
823	chr22	31279510	31284630	chr22.296693	5	1024	303745560	/gbdb/hg19/wib/gc5Base.wib	0	100	1024	56180	3534000
823	chr22	31284630	31289750	chr22.296694	5	1024	303746584	/gbdb/hg19/wib/gc5Base.wib	0	100	1024	60280	3934400
823	chr22	31289750	31294870	chr22.296695	5	1024	303747608	/gbdb/hg19/wib/gc5Base.wib	0	100	1024	43440	2400000
823	chr22	31294870	31299990	chr22.296696	5	1024	303748632	/gbdb/hg19/wib/gc5Base.wib	0	100	1024	43200	2371200
823	chr22	31299990	31305110	chr22.296697	5	1024	303749656	/gbdb/hg19/wib/gc5Base.wib	0	100	1024	54120	3483200
823	chr22	31305110	31310230	chr22.296698	5	1024	303750680	/gbdb/hg19/wib/gc5Base.wib	0	100	1024	40880	2181600
823	chr22	31310230	31315350	chr22.296699	5	1024	303751704	/gbdb/hg19/wib/gc5Base.wib	0	100	1024	42760	2340000
823	chr22	31315350	31320470	chr22.296700	5	1024	303752728	/gbdb/hg19/wib/gc5Base.wib	0	100	1024	47060	2766800
823	chr22	31320470	31325590	chr22.296701	5	1024	303753752	/gbdb/hg19/wib/gc5Base.wib	0	100	1024	50520	2964800
102	chr22	31325590	31330710	chr22.296702	5	1024	303754776	/gbdb/hg19/wib/gc5Base.wib	0	100	1024	53020	3180400
824	chr22	31330710	31335830	chr22.296703	5	1024	303755800	/gbdb/hg19/wib/gc5Base.wib	0	100	1024	46420	2627600
824	chr22	31335830	31340950	chr22.296704	5	1024	303756824	/gbdb/hg19/wib/gc5Base.wib	0	100	1024	50560	2988000
824	chr22	31340950	31346070	chr22.296705	5	1024	303757848	/gbdb/hg19/wib/gc5Base.wib	0	100	1024	47800	2666400
824	chr22	31346070	31351190	chr22.296706	5	1024	303758872	/gbdb/hg19/wib/gc5Base.wib	0	100	1024	44720	2396800
824	chr22	31351190	31356310	chr22.296707	5	1024	303759896	/gbdb/hg19/wib/gc5Base.wib	0	100	1024	38500	1914800
824	chr22	31356310	31361430	chr22.296708	5	1024	303760920	/gbdb/hg19/wib/gc5Base.wib	0	100	1024	42460	2337200
824	chr22	31361430	31366550	chr22.296709	5	1024	303761944	/gbdb/hg19/wib/gc5Base.wib	0	100	1024	48820	3002800
824	chr22	31366550	31371670	chr22.296710	5	1024	303762968	/gbdb/hg19/wib/gc5Base.wib	0	100	1024	41420	2093200
824	chr22	31371670	31376790	chr22.296711	5	1024	303763992	/gbdb/hg19/wib/gc5Base.wib	0	100	1024	39600	1995200
824	chr22	31376790	31381910	chr22.296712	5	1024	303765016	/gbdb/hg19/wib/gc5Base.wib	0	100	1024	41720	2221600
824	chr22	31381910	31387030	chr22.296713	5	1024	303766040	/gbdb/hg19/wib/gc5Base.wib	0	100	1024	45680	2509600
824	chr22	31387030	31392150	chr22.296714	5	1024	303767064	/gbdb/hg19/wib/gc5Base.wib	0	100	1024	46140	2570800
824	chr22	31392150	31397270	chr22.296715	5	1024	303768088	/gbdb/hg19/wib/gc5Base.wib	0	100	1024	41260	2244400
824	chr22	31397270	31402390	chr22.296716	5	1024	303769112	/gbdb/hg19/wib/gc5Base.wib	0	100	1024	46440	2617600
824	chr22	31402390	31407510	chr22.296717	5	1024	303770136	/gbdb/hg19/wib/gc5Base.wib	0	100	1024	46840	2660000
824	chr22	31407510	31412630	chr22.296718	5	1024	303771160	/gbdb/hg19/wib/gc5Base.wib	0	100	1024	44080	2446400
824	chr22	31412630	31417750	chr22.296719	5	1024	303772184	/gbdb/hg19/wib/gc5Base.wib	0	100	1024	45340	2594000
824	chr22	31417750	31422870	chr22.296720	5	1024	303773208	/gbdb/hg19/wib/gc5Base.wib	0	100	1024	46840	2756800
824	chr22	31422870	31427990	chr22.296721	5	1024	303774232	/gbdb/hg19/wib/gc5Base.wib	0	100	1024	49840	3159200
824	chr22	31427990	31433110	chr22.296722	5	1024	303775256	/gbdb/hg19/wib/gc5Base.wib	0	100	1024	49220	2914000
824	chr22	31433110	31438230	chr22.296723	5	1024	303776280	/gbdb/hg19/wib/gc5Base.wib	0	100	1024	47560	2704800
824	chr22	31438230	31443350	chr22.296724	5	1024	303777304	/gbdb/hg19/wib/gc5Base.wib	0	100	1024	50000	2997600
824	chr22	31443350	31448470	chr22.296725	5	1024	303778328	/gbdb/hg19/wib/gc5Base.wib	0	100	1024	49700	2920400
824	chr22	31448470	31453590	chr22.296726	5	1024	303779352	/gbdb/hg19/wib/gc5Base.wib	0	100	1024	50480	2971200
12	chr22	31453590	31458710	chr22.296727	5	1024	303780376	/gbdb/hg19/wib/gc5Base.wib	0	100	1024	48900	2839600
825	chr22	31458710	31463830	chr22.296728	5	1024	303781400	/gbdb/hg19/wib/gc5Base.wib	0	100	1024	45620	2556400
825	chr22	31463830	31468950	chr22.296729	5	1024	303782424	/gbdb/hg19/wib/gc5Base.wib	0	100	1024	50760	3053600
825	chr22	31468950	31474070	chr22.296730	5	1024	303783448	/gbdb/hg19/wib/gc5Base.wib	0	100	1024	51260	3044400
825	chr22	31474070	31479190	chr22.296731	5	1024	303784472	/gbdb/hg19/wib/gc5Base.wib	0	100	1024	56740	3617200
825	chr22	31479190	31484310	chr22.296732	5	1024	303785496	/gbdb/hg19/wib/gc5Base.wib	0	100	1024	61060	4062800
825	chr22	31484310	31489430	chr22.296733	5	1024	303786520	/gbdb/hg19/wib/gc5Base.wib	0	100	1024	62600	4186400
825	chr22	31489430	31494550	chr22.296734	5	1024	303787544	/gbdb/hg19/wib/gc5Base.wib	0	100	1024	57160	3664000
825	chr22	31494550	31499670	chr22.296735	5	1024	303788568	/gbdb/hg19/wib/gc5Base.wib	0	100	1024	59100	3877200
825	chr22	31499670	31504790	chr22.296736	5	1024	303789592	/gbdb/hg19/wib/gc5Base.wib	0	100	1024	59600	3949600
825	chr22	31504790	31509910	chr22.296737	5	1024	303790616	/gbdb/hg19/wib/gc5Base.wib	0	100	1024	46940	2739600
825	chr22	31509910	31515030	chr22.296738	5	1024	303791640	/gbdb/hg19/wib/gc5Base.wib	0	100	1024	46880	2744000
825	chr22	31515030	31520150	chr22.296739	5	1024	303792664	/gbdb/hg19/wib/gc5Base.wib	0	100	1024	55860	3500400
825	chr22	31520150	31525270	chr22.296740	5	1024	303793688	/gbdb/hg19/wib/gc5Base.wib	0	100	1024	60620	4015600
825	chr22	31525270	31530390	chr22.296741	5	1024	303794712	/gbdb/hg19/wib/gc5Base.wib	0	100	1024	53420	3310800
825	chr22	31530390	31535510	chr22.296742	5	1024	303795736	/gbdb/hg19/wib/gc5Base.wib	0	100	1024	57400	3623200
825	chr22	31535510	31540630	chr22.296743	5	1024	303796760	/gbdb/hg19/wib/gc5Base.wib	0	100	1024	57360	3610400
825	chr22	31540630	31545750	chr22.296744	5	1024	303797784	/gbdb/hg19/wib/gc5Base.wib	0	100	1024	45460	2532400
825	chr22	31545750	31550870	chr22.296745	5	1024	303798808	/gbdb/hg19/wib/gc5Base.wib	0	100	1024	49020	2884400
825	chr22	31550870	31555990	chr22.296746	5	1024	303799832	/gbdb/hg19/wib/gc5Base.wib	0	100	1024	46100	2608400
825	chr22	31555990	31561110	chr22.296747	5	1024	303800856	/gbdb/hg19/wib/gc5Base.wib	0	100	1024	46700	2741200
825	chr22	31561110	31566230	chr22.296748	5	1024	303801880	/gbdb/hg19/wib/gc5Base.wib	0	100	1024	43740	2405200
825	chr22	31566230	31571350	chr22.296749	5	1024	303802904	/gbdb/hg19/wib/gc5Base.wib	0	100	1024	44860	2528400
825	chr22	31571350	31576470	chr22.296750	5	1024	303803928	/gbdb/hg19/wib/gc5Base.wib	0	100	1024	45540	2545200
825	chr22	31576470	31581590	chr22.296751	5	1024	303804952	/gbdb/hg19/wib/gc5Base.wib	0	100	1024	48960	2992800
825	chr22	31581590	31586710	chr22.296752	5	1024	303805976	/gbdb/hg19/wib/gc5Base.wib	0	100	1024	47000	2706400
103	chr22	31586710	31591830	chr22.296753	5	1024	303807000	/gbdb/hg19/wib/gc5Base.wib	0	100	1024	46580	2636400
826	chr22	31591830	31596950	chr22.296754	5	1024	303808024	/gbdb/hg19/wib/gc5Base.wib	0	100	1024	42640	2320800
826	chr22	31596950	31602070	chr22.296755	5	1024	303809048	/gbdb/hg19/wib/gc5Base.wib	0	100	1024	48560	2783200
826	chr22	31602070	31607190	chr22.296756	5	1024	303810072	/gbdb/hg19/wib/gc5Base.wib	0	100	1024	48640	2823200
826	chr22	31607190	31612310	chr22.296757	5	1024	303811096	/gbdb/hg19/wib/gc5Base.wib	0	100	1024	50880	3120000
826	chr22	31612310	31617430	chr22.296758	5	1024	303812120	/gbdb/hg19/wib/gc5Base.wib	0	100	1024	44380	2447600
826	chr22	31617430	31622550	chr22.296759	5	1024	303813144	/gbdb/hg19/wib/gc5Base.wib	0	100	1024	46900	2667600
826	chr22	31622550	31627670	chr22.296760	5	1024	303814168	/gbdb/hg19/wib/gc5Base.wib	0	100	1024	46360	2591200
826	chr22	31627670	31632790	chr22.296761	5	1024	303815192	/gbdb/hg19/wib/gc5Base.wib	0	100	1024	46380	2627600
826	chr22	31632790	31637910	chr22.296762	5	1024	303816216	/gbdb/hg19/wib/gc5Base.wib	0	100	1024	45940	2582800
826	chr22	31637910	31643030	chr22.296763	5	1024	303817240	/gbdb/hg19/wib/gc5Base.wib	0	100	1024	47000	2640800
826	chr22	31643030	31648150	chr22.296764	5	1024	303818264	/gbdb/hg19/wib/gc5Base.wib	0	100	1024	51520	3047200
826	chr22	31648150	31653270	chr22.296765	5	1024	303819288	/gbdb/hg19/wib/gc5Base.wib	0	100	1024	47220	2670000
826	chr22	31653270	31658390	chr22.296766	5	1024	303820312	/gbdb/hg19/wib/gc5Base.wib	0	100	1024	47980	2736400
826	chr22	31658390	31663510	chr22.296767	5	1024	303821336	/gbdb/hg19/wib/gc5Base.wib	0	100	1024	51720	3104000
826	chr22	31663510	31668630	chr22.296768	5	1024	303822360	/gbdb/hg19/wib/gc5Base.wib	0	100	1024	51860	3082800
826	chr22	31668630	31673750	chr22.296769	5	1024	303823384	/gbdb/hg19/wib/gc5Base.wib	0	100	1024	52260	3235600
826	chr22	31673750	31678870	chr22.296770	5	1024	303824408	/gbdb/hg19/wib/gc5Base.wib	0	100	1024	50860	2982800
826	chr22	31678870	31683990	chr22.296771	5	1024	303825432	/gbdb/hg19/wib/gc5Base.wib	0	100	1024	49620	2928400
826	chr22	31683990	31689110	chr22.296772	5	1024	303826456	/gbdb/hg19/wib/gc5Base.wib	0	100	1024	55200	3516800
826	chr22	31689110	31694230	chr22.296773	5	1024	303827480	/gbdb/hg19/wib/gc5Base.wib	0	100	1024	41700	2233200
826	chr22	31694230	31699350	chr22.296774	5	1024	303828504	/gbdb/hg19/wib/gc5Base.wib	0	100	1024	43120	2307200
826	chr22	31699350	31704470	chr22.296775	5	1024	303829528	/gbdb/hg19/wib/gc5Base.wib	0	100	1024	43360	2400000
826	chr22	31704470	31709590	chr22.296776	5	1024	303830552	/gbdb/hg19/wib/gc5Base.wib	0	100	1024	45840	2625600
826	chr22	31709590	31714710	chr22.296777	5	1024	303831576	/gbdb/hg19/wib/gc5Base.wib	0	100	1024	44120	2409600
103	chr22	31714710	31719830	chr22.296778	5	1024	303832600	/gbdb/hg19/wib/gc5Base.wib	0	100	1024	48040	2742400
827	chr22	31719830	31724950	chr22.296779	5	1024	303833624	/gbdb/hg19/wib/gc5Base.wib	0	100	1024	52620	3195600
827	chr22	31724950	31730070	chr22.296780	5	1024	303834648	/gbdb/hg19/wib/gc5Base.wib	0	100	1024	48880	2812000
827	chr22	31730070	31735190	chr22.296781	5	1024	303835672	/gbdb/hg19/wib/gc5Base.wib	0	100	1024	50840	2971200
827	chr22	31735190	31740310	chr22.296782	5	1024	303836696	/gbdb/hg19/wib/gc5Base.wib	0	100	1024	56900	3604400
827	chr22	31740310	31745430	chr22.296783	5	1024	303837720	/gbdb/hg19/wib/gc5Base.wib	0	100	1024	63360	4514400
827	chr22	31745430	31750550	chr22.296784	5	1024	303838744	/gbdb/hg19/wib/gc5Base.wib	0	100	1024	48440	2820800
827	chr22	31750550	31755670	chr22.296785	5	1024	303839768	/gbdb/hg19/wib/gc5Base.wib	0	100	1024	47500	2800400
827	chr22	31755670	31760790	chr22.296786	5	1024	303840792	/gbdb/hg19/wib/gc5Base.wib	0	100	1024	47960	2823200
827	chr22	31760790	31765910	chr22.296787	5	1024	303841816	/gbdb/hg19/wib/gc5Base.wib	0	100	1024	48860	2929200
827	chr22	31765910	31771030	chr22.296788	5	1024	303842840	/gbdb/hg19/wib/gc5Base.wib	0	100	1024	46500	2734800
827	chr22	31771030	31776150	chr22.296789	5	1024	303843864	/gbdb/hg19/wib/gc5Base.wib	0	100	1024	46880	2729600
827	chr22	31776150	31781270	chr22.296790	5	1024	303844888	/gbdb/hg19/wib/gc5Base.wib	0	100	1024	44380	2492400
827	chr22	31781270	31786390	chr22.296791	5	1024	303845912	/gbdb/hg19/wib/gc5Base.wib	0	100	1024	44840	2544800
827	chr22	31786390	31791510	chr22.296792	5	1024	303846936	/gbdb/hg19/wib/gc5Base.wib	0	100	1024	45000	2554400
827	chr22	31791510	31796630	chr22.296793	5	1024	303847960	/gbdb/hg19/wib/gc5Base.wib	0	100	1024	48940	2970800
827	chr22	31796630	31801750	chr22.296794	5	1024	303848984	/gbdb/hg19/wib/gc5Base.wib	0	100	1024	45480	2616800
827	chr22	31801750	31806870	chr22.296795	5	1024	303850008	/gbdb/hg19/wib/gc5Base.wib	0	100	1024	45180	2590000
827	chr22	31806870	31811990	chr22.296796	5	1024	303851032	/gbdb/hg19/wib/gc5Base.wib	0	100	1024	42700	2374000
827	chr22	31811990	31817110	chr22.296797	5	1024	303852056	/gbdb/hg19/wib/gc5Base.wib	0	100	1024	47520	2800000
827	chr22	31817110	31822230	chr22.296798	5	1024	303853080	/gbdb/hg19/wib/gc5Base.wib	0	100	1024	46440	2677600
827	chr22	31822230	31827350	chr22.296799	5	1024	303854104	/gbdb/hg19/wib/gc5Base.wib	0	100	1024	45660	2605200
827	chr22	31827350	31832470	chr22.296800	5	1024	303855128	/gbdb/hg19/wib/gc5Base.wib	0	100	1024	46580	2664400
827	chr22	31832470	31837590	chr22.296801	5	1024	303856152	/gbdb/hg19/wib/gc5Base.wib	0	100	1024	46100	2533200
827	chr22	31837590	31842710	chr22.296802	5	1024	303857176	/gbdb/hg19/wib/gc5Base.wib	0	100	1024	45960	2530400
827	chr22	31842710	31847830	chr22.296803	5	1024	303858200	/gbdb/hg19/wib/gc5Base.wib	0	100	1024	44620	2462800
103	chr22	31847830	31852950	chr22.296804	5	1024	303859224	/gbdb/hg19/wib/gc5Base.wib	0	100	1024	41560	2186400
828	chr22	31852950	31858070	chr22.296805	5	1024	303860248	/gbdb/hg19/wib/gc5Base.wib	0	100	1024	42520	2302400
828	chr22	31858070	31863190	chr22.296806	5	1024	303861272	/gbdb/hg19/wib/gc5Base.wib	0	100	1024	44600	2490400
828	chr22	31863190	31868310	chr22.296807	5	1024	303862296	/gbdb/hg19/wib/gc5Base.wib	0	100	1024	44300	2444400
828	chr22	31868310	31873430	chr22.296808	5	1024	303863320	/gbdb/hg19/wib/gc5Base.wib	0	100	1024	43000	2366400
828	chr22	31873430	31878550	chr22.296809	5	1024	303864344	/gbdb/hg19/wib/gc5Base.wib	0	100	1024	45640	2534400
828	chr22	31878550	31883670	chr22.296810	5	1024	303865368	/gbdb/hg19/wib/gc5Base.wib	0	100	1024	46320	2629600
828	chr22	31883670	31888790	chr22.296811	5	1024	303866392	/gbdb/hg19/wib/gc5Base.wib	0	100	1024	51980	3298800
828	chr22	31888790	31893910	chr22.296812	5	1024	303867416	/gbdb/hg19/wib/gc5Base.wib	0	100	1024	50100	3118000
828	chr22	31893910	31899030	chr22.296813	5	1024	303868440	/gbdb/hg19/wib/gc5Base.wib	0	100	1024	46980	2722000
828	chr22	31899030	31904150	chr22.296814	5	1024	303869464	/gbdb/hg19/wib/gc5Base.wib	0	100	1024	42820	2287600
828	chr22	31904150	31909270	chr22.296815	5	1024	303870488	/gbdb/hg19/wib/gc5Base.wib	0	100	1024	43780	2429200
828	chr22	31909270	31914390	chr22.296816	5	1024	303871512	/gbdb/hg19/wib/gc5Base.wib	0	100	1024	46800	2694400
828	chr22	31914390	31919510	chr22.296817	5	1024	303872536	/gbdb/hg19/wib/gc5Base.wib	0	100	1024	42480	2319200
828	chr22	31919510	31924630	chr22.296818	5	1024	303873560	/gbdb/hg19/wib/gc5Base.wib	0	100	1024	44900	2518000
828	chr22	31924630	31929750	chr22.296819	5	1024	303874584	/gbdb/hg19/wib/gc5Base.wib	0	100	1024	46680	2673600
828	chr22	31929750	31934870	chr22.296820	5	1024	303875608	/gbdb/hg19/wib/gc5Base.wib	0	100	1024	42820	2350800
828	chr22	31934870	31939990	chr22.296821	5	1024	303876632	/gbdb/hg19/wib/gc5Base.wib	0	100	1024	47380	2786800
828	chr22	31939990	31945110	chr22.296822	5	1024	303877656	/gbdb/hg19/wib/gc5Base.wib	0	100	1024	46380	2711600
828	chr22	31945110	31950230	chr22.296823	5	1024	303878680	/gbdb/hg19/wib/gc5Base.wib	0	100	1024	45260	2515600
828	chr22	31950230	31955350	chr22.296824	5	1024	303879704	/gbdb/hg19/wib/gc5Base.wib	0	100	1024	42640	2367200
828	chr22	31955350	31960470	chr22.296825	5	1024	303880728	/gbdb/hg19/wib/gc5Base.wib	0	100	1024	46280	2632800
828	chr22	31960470	31965590	chr22.296826	5	1024	303881752	/gbdb/hg19/wib/gc5Base.wib	0	100	1024	43020	2397200
828	chr22	31965590	31970710	chr22.296827	5	1024	303882776	/gbdb/hg19/wib/gc5Base.wib	0	100	1024	44460	2462000
828	chr22	31970710	31975830	chr22.296828	5	1024	303883800	/gbdb/hg19/wib/gc5Base.wib	0	100	1024	49440	2912000
828	chr22	31975830	31980950	chr22.296829	5	1024	303884824	/gbdb/hg19/wib/gc5Base.wib	0	100	1024	42640	2317600
103	chr22	31980950	31986070	chr22.296830	5	1024	303885848	/gbdb/hg19/wib/gc5Base.wib	0	100	1024	43700	2350000
829	chr22	31986070	31991190	chr22.296831	5	1024	303886872	/gbdb/hg19/wib/gc5Base.wib	0	100	1024	62540	4506000
829	chr22	31991190	31996310	chr22.296832	5	1024	303887896	/gbdb/hg19/wib/gc5Base.wib	0	100	1024	46320	2660000
829	chr22	31996310	32001430	chr22.296833	5	1024	303888920	/gbdb/hg19/wib/gc5Base.wib	0	100	1024	53140	3245200
829	chr22	32001430	32006550	chr22.296834	5	1024	303889944	/gbdb/hg19/wib/gc5Base.wib	0	100	1024	51740	3079600
829	chr22	32006550	32011670	chr22.296835	5	1024	303890968	/gbdb/hg19/wib/gc5Base.wib	0	100	1024	60420	4010000
829	chr22	32011670	32016790	chr22.296836	5	1024	303891992	/gbdb/hg19/wib/gc5Base.wib	0	100	1024	58540	3761200
829	chr22	32016790	32021910	chr22.296837	5	1024	303893016	/gbdb/hg19/wib/gc5Base.wib	0	100	1024	61820	4109200
829	chr22	32021910	32027030	chr22.296838	5	1024	303894040	/gbdb/hg19/wib/gc5Base.wib	0	100	1024	62000	4179200
829	chr22	32027030	32032150	chr22.296839	5	1024	303895064	/gbdb/hg19/wib/gc5Base.wib	0	100	1024	53100	3219600
829	chr22	32032150	32037270	chr22.296840	5	1024	303896088	/gbdb/hg19/wib/gc5Base.wib	0	100	1024	50860	3101200
829	chr22	32037270	32042390	chr22.296841	5	1024	303897112	/gbdb/hg19/wib/gc5Base.wib	0	100	1024	48180	2858000
829	chr22	32042390	32047510	chr22.296842	5	1024	303898136	/gbdb/hg19/wib/gc5Base.wib	0	100	1024	45480	2537600
829	chr22	32047510	32052630	chr22.296843	5	1024	303899160	/gbdb/hg19/wib/gc5Base.wib	0	100	1024	48300	2788400
829	chr22	32052630	32057750	chr22.296844	5	1024	303900184	/gbdb/hg19/wib/gc5Base.wib	0	100	1024	46400	2658400
829	chr22	32057750	32062870	chr22.296845	5	1024	303901208	/gbdb/hg19/wib/gc5Base.wib	0	100	1024	50160	3072000
829	chr22	32062870	32067990	chr22.296846	5	1024	303902232	/gbdb/hg19/wib/gc5Base.wib	0	100	1024	48260	2783600
829	chr22	32067990	32073110	chr22.296847	5	1024	303903256	/gbdb/hg19/wib/gc5Base.wib	0	100	1024	49080	2973600
829	chr22	32073110	32078230	chr22.296848	5	1024	303904280	/gbdb/hg19/wib/gc5Base.wib	0	100	1024	49140	2933200
829	chr22	32078230	32083350	chr22.296849	5	1024	303905304	/gbdb/hg19/wib/gc5Base.wib	0	100	1024	48120	2747200
829	chr22	32083350	32088470	chr22.296850	5	1024	303906328	/gbdb/hg19/wib/gc5Base.wib	0	100	1024	46180	2663600
829	chr22	32088470	32093590	chr22.296851	5	1024	303907352	/gbdb/hg19/wib/gc5Base.wib	0	100	1024	45280	2566400
829	chr22	32093590	32098710	chr22.296852	5	1024	303908376	/gbdb/hg19/wib/gc5Base.wib	0	100	1024	43680	2457600
829	chr22	32098710	32103830	chr22.296853	5	1024	303909400	/gbdb/hg19/wib/gc5Base.wib	0	100	1024	47520	2737600
829	chr22	32103830	32108950	chr22.296854	5	1024	303910424	/gbdb/hg19/wib/gc5Base.wib	0	100	1024	49240	2896800
103	chr22	32108950	32114070	chr22.296855	5	1024	303911448	/gbdb/hg19/wib/gc5Base.wib	0	100	1024	42140	2154800
830	chr22	32114070	32119190	chr22.296856	5	1024	303912472	/gbdb/hg19/wib/gc5Base.wib	0	100	1024	45900	2654800
830	chr22	32119190	32124310	chr22.296857	5	1024	303913496	/gbdb/hg19/wib/gc5Base.wib	0	100	1024	46420	2639600
830	chr22	32124310	32129430	chr22.296858	5	1024	303914520	/gbdb/hg19/wib/gc5Base.wib	0	100	1024	44320	2490400
830	chr22	32129430	32134550	chr22.296859	5	1024	303915544	/gbdb/hg19/wib/gc5Base.wib	0	100	1024	46360	2660000
830	chr22	32134550	32139670	chr22.296860	5	1024	303916568	/gbdb/hg19/wib/gc5Base.wib	0	100	1024	45800	2584000
830	chr22	32139670	32144790	chr22.296861	5	1024	303917592	/gbdb/hg19/wib/gc5Base.wib	0	100	1024	44900	2546800
830	chr22	32144790	32149910	chr22.296862	5	1024	303918616	/gbdb/hg19/wib/gc5Base.wib	0	100	1024	51940	3245200
830	chr22	32149910	32155030	chr22.296863	5	1024	303919640	/gbdb/hg19/wib/gc5Base.wib	0	100	1024	46520	2674400
830	chr22	32155030	32160150	chr22.296864	5	1024	303920664	/gbdb/hg19/wib/gc5Base.wib	0	100	1024	48460	2885200
830	chr22	32160150	32165270	chr22.296865	5	1024	303921688	/gbdb/hg19/wib/gc5Base.wib	0	100	1024	43720	2446400
830	chr22	32165270	32170390	chr22.296866	5	1024	303922712	/gbdb/hg19/wib/gc5Base.wib	0	100	1024	45480	2569600
830	chr22	32170390	32175510	chr22.296867	5	1024	303923736	/gbdb/hg19/wib/gc5Base.wib	0	100	1024	47960	2764000
830	chr22	32175510	32180630	chr22.296868	5	1024	303924760	/gbdb/hg19/wib/gc5Base.wib	0	100	1024	46520	2662400
830	chr22	32180630	32185750	chr22.296869	5	1024	303925784	/gbdb/hg19/wib/gc5Base.wib	0	100	1024	41160	2228000
830	chr22	32185750	32190870	chr22.296870	5	1024	303926808	/gbdb/hg19/wib/gc5Base.wib	0	100	1024	44300	2477200
830	chr22	32190870	32195990	chr22.296871	5	1024	303927832	/gbdb/hg19/wib/gc5Base.wib	0	100	1024	47240	2739200
830	chr22	32195990	32201110	chr22.296872	5	1024	303928856	/gbdb/hg19/wib/gc5Base.wib	0	100	1024	44060	2484400
830	chr22	32201110	32206230	chr22.296873	5	1024	303929880	/gbdb/hg19/wib/gc5Base.wib	0	100	1024	44740	2494000
830	chr22	32206230	32211350	chr22.296874	5	1024	303930904	/gbdb/hg19/wib/gc5Base.wib	0	100	1024	46220	2638800
830	chr22	32211350	32216470	chr22.296875	5	1024	303931928	/gbdb/hg19/wib/gc5Base.wib	0	100	1024	46140	2598000
830	chr22	32216470	32221590	chr22.296876	5	1024	303932952	/gbdb/hg19/wib/gc5Base.wib	0	100	1024	46720	2634400
830	chr22	32221590	32226710	chr22.296877	5	1024	303933976	/gbdb/hg19/wib/gc5Base.wib	0	100	1024	45980	2544400
830	chr22	32226710	32231830	chr22.296878	5	1024	303935000	/gbdb/hg19/wib/gc5Base.wib	0	100	1024	40920	2154400
830	chr22	32231830	32236950	chr22.296879	5	1024	303936024	/gbdb/hg19/wib/gc5Base.wib	0	100	1024	45640	2593600
830	chr22	32236950	32242070	chr22.296880	5	1024	303937048	/gbdb/hg19/wib/gc5Base.wib	0	100	1024	46960	2665600
103	chr22	32242070	32247190	chr22.296881	5	1024	303938072	/gbdb/hg19/wib/gc5Base.wib	0	100	1024	46860	2686800
831	chr22	32247190	32252310	chr22.296882	5	1024	303939096	/gbdb/hg19/wib/gc5Base.wib	0	100	1024	47480	2739200
831	chr22	32252310	32257430	chr22.296883	5	1024	303940120	/gbdb/hg19/wib/gc5Base.wib	0	100	1024	44900	2520400
831	chr22	32257430	32262550	chr22.296884	5	1024	303941144	/gbdb/hg19/wib/gc5Base.wib	0	100	1024	47300	2758800
831	chr22	32262550	32267670	chr22.296885	5	1024	303942168	/gbdb/hg19/wib/gc5Base.wib	0	100	1024	47120	2672800
831	chr22	32267670	32272790	chr22.296886	5	1024	303943192	/gbdb/hg19/wib/gc5Base.wib	0	100	1024	46200	2608000
831	chr22	32272790	32277910	chr22.296887	5	1024	303944216	/gbdb/hg19/wib/gc5Base.wib	0	100	1024	49720	2974400
831	chr22	32277910	32283030	chr22.296888	5	1024	303945240	/gbdb/hg19/wib/gc5Base.wib	0	100	1024	49060	2830800
831	chr22	32283030	32288150	chr22.296889	5	1024	303946264	/gbdb/hg19/wib/gc5Base.wib	0	100	1024	46700	2672400
831	chr22	32288150	32293270	chr22.296890	5	1024	303947288	/gbdb/hg19/wib/gc5Base.wib	0	100	1024	45500	2582800
831	chr22	32293270	32298390	chr22.296891	5	1024	303948312	/gbdb/hg19/wib/gc5Base.wib	0	100	1024	48040	2761600
831	chr22	32298390	32303510	chr22.296892	5	1024	303949336	/gbdb/hg19/wib/gc5Base.wib	0	100	1024	52500	3189200
831	chr22	32303510	32308630	chr22.296893	5	1024	303950360	/gbdb/hg19/wib/gc5Base.wib	0	100	1024	51140	3030800
831	chr22	32308630	32313750	chr22.296894	5	1024	303951384	/gbdb/hg19/wib/gc5Base.wib	0	100	1024	52920	3242400
831	chr22	32313750	32318870	chr22.296895	5	1024	303952408	/gbdb/hg19/wib/gc5Base.wib	0	100	1024	51460	3069200
831	chr22	32318870	32323990	chr22.296896	5	1024	303953432	/gbdb/hg19/wib/gc5Base.wib	0	100	1024	48780	2813200
831	chr22	32323990	32329110	chr22.296897	5	1024	303954456	/gbdb/hg19/wib/gc5Base.wib	0	100	1024	50220	2958000
831	chr22	32329110	32334230	chr22.296898	5	1024	303955480	/gbdb/hg19/wib/gc5Base.wib	0	100	1024	52040	3094400
831	chr22	32334230	32339350	chr22.296899	5	1024	303956504	/gbdb/hg19/wib/gc5Base.wib	0	100	1024	50760	3043200
831	chr22	32339350	32344470	chr22.296900	5	1024	303957528	/gbdb/hg19/wib/gc5Base.wib	0	100	1024	53500	3466000
831	chr22	32344470	32349590	chr22.296901	5	1024	303958552	/gbdb/hg19/wib/gc5Base.wib	0	100	1024	43620	2388400
831	chr22	32349590	32354710	chr22.296902	5	1024	303959576	/gbdb/hg19/wib/gc5Base.wib	0	100	1024	44420	2387600
831	chr22	32354710	32359830	chr22.296903	5	1024	303960600	/gbdb/hg19/wib/gc5Base.wib	0	100	1024	48460	2798000
831	chr22	32359830	32364950	chr22.296904	5	1024	303961624	/gbdb/hg19/wib/gc5Base.wib	0	100	1024	52720	3318400
831	chr22	32364950	32370070	chr22.296905	5	1024	303962648	/gbdb/hg19/wib/gc5Base.wib	0	100	1024	56520	3629600
103	chr22	32370070	32375190	chr22.296906	5	1024	303963672	/gbdb/hg19/wib/gc5Base.wib	0	100	1024	47540	2750000
832	chr22	32375190	32380310	chr22.296907	5	1024	303964696	/gbdb/hg19/wib/gc5Base.wib	0	100	1024	46920	2748000
832	chr22	32380310	32385430	chr22.296908	5	1024	303965720	/gbdb/hg19/wib/gc5Base.wib	0	100	1024	46780	2668400
832	chr22	32385430	32390550	chr22.296909	5	1024	303966744	/gbdb/hg19/wib/gc5Base.wib	0	100	1024	45680	2532800
832	chr22	32390550	32395670	chr22.296910	5	1024	303967768	/gbdb/hg19/wib/gc5Base.wib	0	100	1024	46600	2612000
832	chr22	32395670	32400790	chr22.296911	5	1024	303968792	/gbdb/hg19/wib/gc5Base.wib	0	100	1024	42980	2339600
832	chr22	32400790	32405910	chr22.296912	5	1024	303969816	/gbdb/hg19/wib/gc5Base.wib	0	100	1024	41740	2239600
832	chr22	32405910	32411030	chr22.296913	5	1024	303970840	/gbdb/hg19/wib/gc5Base.wib	0	100	1024	42460	2314000
832	chr22	32411030	32416150	chr22.296914	5	1024	303971864	/gbdb/hg19/wib/gc5Base.wib	0	100	1024	44400	2477600
832	chr22	32416150	32421270	chr22.296915	5	1024	303972888	/gbdb/hg19/wib/gc5Base.wib	0	100	1024	40740	2090000
832	chr22	32421270	32426390	chr22.296916	5	1024	303973912	/gbdb/hg19/wib/gc5Base.wib	0	100	1024	41560	2210400
832	chr22	32426390	32431510	chr22.296917	5	1024	303974936	/gbdb/hg19/wib/gc5Base.wib	0	100	1024	47000	2628000
832	chr22	32431510	32436630	chr22.296918	5	1024	303975960	/gbdb/hg19/wib/gc5Base.wib	0	100	1024	44800	2449600
832	chr22	32436630	32441750	chr22.296919	5	1024	303976984	/gbdb/hg19/wib/gc5Base.wib	0	100	1024	51840	3108000
832	chr22	32441750	32446870	chr22.296920	5	1024	303978008	/gbdb/hg19/wib/gc5Base.wib	0	100	1024	45180	2486800
832	chr22	32446870	32451990	chr22.296921	5	1024	303979032	/gbdb/hg19/wib/gc5Base.wib	0	100	1024	45560	2482400
832	chr22	32451990	32457110	chr22.296922	5	1024	303980056	/gbdb/hg19/wib/gc5Base.wib	0	100	1024	44320	2403200
832	chr22	32457110	32462230	chr22.296923	5	1024	303981080	/gbdb/hg19/wib/gc5Base.wib	0	100	1024	45140	2450800
832	chr22	32462230	32467350	chr22.296924	5	1024	303982104	/gbdb/hg19/wib/gc5Base.wib	0	100	1024	46920	2697600
832	chr22	32467350	32472470	chr22.296925	5	1024	303983128	/gbdb/hg19/wib/gc5Base.wib	0	100	1024	44340	2454800
832	chr22	32472470	32477590	chr22.296926	5	1024	303984152	/gbdb/hg19/wib/gc5Base.wib	0	100	1024	44620	2474000
832	chr22	32477590	32482710	chr22.296927	5	1024	303985176	/gbdb/hg19/wib/gc5Base.wib	0	100	1024	49980	2906000
832	chr22	32482710	32487830	chr22.296928	5	1024	303986200	/gbdb/hg19/wib/gc5Base.wib	0	100	1024	39760	2000800
832	chr22	32487830	32492950	chr22.296929	5	1024	303987224	/gbdb/hg19/wib/gc5Base.wib	0	100	1024	39360	1959200
832	chr22	32492950	32498070	chr22.296930	5	1024	303988248	/gbdb/hg19/wib/gc5Base.wib	0	100	1024	42120	2232800
832	chr22	32498070	32503190	chr22.296931	5	1024	303989272	/gbdb/hg19/wib/gc5Base.wib	0	100	1024	41680	2166400
12	chr22	32503190	32508310	chr22.296932	5	1024	303990296	/gbdb/hg19/wib/gc5Base.wib	0	100	1024	44120	2368800
833	chr22	32508310	32513430	chr22.296933	5	1024	303991320	/gbdb/hg19/wib/gc5Base.wib	0	100	1024	42460	2278000
833	chr22	32513430	32518550	chr22.296934	5	1024	303992344	/gbdb/hg19/wib/gc5Base.wib	0	100	1024	53060	3266800
833	chr22	32518550	32523670	chr22.296935	5	1024	303993368	/gbdb/hg19/wib/gc5Base.wib	0	100	1024	48040	2870400
833	chr22	32523670	32528790	chr22.296936	5	1024	303994392	/gbdb/hg19/wib/gc5Base.wib	0	100	1024	51940	3113200
833	chr22	32528790	32533910	chr22.296937	5	1024	303995416	/gbdb/hg19/wib/gc5Base.wib	0	100	1024	52020	3131600
833	chr22	32533910	32539030	chr22.296938	5	1024	303996440	/gbdb/hg19/wib/gc5Base.wib	0	100	1024	43380	2362000
833	chr22	32539030	32544150	chr22.296939	5	1024	303997464	/gbdb/hg19/wib/gc5Base.wib	0	100	1024	35580	2014000
833	chr22	32544150	32549270	chr22.296940	5	1024	303998488	/gbdb/hg19/wib/gc5Base.wib	0	100	1024	43380	2336400
833	chr22	32549270	32554390	chr22.296941	5	1024	303999512	/gbdb/hg19/wib/gc5Base.wib	0	100	1024	41700	2174800
833	chr22	32554390	32559510	chr22.296942	5	1024	304000536	/gbdb/hg19/wib/gc5Base.wib	0	100	1024	43280	2300000
833	chr22	32559510	32564630	chr22.296943	5	1024	304001560	/gbdb/hg19/wib/gc5Base.wib	0	100	1024	47060	2694000
833	chr22	32564630	32569750	chr22.296944	5	1024	304002584	/gbdb/hg19/wib/gc5Base.wib	0	100	1024	50780	3030800
833	chr22	32569750	32574870	chr22.296945	5	1024	304003608	/gbdb/hg19/wib/gc5Base.wib	0	100	1024	55720	3549600
833	chr22	32574870	32579990	chr22.296946	5	1024	304004632	/gbdb/hg19/wib/gc5Base.wib	0	100	1024	44800	2437600
833	chr22	32579990	32585110	chr22.296947	5	1024	304005656	/gbdb/hg19/wib/gc5Base.wib	0	100	1024	46980	2725200
833	chr22	32585110	32590230	chr22.296948	5	1024	304006680	/gbdb/hg19/wib/gc5Base.wib	0	100	1024	44700	2444400
833	chr22	32590230	32595350	chr22.296949	5	1024	304007704	/gbdb/hg19/wib/gc5Base.wib	0	100	1024	45300	2562800
833	chr22	32595350	32600470	chr22.296950	5	1024	304008728	/gbdb/hg19/wib/gc5Base.wib	0	100	1024	59900	3971600
833	chr22	32600470	32605590	chr22.296951	5	1024	304009752	/gbdb/hg19/wib/gc5Base.wib	0	100	1024	60640	4010400
833	chr22	32605590	32610710	chr22.296952	5	1024	304010776	/gbdb/hg19/wib/gc5Base.wib	0	100	1024	48120	2808800
833	chr22	32610710	32615830	chr22.296953	5	1024	304011800	/gbdb/hg19/wib/gc5Base.wib	0	100	1024	36560	1826400
833	chr22	32615830	32620950	chr22.296954	5	1024	304012824	/gbdb/hg19/wib/gc5Base.wib	0	100	1024	37440	1861600
833	chr22	32620950	32626070	chr22.296955	5	1024	304013848	/gbdb/hg19/wib/gc5Base.wib	0	100	1024	42560	2257600
833	chr22	32626070	32631190	chr22.296956	5	1024	304014872	/gbdb/hg19/wib/gc5Base.wib	0	100	1024	44400	2396000
833	chr22	32631190	32636310	chr22.296957	5	1024	304015896	/gbdb/hg19/wib/gc5Base.wib	0	100	1024	42640	2328000
104	chr22	32636310	32641430	chr22.296958	5	1024	304016920	/gbdb/hg19/wib/gc5Base.wib	0	100	1024	40380	2120400
834	chr22	32641430	32646550	chr22.296959	5	1024	304017944	/gbdb/hg19/wib/gc5Base.wib	0	100	1024	46460	2602800
834	chr22	32646550	32651670	chr22.296960	5	1024	304018968	/gbdb/hg19/wib/gc5Base.wib	0	100	1024	47900	2756400
834	chr22	32651670	32656790	chr22.296961	5	1024	304019992	/gbdb/hg19/wib/gc5Base.wib	0	100	1024	43080	2339200
834	chr22	32656790	32661910	chr22.296962	5	1024	304021016	/gbdb/hg19/wib/gc5Base.wib	0	100	1024	45120	2543200
834	chr22	32661910	32667030	chr22.296963	5	1024	304022040	/gbdb/hg19/wib/gc5Base.wib	0	100	1024	48320	2852800
834	chr22	32667030	32672150	chr22.296964	5	1024	304023064	/gbdb/hg19/wib/gc5Base.wib	0	100	1024	47100	2742800
834	chr22	32672150	32677270	chr22.296965	5	1024	304024088	/gbdb/hg19/wib/gc5Base.wib	0	100	1024	42480	2341600
834	chr22	32677270	32682390	chr22.296966	5	1024	304025112	/gbdb/hg19/wib/gc5Base.wib	0	100	1024	44880	2568800
834	chr22	32682390	32687510	chr22.296967	5	1024	304026136	/gbdb/hg19/wib/gc5Base.wib	0	100	1024	42160	2260000
834	chr22	32687510	32692630	chr22.296968	5	1024	304027160	/gbdb/hg19/wib/gc5Base.wib	0	100	1024	34860	1661200
834	chr22	32692630	32697750	chr22.296969	5	1024	304028184	/gbdb/hg19/wib/gc5Base.wib	0	100	1024	43080	2312000
834	chr22	32697750	32702870	chr22.296970	5	1024	304029208	/gbdb/hg19/wib/gc5Base.wib	0	100	1024	42780	2318800
834	chr22	32702870	32707990	chr22.296971	5	1024	304030232	/gbdb/hg19/wib/gc5Base.wib	0	100	1024	54060	3287600
834	chr22	32707990	32713110	chr22.296972	5	1024	304031256	/gbdb/hg19/wib/gc5Base.wib	0	100	1024	43540	2379600
834	chr22	32713110	32718230	chr22.296973	5	1024	304032280	/gbdb/hg19/wib/gc5Base.wib	0	100	1024	48420	2750000
834	chr22	32718230	32723350	chr22.296974	5	1024	304033304	/gbdb/hg19/wib/gc5Base.wib	0	100	1024	54380	3370800
834	chr22	32723350	32728470	chr22.296975	5	1024	304034328	/gbdb/hg19/wib/gc5Base.wib	0	100	1024	58560	3731200
834	chr22	32728470	32733590	chr22.296976	5	1024	304035352	/gbdb/hg19/wib/gc5Base.wib	0	100	1024	55420	3446000
834	chr22	32733590	32738710	chr22.296977	5	1024	304036376	/gbdb/hg19/wib/gc5Base.wib	0	100	1024	48560	2846400
834	chr22	32738710	32743830	chr22.296978	5	1024	304037400	/gbdb/hg19/wib/gc5Base.wib	0	100	1024	37080	1768800
834	chr22	32743830	32748950	chr22.296979	5	1024	304038424	/gbdb/hg19/wib/gc5Base.wib	0	100	1024	43520	2448800
834	chr22	32748950	32754070	chr22.296980	5	1024	304039448	/gbdb/hg19/wib/gc5Base.wib	0	100	1024	57500	3714800
834	chr22	32754070	32759190	chr22.296981	5	1024	304040472	/gbdb/hg19/wib/gc5Base.wib	0	100	1024	41160	2148800
834	chr22	32759190	32764310	chr22.296982	5	1024	304041496	/gbdb/hg19/wib/gc5Base.wib	0	100	1024	45120	2504800
104	chr22	32764310	32769430	chr22.296983	5	1024	304042520	/gbdb/hg19/wib/gc5Base.wib	0	100	1024	39700	2088400
835	chr22	32769430	32774550	chr22.296984	5	1024	304043544	/gbdb/hg19/wib/gc5Base.wib	0	100	1024	45800	2587200
835	chr22	32774550	32779670	chr22.296985	5	1024	304044568	/gbdb/hg19/wib/gc5Base.wib	0	100	1024	46060	2622000
835	chr22	32779670	32784790	chr22.296986	5	1024	304045592	/gbdb/hg19/wib/gc5Base.wib	0	100	1024	49020	2862800
835	chr22	32784790	32789910	chr22.296987	5	1024	304046616	/gbdb/hg19/wib/gc5Base.wib	0	100	1024	42700	2314800
835	chr22	32789910	32795030	chr22.296988	5	1024	304047640	/gbdb/hg19/wib/gc5Base.wib	0	100	1024	42420	2253200
835	chr22	32795030	32800150	chr22.296989	5	1024	304048664	/gbdb/hg19/wib/gc5Base.wib	0	100	1024	41640	2237600
835	chr22	32800150	32805270	chr22.296990	5	1024	304049688	/gbdb/hg19/wib/gc5Base.wib	0	100	1024	40480	2094400
835	chr22	32805270	32810390	chr22.296991	5	1024	304050712	/gbdb/hg19/wib/gc5Base.wib	0	100	1024	45160	2544000
835	chr22	32810390	32815510	chr22.296992	5	1024	304051736	/gbdb/hg19/wib/gc5Base.wib	0	100	1024	43940	2393200
835	chr22	32815510	32820630	chr22.296993	5	1024	304052760	/gbdb/hg19/wib/gc5Base.wib	0	100	1024	43920	2369600
835	chr22	32820630	32825750	chr22.296994	5	1024	304053784	/gbdb/hg19/wib/gc5Base.wib	0	100	1024	47900	2786800
835	chr22	32825750	32830870	chr22.296995	5	1024	304054808	/gbdb/hg19/wib/gc5Base.wib	0	100	1024	39080	2023200
835	chr22	32830870	32835990	chr22.296996	5	1024	304055832	/gbdb/hg19/wib/gc5Base.wib	0	100	1024	43160	2316800
835	chr22	32835990	32841110	chr22.296997	5	1024	304056856	/gbdb/hg19/wib/gc5Base.wib	0	100	1024	47720	2689600
835	chr22	32841110	32846230	chr22.296998	5	1024	304057880	/gbdb/hg19/wib/gc5Base.wib	0	100	1024	45640	2560800
835	chr22	32846230	32851350	chr22.296999	5	1024	304058904	/gbdb/hg19/wib/gc5Base.wib	0	100	1024	41360	2164000
835	chr22	32851350	32856470	chr22.297000	5	1024	304059928	/gbdb/hg19/wib/gc5Base.wib	0	100	1024	45700	2516400
835	chr22	32856470	32861590	chr22.297001	5	1024	304060952	/gbdb/hg19/wib/gc5Base.wib	0	100	1024	43140	2322800
835	chr22	32861590	32866710	chr22.297002	5	1024	304061976	/gbdb/hg19/wib/gc5Base.wib	0	100	1024	45220	2533200
835	chr22	32866710	32871830	chr22.297003	5	1024	304063000	/gbdb/hg19/wib/gc5Base.wib	0	100	1024	51320	3212800
835	chr22	32871830	32876950	chr22.297004	5	1024	304064024	/gbdb/hg19/wib/gc5Base.wib	0	100	1024	40120	2076800
835	chr22	32876950	32882070	chr22.297005	5	1024	304065048	/gbdb/hg19/wib/gc5Base.wib	0	100	1024	37620	1849200
835	chr22	32882070	32887190	chr22.297006	5	1024	304066072	/gbdb/hg19/wib/gc5Base.wib	0	100	1024	38280	1930400
835	chr22	32887190	32892310	chr22.297007	5	1024	304067096	/gbdb/hg19/wib/gc5Base.wib	0	100	1024	35720	1713600
835	chr22	32892310	32897430	chr22.297008	5	1024	304068120	/gbdb/hg19/wib/gc5Base.wib	0	100	1024	42840	2268000
104	chr22	32897430	32902550	chr22.297009	5	1024	304069144	/gbdb/hg19/wib/gc5Base.wib	0	100	1024	49660	2940400
836	chr22	32902550	32907670	chr22.297010	5	1024	304070168	/gbdb/hg19/wib/gc5Base.wib	0	100	1024	46600	2626400
836	chr22	32907670	32912790	chr22.297011	5	1024	304071192	/gbdb/hg19/wib/gc5Base.wib	0	100	1024	48440	2791200
836	chr22	32912790	32917910	chr22.297012	5	1024	304072216	/gbdb/hg19/wib/gc5Base.wib	0	100	1024	45680	2568000
836	chr22	32917910	32923030	chr22.297013	5	1024	304073240	/gbdb/hg19/wib/gc5Base.wib	0	100	1024	42820	2347600
836	chr22	32923030	32928150	chr22.297014	5	1024	304074264	/gbdb/hg19/wib/gc5Base.wib	0	100	1024	52740	3235600
836	chr22	32928150	32933270	chr22.297015	5	1024	304075288	/gbdb/hg19/wib/gc5Base.wib	0	100	1024	57840	3672000
836	chr22	32933270	32938390	chr22.297016	5	1024	304076312	/gbdb/hg19/wib/gc5Base.wib	0	100	1024	49860	2876400
836	chr22	32938390	32943510	chr22.297017	5	1024	304077336	/gbdb/hg19/wib/gc5Base.wib	0	100	1024	51420	3034800
836	chr22	32943510	32948630	chr22.297018	5	1024	304078360	/gbdb/hg19/wib/gc5Base.wib	0	100	1024	42660	2339600
836	chr22	32948630	32953750	chr22.297019	5	1024	304079384	/gbdb/hg19/wib/gc5Base.wib	0	100	1024	44700	2448400
836	chr22	32953750	32958870	chr22.297020	5	1024	304080408	/gbdb/hg19/wib/gc5Base.wib	0	100	1024	51000	3005600
836	chr22	32958870	32963990	chr22.297021	5	1024	304081432	/gbdb/hg19/wib/gc5Base.wib	0	100	1024	50280	2969600
836	chr22	32963990	32969110	chr22.297022	5	1024	304082456	/gbdb/hg19/wib/gc5Base.wib	0	100	1024	46040	2554400
836	chr22	32969110	32974230	chr22.297023	5	1024	304083480	/gbdb/hg19/wib/gc5Base.wib	0	100	1024	47020	2688400
836	chr22	32974230	32979350	chr22.297024	5	1024	304084504	/gbdb/hg19/wib/gc5Base.wib	0	100	1024	47080	2717600
836	chr22	32979350	32984470	chr22.297025	5	1024	304085528	/gbdb/hg19/wib/gc5Base.wib	0	100	1024	44960	2493600
836	chr22	32984470	32989590	chr22.297026	5	1024	304086552	/gbdb/hg19/wib/gc5Base.wib	0	100	1024	41140	2130000
836	chr22	32989590	32994710	chr22.297027	5	1024	304087576	/gbdb/hg19/wib/gc5Base.wib	0	100	1024	49940	2902000
836	chr22	32994710	32999830	chr22.297028	5	1024	304088600	/gbdb/hg19/wib/gc5Base.wib	0	100	1024	46940	2766000
836	chr22	32999830	33004950	chr22.297029	5	1024	304089624	/gbdb/hg19/wib/gc5Base.wib	0	100	1024	49820	2944400
836	chr22	33004950	33010070	chr22.297030	5	1024	304090648	/gbdb/hg19/wib/gc5Base.wib	0	100	1024	45700	2610800
836	chr22	33010070	33015190	chr22.297031	5	1024	304091672	/gbdb/hg19/wib/gc5Base.wib	0	100	1024	51620	3079600
836	chr22	33015190	33020310	chr22.297032	5	1024	304092696	/gbdb/hg19/wib/gc5Base.wib	0	100	1024	48580	2771600
836	chr22	33020310	33025430	chr22.297033	5	1024	304093720	/gbdb/hg19/wib/gc5Base.wib	0	100	1024	52060	3106800
104	chr22	33025430	33030550	chr22.297034	5	1024	304094744	/gbdb/hg19/wib/gc5Base.wib	0	100	1024	47320	2715200
837	chr22	33030550	33035670	chr22.297035	5	1024	304095768	/gbdb/hg19/wib/gc5Base.wib	0	100	1024	44640	2444000
837	chr22	33035670	33040790	chr22.297036	5	1024	304096792	/gbdb/hg19/wib/gc5Base.wib	0	100	1024	49600	2996000
837	chr22	33040790	33045910	chr22.297037	5	1024	304097816	/gbdb/hg19/wib/gc5Base.wib	0	100	1024	47480	2719200
837	chr22	33045910	33051030	chr22.297038	5	1024	304098840	/gbdb/hg19/wib/gc5Base.wib	0	100	1024	47900	2702000
837	chr22	33051030	33056150	chr22.297039	5	1024	304099864	/gbdb/hg19/wib/gc5Base.wib	0	100	1024	49940	2881200
837	chr22	33056150	33061270	chr22.297040	5	1024	304100888	/gbdb/hg19/wib/gc5Base.wib	0	100	1024	46480	2663200
837	chr22	33061270	33066390	chr22.297041	5	1024	304101912	/gbdb/hg19/wib/gc5Base.wib	0	100	1024	44020	2378000
837	chr22	33066390	33071510	chr22.297042	5	1024	304102936	/gbdb/hg19/wib/gc5Base.wib	0	100	1024	49640	2808800
837	chr22	33071510	33076630	chr22.297043	5	1024	304103960	/gbdb/hg19/wib/gc5Base.wib	0	100	1024	45640	2513600
837	chr22	33076630	33081750	chr22.297044	5	1024	304104984	/gbdb/hg19/wib/gc5Base.wib	0	100	1024	45420	2446800
837	chr22	33081750	33086870	chr22.297045	5	1024	304106008	/gbdb/hg19/wib/gc5Base.wib	0	100	1024	48060	2775600
837	chr22	33086870	33091990	chr22.297046	5	1024	304107032	/gbdb/hg19/wib/gc5Base.wib	0	100	1024	42820	2330000
837	chr22	33091990	33097110	chr22.297047	5	1024	304108056	/gbdb/hg19/wib/gc5Base.wib	0	100	1024	44500	2389200
837	chr22	33097110	33102230	chr22.297048	5	1024	304109080	/gbdb/hg19/wib/gc5Base.wib	0	100	1024	37060	1818000
837	chr22	33102230	33107350	chr22.297049	5	1024	304110104	/gbdb/hg19/wib/gc5Base.wib	0	100	1024	45900	2573200
837	chr22	33107350	33112470	chr22.297050	5	1024	304111128	/gbdb/hg19/wib/gc5Base.wib	0	100	1024	46360	2569600
837	chr22	33112470	33117590	chr22.297051	5	1024	304112152	/gbdb/hg19/wib/gc5Base.wib	0	100	1024	48220	2751600
837	chr22	33117590	33122710	chr22.297052	5	1024	304113176	/gbdb/hg19/wib/gc5Base.wib	0	100	1024	48600	2772800
837	chr22	33122710	33127830	chr22.297053	5	1024	304114200	/gbdb/hg19/wib/gc5Base.wib	0	100	1024	45780	2479600
837	chr22	33127830	33132950	chr22.297054	5	1024	304115224	/gbdb/hg19/wib/gc5Base.wib	0	100	1024	46880	2624800
837	chr22	33132950	33138070	chr22.297055	5	1024	304116248	/gbdb/hg19/wib/gc5Base.wib	0	100	1024	46060	2571600
837	chr22	33138070	33143190	chr22.297056	5	1024	304117272	/gbdb/hg19/wib/gc5Base.wib	0	100	1024	50140	2928400
837	chr22	33143190	33148310	chr22.297057	5	1024	304118296	/gbdb/hg19/wib/gc5Base.wib	0	100	1024	48920	2817600
837	chr22	33148310	33153430	chr22.297058	5	1024	304119320	/gbdb/hg19/wib/gc5Base.wib	0	100	1024	50700	3021200
837	chr22	33153430	33158550	chr22.297059	5	1024	304120344	/gbdb/hg19/wib/gc5Base.wib	0	100	1024	52060	3190800
104	chr22	33158550	33163670	chr22.297060	5	1024	304121368	/gbdb/hg19/wib/gc5Base.wib	0	100	1024	48960	2830400
838	chr22	33163670	33168790	chr22.297061	5	1024	304122392	/gbdb/hg19/wib/gc5Base.wib	0	100	1024	45500	2490000
838	chr22	33168790	33173910	chr22.297062	5	1024	304123416	/gbdb/hg19/wib/gc5Base.wib	0	100	1024	48540	2772400
838	chr22	33173910	33179030	chr22.297063	5	1024	304124440	/gbdb/hg19/wib/gc5Base.wib	0	100	1024	47060	2682000
838	chr22	33179030	33184150	chr22.297064	5	1024	304125464	/gbdb/hg19/wib/gc5Base.wib	0	100	1024	46700	2633200
838	chr22	33184150	33189270	chr22.297065	5	1024	304126488	/gbdb/hg19/wib/gc5Base.wib	0	100	1024	43540	2394800
838	chr22	33189270	33194390	chr22.297066	5	1024	304127512	/gbdb/hg19/wib/gc5Base.wib	0	100	1024	48640	2740000
838	chr22	33194390	33199510	chr22.297067	5	1024	304128536	/gbdb/hg19/wib/gc5Base.wib	0	100	1024	54300	3405200
838	chr22	33199510	33204630	chr22.297068	5	1024	304129560	/gbdb/hg19/wib/gc5Base.wib	0	100	1024	46100	2678800
838	chr22	33204630	33209750	chr22.297069	5	1024	304130584	/gbdb/hg19/wib/gc5Base.wib	0	100	1024	46660	2571600
838	chr22	33209750	33214870	chr22.297070	5	1024	304131608	/gbdb/hg19/wib/gc5Base.wib	0	100	1024	45440	2517600
838	chr22	33214870	33219990	chr22.297071	5	1024	304132632	/gbdb/hg19/wib/gc5Base.wib	0	100	1024	50360	2962400
838	chr22	33219990	33225110	chr22.297072	5	1024	304133656	/gbdb/hg19/wib/gc5Base.wib	0	100	1024	47360	2722400
838	chr22	33225110	33230230	chr22.297073	5	1024	304134680	/gbdb/hg19/wib/gc5Base.wib	0	100	1024	49460	2923600
838	chr22	33230230	33235350	chr22.297074	5	1024	304135704	/gbdb/hg19/wib/gc5Base.wib	0	100	1024	49660	2866800
838	chr22	33235350	33240470	chr22.297075	5	1024	304136728	/gbdb/hg19/wib/gc5Base.wib	0	100	1024	49740	2910800
838	chr22	33240470	33245590	chr22.297076	5	1024	304137752	/gbdb/hg19/wib/gc5Base.wib	0	100	1024	46540	2597200
838	chr22	33245590	33250710	chr22.297077	5	1024	304138776	/gbdb/hg19/wib/gc5Base.wib	0	100	1024	49060	2784400
838	chr22	33250710	33255830	chr22.297078	5	1024	304139800	/gbdb/hg19/wib/gc5Base.wib	0	100	1024	48000	2734400
838	chr22	33255830	33260950	chr22.297079	5	1024	304140824	/gbdb/hg19/wib/gc5Base.wib	0	100	1024	46740	2618000
838	chr22	33260950	33266070	chr22.297080	5	1024	304141848	/gbdb/hg19/wib/gc5Base.wib	0	100	1024	46700	2631600
838	chr22	33266070	33271190	chr22.297081	5	1024	304142872	/gbdb/hg19/wib/gc5Base.wib	0	100	1024	44900	2532400
838	chr22	33271190	33276310	chr22.297082	5	1024	304143896	/gbdb/hg19/wib/gc5Base.wib	0	100	1024	46100	2538000
838	chr22	33276310	33281430	chr22.297083	5	1024	304144920	/gbdb/hg19/wib/gc5Base.wib	0	100	1024	48620	2838000
838	chr22	33281430	33286550	chr22.297084	5	1024	304145944	/gbdb/hg19/wib/gc5Base.wib	0	100	1024	43300	2367600
838	chr22	33286550	33291670	chr22.297085	5	1024	304146968	/gbdb/hg19/wib/gc5Base.wib	0	100	1024	45900	2506800
104	chr22	33291670	33296790	chr22.297086	5	1024	304147992	/gbdb/hg19/wib/gc5Base.wib	0	100	1024	46500	2660400
839	chr22	33296790	33301910	chr22.297087	5	1024	304149016	/gbdb/hg19/wib/gc5Base.wib	0	100	1024	45800	2531200
839	chr22	33301910	33307030	chr22.297088	5	1024	304150040	/gbdb/hg19/wib/gc5Base.wib	0	100	1024	45920	2559200
839	chr22	33307030	33312150	chr22.297089	5	1024	304151064	/gbdb/hg19/wib/gc5Base.wib	0	100	1024	47080	2639200
839	chr22	33312150	33317270	chr22.297090	5	1024	304152088	/gbdb/hg19/wib/gc5Base.wib	0	100	1024	48860	2834000
839	chr22	33317270	33322390	chr22.297091	5	1024	304153112	/gbdb/hg19/wib/gc5Base.wib	0	100	1024	45120	2463200
839	chr22	33322390	33327510	chr22.297092	5	1024	304154136	/gbdb/hg19/wib/gc5Base.wib	0	100	1024	41920	2236800
839	chr22	33327510	33332630	chr22.297093	5	1024	304155160	/gbdb/hg19/wib/gc5Base.wib	0	100	1024	43640	2328000
839	chr22	33332630	33337750	chr22.297094	5	1024	304156184	/gbdb/hg19/wib/gc5Base.wib	0	100	1024	39280	2012800
839	chr22	33337750	33342870	chr22.297095	5	1024	304157208	/gbdb/hg19/wib/gc5Base.wib	0	100	1024	42540	2219600
839	chr22	33342870	33347990	chr22.297096	5	1024	304158232	/gbdb/hg19/wib/gc5Base.wib	0	100	1024	45680	2536000
839	chr22	33347990	33353110	chr22.297097	5	1024	304159256	/gbdb/hg19/wib/gc5Base.wib	0	100	1024	44580	2470000
839	chr22	33353110	33358230	chr22.297098	5	1024	304160280	/gbdb/hg19/wib/gc5Base.wib	0	100	1024	48220	2739600
839	chr22	33358230	33363350	chr22.297099	5	1024	304161304	/gbdb/hg19/wib/gc5Base.wib	0	100	1024	47140	2676400
839	chr22	33363350	33368470	chr22.297100	5	1024	304162328	/gbdb/hg19/wib/gc5Base.wib	0	100	1024	45340	2471600
839	chr22	33368470	33373590	chr22.297101	5	1024	304163352	/gbdb/hg19/wib/gc5Base.wib	0	100	1024	45900	2546000
839	chr22	33373590	33378710	chr22.297102	5	1024	304164376	/gbdb/hg19/wib/gc5Base.wib	0	100	1024	44100	2434800
839	chr22	33378710	33383830	chr22.297103	5	1024	304165400	/gbdb/hg19/wib/gc5Base.wib	0	100	1024	48340	2734000
839	chr22	33383830	33388950	chr22.297104	5	1024	304166424	/gbdb/hg19/wib/gc5Base.wib	0	100	1024	49120	2879200
839	chr22	33388950	33394070	chr22.297105	5	1024	304167448	/gbdb/hg19/wib/gc5Base.wib	0	100	1024	53120	3251200
839	chr22	33394070	33399190	chr22.297106	5	1024	304168472	/gbdb/hg19/wib/gc5Base.wib	0	100	1024	47260	2695600
839	chr22	33399190	33404310	chr22.297107	5	1024	304169496	/gbdb/hg19/wib/gc5Base.wib	0	100	1024	46780	2634800
839	chr22	33404310	33409430	chr22.297108	5	1024	304170520	/gbdb/hg19/wib/gc5Base.wib	0	100	1024	37020	1861200
839	chr22	33409430	33414550	chr22.297109	5	1024	304171544	/gbdb/hg19/wib/gc5Base.wib	0	100	1024	41280	2232800
839	chr22	33414550	33419670	chr22.297110	5	1024	304172568	/gbdb/hg19/wib/gc5Base.wib	0	100	1024	44980	2416400
104	chr22	33419670	33424790	chr22.297111	5	1024	304173592	/gbdb/hg19/wib/gc5Base.wib	0	100	1024	47540	2665200
840	chr22	33424790	33429910	chr22.297112	5	1024	304174616	/gbdb/hg19/wib/gc5Base.wib	0	100	1024	50580	2986000
840	chr22	33429910	33435030	chr22.297113	5	1024	304175640	/gbdb/hg19/wib/gc5Base.wib	0	100	1024	48020	2801200
840	chr22	33435030	33440150	chr22.297114	5	1024	304176664	/gbdb/hg19/wib/gc5Base.wib	0	100	1024	47820	2758000
840	chr22	33440150	33445270	chr22.297115	5	1024	304177688	/gbdb/hg19/wib/gc5Base.wib	0	100	1024	44440	2427200
840	chr22	33445270	33450390	chr22.297116	5	1024	304178712	/gbdb/hg19/wib/gc5Base.wib	0	100	1024	47660	2716400
840	chr22	33450390	33455510	chr22.297117	5	1024	304179736	/gbdb/hg19/wib/gc5Base.wib	0	100	1024	51480	3158400
840	chr22	33455510	33460630	chr22.297118	5	1024	304180760	/gbdb/hg19/wib/gc5Base.wib	0	100	1024	44340	2434800
840	chr22	33460630	33465750	chr22.297119	5	1024	304181784	/gbdb/hg19/wib/gc5Base.wib	0	100	1024	44160	2400000
840	chr22	33465750	33470870	chr22.297120	5	1024	304182808	/gbdb/hg19/wib/gc5Base.wib	0	100	1024	44920	2506400
840	chr22	33470870	33475990	chr22.297121	5	1024	304183832	/gbdb/hg19/wib/gc5Base.wib	0	100	1024	38740	1916400
840	chr22	33475990	33481110	chr22.297122	5	1024	304184856	/gbdb/hg19/wib/gc5Base.wib	0	100	1024	41440	2156000
840	chr22	33481110	33486230	chr22.297123	5	1024	304185880	/gbdb/hg19/wib/gc5Base.wib	0	100	1024	38620	1978000
840	chr22	33486230	33491350	chr22.297124	5	1024	304186904	/gbdb/hg19/wib/gc5Base.wib	0	100	1024	45340	2514000
840	chr22	33491350	33496470	chr22.297125	5	1024	304187928	/gbdb/hg19/wib/gc5Base.wib	0	100	1024	45860	2656400
840	chr22	33496470	33501590	chr22.297126	5	1024	304188952	/gbdb/hg19/wib/gc5Base.wib	0	100	1024	47600	2727200
840	chr22	33501590	33506710	chr22.297127	5	1024	304189976	/gbdb/hg19/wib/gc5Base.wib	0	100	1024	45180	2508400
840	chr22	33506710	33511830	chr22.297128	5	1024	304191000	/gbdb/hg19/wib/gc5Base.wib	0	100	1024	44660	2448400
840	chr22	33511830	33516950	chr22.297129	5	1024	304192024	/gbdb/hg19/wib/gc5Base.wib	0	100	1024	44520	2456000
840	chr22	33516950	33522070	chr22.297130	5	1024	304193048	/gbdb/hg19/wib/gc5Base.wib	0	100	1024	47060	2662000
840	chr22	33522070	33527190	chr22.297131	5	1024	304194072	/gbdb/hg19/wib/gc5Base.wib	0	100	1024	43140	2334000
840	chr22	33527190	33532310	chr22.297132	5	1024	304195096	/gbdb/hg19/wib/gc5Base.wib	0	100	1024	43140	2348400
840	chr22	33532310	33537430	chr22.297133	5	1024	304196120	/gbdb/hg19/wib/gc5Base.wib	0	100	1024	45000	2489600
840	chr22	33537430	33542550	chr22.297134	5	1024	304197144	/gbdb/hg19/wib/gc5Base.wib	0	100	1024	37920	1872800
840	chr22	33542550	33547670	chr22.297135	5	1024	304198168	/gbdb/hg19/wib/gc5Base.wib	0	100	1024	36620	1794000
840	chr22	33547670	33552790	chr22.297136	5	1024	304199192	/gbdb/hg19/wib/gc5Base.wib	0	100	1024	40640	2133600
1	chr22	33552790	33557910	chr22.297137	5	1024	304200216	/gbdb/hg19/wib/gc5Base.wib	0	100	1024	38740	1968400
841	chr22	33557910	33563030	chr22.297138	5	1024	304201240	/gbdb/hg19/wib/gc5Base.wib	0	100	1024	42360	2208000
841	chr22	33563030	33568150	chr22.297139	5	1024	304202264	/gbdb/hg19/wib/gc5Base.wib	0	100	1024	43480	2344800
841	chr22	33568150	33573270	chr22.297140	5	1024	304203288	/gbdb/hg19/wib/gc5Base.wib	0	100	1024	39580	1937200
841	chr22	33573270	33578390	chr22.297141	5	1024	304204312	/gbdb/hg19/wib/gc5Base.wib	0	100	1024	39660	2054800
841	chr22	33578390	33583510	chr22.297142	5	1024	304205336	/gbdb/hg19/wib/gc5Base.wib	0	100	1024	33240	1488800
841	chr22	33583510	33588630	chr22.297143	5	1024	304206360	/gbdb/hg19/wib/gc5Base.wib	0	100	1024	41720	2198400
841	chr22	33588630	33593750	chr22.297144	5	1024	304207384	/gbdb/hg19/wib/gc5Base.wib	0	100	1024	33280	1600000
841	chr22	33593750	33598870	chr22.297145	5	1024	304208408	/gbdb/hg19/wib/gc5Base.wib	0	100	1024	40560	2097600
841	chr22	33598870	33603990	chr22.297146	5	1024	304209432	/gbdb/hg19/wib/gc5Base.wib	0	100	1024	44180	2408400
841	chr22	33603990	33609110	chr22.297147	5	1024	304210456	/gbdb/hg19/wib/gc5Base.wib	0	100	1024	45800	2560800
841	chr22	33609110	33614230	chr22.297148	5	1024	304211480	/gbdb/hg19/wib/gc5Base.wib	0	100	1024	43660	2409200
841	chr22	33614230	33619350	chr22.297149	5	1024	304212504	/gbdb/hg19/wib/gc5Base.wib	0	100	1024	44500	2418800
841	chr22	33619350	33624470	chr22.297150	5	1024	304213528	/gbdb/hg19/wib/gc5Base.wib	0	100	1024	43760	2380000
841	chr22	33624470	33629590	chr22.297151	5	1024	304214552	/gbdb/hg19/wib/gc5Base.wib	0	100	1024	38960	1967200
841	chr22	33629590	33634710	chr22.297152	5	1024	304215576	/gbdb/hg19/wib/gc5Base.wib	0	100	1024	40500	2071600
841	chr22	33634710	33639830	chr22.297153	5	1024	304216600	/gbdb/hg19/wib/gc5Base.wib	0	100	1024	37080	1816000
841	chr22	33639830	33644950	chr22.297154	5	1024	304217624	/gbdb/hg19/wib/gc5Base.wib	0	100	1024	41340	2206000
841	chr22	33644950	33650070	chr22.297155	5	1024	304218648	/gbdb/hg19/wib/gc5Base.wib	0	100	1024	38580	1884400
841	chr22	33650070	33655190	chr22.297156	5	1024	304219672	/gbdb/hg19/wib/gc5Base.wib	0	100	1024	45520	2516800
841	chr22	33655190	33660310	chr22.297157	5	1024	304220696	/gbdb/hg19/wib/gc5Base.wib	0	100	1024	48060	2690000
841	chr22	33660310	33665430	chr22.297158	5	1024	304221720	/gbdb/hg19/wib/gc5Base.wib	0	100	1024	44920	2519200
841	chr22	33665430	33670550	chr22.297159	5	1024	304222744	/gbdb/hg19/wib/gc5Base.wib	0	100	1024	44380	2408400
841	chr22	33670550	33675670	chr22.297160	5	1024	304223768	/gbdb/hg19/wib/gc5Base.wib	0	100	1024	46720	2573600
841	chr22	33675670	33680790	chr22.297161	5	1024	304224792	/gbdb/hg19/wib/gc5Base.wib	0	100	1024	49020	2836400
105	chr22	33680790	33685910	chr22.297162	5	1024	304225816	/gbdb/hg19/wib/gc5Base.wib	0	100	1024	47840	2718400
842	chr22	33685910	33691030	chr22.297163	5	1024	304226840	/gbdb/hg19/wib/gc5Base.wib	0	100	1024	47260	2697200
842	chr22	33691030	33696150	chr22.297164	5	1024	304227864	/gbdb/hg19/wib/gc5Base.wib	0	100	1024	49140	2849200
842	chr22	33696150	33701270	chr22.297165	5	1024	304228888	/gbdb/hg19/wib/gc5Base.wib	0	100	1024	50500	3027600
842	chr22	33701270	33706390	chr22.297166	5	1024	304229912	/gbdb/hg19/wib/gc5Base.wib	0	100	1024	49220	2872400
842	chr22	33706390	33711510	chr22.297167	5	1024	304230936	/gbdb/hg19/wib/gc5Base.wib	0	100	1024	49800	2917600
842	chr22	33711510	33716630	chr22.297168	5	1024	304231960	/gbdb/hg19/wib/gc5Base.wib	0	100	1024	48140	2811600
842	chr22	33716630	33721750	chr22.297169	5	1024	304232984	/gbdb/hg19/wib/gc5Base.wib	0	100	1024	47540	2676400
842	chr22	33721750	33726870	chr22.297170	5	1024	304234008	/gbdb/hg19/wib/gc5Base.wib	0	100	1024	45620	2548400
842	chr22	33726870	33731990	chr22.297171	5	1024	304235032	/gbdb/hg19/wib/gc5Base.wib	0	100	1024	49400	2869600
842	chr22	33731990	33737110	chr22.297172	5	1024	304236056	/gbdb/hg19/wib/gc5Base.wib	0	100	1024	49440	2898400
842	chr22	33737110	33742230	chr22.297173	5	1024	304237080	/gbdb/hg19/wib/gc5Base.wib	0	100	1024	46000	2520800
842	chr22	33742230	33747350	chr22.297174	5	1024	304238104	/gbdb/hg19/wib/gc5Base.wib	0	100	1024	46240	2544800
842	chr22	33747350	33752470	chr22.297175	5	1024	304239128	/gbdb/hg19/wib/gc5Base.wib	0	100	1024	38620	1945200
842	chr22	33752470	33757590	chr22.297176	5	1024	304240152	/gbdb/hg19/wib/gc5Base.wib	0	100	1024	46300	2639600
842	chr22	33757590	33762710	chr22.297177	5	1024	304241176	/gbdb/hg19/wib/gc5Base.wib	0	100	1024	44080	2421600
842	chr22	33762710	33767830	chr22.297178	5	1024	304242200	/gbdb/hg19/wib/gc5Base.wib	0	100	1024	35200	1740800
842	chr22	33767830	33772950	chr22.297179	5	1024	304243224	/gbdb/hg19/wib/gc5Base.wib	0	100	1024	36020	1750800
842	chr22	33772950	33778070	chr22.297180	5	1024	304244248	/gbdb/hg19/wib/gc5Base.wib	0	100	1024	40660	2090800
842	chr22	33778070	33783190	chr22.297181	5	1024	304245272	/gbdb/hg19/wib/gc5Base.wib	0	100	1024	46840	2650400
842	chr22	33783190	33788310	chr22.297182	5	1024	304246296	/gbdb/hg19/wib/gc5Base.wib	0	100	1024	45480	2552800
842	chr22	33788310	33793430	chr22.297183	5	1024	304247320	/gbdb/hg19/wib/gc5Base.wib	0	100	1024	44680	2482400
842	chr22	33793430	33798550	chr22.297184	5	1024	304248344	/gbdb/hg19/wib/gc5Base.wib	0	100	1024	45920	2544800
842	chr22	33798550	33803670	chr22.297185	5	1024	304249368	/gbdb/hg19/wib/gc5Base.wib	0	100	1024	45380	2497200
842	chr22	33803670	33808790	chr22.297186	5	1024	304250392	/gbdb/hg19/wib/gc5Base.wib	0	100	1024	44180	2431600
842	chr22	33808790	33813910	chr22.297187	5	1024	304251416	/gbdb/hg19/wib/gc5Base.wib	0	100	1024	46940	2722800
105	chr22	33813910	33819030	chr22.297188	5	1024	304252440	/gbdb/hg19/wib/gc5Base.wib	0	100	1024	48100	2766000
843	chr22	33819030	33824150	chr22.297189	5	1024	304253464	/gbdb/hg19/wib/gc5Base.wib	0	100	1024	44540	2449200
843	chr22	33824150	33829270	chr22.297190	5	1024	304254488	/gbdb/hg19/wib/gc5Base.wib	0	100	1024	47520	2664800
843	chr22	33829270	33834390	chr22.297191	5	1024	304255512	/gbdb/hg19/wib/gc5Base.wib	0	100	1024	46340	2603600
843	chr22	33834390	33839510	chr22.297192	5	1024	304256536	/gbdb/hg19/wib/gc5Base.wib	0	100	1024	47780	2722800
843	chr22	33839510	33844630	chr22.297193	5	1024	304257560	/gbdb/hg19/wib/gc5Base.wib	0	100	1024	47580	2745200
843	chr22	33844630	33849750	chr22.297194	5	1024	304258584	/gbdb/hg19/wib/gc5Base.wib	0	100	1024	47500	2721200
843	chr22	33849750	33854870	chr22.297195	5	1024	304259608	/gbdb/hg19/wib/gc5Base.wib	0	100	1024	43960	2413600
843	chr22	33854870	33859990	chr22.297196	5	1024	304260632	/gbdb/hg19/wib/gc5Base.wib	0	100	1024	40700	2178000
843	chr22	33859990	33865110	chr22.297197	5	1024	304261656	/gbdb/hg19/wib/gc5Base.wib	0	100	1024	42460	2208400
843	chr22	33865110	33870230	chr22.297198	5	1024	304262680	/gbdb/hg19/wib/gc5Base.wib	0	100	1024	45440	2561600
843	chr22	33870230	33875350	chr22.297199	5	1024	304263704	/gbdb/hg19/wib/gc5Base.wib	0	100	1024	46020	2542800
843	chr22	33875350	33880470	chr22.297200	5	1024	304264728	/gbdb/hg19/wib/gc5Base.wib	0	100	1024	41560	2217600
843	chr22	33880470	33885590	chr22.297201	5	1024	304265752	/gbdb/hg19/wib/gc5Base.wib	0	100	1024	44600	2416000
843	chr22	33885590	33890710	chr22.297202	5	1024	304266776	/gbdb/hg19/wib/gc5Base.wib	0	100	1024	44300	2421200
843	chr22	33890710	33895830	chr22.297203	5	1024	304267800	/gbdb/hg19/wib/gc5Base.wib	0	100	1024	46060	2578000
843	chr22	33895830	33900950	chr22.297204	5	1024	304268824	/gbdb/hg19/wib/gc5Base.wib	0	100	1024	47040	2677600
843	chr22	33900950	33906070	chr22.297205	5	1024	304269848	/gbdb/hg19/wib/gc5Base.wib	0	100	1024	46560	2577600
843	chr22	33906070	33911190	chr22.297206	5	1024	304270872	/gbdb/hg19/wib/gc5Base.wib	0	100	1024	42540	2270000
843	chr22	33911190	33916310	chr22.297207	5	1024	304271896	/gbdb/hg19/wib/gc5Base.wib	0	100	1024	49260	2873200
843	chr22	33916310	33921430	chr22.297208	5	1024	304272920	/gbdb/hg19/wib/gc5Base.wib	0	100	1024	46420	2621200
843	chr22	33921430	33926550	chr22.297209	5	1024	304273944	/gbdb/hg19/wib/gc5Base.wib	0	100	1024	44980	2450800
843	chr22	33926550	33931670	chr22.297210	5	1024	304274968	/gbdb/hg19/wib/gc5Base.wib	0	100	1024	47320	2700000
843	chr22	33931670	33936790	chr22.297211	5	1024	304275992	/gbdb/hg19/wib/gc5Base.wib	0	100	1024	46360	2641600
843	chr22	33936790	33941910	chr22.297212	5	1024	304277016	/gbdb/hg19/wib/gc5Base.wib	0	100	1024	45780	2552400
843	chr22	33941910	33947030	chr22.297213	5	1024	304278040	/gbdb/hg19/wib/gc5Base.wib	0	100	1024	44020	2381200
105	chr22	33947030	33952150	chr22.297214	5	1024	304279064	/gbdb/hg19/wib/gc5Base.wib	0	100	1024	46040	2569600
844	chr22	33952150	33957270	chr22.297215	5	1024	304280088	/gbdb/hg19/wib/gc5Base.wib	0	100	1024	47280	2707200
844	chr22	33957270	33962390	chr22.297216	5	1024	304281112	/gbdb/hg19/wib/gc5Base.wib	0	100	1024	42420	2266000
844	chr22	33962390	33967510	chr22.297217	5	1024	304282136	/gbdb/hg19/wib/gc5Base.wib	0	100	1024	46860	2632400
844	chr22	33967510	33972630	chr22.297218	5	1024	304283160	/gbdb/hg19/wib/gc5Base.wib	0	100	1024	42880	2284800
844	chr22	33972630	33977750	chr22.297219	5	1024	304284184	/gbdb/hg19/wib/gc5Base.wib	0	100	1024	41820	2197200
844	chr22	33977750	33982870	chr22.297220	5	1024	304285208	/gbdb/hg19/wib/gc5Base.wib	0	100	1024	45660	2524400
844	chr22	33982870	33987990	chr22.297221	5	1024	304286232	/gbdb/hg19/wib/gc5Base.wib	0	100	1024	37940	1938000
844	chr22	33987990	33993110	chr22.297222	5	1024	304287256	/gbdb/hg19/wib/gc5Base.wib	0	100	1024	41420	2194000
844	chr22	33993110	33998230	chr22.297223	5	1024	304288280	/gbdb/hg19/wib/gc5Base.wib	0	100	1024	45940	2529200
844	chr22	33998230	34003350	chr22.297224	5	1024	304289304	/gbdb/hg19/wib/gc5Base.wib	0	100	1024	47200	2684800
844	chr22	34003350	34008470	chr22.297225	5	1024	304290328	/gbdb/hg19/wib/gc5Base.wib	0	100	1024	47160	2670400
844	chr22	34008470	34013590	chr22.297226	5	1024	304291352	/gbdb/hg19/wib/gc5Base.wib	0	100	1024	43440	2360000
844	chr22	34013590	34018710	chr22.297227	5	1024	304292376	/gbdb/hg19/wib/gc5Base.wib	0	100	1024	43200	2336000
844	chr22	34018710	34023830	chr22.297228	5	1024	304293400	/gbdb/hg19/wib/gc5Base.wib	0	100	1024	45800	2524800
844	chr22	34023830	34028950	chr22.297229	5	1024	304294424	/gbdb/hg19/wib/gc5Base.wib	0	100	1024	45860	2578000
844	chr22	34028950	34034070	chr22.297230	5	1024	304295448	/gbdb/hg19/wib/gc5Base.wib	0	100	1024	46900	2651600
844	chr22	34034070	34039190	chr22.297231	5	1024	304296472	/gbdb/hg19/wib/gc5Base.wib	0	100	1024	43460	2298800
844	chr22	34039190	34044310	chr22.297232	5	1024	304297496	/gbdb/hg19/wib/gc5Base.wib	0	100	1024	41240	2097600
844	chr22	34044310	34049430	chr22.297233	5	1024	304298520	/gbdb/hg19/wib/gc5Base.wib	0	100	1024	45880	2588000
844	chr22	34049430	34054550	chr22.297234	5	1024	304299544	/gbdb/hg19/wib/gc5Base.wib	0	100	1024	44820	2432400
844	chr22	34054550	34059670	chr22.297235	5	1024	304300568	/gbdb/hg19/wib/gc5Base.wib	0	100	1024	42060	2214800
844	chr22	34059670	34064790	chr22.297236	5	1024	304301592	/gbdb/hg19/wib/gc5Base.wib	0	100	1024	45840	2530400
844	chr22	34064790	34069910	chr22.297237	5	1024	304302616	/gbdb/hg19/wib/gc5Base.wib	0	100	1024	43500	2309200
844	chr22	34069910	34075030	chr22.297238	5	1024	304303640	/gbdb/hg19/wib/gc5Base.wib	0	100	1024	43720	2370400
105	chr22	34075030	34080150	chr22.297239	5	1024	304304664	/gbdb/hg19/wib/gc5Base.wib	0	100	1024	42780	2286800
845	chr22	34080150	34085270	chr22.297240	5	1024	304305688	/gbdb/hg19/wib/gc5Base.wib	0	100	1024	47680	2682400
845	chr22	34085270	34090390	chr22.297241	5	1024	304306712	/gbdb/hg19/wib/gc5Base.wib	0	100	1024	46720	2648800
845	chr22	34090390	34095510	chr22.297242	5	1024	304307736	/gbdb/hg19/wib/gc5Base.wib	0	100	1024	44100	2379600
845	chr22	34095510	34100630	chr22.297243	5	1024	304308760	/gbdb/hg19/wib/gc5Base.wib	0	100	1024	45280	2461600
845	chr22	34100630	34105750	chr22.297244	5	1024	304309784	/gbdb/hg19/wib/gc5Base.wib	0	100	1024	48360	2769600
845	chr22	34105750	34110870	chr22.297245	5	1024	304310808	/gbdb/hg19/wib/gc5Base.wib	0	100	1024	45800	2540000
845	chr22	34110870	34115990	chr22.297246	5	1024	304311832	/gbdb/hg19/wib/gc5Base.wib	0	100	1024	44700	2453200
845	chr22	34115990	34121110	chr22.297247	5	1024	304312856	/gbdb/hg19/wib/gc5Base.wib	0	100	1024	47540	2703600
845	chr22	34121110	34126230	chr22.297248	5	1024	304313880	/gbdb/hg19/wib/gc5Base.wib	0	100	1024	46200	2586400
845	chr22	34126230	34131350	chr22.297249	5	1024	304314904	/gbdb/hg19/wib/gc5Base.wib	0	100	1024	45280	2494400
845	chr22	34131350	34136470	chr22.297250	5	1024	304315928	/gbdb/hg19/wib/gc5Base.wib	0	100	1024	45320	2524000
845	chr22	34136470	34141590	chr22.297251	5	1024	304316952	/gbdb/hg19/wib/gc5Base.wib	0	100	1024	48040	2708000
845	chr22	34141590	34146710	chr22.297252	5	1024	304317976	/gbdb/hg19/wib/gc5Base.wib	0	100	1024	46140	2579600
845	chr22	34146710	34151830	chr22.297253	5	1024	304319000	/gbdb/hg19/wib/gc5Base.wib	0	100	1024	44940	2530800
845	chr22	34151830	34156950	chr22.297254	5	1024	304320024	/gbdb/hg19/wib/gc5Base.wib	0	100	1024	47360	2680800
845	chr22	34156950	34162070	chr22.297255	5	1024	304321048	/gbdb/hg19/wib/gc5Base.wib	0	100	1024	45060	2513200
845	chr22	34162070	34167190	chr22.297256	5	1024	304322072	/gbdb/hg19/wib/gc5Base.wib	0	100	1024	43560	2384000
845	chr22	34167190	34172310	chr22.297257	5	1024	304323096	/gbdb/hg19/wib/gc5Base.wib	0	100	1024	47500	2694800
845	chr22	34172310	34177430	chr22.297258	5	1024	304324120	/gbdb/hg19/wib/gc5Base.wib	0	100	1024	47720	2692000
845	chr22	34177430	34182550	chr22.297259	5	1024	304325144	/gbdb/hg19/wib/gc5Base.wib	0	100	1024	40100	2079600
845	chr22	34182550	34187670	chr22.297260	5	1024	304326168	/gbdb/hg19/wib/gc5Base.wib	0	100	1024	43120	2333600
845	chr22	34187670	34192790	chr22.297261	5	1024	304327192	/gbdb/hg19/wib/gc5Base.wib	0	100	1024	43900	2381200
845	chr22	34192790	34197910	chr22.297262	5	1024	304328216	/gbdb/hg19/wib/gc5Base.wib	0	100	1024	45320	2491200
845	chr22	34197910	34203030	chr22.297263	5	1024	304329240	/gbdb/hg19/wib/gc5Base.wib	0	100	1024	44880	2437600
845	chr22	34203030	34208150	chr22.297264	5	1024	304330264	/gbdb/hg19/wib/gc5Base.wib	0	100	1024	43440	2328800
105	chr22	34208150	34213270	chr22.297265	5	1024	304331288	/gbdb/hg19/wib/gc5Base.wib	0	100	1024	45540	2474800
846	chr22	34213270	34218390	chr22.297266	5	1024	304332312	/gbdb/hg19/wib/gc5Base.wib	0	100	1024	46520	2615200
846	chr22	34218390	34223510	chr22.297267	5	1024	304333336	/gbdb/hg19/wib/gc5Base.wib	0	100	1024	45720	2538400
846	chr22	34223510	34228630	chr22.297268	5	1024	304334360	/gbdb/hg19/wib/gc5Base.wib	0	100	1024	49720	2848800
846	chr22	34228630	34233750	chr22.297269	5	1024	304335384	/gbdb/hg19/wib/gc5Base.wib	0	100	1024	45020	2478000
846	chr22	34233750	34238870	chr22.297270	5	1024	304336408	/gbdb/hg19/wib/gc5Base.wib	0	100	1024	42120	2236800
846	chr22	34238870	34243990	chr22.297271	5	1024	304337432	/gbdb/hg19/wib/gc5Base.wib	0	100	1024	45000	2552800
846	chr22	34243990	34249110	chr22.297272	5	1024	304338456	/gbdb/hg19/wib/gc5Base.wib	0	100	1024	46260	2618000
846	chr22	34249110	34254230	chr22.297273	5	1024	304339480	/gbdb/hg19/wib/gc5Base.wib	0	100	1024	47440	2748000
846	chr22	34254230	34259350	chr22.297274	5	1024	304340504	/gbdb/hg19/wib/gc5Base.wib	0	100	1024	48700	2806800
846	chr22	34259350	34264470	chr22.297275	5	1024	304341528	/gbdb/hg19/wib/gc5Base.wib	0	100	1024	47760	2710400
846	chr22	34264470	34269590	chr22.297276	5	1024	304342552	/gbdb/hg19/wib/gc5Base.wib	0	100	1024	48340	2782000
846	chr22	34269590	34274710	chr22.297277	5	1024	304343576	/gbdb/hg19/wib/gc5Base.wib	0	100	1024	47320	2741600
846	chr22	34274710	34279830	chr22.297278	5	1024	304344600	/gbdb/hg19/wib/gc5Base.wib	0	100	1024	46260	2622800
846	chr22	34279830	34284950	chr22.297279	5	1024	304345624	/gbdb/hg19/wib/gc5Base.wib	0	100	1024	48120	2788800
846	chr22	34284950	34290070	chr22.297280	5	1024	304346648	/gbdb/hg19/wib/gc5Base.wib	0	100	1024	44440	2416800
846	chr22	34290070	34295190	chr22.297281	5	1024	304347672	/gbdb/hg19/wib/gc5Base.wib	0	100	1024	48560	2787200
846	chr22	34295190	34300310	chr22.297282	5	1024	304348696	/gbdb/hg19/wib/gc5Base.wib	0	100	1024	46600	2584000
846	chr22	34300310	34305430	chr22.297283	5	1024	304349720	/gbdb/hg19/wib/gc5Base.wib	0	100	1024	46380	2642000
846	chr22	34305430	34310550	chr22.297284	5	1024	304350744	/gbdb/hg19/wib/gc5Base.wib	0	100	1024	46180	2602800
846	chr22	34310550	34315670	chr22.297285	5	1024	304351768	/gbdb/hg19/wib/gc5Base.wib	0	100	1024	45260	2514800
846	chr22	34315670	34320790	chr22.297286	5	1024	304352792	/gbdb/hg19/wib/gc5Base.wib	0	100	1024	60600	4288000
846	chr22	34320790	34325910	chr22.297287	5	1024	304353816	/gbdb/hg19/wib/gc5Base.wib	0	100	1024	42920	2255200
846	chr22	34325910	34331030	chr22.297288	5	1024	304354840	/gbdb/hg19/wib/gc5Base.wib	0	100	1024	44320	2432000
846	chr22	34331030	34336150	chr22.297289	5	1024	304355864	/gbdb/hg19/wib/gc5Base.wib	0	100	1024	43560	2372000
105	chr22	34336150	34341270	chr22.297290	5	1024	304356888	/gbdb/hg19/wib/gc5Base.wib	0	100	1024	41740	2226000
847	chr22	34341270	34346390	chr22.297291	5	1024	304357912	/gbdb/hg19/wib/gc5Base.wib	0	100	1024	45680	2563200
847	chr22	34346390	34351510	chr22.297292	5	1024	304358936	/gbdb/hg19/wib/gc5Base.wib	0	100	1024	43680	2343200
847	chr22	34351510	34356630	chr22.297293	5	1024	304359960	/gbdb/hg19/wib/gc5Base.wib	0	100	1024	45500	2526800
847	chr22	34356630	34361750	chr22.297294	5	1024	304360984	/gbdb/hg19/wib/gc5Base.wib	0	100	1024	39140	1987600
847	chr22	34361750	34366870	chr22.297295	5	1024	304362008	/gbdb/hg19/wib/gc5Base.wib	0	100	1024	39480	1999200
847	chr22	34366870	34371990	chr22.297296	5	1024	304363032	/gbdb/hg19/wib/gc5Base.wib	0	100	1024	41080	2131200
847	chr22	34371990	34377110	chr22.297297	5	1024	304364056	/gbdb/hg19/wib/gc5Base.wib	0	100	1024	42420	2247600
847	chr22	34377110	34382230	chr22.297298	5	1024	304365080	/gbdb/hg19/wib/gc5Base.wib	0	100	1024	44700	2498800
847	chr22	34382230	34387350	chr22.297299	5	1024	304366104	/gbdb/hg19/wib/gc5Base.wib	0	100	1024	47140	2740400
847	chr22	34387350	34392470	chr22.297300	5	1024	304367128	/gbdb/hg19/wib/gc5Base.wib	0	100	1024	43100	2338000
847	chr22	34392470	34397590	chr22.297301	5	1024	304368152	/gbdb/hg19/wib/gc5Base.wib	0	100	1024	36260	1753200
847	chr22	34397590	34402710	chr22.297302	5	1024	304369176	/gbdb/hg19/wib/gc5Base.wib	0	100	1024	46860	2606000
847	chr22	34402710	34407830	chr22.297303	5	1024	304370200	/gbdb/hg19/wib/gc5Base.wib	0	100	1024	45920	2601600
847	chr22	34407830	34412950	chr22.297304	5	1024	304371224	/gbdb/hg19/wib/gc5Base.wib	0	100	1024	39020	1959600
847	chr22	34412950	34418070	chr22.297305	5	1024	304372248	/gbdb/hg19/wib/gc5Base.wib	0	100	1024	42560	2278400
847	chr22	34418070	34423190	chr22.297306	5	1024	304373272	/gbdb/hg19/wib/gc5Base.wib	0	100	1024	43320	2286400
847	chr22	34423190	34428310	chr22.297307	5	1024	304374296	/gbdb/hg19/wib/gc5Base.wib	0	100	1024	37100	1818800
847	chr22	34428310	34433430	chr22.297308	5	1024	304375320	/gbdb/hg19/wib/gc5Base.wib	0	100	1024	37280	1808800
847	chr22	34433430	34438550	chr22.297309	5	1024	304376344	/gbdb/hg19/wib/gc5Base.wib	0	100	1024	39900	2011600
847	chr22	34438550	34443670	chr22.297310	5	1024	304377368	/gbdb/hg19/wib/gc5Base.wib	0	100	1024	40060	2013200
847	chr22	34443670	34448790	chr22.297311	5	1024	304378392	/gbdb/hg19/wib/gc5Base.wib	0	100	1024	43600	2336800
847	chr22	34448790	34453910	chr22.297312	5	1024	304379416	/gbdb/hg19/wib/gc5Base.wib	0	100	1024	42020	2230800
847	chr22	34453910	34459030	chr22.297313	5	1024	304380440	/gbdb/hg19/wib/gc5Base.wib	0	100	1024	44740	2400400
847	chr22	34459030	34464150	chr22.297314	5	1024	304381464	/gbdb/hg19/wib/gc5Base.wib	0	100	1024	45020	2480400
847	chr22	34464150	34469270	chr22.297315	5	1024	304382488	/gbdb/hg19/wib/gc5Base.wib	0	100	1024	45260	2466800
105	chr22	34469270	34474390	chr22.297316	5	1024	304383512	/gbdb/hg19/wib/gc5Base.wib	0	100	1024	47260	2643600
848	chr22	34474390	34479510	chr22.297317	5	1024	304384536	/gbdb/hg19/wib/gc5Base.wib	0	100	1024	39440	1995200
848	chr22	34479510	34484630	chr22.297318	5	1024	304385560	/gbdb/hg19/wib/gc5Base.wib	0	100	1024	44560	2392800
848	chr22	34484630	34489750	chr22.297319	5	1024	304386584	/gbdb/hg19/wib/gc5Base.wib	0	100	1024	45240	2556000
848	chr22	34489750	34494870	chr22.297320	5	1024	304387608	/gbdb/hg19/wib/gc5Base.wib	0	100	1024	44060	2403600
848	chr22	34494870	34499990	chr22.297321	5	1024	304388632	/gbdb/hg19/wib/gc5Base.wib	0	100	1024	44900	2486800
848	chr22	34499990	34505110	chr22.297322	5	1024	304389656	/gbdb/hg19/wib/gc5Base.wib	0	100	1024	46860	2634000
848	chr22	34505110	34510230	chr22.297323	5	1024	304390680	/gbdb/hg19/wib/gc5Base.wib	0	100	1024	44840	2454400
848	chr22	34510230	34515350	chr22.297324	5	1024	304391704	/gbdb/hg19/wib/gc5Base.wib	0	100	1024	36240	1762400
848	chr22	34515350	34520470	chr22.297325	5	1024	304392728	/gbdb/hg19/wib/gc5Base.wib	0	100	1024	39000	1953600
848	chr22	34520470	34525590	chr22.297326	5	1024	304393752	/gbdb/hg19/wib/gc5Base.wib	0	100	1024	42280	2235200
848	chr22	34525590	34530710	chr22.297327	5	1024	304394776	/gbdb/hg19/wib/gc5Base.wib	0	100	1024	45260	2508400
848	chr22	34530710	34535830	chr22.297328	5	1024	304395800	/gbdb/hg19/wib/gc5Base.wib	0	100	1024	42260	2209200
848	chr22	34535830	34540950	chr22.297329	5	1024	304396824	/gbdb/hg19/wib/gc5Base.wib	0	100	1024	38200	1848000
848	chr22	34540950	34546070	chr22.297330	5	1024	304397848	/gbdb/hg19/wib/gc5Base.wib	0	100	1024	38820	1954800
848	chr22	34546070	34551190	chr22.297331	5	1024	304398872	/gbdb/hg19/wib/gc5Base.wib	0	100	1024	42620	2320400
848	chr22	34551190	34556310	chr22.297332	5	1024	304399896	/gbdb/hg19/wib/gc5Base.wib	0	100	1024	47080	2654400
848	chr22	34556310	34561430	chr22.297333	5	1024	304400920	/gbdb/hg19/wib/gc5Base.wib	0	100	1024	40420	2054800
848	chr22	34561430	34566550	chr22.297334	5	1024	304401944	/gbdb/hg19/wib/gc5Base.wib	0	100	1024	41860	2196400
848	chr22	34566550	34571670	chr22.297335	5	1024	304402968	/gbdb/hg19/wib/gc5Base.wib	0	100	1024	42580	2244400
848	chr22	34571670	34576790	chr22.297336	5	1024	304403992	/gbdb/hg19/wib/gc5Base.wib	0	100	1024	41020	2161200
848	chr22	34576790	34581910	chr22.297337	5	1024	304405016	/gbdb/hg19/wib/gc5Base.wib	0	100	1024	41560	2152800
848	chr22	34581910	34587030	chr22.297338	5	1024	304406040	/gbdb/hg19/wib/gc5Base.wib	0	100	1024	43680	2328800
848	chr22	34587030	34592150	chr22.297339	5	1024	304407064	/gbdb/hg19/wib/gc5Base.wib	0	100	1024	45540	2488400
848	chr22	34592150	34597270	chr22.297340	5	1024	304408088	/gbdb/hg19/wib/gc5Base.wib	0	100	1024	40260	2026800
848	chr22	34597270	34602390	chr22.297341	5	1024	304409112	/gbdb/hg19/wib/gc5Base.wib	0	100	1024	37660	1866800
13	chr22	34602390	34607510	chr22.297342	5	1024	304410136	/gbdb/hg19/wib/gc5Base.wib	0	100	1024	45980	2538800
849	chr22	34607510	34612630	chr22.297343	5	1024	304411160	/gbdb/hg19/wib/gc5Base.wib	0	100	1024	37060	1814000
849	chr22	34612630	34617750	chr22.297344	5	1024	304412184	/gbdb/hg19/wib/gc5Base.wib	0	100	1024	46700	2604400
849	chr22	34617750	34622870	chr22.297345	5	1024	304413208	/gbdb/hg19/wib/gc5Base.wib	0	100	1024	40860	2093200
849	chr22	34622870	34627990	chr22.297346	5	1024	304414232	/gbdb/hg19/wib/gc5Base.wib	0	100	1024	40520	2078400
849	chr22	34627990	34633110	chr22.297347	5	1024	304415256	/gbdb/hg19/wib/gc5Base.wib	0	80	1024	38160	1840000
849	chr22	34633110	34638230	chr22.297348	5	1024	304416280	/gbdb/hg19/wib/gc5Base.wib	0	100	1024	39600	1987200
849	chr22	34638230	34643350	chr22.297349	5	1024	304417304	/gbdb/hg19/wib/gc5Base.wib	0	100	1024	39060	1977200
849	chr22	34643350	34648470	chr22.297350	5	1024	304418328	/gbdb/hg19/wib/gc5Base.wib	0	100	1024	37840	1887200
849	chr22	34648470	34653590	chr22.297351	5	1024	304419352	/gbdb/hg19/wib/gc5Base.wib	0	100	1024	39860	2010000
849	chr22	34653590	34658710	chr22.297352	5	1024	304420376	/gbdb/hg19/wib/gc5Base.wib	0	100	1024	38620	1931600
849	chr22	34658710	34663830	chr22.297353	5	1024	304421400	/gbdb/hg19/wib/gc5Base.wib	0	100	1024	36240	1816800
849	chr22	34663830	34668950	chr22.297354	5	1024	304422424	/gbdb/hg19/wib/gc5Base.wib	0	100	1024	44280	2368800
849	chr22	34668950	34674070	chr22.297355	5	1024	304423448	/gbdb/hg19/wib/gc5Base.wib	0	100	1024	40560	2090400
849	chr22	34674070	34679190	chr22.297356	5	1024	304424472	/gbdb/hg19/wib/gc5Base.wib	0	100	1024	43160	2392000
849	chr22	34679190	34684310	chr22.297357	5	1024	304425496	/gbdb/hg19/wib/gc5Base.wib	0	100	1024	44640	2388000
849	chr22	34684310	34689430	chr22.297358	5	1024	304426520	/gbdb/hg19/wib/gc5Base.wib	0	100	1024	39460	2014800
849	chr22	34689430	34694550	chr22.297359	5	1024	304427544	/gbdb/hg19/wib/gc5Base.wib	0	100	1024	42180	2178000
849	chr22	34694550	34699670	chr22.297360	5	1024	304428568	/gbdb/hg19/wib/gc5Base.wib	0	100	1024	42820	2247600
849	chr22	34699670	34704790	chr22.297361	5	1024	304429592	/gbdb/hg19/wib/gc5Base.wib	0	100	1024	45340	2473200
849	chr22	34704790	34709910	chr22.297362	5	1024	304430616	/gbdb/hg19/wib/gc5Base.wib	0	100	1024	44440	2420000
849	chr22	34709910	34715030	chr22.297363	5	1024	304431640	/gbdb/hg19/wib/gc5Base.wib	0	100	1024	43480	2319200
849	chr22	34715030	34720150	chr22.297364	5	1024	304432664	/gbdb/hg19/wib/gc5Base.wib	0	100	1024	39340	2062800
849	chr22	34720150	34725270	chr22.297365	5	1024	304433688	/gbdb/hg19/wib/gc5Base.wib	0	100	1024	37640	1892800
849	chr22	34725270	34730390	chr22.297366	5	1024	304434712	/gbdb/hg19/wib/gc5Base.wib	0	100	1024	44220	2434800
106	chr22	34730390	34735510	chr22.297367	5	1024	304435736	/gbdb/hg19/wib/gc5Base.wib	0	100	1024	38620	1940400
850	chr22	34735510	34740630	chr22.297368	5	1024	304436760	/gbdb/hg19/wib/gc5Base.wib	0	100	1024	42500	2295600
850	chr22	34740630	34745750	chr22.297369	5	1024	304437784	/gbdb/hg19/wib/gc5Base.wib	0	100	1024	41200	2127200
850	chr22	34745750	34750870	chr22.297370	5	1024	304438808	/gbdb/hg19/wib/gc5Base.wib	0	100	1024	39920	2056800
850	chr22	34750870	34755990	chr22.297371	5	1024	304439832	/gbdb/hg19/wib/gc5Base.wib	0	100	1024	38480	1941600
850	chr22	34755990	34761110	chr22.297372	5	1024	304440856	/gbdb/hg19/wib/gc5Base.wib	0	100	1024	40640	2116800
850	chr22	34761110	34766230	chr22.297373	5	1024	304441880	/gbdb/hg19/wib/gc5Base.wib	0	100	1024	37160	1769600
850	chr22	34766230	34771350	chr22.297374	5	1024	304442904	/gbdb/hg19/wib/gc5Base.wib	0	100	1024	41860	2176400
850	chr22	34771350	34776470	chr22.297375	5	1024	304443928	/gbdb/hg19/wib/gc5Base.wib	0	100	1024	41800	2160800
850	chr22	34776470	34781590	chr22.297376	5	1024	304444952	/gbdb/hg19/wib/gc5Base.wib	0	100	1024	42020	2200400
850	chr22	34781590	34786710	chr22.297377	5	1024	304445976	/gbdb/hg19/wib/gc5Base.wib	0	100	1024	40240	2011200
850	chr22	34786710	34791830	chr22.297378	5	1024	304447000	/gbdb/hg19/wib/gc5Base.wib	0	100	1024	43420	2298800
850	chr22	34791830	34796950	chr22.297379	5	1024	304448024	/gbdb/hg19/wib/gc5Base.wib	0	100	1024	46260	2567600
850	chr22	34796950	34802070	chr22.297380	5	1024	304449048	/gbdb/hg19/wib/gc5Base.wib	0	100	1024	41600	2144000
850	chr22	34802070	34807190	chr22.297381	5	1024	304450072	/gbdb/hg19/wib/gc5Base.wib	0	100	1024	39100	1974800
850	chr22	34807190	34812310	chr22.297382	5	1024	304451096	/gbdb/hg19/wib/gc5Base.wib	0	100	1024	36000	1733600
850	chr22	34812310	34817430	chr22.297383	5	1024	304452120	/gbdb/hg19/wib/gc5Base.wib	0	100	1024	40880	2112000
850	chr22	34817430	34822550	chr22.297384	5	1024	304453144	/gbdb/hg19/wib/gc5Base.wib	0	100	1024	37400	1827200
850	chr22	34822550	34827670	chr22.297385	5	1024	304454168	/gbdb/hg19/wib/gc5Base.wib	0	100	1024	44120	2372800
850	chr22	34827670	34832790	chr22.297386	5	1024	304455192	/gbdb/hg19/wib/gc5Base.wib	0	100	1024	45140	2465200
850	chr22	34832790	34837910	chr22.297387	5	1024	304456216	/gbdb/hg19/wib/gc5Base.wib	0	100	1024	40520	2103200
850	chr22	34837910	34843030	chr22.297388	5	1024	304457240	/gbdb/hg19/wib/gc5Base.wib	0	100	1024	44440	2384800
850	chr22	34843030	34848150	chr22.297389	5	1024	304458264	/gbdb/hg19/wib/gc5Base.wib	0	100	1024	42500	2214000
850	chr22	34848150	34853270	chr22.297390	5	1024	304459288	/gbdb/hg19/wib/gc5Base.wib	0	100	1024	45500	2497200
850	chr22	34853270	34858390	chr22.297391	5	1024	304460312	/gbdb/hg19/wib/gc5Base.wib	0	100	1024	41800	2215200
850	chr22	34858390	34863510	chr22.297392	5	1024	304461336	/gbdb/hg19/wib/gc5Base.wib	0	100	1024	43720	2352800
106	chr22	34863510	34868630	chr22.297393	5	1024	304462360	/gbdb/hg19/wib/gc5Base.wib	0	100	1024	32180	1452400
851	chr22	34868630	34873750	chr22.297394	5	1024	304463384	/gbdb/hg19/wib/gc5Base.wib	0	100	1024	42000	2225600
851	chr22	34873750	34878870	chr22.297395	5	1024	304464408	/gbdb/hg19/wib/gc5Base.wib	0	100	1024	42220	2254800
851	chr22	34878870	34883990	chr22.297396	5	1024	304465432	/gbdb/hg19/wib/gc5Base.wib	0	100	1024	41460	2163600
851	chr22	34883990	34889110	chr22.297397	5	1024	304466456	/gbdb/hg19/wib/gc5Base.wib	0	100	1024	43240	2250400
851	chr22	34889110	34894230	chr22.297398	5	1024	304467480	/gbdb/hg19/wib/gc5Base.wib	0	100	1024	40840	2060800
851	chr22	34894230	34899350	chr22.297399	5	1024	304468504	/gbdb/hg19/wib/gc5Base.wib	0	100	1024	39460	2034800
851	chr22	34899350	34904470	chr22.297400	5	1024	304469528	/gbdb/hg19/wib/gc5Base.wib	0	100	1024	42600	2268000
851	chr22	34904470	34909590	chr22.297401	5	1024	304470552	/gbdb/hg19/wib/gc5Base.wib	0	100	1024	43520	2252800
851	chr22	34909590	34914710	chr22.297402	5	1024	304471576	/gbdb/hg19/wib/gc5Base.wib	0	100	1024	43120	2278400
851	chr22	34914710	34919830	chr22.297403	5	1024	304472600	/gbdb/hg19/wib/gc5Base.wib	0	100	1024	44980	2451600
851	chr22	34919830	34924950	chr22.297404	5	1024	304473624	/gbdb/hg19/wib/gc5Base.wib	0	100	1024	42400	2198400
851	chr22	34924950	34930070	chr22.297405	5	1024	304474648	/gbdb/hg19/wib/gc5Base.wib	0	100	1024	41640	2228800
851	chr22	34930070	34935190	chr22.297406	5	1024	304475672	/gbdb/hg19/wib/gc5Base.wib	0	100	1024	42800	2239200
851	chr22	34935190	34940310	chr22.297407	5	1024	304476696	/gbdb/hg19/wib/gc5Base.wib	0	100	1024	34580	1680400
851	chr22	34940310	34945430	chr22.297408	5	1024	304477720	/gbdb/hg19/wib/gc5Base.wib	0	100	1024	35160	1659200
851	chr22	34945430	34950550	chr22.297409	5	1024	304478744	/gbdb/hg19/wib/gc5Base.wib	0	100	1024	40420	2020400
851	chr22	34950550	34955670	chr22.297410	5	1024	304479768	/gbdb/hg19/wib/gc5Base.wib	0	100	1024	39120	2044800
851	chr22	34955670	34960790	chr22.297411	5	1024	304480792	/gbdb/hg19/wib/gc5Base.wib	0	100	1024	40340	2107600
851	chr22	34960790	34965910	chr22.297412	5	1024	304481816	/gbdb/hg19/wib/gc5Base.wib	0	100	1024	40520	2124800
851	chr22	34965910	34971030	chr22.297413	5	1024	304482840	/gbdb/hg19/wib/gc5Base.wib	0	80	1024	34660	1605200
851	chr22	34971030	34976150	chr22.297414	5	1024	304483864	/gbdb/hg19/wib/gc5Base.wib	0	100	1024	34340	1766800
851	chr22	34976150	34981270	chr22.297415	5	1024	304484888	/gbdb/hg19/wib/gc5Base.wib	0	100	1024	38620	1959600
851	chr22	34981270	34986390	chr22.297416	5	1024	304485912	/gbdb/hg19/wib/gc5Base.wib	0	100	1024	47160	2746400
851	chr22	34986390	34991510	chr22.297417	5	1024	304486936	/gbdb/hg19/wib/gc5Base.wib	0	100	1024	46280	2566400
106	chr22	34991510	34996630	chr22.297418	5	1024	304487960	/gbdb/hg19/wib/gc5Base.wib	0	100	1024	42860	2298000
852	chr22	34996630	35001750	chr22.297419	5	1024	304488984	/gbdb/hg19/wib/gc5Base.wib	0	100	1024	39620	2005200
852	chr22	35001750	35006870	chr22.297420	5	1024	304490008	/gbdb/hg19/wib/gc5Base.wib	0	100	1024	43460	2298800
852	chr22	35006870	35011990	chr22.297421	5	1024	304491032	/gbdb/hg19/wib/gc5Base.wib	0	100	1024	41380	2115600
852	chr22	35011990	35017110	chr22.297422	5	1024	304492056	/gbdb/hg19/wib/gc5Base.wib	0	100	1024	42260	2283600
852	chr22	35017110	35022230	chr22.297423	5	1024	304493080	/gbdb/hg19/wib/gc5Base.wib	0	100	1024	49580	3004400
852	chr22	35022230	35027350	chr22.297424	5	1024	304494104	/gbdb/hg19/wib/gc5Base.wib	0	100	1024	45080	2517600
852	chr22	35027350	35032470	chr22.297425	5	1024	304495128	/gbdb/hg19/wib/gc5Base.wib	0	100	1024	41320	2140000
852	chr22	35032470	35037590	chr22.297426	5	1024	304496152	/gbdb/hg19/wib/gc5Base.wib	0	100	1024	45780	2544400
852	chr22	35037590	35042710	chr22.297427	5	1024	304497176	/gbdb/hg19/wib/gc5Base.wib	0	100	1024	43320	2323200
852	chr22	35042710	35047830	chr22.297428	5	1024	304498200	/gbdb/hg19/wib/gc5Base.wib	0	100	1024	45060	2484400
852	chr22	35047830	35052950	chr22.297429	5	1024	304499224	/gbdb/hg19/wib/gc5Base.wib	0	100	1024	40280	2024800
852	chr22	35052950	35058070	chr22.297430	5	1024	304500248	/gbdb/hg19/wib/gc5Base.wib	0	100	1024	41220	2155600
852	chr22	35058070	35063190	chr22.297431	5	1024	304501272	/gbdb/hg19/wib/gc5Base.wib	0	100	1024	38760	1984000
852	chr22	35063190	35068310	chr22.297432	5	1024	304502296	/gbdb/hg19/wib/gc5Base.wib	0	100	1024	41700	2175600
852	chr22	35068310	35073430	chr22.297433	5	1024	304503320	/gbdb/hg19/wib/gc5Base.wib	0	100	1024	40380	2076400
852	chr22	35073430	35078550	chr22.297434	5	1024	304504344	/gbdb/hg19/wib/gc5Base.wib	0	100	1024	40860	2072400
852	chr22	35078550	35083670	chr22.297435	5	1024	304505368	/gbdb/hg19/wib/gc5Base.wib	0	100	1024	49880	3060800
852	chr22	35083670	35088790	chr22.297436	5	1024	304506392	/gbdb/hg19/wib/gc5Base.wib	0	100	1024	39500	1967600
852	chr22	35088790	35093910	chr22.297437	5	1024	304507416	/gbdb/hg19/wib/gc5Base.wib	0	100	1024	42020	2174800
852	chr22	35093910	35099030	chr22.297438	5	1024	304508440	/gbdb/hg19/wib/gc5Base.wib	0	100	1024	46040	2544000
852	chr22	35099030	35104150	chr22.297439	5	1024	304509464	/gbdb/hg19/wib/gc5Base.wib	0	100	1024	44820	2482800
852	chr22	35104150	35109270	chr22.297440	5	1024	304510488	/gbdb/hg19/wib/gc5Base.wib	0	100	1024	43560	2287200
852	chr22	35109270	35114390	chr22.297441	5	1024	304511512	/gbdb/hg19/wib/gc5Base.wib	0	100	1024	40220	2029200
852	chr22	35114390	35119510	chr22.297442	5	1024	304512536	/gbdb/hg19/wib/gc5Base.wib	0	100	1024	38420	1961200
852	chr22	35119510	35124630	chr22.297443	5	1024	304513560	/gbdb/hg19/wib/gc5Base.wib	0	100	1024	35200	1660000
106	chr22	35124630	35129750	chr22.297444	5	1024	304514584	/gbdb/hg19/wib/gc5Base.wib	0	100	1024	40680	2064800
853	chr22	35129750	35134870	chr22.297445	5	1024	304515608	/gbdb/hg19/wib/gc5Base.wib	0	100	1024	41040	2096800
853	chr22	35134870	35139990	chr22.297446	5	1024	304516632	/gbdb/hg19/wib/gc5Base.wib	0	100	1024	45000	2433600
853	chr22	35139990	35145110	chr22.297447	5	1024	304517656	/gbdb/hg19/wib/gc5Base.wib	0	100	1024	40620	2034000
853	chr22	35145110	35150230	chr22.297448	5	1024	304518680	/gbdb/hg19/wib/gc5Base.wib	0	100	1024	42880	2270400
853	chr22	35150230	35155350	chr22.297449	5	1024	304519704	/gbdb/hg19/wib/gc5Base.wib	0	100	1024	41880	2187200
853	chr22	35155350	35160470	chr22.297450	5	1024	304520728	/gbdb/hg19/wib/gc5Base.wib	0	100	1024	45120	2430400
853	chr22	35160470	35165590	chr22.297451	5	1024	304521752	/gbdb/hg19/wib/gc5Base.wib	0	100	1024	41340	2143600
853	chr22	35165590	35170710	chr22.297452	5	1024	304522776	/gbdb/hg19/wib/gc5Base.wib	0	100	1024	43420	2318000
853	chr22	35170710	35175830	chr22.297453	5	1024	304523800	/gbdb/hg19/wib/gc5Base.wib	0	100	1024	43280	2283200
853	chr22	35175830	35180950	chr22.297454	5	1024	304524824	/gbdb/hg19/wib/gc5Base.wib	0	100	1024	43140	2313200
853	chr22	35180950	35186070	chr22.297455	5	1024	304525848	/gbdb/hg19/wib/gc5Base.wib	0	100	1024	42320	2230400
853	chr22	35186070	35191190	chr22.297456	5	1024	304526872	/gbdb/hg19/wib/gc5Base.wib	0	100	1024	40300	1993200
853	chr22	35191190	35196310	chr22.297457	5	1024	304527896	/gbdb/hg19/wib/gc5Base.wib	0	100	1024	45820	2522800
853	chr22	35196310	35201430	chr22.297458	5	1024	304528920	/gbdb/hg19/wib/gc5Base.wib	0	100	1024	47660	2720400
853	chr22	35201430	35206550	chr22.297459	5	1024	304529944	/gbdb/hg19/wib/gc5Base.wib	0	100	1024	45480	2465600
853	chr22	35206550	35211670	chr22.297460	5	1024	304530968	/gbdb/hg19/wib/gc5Base.wib	0	100	1024	40660	2062800
853	chr22	35211670	35216790	chr22.297461	5	1024	304531992	/gbdb/hg19/wib/gc5Base.wib	0	100	1024	43700	2338000
853	chr22	35216790	35221910	chr22.297462	5	1024	304533016	/gbdb/hg19/wib/gc5Base.wib	0	100	1024	40560	2040000
853	chr22	35221910	35227030	chr22.297463	5	1024	304534040	/gbdb/hg19/wib/gc5Base.wib	0	100	1024	43260	2298000
853	chr22	35227030	35232150	chr22.297464	5	1024	304535064	/gbdb/hg19/wib/gc5Base.wib	0	100	1024	48080	2772800
853	chr22	35232150	35237270	chr22.297465	5	1024	304536088	/gbdb/hg19/wib/gc5Base.wib	0	100	1024	46120	2591200
853	chr22	35237270	35242390	chr22.297466	5	1024	304537112	/gbdb/hg19/wib/gc5Base.wib	0	100	1024	43120	2308800
853	chr22	35242390	35247510	chr22.297467	5	1024	304538136	/gbdb/hg19/wib/gc5Base.wib	0	100	1024	39080	2005600
853	chr22	35247510	35252630	chr22.297468	5	1024	304539160	/gbdb/hg19/wib/gc5Base.wib	0	100	1024	39220	1988400
853	chr22	35252630	35257750	chr22.297469	5	1024	304540184	/gbdb/hg19/wib/gc5Base.wib	0	100	1024	44260	2367600
106	chr22	35257750	35262870	chr22.297470	5	1024	304541208	/gbdb/hg19/wib/gc5Base.wib	0	100	1024	43020	2279600
854	chr22	35262870	35267990	chr22.297471	5	1024	304542232	/gbdb/hg19/wib/gc5Base.wib	0	100	1024	41160	2135200
854	chr22	35267990	35273110	chr22.297472	5	1024	304543256	/gbdb/hg19/wib/gc5Base.wib	0	100	1024	45720	2516000
854	chr22	35273110	35278230	chr22.297473	5	1024	304544280	/gbdb/hg19/wib/gc5Base.wib	0	100	1024	46740	2630000
854	chr22	35278230	35283350	chr22.297474	5	1024	304545304	/gbdb/hg19/wib/gc5Base.wib	0	100	1024	43360	2289600
854	chr22	35283350	35288470	chr22.297475	5	1024	304546328	/gbdb/hg19/wib/gc5Base.wib	0	100	1024	43940	2334800
854	chr22	35288470	35293590	chr22.297476	5	1024	304547352	/gbdb/hg19/wib/gc5Base.wib	0	100	1024	44500	2386000
854	chr22	35293590	35298710	chr22.297477	5	1024	304548376	/gbdb/hg19/wib/gc5Base.wib	0	100	1024	43580	2355600
854	chr22	35298710	35303830	chr22.297478	5	1024	304549400	/gbdb/hg19/wib/gc5Base.wib	0	100	1024	43340	2309200
854	chr22	35303830	35308950	chr22.297479	5	1024	304550424	/gbdb/hg19/wib/gc5Base.wib	0	100	1024	44540	2402800
854	chr22	35308950	35314070	chr22.297480	5	1024	304551448	/gbdb/hg19/wib/gc5Base.wib	0	100	1024	46180	2556400
854	chr22	35314070	35319190	chr22.297481	5	1024	304552472	/gbdb/hg19/wib/gc5Base.wib	0	100	1024	43240	2296000
854	chr22	35319190	35324310	chr22.297482	5	1024	304553496	/gbdb/hg19/wib/gc5Base.wib	0	100	1024	40460	2082000
854	chr22	35324310	35329430	chr22.297483	5	1024	304554520	/gbdb/hg19/wib/gc5Base.wib	0	100	1024	48300	2758000
854	chr22	35329430	35334550	chr22.297484	5	1024	304555544	/gbdb/hg19/wib/gc5Base.wib	0	100	1024	41720	2187200
854	chr22	35334550	35339670	chr22.297485	5	1024	304556568	/gbdb/hg19/wib/gc5Base.wib	0	100	1024	43740	2365200
854	chr22	35339670	35344790	chr22.297486	5	1024	304557592	/gbdb/hg19/wib/gc5Base.wib	0	100	1024	45900	2586800
854	chr22	35344790	35349910	chr22.297487	5	1024	304558616	/gbdb/hg19/wib/gc5Base.wib	0	100	1024	46840	2623200
854	chr22	35349910	35355030	chr22.297488	5	1024	304559640	/gbdb/hg19/wib/gc5Base.wib	0	100	1024	46940	2678800
854	chr22	35355030	35360150	chr22.297489	5	1024	304560664	/gbdb/hg19/wib/gc5Base.wib	0	100	1024	44220	2413200
854	chr22	35360150	35365270	chr22.297490	5	1024	304561688	/gbdb/hg19/wib/gc5Base.wib	0	100	1024	43740	2362000
854	chr22	35365270	35370390	chr22.297491	5	1024	304562712	/gbdb/hg19/wib/gc5Base.wib	0	100	1024	48560	2777600
854	chr22	35370390	35375510	chr22.297492	5	1024	304563736	/gbdb/hg19/wib/gc5Base.wib	0	100	1024	45480	2460800
854	chr22	35375510	35380630	chr22.297493	5	1024	304564760	/gbdb/hg19/wib/gc5Base.wib	0	100	1024	46080	2551200
854	chr22	35380630	35385750	chr22.297494	5	1024	304565784	/gbdb/hg19/wib/gc5Base.wib	0	100	1024	41820	2195600
106	chr22	35385750	35390870	chr22.297495	5	1024	304566808	/gbdb/hg19/wib/gc5Base.wib	0	100	1024	43760	2331200
855	chr22	35390870	35395990	chr22.297496	5	1024	304567832	/gbdb/hg19/wib/gc5Base.wib	0	100	1024	44460	2414000
855	chr22	35395990	35401110	chr22.297497	5	1024	304568856	/gbdb/hg19/wib/gc5Base.wib	0	100	1024	43940	2410000
855	chr22	35401110	35406230	chr22.297498	5	1024	304569880	/gbdb/hg19/wib/gc5Base.wib	0	100	1024	51480	3052800
855	chr22	35406230	35411350	chr22.297499	5	1024	304570904	/gbdb/hg19/wib/gc5Base.wib	0	100	1024	50220	2937200
855	chr22	35411350	35416470	chr22.297500	5	1024	304571928	/gbdb/hg19/wib/gc5Base.wib	0	100	1024	48940	2818000
855	chr22	35416470	35421590	chr22.297501	5	1024	304572952	/gbdb/hg19/wib/gc5Base.wib	0	100	1024	52560	3211200
855	chr22	35421590	35426710	chr22.297502	5	1024	304573976	/gbdb/hg19/wib/gc5Base.wib	0	100	1024	40960	2102400
855	chr22	35426710	35431830	chr22.297503	5	1024	304575000	/gbdb/hg19/wib/gc5Base.wib	0	100	1024	47660	2707600
855	chr22	35431830	35436950	chr22.297504	5	1024	304576024	/gbdb/hg19/wib/gc5Base.wib	0	100	1024	48220	2724400
855	chr22	35436950	35442070	chr22.297505	5	1024	304577048	/gbdb/hg19/wib/gc5Base.wib	0	100	1024	47000	2665600
855	chr22	35442070	35447190	chr22.297506	5	1024	304578072	/gbdb/hg19/wib/gc5Base.wib	0	100	1024	46540	2530800
855	chr22	35447190	35452310	chr22.297507	5	1024	304579096	/gbdb/hg19/wib/gc5Base.wib	0	100	1024	43820	2340400
855	chr22	35452310	35457430	chr22.297508	5	1024	304580120	/gbdb/hg19/wib/gc5Base.wib	0	100	1024	45420	2510000
855	chr22	35457430	35462550	chr22.297509	5	1024	304581144	/gbdb/hg19/wib/gc5Base.wib	0	100	1024	47380	2661200
855	chr22	35462550	35467670	chr22.297510	5	1024	304582168	/gbdb/hg19/wib/gc5Base.wib	0	100	1024	50580	2980400
855	chr22	35467670	35472790	chr22.297511	5	1024	304583192	/gbdb/hg19/wib/gc5Base.wib	0	100	1024	45980	2550800
855	chr22	35472790	35477910	chr22.297512	5	1024	304584216	/gbdb/hg19/wib/gc5Base.wib	0	100	1024	46580	2560400
855	chr22	35477910	35483030	chr22.297513	5	1024	304585240	/gbdb/hg19/wib/gc5Base.wib	0	100	1024	49780	2864400
855	chr22	35483030	35488150	chr22.297514	5	1024	304586264	/gbdb/hg19/wib/gc5Base.wib	0	100	1024	41820	2184400
855	chr22	35488150	35493270	chr22.297515	5	1024	304587288	/gbdb/hg19/wib/gc5Base.wib	0	100	1024	47720	2735200
855	chr22	35493270	35498390	chr22.297516	5	1024	304588312	/gbdb/hg19/wib/gc5Base.wib	0	100	1024	45600	2524000
855	chr22	35498390	35503510	chr22.297517	5	1024	304589336	/gbdb/hg19/wib/gc5Base.wib	0	100	1024	40520	2114400
855	chr22	35503510	35508630	chr22.297518	5	1024	304590360	/gbdb/hg19/wib/gc5Base.wib	0	100	1024	45760	2516000
855	chr22	35508630	35513750	chr22.297519	5	1024	304591384	/gbdb/hg19/wib/gc5Base.wib	0	100	1024	53900	3311600
855	chr22	35513750	35518870	chr22.297520	5	1024	304592408	/gbdb/hg19/wib/gc5Base.wib	0	100	1024	49880	2935200
106	chr22	35518870	35523990	chr22.297521	5	1024	304593432	/gbdb/hg19/wib/gc5Base.wib	0	100	1024	47500	2694800
856	chr22	35523990	35529110	chr22.297522	5	1024	304594456	/gbdb/hg19/wib/gc5Base.wib	0	100	1024	45400	2518400
856	chr22	35529110	35534230	chr22.297523	5	1024	304595480	/gbdb/hg19/wib/gc5Base.wib	0	100	1024	50960	3004000
856	chr22	35534230	35539350	chr22.297524	5	1024	304596504	/gbdb/hg19/wib/gc5Base.wib	0	100	1024	50140	2987600
856	chr22	35539350	35544470	chr22.297525	5	1024	304597528	/gbdb/hg19/wib/gc5Base.wib	0	100	1024	50020	2948400
856	chr22	35544470	35549590	chr22.297526	5	1024	304598552	/gbdb/hg19/wib/gc5Base.wib	0	100	1024	51540	3070000
856	chr22	35549590	35554710	chr22.297527	5	1024	304599576	/gbdb/hg19/wib/gc5Base.wib	0	100	1024	48640	2772800
856	chr22	35554710	35559830	chr22.297528	5	1024	304600600	/gbdb/hg19/wib/gc5Base.wib	0	100	1024	46500	2630800
856	chr22	35559830	35564950	chr22.297529	5	1024	304601624	/gbdb/hg19/wib/gc5Base.wib	0	100	1024	45680	2524000
856	chr22	35564950	35570070	chr22.297530	5	1024	304602648	/gbdb/hg19/wib/gc5Base.wib	0	100	1024	47940	2714800
856	chr22	35570070	35575190	chr22.297531	5	1024	304603672	/gbdb/hg19/wib/gc5Base.wib	0	100	1024	49020	2812400
856	chr22	35575190	35580310	chr22.297532	5	1024	304604696	/gbdb/hg19/wib/gc5Base.wib	0	100	1024	40980	2137200
856	chr22	35580310	35585430	chr22.297533	5	1024	304605720	/gbdb/hg19/wib/gc5Base.wib	0	100	1024	38440	1940000
856	chr22	35585430	35590550	chr22.297534	5	1024	304606744	/gbdb/hg19/wib/gc5Base.wib	0	100	1024	44260	2402000
856	chr22	35590550	35595670	chr22.297535	5	1024	304607768	/gbdb/hg19/wib/gc5Base.wib	0	100	1024	43960	2412800
856	chr22	35595670	35600790	chr22.297536	5	1024	304608792	/gbdb/hg19/wib/gc5Base.wib	0	100	1024	48260	2728400
856	chr22	35600790	35605910	chr22.297537	5	1024	304609816	/gbdb/hg19/wib/gc5Base.wib	0	100	1024	47180	2655600
856	chr22	35605910	35611030	chr22.297538	5	1024	304610840	/gbdb/hg19/wib/gc5Base.wib	0	100	1024	48580	2753200
856	chr22	35611030	35616150	chr22.297539	5	1024	304611864	/gbdb/hg19/wib/gc5Base.wib	0	100	1024	45780	2516400
856	chr22	35616150	35621270	chr22.297540	5	1024	304612888	/gbdb/hg19/wib/gc5Base.wib	0	100	1024	46920	2662400
856	chr22	35621270	35626390	chr22.297541	5	1024	304613912	/gbdb/hg19/wib/gc5Base.wib	0	100	1024	49860	2894800
856	chr22	35626390	35631510	chr22.297542	5	1024	304614936	/gbdb/hg19/wib/gc5Base.wib	0	100	1024	44200	2424000
856	chr22	35631510	35636630	chr22.297543	5	1024	304615960	/gbdb/hg19/wib/gc5Base.wib	0	100	1024	39360	1961600
856	chr22	35636630	35641750	chr22.297544	5	1024	304616984	/gbdb/hg19/wib/gc5Base.wib	0	100	1024	43460	2428400
856	chr22	35641750	35646870	chr22.297545	5	1024	304618008	/gbdb/hg19/wib/gc5Base.wib	0	100	1024	48200	2790400
13	chr22	35646870	35651990	chr22.297546	5	1024	304619032	/gbdb/hg19/wib/gc5Base.wib	0	100	1024	46780	2627600
857	chr22	35651990	35657110	chr22.297547	5	1024	304620056	/gbdb/hg19/wib/gc5Base.wib	0	100	1024	45880	2685600
857	chr22	35657110	35662230	chr22.297548	5	1024	304621080	/gbdb/hg19/wib/gc5Base.wib	0	100	1024	44860	2482000
857	chr22	35662230	35667350	chr22.297549	5	1024	304622104	/gbdb/hg19/wib/gc5Base.wib	0	100	1024	41820	2219600
857	chr22	35667350	35672470	chr22.297550	5	1024	304623128	/gbdb/hg19/wib/gc5Base.wib	0	100	1024	42540	2249200
857	chr22	35672470	35677590	chr22.297551	5	1024	304624152	/gbdb/hg19/wib/gc5Base.wib	0	100	1024	41740	2213200
857	chr22	35677590	35682710	chr22.297552	5	1024	304625176	/gbdb/hg19/wib/gc5Base.wib	0	100	1024	40740	2126800
857	chr22	35682710	35687830	chr22.297553	5	1024	304626200	/gbdb/hg19/wib/gc5Base.wib	0	100	1024	42480	2321600
857	chr22	35687830	35692950	chr22.297554	5	1024	304627224	/gbdb/hg19/wib/gc5Base.wib	0	100	1024	39100	1939600
857	chr22	35692950	35698070	chr22.297555	5	1024	304628248	/gbdb/hg19/wib/gc5Base.wib	0	100	1024	51260	3162000
857	chr22	35698070	35703190	chr22.297556	5	1024	304629272	/gbdb/hg19/wib/gc5Base.wib	0	100	1024	49560	2945600
857	chr22	35703190	35708310	chr22.297557	5	1024	304630296	/gbdb/hg19/wib/gc5Base.wib	0	100	1024	51000	3064800
857	chr22	35708310	35713430	chr22.297558	5	1024	304631320	/gbdb/hg19/wib/gc5Base.wib	0	100	1024	54360	3339200
857	chr22	35713430	35718550	chr22.297559	5	1024	304632344	/gbdb/hg19/wib/gc5Base.wib	0	100	1024	57820	3695600
857	chr22	35718550	35723670	chr22.297560	5	1024	304633368	/gbdb/hg19/wib/gc5Base.wib	0	100	1024	52480	3181600
857	chr22	35723670	35728790	chr22.297561	5	1024	304634392	/gbdb/hg19/wib/gc5Base.wib	0	100	1024	52240	3180000
857	chr22	35728790	35733910	chr22.297562	5	1024	304635416	/gbdb/hg19/wib/gc5Base.wib	0	100	1024	58060	3726800
857	chr22	35733910	35739030	chr22.297563	5	1024	304636440	/gbdb/hg19/wib/gc5Base.wib	0	100	1024	56200	3535200
857	chr22	35739030	35744150	chr22.297564	5	1024	304637464	/gbdb/hg19/wib/gc5Base.wib	0	100	1024	60600	3959200
857	chr22	35744150	35749270	chr22.297565	5	1024	304638488	/gbdb/hg19/wib/gc5Base.wib	0	100	1024	61160	4092000
857	chr22	35749270	35754390	chr22.297566	5	1024	304639512	/gbdb/hg19/wib/gc5Base.wib	0	100	1024	53420	3314800
857	chr22	35754390	35759510	chr22.297567	5	1024	304640536	/gbdb/hg19/wib/gc5Base.wib	0	100	1024	51340	3089200
857	chr22	35759510	35764630	chr22.297568	5	1024	304641560	/gbdb/hg19/wib/gc5Base.wib	0	100	1024	48760	2903200
857	chr22	35764630	35769750	chr22.297569	5	1024	304642584	/gbdb/hg19/wib/gc5Base.wib	0	100	1024	51920	3223200
857	chr22	35769750	35774870	chr22.297570	5	1024	304643608	/gbdb/hg19/wib/gc5Base.wib	0	100	1024	47900	2746000
857	chr22	35774870	35779990	chr22.297571	5	1024	304644632	/gbdb/hg19/wib/gc5Base.wib	0	100	1024	52500	3250800
107	chr22	35779990	35785110	chr22.297572	5	1024	304645656	/gbdb/hg19/wib/gc5Base.wib	0	100	1024	52840	3271200
858	chr22	35785110	35790230	chr22.297573	5	1024	304646680	/gbdb/hg19/wib/gc5Base.wib	0	100	1024	51020	3089200
858	chr22	35790230	35795350	chr22.297574	5	1024	304647704	/gbdb/hg19/wib/gc5Base.wib	0	100	1024	50200	3061600
858	chr22	35795350	35800470	chr22.297575	5	1024	304648728	/gbdb/hg19/wib/gc5Base.wib	0	100	1024	53140	3338800
858	chr22	35800470	35805590	chr22.297576	5	1024	304649752	/gbdb/hg19/wib/gc5Base.wib	0	100	1024	53000	3251200
858	chr22	35805590	35810710	chr22.297577	5	1024	304650776	/gbdb/hg19/wib/gc5Base.wib	0	100	1024	54720	3378400
858	chr22	35810710	35815830	chr22.297578	5	1024	304651800	/gbdb/hg19/wib/gc5Base.wib	0	100	1024	53480	3251200
858	chr22	35815830	35820950	chr22.297579	5	1024	304652824	/gbdb/hg19/wib/gc5Base.wib	0	100	1024	56140	3532400
858	chr22	35820950	35826070	chr22.297580	5	1024	304653848	/gbdb/hg19/wib/gc5Base.wib	0	100	1024	49480	2941600
858	chr22	35826070	35831190	chr22.297581	5	1024	304654872	/gbdb/hg19/wib/gc5Base.wib	0	100	1024	53900	3312400
858	chr22	35831190	35836310	chr22.297582	5	1024	304655896	/gbdb/hg19/wib/gc5Base.wib	0	100	1024	52080	3124800
858	chr22	35836310	35841430	chr22.297583	5	1024	304656920	/gbdb/hg19/wib/gc5Base.wib	0	100	1024	55400	3456800
858	chr22	35841430	35846550	chr22.297584	5	1024	304657944	/gbdb/hg19/wib/gc5Base.wib	0	100	1024	55600	3488000
858	chr22	35846550	35851670	chr22.297585	5	1024	304658968	/gbdb/hg19/wib/gc5Base.wib	0	100	1024	53520	3280000
858	chr22	35851670	35856790	chr22.297586	5	1024	304659992	/gbdb/hg19/wib/gc5Base.wib	0	100	1024	53020	3261200
858	chr22	35856790	35861910	chr22.297587	5	1024	304661016	/gbdb/hg19/wib/gc5Base.wib	0	100	1024	53020	3198800
858	chr22	35861910	35867030	chr22.297588	5	1024	304662040	/gbdb/hg19/wib/gc5Base.wib	0	100	1024	49040	2931200
858	chr22	35867030	35872150	chr22.297589	5	1024	304663064	/gbdb/hg19/wib/gc5Base.wib	0	100	1024	53840	3280000
858	chr22	35872150	35877270	chr22.297590	5	1024	304664088	/gbdb/hg19/wib/gc5Base.wib	0	100	1024	54100	3339600
858	chr22	35877270	35882390	chr22.297591	5	1024	304665112	/gbdb/hg19/wib/gc5Base.wib	0	100	1024	52080	3129600
858	chr22	35882390	35887510	chr22.297592	5	1024	304666136	/gbdb/hg19/wib/gc5Base.wib	0	100	1024	54840	3416800
858	chr22	35887510	35892630	chr22.297593	5	1024	304667160	/gbdb/hg19/wib/gc5Base.wib	0	100	1024	55420	3438000
858	chr22	35892630	35897750	chr22.297594	5	1024	304668184	/gbdb/hg19/wib/gc5Base.wib	0	100	1024	45280	2565600
858	chr22	35897750	35902870	chr22.297595	5	1024	304669208	/gbdb/hg19/wib/gc5Base.wib	0	100	1024	40780	2109200
858	chr22	35902870	35907990	chr22.297596	5	1024	304670232	/gbdb/hg19/wib/gc5Base.wib	0	100	1024	50660	2995600
858	chr22	35907990	35913110	chr22.297597	5	1024	304671256	/gbdb/hg19/wib/gc5Base.wib	0	100	1024	46440	2571200
107	chr22	35913110	35918230	chr22.297598	5	1024	304672280	/gbdb/hg19/wib/gc5Base.wib	0	100	1024	53460	3242800
859	chr22	35918230	35923350	chr22.297599	5	1024	304673304	/gbdb/hg19/wib/gc5Base.wib	0	100	1024	51220	3079600
859	chr22	35923350	35928470	chr22.297600	5	1024	304674328	/gbdb/hg19/wib/gc5Base.wib	0	100	1024	49000	2825600
859	chr22	35928470	35933590	chr22.297601	5	1024	304675352	/gbdb/hg19/wib/gc5Base.wib	0	100	1024	50100	2884400
859	chr22	35933590	35938710	chr22.297602	5	1024	304676376	/gbdb/hg19/wib/gc5Base.wib	0	100	1024	59520	4044000
859	chr22	35938710	35943830	chr22.297603	5	1024	304677400	/gbdb/hg19/wib/gc5Base.wib	0	100	1024	56880	3577600
859	chr22	35943830	35948950	chr22.297604	5	1024	304678424	/gbdb/hg19/wib/gc5Base.wib	0	100	1024	55020	3442800
859	chr22	35948950	35954070	chr22.297605	5	1024	304679448	/gbdb/hg19/wib/gc5Base.wib	0	100	1024	54760	3397600
859	chr22	35954070	35959190	chr22.297606	5	1024	304680472	/gbdb/hg19/wib/gc5Base.wib	0	100	1024	49460	2892400
859	chr22	35959190	35964310	chr22.297607	5	1024	304681496	/gbdb/hg19/wib/gc5Base.wib	0	100	1024	49960	2949600
859	chr22	35964310	35969430	chr22.297608	5	1024	304682520	/gbdb/hg19/wib/gc5Base.wib	0	100	1024	51320	3096800
859	chr22	35969430	35974550	chr22.297609	5	1024	304683544	/gbdb/hg19/wib/gc5Base.wib	0	100	1024	53380	3276400
859	chr22	35974550	35979670	chr22.297610	5	1024	304684568	/gbdb/hg19/wib/gc5Base.wib	0	100	1024	54200	3310400
859	chr22	35979670	35984790	chr22.297611	5	1024	304685592	/gbdb/hg19/wib/gc5Base.wib	0	100	1024	53660	3246800
859	chr22	35984790	35989910	chr22.297612	5	1024	304686616	/gbdb/hg19/wib/gc5Base.wib	0	100	1024	55280	3475200
859	chr22	35989910	35995030	chr22.297613	5	1024	304687640	/gbdb/hg19/wib/gc5Base.wib	0	100	1024	52700	3196400
859	chr22	35995030	36000150	chr22.297614	5	1024	304688664	/gbdb/hg19/wib/gc5Base.wib	0	100	1024	47280	2656800
859	chr22	36000150	36005270	chr22.297615	5	1024	304689688	/gbdb/hg19/wib/gc5Base.wib	0	100	1024	53180	3258800
859	chr22	36005270	36010390	chr22.297616	5	1024	304690712	/gbdb/hg19/wib/gc5Base.wib	0	100	1024	53820	3286000
859	chr22	36010390	36015510	chr22.297617	5	1024	304691736	/gbdb/hg19/wib/gc5Base.wib	0	100	1024	49460	2834000
859	chr22	36015510	36020630	chr22.297618	5	1024	304692760	/gbdb/hg19/wib/gc5Base.wib	0	100	1024	52140	3169200
859	chr22	36020630	36025750	chr22.297619	5	1024	304693784	/gbdb/hg19/wib/gc5Base.wib	0	100	1024	50580	3016400
859	chr22	36025750	36030870	chr22.297620	5	1024	304694808	/gbdb/hg19/wib/gc5Base.wib	0	100	1024	52180	3122800
859	chr22	36030870	36035990	chr22.297621	5	1024	304695832	/gbdb/hg19/wib/gc5Base.wib	0	100	1024	48780	2854000
859	chr22	36035990	36041110	chr22.297622	5	1024	304696856	/gbdb/hg19/wib/gc5Base.wib	0	100	1024	51200	3025600
107	chr22	36041110	36046230	chr22.297623	5	1024	304697880	/gbdb/hg19/wib/gc5Base.wib	0	100	1024	51600	3108800
860	chr22	36046230	36051350	chr22.297624	5	1024	304698904	/gbdb/hg19/wib/gc5Base.wib	0	100	1024	42480	2248800
860	chr22	36051350	36056470	chr22.297625	5	1024	304699928	/gbdb/hg19/wib/gc5Base.wib	0	100	1024	46520	2607200
860	chr22	36056470	36061590	chr22.297626	5	1024	304700952	/gbdb/hg19/wib/gc5Base.wib	0	100	1024	38000	1913600
860	chr22	36061590	36066710	chr22.297627	5	1024	304701976	/gbdb/hg19/wib/gc5Base.wib	0	100	1024	41140	2143600
860	chr22	36066710	36071830	chr22.297628	5	1024	304703000	/gbdb/hg19/wib/gc5Base.wib	0	100	1024	41040	2159200
860	chr22	36071830	36076950	chr22.297629	5	1024	304704024	/gbdb/hg19/wib/gc5Base.wib	0	100	1024	41900	2264400
860	chr22	36076950	36082070	chr22.297630	5	1024	304705048	/gbdb/hg19/wib/gc5Base.wib	0	100	1024	44040	2366400
860	chr22	36082070	36087190	chr22.297631	5	1024	304706072	/gbdb/hg19/wib/gc5Base.wib	0	100	1024	44920	2463200
860	chr22	36087190	36092310	chr22.297632	5	1024	304707096	/gbdb/hg19/wib/gc5Base.wib	0	100	1024	44120	2580000
860	chr22	36092310	36097430	chr22.297633	5	1024	304708120	/gbdb/hg19/wib/gc5Base.wib	0	100	1024	44160	2583200
860	chr22	36097430	36102550	chr22.297634	5	1024	304709144	/gbdb/hg19/wib/gc5Base.wib	0	100	1024	47780	2785200
860	chr22	36102550	36107670	chr22.297635	5	1024	304710168	/gbdb/hg19/wib/gc5Base.wib	0	100	1024	43420	2376400
860	chr22	36107670	36112790	chr22.297636	5	1024	304711192	/gbdb/hg19/wib/gc5Base.wib	0	100	1024	46680	2645600
860	chr22	36112790	36117910	chr22.297637	5	1024	304712216	/gbdb/hg19/wib/gc5Base.wib	0	100	1024	46400	2681600
860	chr22	36117910	36123030	chr22.297638	5	1024	304713240	/gbdb/hg19/wib/gc5Base.wib	0	100	1024	48440	2820000
860	chr22	36123030	36128150	chr22.297639	5	1024	304714264	/gbdb/hg19/wib/gc5Base.wib	0	100	1024	50780	3082000
860	chr22	36128150	36133270	chr22.297640	5	1024	304715288	/gbdb/hg19/wib/gc5Base.wib	0	100	1024	50340	2938800
860	chr22	36133270	36138390	chr22.297641	5	1024	304716312	/gbdb/hg19/wib/gc5Base.wib	0	100	1024	47660	2716400
860	chr22	36138390	36143510	chr22.297642	5	1024	304717336	/gbdb/hg19/wib/gc5Base.wib	0	100	1024	41720	2172800
860	chr22	36143510	36148630	chr22.297643	5	1024	304718360	/gbdb/hg19/wib/gc5Base.wib	0	100	1024	37920	1882400
860	chr22	36148630	36153750	chr22.297644	5	1024	304719384	/gbdb/hg19/wib/gc5Base.wib	0	100	1024	38400	1925600
860	chr22	36153750	36158870	chr22.297645	5	1024	304720408	/gbdb/hg19/wib/gc5Base.wib	0	100	1024	39240	2003200
860	chr22	36158870	36163990	chr22.297646	5	1024	304721432	/gbdb/hg19/wib/gc5Base.wib	0	100	1024	38040	1953600
860	chr22	36163990	36169110	chr22.297647	5	1024	304722456	/gbdb/hg19/wib/gc5Base.wib	0	100	1024	34200	1616000
860	chr22	36169110	36174230	chr22.297648	5	1024	304723480	/gbdb/hg19/wib/gc5Base.wib	0	100	1024	34760	1674400
107	chr22	36174230	36179350	chr22.297649	5	1024	304724504	/gbdb/hg19/wib/gc5Base.wib	0	100	1024	39000	1956000
861	chr22	36179350	36184470	chr22.297650	5	1024	304725528	/gbdb/hg19/wib/gc5Base.wib	0	100	1024	44680	2493600
861	chr22	36184470	36189590	chr22.297651	5	1024	304726552	/gbdb/hg19/wib/gc5Base.wib	0	100	1024	39540	2066800
861	chr22	36189590	36194710	chr22.297652	5	1024	304727576	/gbdb/hg19/wib/gc5Base.wib	0	100	1024	37160	1884000
861	chr22	36194710	36199830	chr22.297653	5	1024	304728600	/gbdb/hg19/wib/gc5Base.wib	0	100	1024	39760	2052800
861	chr22	36199830	36204950	chr22.297654	5	1024	304729624	/gbdb/hg19/wib/gc5Base.wib	0	100	1024	38860	2018800
861	chr22	36204950	36210070	chr22.297655	5	1024	304730648	/gbdb/hg19/wib/gc5Base.wib	0	100	1024	39320	1999200
861	chr22	36210070	36215190	chr22.297656	5	1024	304731672	/gbdb/hg19/wib/gc5Base.wib	0	100	1024	38800	1950400
861	chr22	36215190	36220310	chr22.297657	5	1024	304732696	/gbdb/hg19/wib/gc5Base.wib	0	100	1024	41780	2216400
861	chr22	36220310	36225430	chr22.297658	5	1024	304733720	/gbdb/hg19/wib/gc5Base.wib	0	100	1024	41560	2265600
861	chr22	36225430	36230550	chr22.297659	5	1024	304734744	/gbdb/hg19/wib/gc5Base.wib	0	100	1024	39000	1965600
861	chr22	36230550	36235670	chr22.297660	5	1024	304735768	/gbdb/hg19/wib/gc5Base.wib	0	100	1024	40380	2077200
861	chr22	36235670	36240790	chr22.297661	5	1024	304736792	/gbdb/hg19/wib/gc5Base.wib	0	100	1024	39900	2063600
861	chr22	36240790	36245910	chr22.297662	5	1024	304737816	/gbdb/hg19/wib/gc5Base.wib	0	100	1024	35100	1710800
861	chr22	36245910	36251030	chr22.297663	5	1024	304738840	/gbdb/hg19/wib/gc5Base.wib	0	100	1024	39500	2088400
861	chr22	36251030	36256150	chr22.297664	5	1024	304739864	/gbdb/hg19/wib/gc5Base.wib	0	100	1024	40500	2114800
861	chr22	36256150	36261270	chr22.297665	5	1024	304740888	/gbdb/hg19/wib/gc5Base.wib	0	100	1024	37540	1835600
861	chr22	36261270	36266390	chr22.297666	5	1024	304741912	/gbdb/hg19/wib/gc5Base.wib	0	100	1024	38620	1987600
861	chr22	36266390	36271510	chr22.297667	5	1024	304742936	/gbdb/hg19/wib/gc5Base.wib	0	100	1024	43620	2350000
861	chr22	36271510	36276630	chr22.297668	5	1024	304743960	/gbdb/hg19/wib/gc5Base.wib	0	100	1024	41200	2189600
861	chr22	36276630	36281750	chr22.297669	5	1024	304744984	/gbdb/hg19/wib/gc5Base.wib	0	100	1024	42840	2304000
861	chr22	36281750	36286870	chr22.297670	5	1024	304746008	/gbdb/hg19/wib/gc5Base.wib	0	100	1024	40400	2078400
861	chr22	36286870	36291990	chr22.297671	5	1024	304747032	/gbdb/hg19/wib/gc5Base.wib	0	100	1024	42180	2240400
861	chr22	36291990	36297110	chr22.297672	5	1024	304748056	/gbdb/hg19/wib/gc5Base.wib	0	100	1024	43900	2386800
861	chr22	36297110	36302230	chr22.297673	5	1024	304749080	/gbdb/hg19/wib/gc5Base.wib	0	100	1024	40740	2084400
107	chr22	36302230	36307350	chr22.297674	5	1024	304750104	/gbdb/hg19/wib/gc5Base.wib	0	100	1024	39580	2062000
862	chr22	36307350	36312470	chr22.297675	5	1024	304751128	/gbdb/hg19/wib/gc5Base.wib	0	100	1024	40760	2111200
862	chr22	36312470	36317590	chr22.297676	5	1024	304752152	/gbdb/hg19/wib/gc5Base.wib	0	100	1024	42280	2242400
862	chr22	36317590	36322710	chr22.297677	5	1024	304753176	/gbdb/hg19/wib/gc5Base.wib	0	100	1024	41540	2206800
862	chr22	36322710	36327830	chr22.297678	5	1024	304754200	/gbdb/hg19/wib/gc5Base.wib	0	100	1024	41440	2232800
862	chr22	36327830	36332950	chr22.297679	5	1024	304755224	/gbdb/hg19/wib/gc5Base.wib	0	100	1024	38720	1967200
862	chr22	36332950	36338070	chr22.297680	5	1024	304756248	/gbdb/hg19/wib/gc5Base.wib	0	100	1024	38160	1893600
862	chr22	36338070	36343190	chr22.297681	5	1024	304757272	/gbdb/hg19/wib/gc5Base.wib	0	100	1024	39600	2022400
862	chr22	36343190	36348310	chr22.297682	5	1024	304758296	/gbdb/hg19/wib/gc5Base.wib	0	100	1024	39840	2116000
862	chr22	36348310	36353430	chr22.297683	5	1024	304759320	/gbdb/hg19/wib/gc5Base.wib	0	100	1024	39040	1988800
862	chr22	36353430	36358550	chr22.297684	5	1024	304760344	/gbdb/hg19/wib/gc5Base.wib	0	100	1024	39460	1991600
862	chr22	36358550	36363670	chr22.297685	5	1024	304761368	/gbdb/hg19/wib/gc5Base.wib	0	100	1024	38080	1888000
862	chr22	36363670	36368790	chr22.297686	5	1024	304762392	/gbdb/hg19/wib/gc5Base.wib	0	100	1024	41240	2144000
862	chr22	36368790	36373910	chr22.297687	5	1024	304763416	/gbdb/hg19/wib/gc5Base.wib	0	100	1024	40560	2130400
862	chr22	36373910	36379030	chr22.297688	5	1024	304764440	/gbdb/hg19/wib/gc5Base.wib	0	100	1024	41440	2140000
862	chr22	36379030	36384150	chr22.297689	5	1024	304765464	/gbdb/hg19/wib/gc5Base.wib	0	100	1024	39320	1956800
862	chr22	36384150	36389270	chr22.297690	5	1024	304766488	/gbdb/hg19/wib/gc5Base.wib	0	100	1024	41140	2109200
862	chr22	36389270	36394390	chr22.297691	5	1024	304767512	/gbdb/hg19/wib/gc5Base.wib	0	100	1024	42320	2256800
862	chr22	36394390	36399510	chr22.297692	5	1024	304768536	/gbdb/hg19/wib/gc5Base.wib	0	100	1024	41800	2221600
862	chr22	36399510	36404630	chr22.297693	5	1024	304769560	/gbdb/hg19/wib/gc5Base.wib	0	100	1024	39300	1974800
862	chr22	36404630	36409750	chr22.297694	5	1024	304770584	/gbdb/hg19/wib/gc5Base.wib	0	100	1024	43040	2317600
862	chr22	36409750	36414870	chr22.297695	5	1024	304771608	/gbdb/hg19/wib/gc5Base.wib	0	100	1024	43080	2347200
862	chr22	36414870	36419990	chr22.297696	5	1024	304772632	/gbdb/hg19/wib/gc5Base.wib	0	100	1024	41080	2095200
862	chr22	36419990	36425110	chr22.297697	5	1024	304773656	/gbdb/hg19/wib/gc5Base.wib	0	100	1024	51760	3288800
862	chr22	36425110	36430230	chr22.297698	5	1024	304774680	/gbdb/hg19/wib/gc5Base.wib	0	100	1024	47360	2732800
862	chr22	36430230	36435350	chr22.297699	5	1024	304775704	/gbdb/hg19/wib/gc5Base.wib	0	100	1024	46520	2673600
107	chr22	36435350	36440470	chr22.297700	5	1024	304776728	/gbdb/hg19/wib/gc5Base.wib	0	100	1024	47480	2720800
863	chr22	36440470	36445590	chr22.297701	5	1024	304777752	/gbdb/hg19/wib/gc5Base.wib	0	100	1024	47820	2796400
863	chr22	36445590	36450710	chr22.297702	5	1024	304778776	/gbdb/hg19/wib/gc5Base.wib	0	100	1024	47380	2735600
863	chr22	36450710	36455830	chr22.297703	5	1024	304779800	/gbdb/hg19/wib/gc5Base.wib	0	100	1024	45880	2602400
863	chr22	36455830	36460950	chr22.297704	5	1024	304780824	/gbdb/hg19/wib/gc5Base.wib	0	100	1024	43640	2420800
863	chr22	36460950	36466070	chr22.297705	5	1024	304781848	/gbdb/hg19/wib/gc5Base.wib	0	100	1024	50700	3102000
863	chr22	36466070	36471190	chr22.297706	5	1024	304782872	/gbdb/hg19/wib/gc5Base.wib	0	100	1024	45220	2606800
863	chr22	36471190	36476310	chr22.297707	5	1024	304783896	/gbdb/hg19/wib/gc5Base.wib	0	100	1024	47720	2764000
863	chr22	36476310	36481430	chr22.297708	5	1024	304784920	/gbdb/hg19/wib/gc5Base.wib	0	100	1024	49980	2965200
863	chr22	36481430	36486550	chr22.297709	5	1024	304785944	/gbdb/hg19/wib/gc5Base.wib	0	100	1024	48400	2819200
863	chr22	36486550	36491670	chr22.297710	5	1024	304786968	/gbdb/hg19/wib/gc5Base.wib	0	100	1024	47580	2816400
863	chr22	36491670	36496790	chr22.297711	5	1024	304787992	/gbdb/hg19/wib/gc5Base.wib	0	100	1024	43540	2436400
863	chr22	36496790	36501910	chr22.297712	5	1024	304789016	/gbdb/hg19/wib/gc5Base.wib	0	100	1024	46240	2595200
863	chr22	36501910	36507030	chr22.297713	5	1024	304790040	/gbdb/hg19/wib/gc5Base.wib	0	100	1024	51720	3168000
863	chr22	36507030	36512150	chr22.297714	5	1024	304791064	/gbdb/hg19/wib/gc5Base.wib	0	100	1024	50320	3005600
863	chr22	36512150	36517270	chr22.297715	5	1024	304792088	/gbdb/hg19/wib/gc5Base.wib	0	100	1024	47460	2739600
863	chr22	36517270	36522390	chr22.297716	5	1024	304793112	/gbdb/hg19/wib/gc5Base.wib	0	100	1024	50280	3031200
863	chr22	36522390	36527510	chr22.297717	5	1024	304794136	/gbdb/hg19/wib/gc5Base.wib	0	100	1024	51980	3056400
863	chr22	36527510	36532630	chr22.297718	5	1024	304795160	/gbdb/hg19/wib/gc5Base.wib	0	100	1024	50680	2978400
863	chr22	36532630	36537750	chr22.297719	5	1024	304796184	/gbdb/hg19/wib/gc5Base.wib	0	100	1024	50180	2907600
863	chr22	36537750	36542870	chr22.297720	5	1024	304797208	/gbdb/hg19/wib/gc5Base.wib	0	100	1024	48820	2838800
863	chr22	36542870	36547990	chr22.297721	5	1024	304798232	/gbdb/hg19/wib/gc5Base.wib	0	100	1024	48440	2802400
863	chr22	36547990	36553110	chr22.297722	5	1024	304799256	/gbdb/hg19/wib/gc5Base.wib	0	100	1024	48420	2786000
863	chr22	36553110	36558230	chr22.297723	5	1024	304800280	/gbdb/hg19/wib/gc5Base.wib	0	100	1024	50560	3009600
863	chr22	36558230	36563350	chr22.297724	5	1024	304801304	/gbdb/hg19/wib/gc5Base.wib	0	100	1024	43900	2401200
863	chr22	36563350	36568470	chr22.297725	5	1024	304802328	/gbdb/hg19/wib/gc5Base.wib	0	100	1024	41720	2232800
107	chr22	36568470	36573590	chr22.297726	5	1024	304803352	/gbdb/hg19/wib/gc5Base.wib	0	100	1024	39760	2018400
864	chr22	36573590	36578710	chr22.297727	5	1024	304804376	/gbdb/hg19/wib/gc5Base.wib	0	100	1024	45740	2554000
864	chr22	36578710	36583830	chr22.297728	5	1024	304805400	/gbdb/hg19/wib/gc5Base.wib	0	100	1024	49120	2811200
864	chr22	36583830	36588950	chr22.297729	5	1024	304806424	/gbdb/hg19/wib/gc5Base.wib	0	100	1024	49600	2871200
864	chr22	36588950	36594070	chr22.297730	5	1024	304807448	/gbdb/hg19/wib/gc5Base.wib	0	100	1024	50080	2917600
864	chr22	36594070	36599190	chr22.297731	5	1024	304808472	/gbdb/hg19/wib/gc5Base.wib	0	100	1024	51640	3116000
864	chr22	36599190	36604310	chr22.297732	5	1024	304809496	/gbdb/hg19/wib/gc5Base.wib	0	100	1024	47260	2698800
864	chr22	36604310	36609430	chr22.297733	5	1024	304810520	/gbdb/hg19/wib/gc5Base.wib	0	100	1024	46900	2628400
864	chr22	36609430	36614550	chr22.297734	5	1024	304811544	/gbdb/hg19/wib/gc5Base.wib	0	100	1024	44640	2439200
864	chr22	36614550	36619670	chr22.297735	5	1024	304812568	/gbdb/hg19/wib/gc5Base.wib	0	100	1024	43760	2373600
864	chr22	36619670	36624790	chr22.297736	5	1024	304813592	/gbdb/hg19/wib/gc5Base.wib	0	100	1024	52300	3132400
864	chr22	36624790	36629910	chr22.297737	5	1024	304814616	/gbdb/hg19/wib/gc5Base.wib	0	100	1024	51080	3000000
864	chr22	36629910	36635030	chr22.297738	5	1024	304815640	/gbdb/hg19/wib/gc5Base.wib	0	100	1024	48820	2850000
864	chr22	36635030	36640150	chr22.297739	5	1024	304816664	/gbdb/hg19/wib/gc5Base.wib	0	100	1024	44900	2506000
864	chr22	36640150	36645270	chr22.297740	5	1024	304817688	/gbdb/hg19/wib/gc5Base.wib	0	100	1024	48720	2760000
864	chr22	36645270	36650390	chr22.297741	5	1024	304818712	/gbdb/hg19/wib/gc5Base.wib	0	100	1024	47740	2724400
864	chr22	36650390	36655510	chr22.297742	5	1024	304819736	/gbdb/hg19/wib/gc5Base.wib	0	100	1024	52020	3158000
864	chr22	36655510	36660630	chr22.297743	5	1024	304820760	/gbdb/hg19/wib/gc5Base.wib	0	100	1024	50160	2900800
864	chr22	36660630	36665750	chr22.297744	5	1024	304821784	/gbdb/hg19/wib/gc5Base.wib	0	100	1024	50760	3004800
864	chr22	36665750	36670870	chr22.297745	5	1024	304822808	/gbdb/hg19/wib/gc5Base.wib	0	100	1024	46640	2610400
864	chr22	36670870	36675990	chr22.297746	5	1024	304823832	/gbdb/hg19/wib/gc5Base.wib	0	100	1024	46640	2712800
864	chr22	36675990	36681110	chr22.297747	5	1024	304824856	/gbdb/hg19/wib/gc5Base.wib	0	100	1024	54440	3465600
864	chr22	36681110	36686230	chr22.297748	5	1024	304825880	/gbdb/hg19/wib/gc5Base.wib	0	100	1024	58780	3844400
864	chr22	36686230	36691350	chr22.297749	5	1024	304826904	/gbdb/hg19/wib/gc5Base.wib	0	100	1024	58960	3884000
864	chr22	36691350	36696470	chr22.297750	5	1024	304827928	/gbdb/hg19/wib/gc5Base.wib	0	100	1024	55680	3506400
13	chr22	36696470	36701590	chr22.297751	5	1024	304828952	/gbdb/hg19/wib/gc5Base.wib	0	100	1024	55660	3481200
865	chr22	36701590	36706710	chr22.297752	5	1024	304829976	/gbdb/hg19/wib/gc5Base.wib	0	100	1024	53320	3301600
865	chr22	36706710	36711830	chr22.297753	5	1024	304831000	/gbdb/hg19/wib/gc5Base.wib	0	100	1024	52640	3214400
865	chr22	36711830	36716950	chr22.297754	5	1024	304832024	/gbdb/hg19/wib/gc5Base.wib	0	100	1024	53440	3359200
865	chr22	36716950	36722070	chr22.297755	5	1024	304833048	/gbdb/hg19/wib/gc5Base.wib	0	100	1024	57440	3664000
865	chr22	36722070	36727190	chr22.297756	5	1024	304834072	/gbdb/hg19/wib/gc5Base.wib	0	100	1024	54080	3287200
865	chr22	36727190	36732310	chr22.297757	5	1024	304835096	/gbdb/hg19/wib/gc5Base.wib	0	100	1024	54780	3387600
865	chr22	36732310	36737430	chr22.297758	5	1024	304836120	/gbdb/hg19/wib/gc5Base.wib	0	100	1024	49660	2917200
865	chr22	36737430	36742550	chr22.297759	5	1024	304837144	/gbdb/hg19/wib/gc5Base.wib	0	100	1024	52580	3188400
865	chr22	36742550	36747670	chr22.297760	5	1024	304838168	/gbdb/hg19/wib/gc5Base.wib	0	100	1024	48140	2873200
865	chr22	36747670	36752790	chr22.297761	5	1024	304839192	/gbdb/hg19/wib/gc5Base.wib	0	100	1024	52040	3173600
865	chr22	36752790	36757910	chr22.297762	5	1024	304840216	/gbdb/hg19/wib/gc5Base.wib	0	100	1024	51280	3093600
865	chr22	36757910	36763030	chr22.297763	5	1024	304841240	/gbdb/hg19/wib/gc5Base.wib	0	100	1024	52300	3181200
865	chr22	36763030	36768150	chr22.297764	5	1024	304842264	/gbdb/hg19/wib/gc5Base.wib	0	100	1024	52020	3130000
865	chr22	36768150	36773270	chr22.297765	5	1024	304843288	/gbdb/hg19/wib/gc5Base.wib	0	100	1024	51740	3162800
865	chr22	36773270	36778390	chr22.297766	5	1024	304844312	/gbdb/hg19/wib/gc5Base.wib	0	100	1024	50120	2978400
865	chr22	36778390	36783510	chr22.297767	5	1024	304845336	/gbdb/hg19/wib/gc5Base.wib	0	100	1024	53960	3431200
865	chr22	36783510	36788630	chr22.297768	5	1024	304846360	/gbdb/hg19/wib/gc5Base.wib	0	100	1024	51920	3366400
865	chr22	36788630	36793750	chr22.297769	5	1024	304847384	/gbdb/hg19/wib/gc5Base.wib	0	100	1024	49340	2949200
865	chr22	36793750	36798870	chr22.297770	5	1024	304848408	/gbdb/hg19/wib/gc5Base.wib	0	100	1024	49920	3019200
865	chr22	36798870	36803990	chr22.297771	5	1024	304849432	/gbdb/hg19/wib/gc5Base.wib	0	100	1024	49940	2979600
865	chr22	36803990	36809110	chr22.297772	5	1024	304850456	/gbdb/hg19/wib/gc5Base.wib	0	100	1024	50300	3075600
865	chr22	36809110	36814230	chr22.297773	5	1024	304851480	/gbdb/hg19/wib/gc5Base.wib	0	100	1024	51840	3180800
865	chr22	36814230	36819350	chr22.297774	5	1024	304852504	/gbdb/hg19/wib/gc5Base.wib	0	100	1024	51060	3137200
865	chr22	36819350	36824470	chr22.297775	5	1024	304853528	/gbdb/hg19/wib/gc5Base.wib	0	100	1024	50860	3066000
865	chr22	36824470	36829590	chr22.297776	5	1024	304854552	/gbdb/hg19/wib/gc5Base.wib	0	100	1024	52720	3305600
108	chr22	36829590	36834710	chr22.297777	5	1024	304855576	/gbdb/hg19/wib/gc5Base.wib	0	100	1024	52540	3240400
866	chr22	36834710	36839830	chr22.297778	5	1024	304856600	/gbdb/hg19/wib/gc5Base.wib	0	100	1024	51000	3078400
866	chr22	36839830	36844950	chr22.297779	5	1024	304857624	/gbdb/hg19/wib/gc5Base.wib	0	100	1024	51160	3092000
866	chr22	36844950	36850070	chr22.297780	5	1024	304858648	/gbdb/hg19/wib/gc5Base.wib	0	100	1024	53540	3309200
866	chr22	36850070	36855190	chr22.297781	5	1024	304859672	/gbdb/hg19/wib/gc5Base.wib	0	100	1024	57360	3747200
866	chr22	36855190	36860310	chr22.297782	5	1024	304860696	/gbdb/hg19/wib/gc5Base.wib	0	100	1024	54880	3464800
866	chr22	36860310	36865430	chr22.297783	5	1024	304861720	/gbdb/hg19/wib/gc5Base.wib	0	100	1024	57680	3720000
866	chr22	36865430	36870550	chr22.297784	5	1024	304862744	/gbdb/hg19/wib/gc5Base.wib	0	100	1024	53440	3292000
866	chr22	36870550	36875670	chr22.297785	5	1024	304863768	/gbdb/hg19/wib/gc5Base.wib	0	100	1024	50760	3045600
866	chr22	36875670	36880790	chr22.297786	5	1024	304864792	/gbdb/hg19/wib/gc5Base.wib	0	100	1024	51820	3234800
866	chr22	36880790	36885910	chr22.297787	5	1024	304865816	/gbdb/hg19/wib/gc5Base.wib	0	100	1024	49160	2928800
866	chr22	36885910	36891030	chr22.297788	5	1024	304866840	/gbdb/hg19/wib/gc5Base.wib	0	100	1024	54140	3359600
866	chr22	36891030	36896150	chr22.297789	5	1024	304867864	/gbdb/hg19/wib/gc5Base.wib	0	100	1024	54500	3405200
866	chr22	36896150	36901270	chr22.297790	5	1024	304868888	/gbdb/hg19/wib/gc5Base.wib	0	100	1024	51280	3096800
866	chr22	36901270	36906390	chr22.297791	5	1024	304869912	/gbdb/hg19/wib/gc5Base.wib	0	100	1024	55480	3573600
866	chr22	36906390	36911510	chr22.297792	5	1024	304870936	/gbdb/hg19/wib/gc5Base.wib	0	100	1024	49920	2926400
866	chr22	36911510	36916630	chr22.297793	5	1024	304871960	/gbdb/hg19/wib/gc5Base.wib	0	100	1024	47940	2737200
866	chr22	36916630	36921750	chr22.297794	5	1024	304872984	/gbdb/hg19/wib/gc5Base.wib	0	100	1024	45960	2548800
866	chr22	36921750	36926870	chr22.297795	5	1024	304874008	/gbdb/hg19/wib/gc5Base.wib	0	100	1024	50000	3026400
866	chr22	36926870	36931990	chr22.297796	5	1024	304875032	/gbdb/hg19/wib/gc5Base.wib	0	100	1024	46040	2647200
866	chr22	36931990	36937110	chr22.297797	5	1024	304876056	/gbdb/hg19/wib/gc5Base.wib	0	100	1024	51280	3059200
866	chr22	36937110	36942230	chr22.297798	5	1024	304877080	/gbdb/hg19/wib/gc5Base.wib	0	100	1024	49860	2927600
866	chr22	36942230	36947350	chr22.297799	5	1024	304878104	/gbdb/hg19/wib/gc5Base.wib	0	100	1024	51860	3114800
866	chr22	36947350	36952470	chr22.297800	5	1024	304879128	/gbdb/hg19/wib/gc5Base.wib	0	100	1024	49540	2914000
866	chr22	36952470	36957590	chr22.297801	5	1024	304880152	/gbdb/hg19/wib/gc5Base.wib	0	100	1024	52140	3128400
108	chr22	36957590	36962710	chr22.297802	5	1024	304881176	/gbdb/hg19/wib/gc5Base.wib	0	100	1024	53700	3393200
867	chr22	36962710	36967830	chr22.297803	5	1024	304882200	/gbdb/hg19/wib/gc5Base.wib	0	100	1024	52360	3215200
867	chr22	36967830	36972950	chr22.297804	5	1024	304883224	/gbdb/hg19/wib/gc5Base.wib	0	100	1024	49200	2844800
867	chr22	36972950	36978070	chr22.297805	5	1024	304884248	/gbdb/hg19/wib/gc5Base.wib	0	100	1024	54980	3417200
867	chr22	36978070	36983190	chr22.297806	5	1024	304885272	/gbdb/hg19/wib/gc5Base.wib	0	100	1024	50820	3034000
867	chr22	36983190	36988310	chr22.297807	5	1024	304886296	/gbdb/hg19/wib/gc5Base.wib	0	100	1024	52180	3137200
867	chr22	36988310	36993430	chr22.297808	5	1024	304887320	/gbdb/hg19/wib/gc5Base.wib	0	100	1024	53780	3271600
867	chr22	36993430	36998550	chr22.297809	5	1024	304888344	/gbdb/hg19/wib/gc5Base.wib	0	100	1024	44020	2424400
867	chr22	36998550	37003670	chr22.297810	5	1024	304889368	/gbdb/hg19/wib/gc5Base.wib	0	100	1024	46160	2559200
867	chr22	37003670	37008790	chr22.297811	5	1024	304890392	/gbdb/hg19/wib/gc5Base.wib	0	100	1024	51560	3101600
867	chr22	37008790	37013910	chr22.297812	5	1024	304891416	/gbdb/hg19/wib/gc5Base.wib	0	100	1024	45440	2456800
867	chr22	37013910	37019030	chr22.297813	5	1024	304892440	/gbdb/hg19/wib/gc5Base.wib	0	100	1024	46780	2638000
867	chr22	37019030	37024150	chr22.297814	5	1024	304893464	/gbdb/hg19/wib/gc5Base.wib	0	100	1024	46700	2634800
867	chr22	37024150	37029270	chr22.297815	5	1024	304894488	/gbdb/hg19/wib/gc5Base.wib	0	100	1024	47620	2689200
867	chr22	37029270	37034390	chr22.297816	5	1024	304895512	/gbdb/hg19/wib/gc5Base.wib	0	100	1024	47000	2630400
867	chr22	37034390	37039510	chr22.297817	5	1024	304896536	/gbdb/hg19/wib/gc5Base.wib	0	100	1024	47760	2661600
867	chr22	37039510	37044630	chr22.297818	5	1024	304897560	/gbdb/hg19/wib/gc5Base.wib	0	100	1024	42560	2269600
867	chr22	37044630	37049750	chr22.297819	5	1024	304898584	/gbdb/hg19/wib/gc5Base.wib	0	100	1024	49100	2874000
867	chr22	37049750	37054870	chr22.297820	5	1024	304899608	/gbdb/hg19/wib/gc5Base.wib	0	100	1024	46100	2595600
867	chr22	37054870	37059990	chr22.297821	5	1024	304900632	/gbdb/hg19/wib/gc5Base.wib	0	100	1024	53620	3290800
867	chr22	37059990	37065110	chr22.297822	5	1024	304901656	/gbdb/hg19/wib/gc5Base.wib	0	100	1024	48860	2813200
867	chr22	37065110	37070230	chr22.297823	5	1024	304902680	/gbdb/hg19/wib/gc5Base.wib	0	100	1024	49180	2867600
867	chr22	37070230	37075350	chr22.297824	5	1024	304903704	/gbdb/hg19/wib/gc5Base.wib	0	100	1024	47700	2699600
867	chr22	37075350	37080470	chr22.297825	5	1024	304904728	/gbdb/hg19/wib/gc5Base.wib	0	100	1024	45040	2477600
867	chr22	37080470	37085590	chr22.297826	5	1024	304905752	/gbdb/hg19/wib/gc5Base.wib	0	100	1024	51380	3106000
867	chr22	37085590	37090710	chr22.297827	5	1024	304906776	/gbdb/hg19/wib/gc5Base.wib	0	100	1024	48360	2770400
108	chr22	37090710	37095830	chr22.297828	5	1024	304907800	/gbdb/hg19/wib/gc5Base.wib	0	100	1024	47280	2654400
868	chr22	37095830	37100950	chr22.297829	5	1024	304908824	/gbdb/hg19/wib/gc5Base.wib	0	100	1024	48760	2919200
868	chr22	37100950	37106070	chr22.297830	5	1024	304909848	/gbdb/hg19/wib/gc5Base.wib	0	100	1024	48980	2776400
868	chr22	37106070	37111190	chr22.297831	5	1024	304910872	/gbdb/hg19/wib/gc5Base.wib	0	100	1024	50780	3047600
868	chr22	37111190	37116310	chr22.297832	5	1024	304911896	/gbdb/hg19/wib/gc5Base.wib	0	100	1024	42340	2247600
868	chr22	37116310	37121430	chr22.297833	5	1024	304912920	/gbdb/hg19/wib/gc5Base.wib	0	100	1024	48800	2826400
868	chr22	37121430	37126550	chr22.297834	5	1024	304913944	/gbdb/hg19/wib/gc5Base.wib	0	100	1024	52120	3144000
868	chr22	37126550	37131670	chr22.297835	5	1024	304914968	/gbdb/hg19/wib/gc5Base.wib	0	100	1024	51440	3055200
868	chr22	37131670	37136790	chr22.297836	5	1024	304915992	/gbdb/hg19/wib/gc5Base.wib	0	100	1024	49900	2939600
868	chr22	37136790	37141910	chr22.297837	5	1024	304917016	/gbdb/hg19/wib/gc5Base.wib	0	100	1024	55000	3427200
868	chr22	37141910	37147030	chr22.297838	5	1024	304918040	/gbdb/hg19/wib/gc5Base.wib	0	100	1024	52120	3200000
868	chr22	37147030	37152150	chr22.297839	5	1024	304919064	/gbdb/hg19/wib/gc5Base.wib	0	100	1024	44300	2504400
868	chr22	37152150	37157270	chr22.297840	5	1024	304920088	/gbdb/hg19/wib/gc5Base.wib	0	100	1024	55900	3542800
868	chr22	37157270	37162390	chr22.297841	5	1024	304921112	/gbdb/hg19/wib/gc5Base.wib	0	100	1024	52260	3143600
868	chr22	37162390	37167510	chr22.297842	5	1024	304922136	/gbdb/hg19/wib/gc5Base.wib	0	100	1024	54060	3254800
868	chr22	37167510	37172630	chr22.297843	5	1024	304923160	/gbdb/hg19/wib/gc5Base.wib	0	100	1024	51160	3091200
868	chr22	37172630	37177750	chr22.297844	5	1024	304924184	/gbdb/hg19/wib/gc5Base.wib	0	100	1024	48420	2803600
868	chr22	37177750	37182870	chr22.297845	5	1024	304925208	/gbdb/hg19/wib/gc5Base.wib	0	100	1024	53340	3258000
868	chr22	37182870	37187990	chr22.297846	5	1024	304926232	/gbdb/hg19/wib/gc5Base.wib	0	100	1024	50840	3027200
868	chr22	37187990	37193110	chr22.297847	5	1024	304927256	/gbdb/hg19/wib/gc5Base.wib	0	100	1024	49540	2934800
868	chr22	37193110	37198230	chr22.297848	5	1024	304928280	/gbdb/hg19/wib/gc5Base.wib	0	100	1024	53400	3274400
868	chr22	37198230	37203350	chr22.297849	5	1024	304929304	/gbdb/hg19/wib/gc5Base.wib	0	100	1024	50700	2986000
868	chr22	37203350	37208470	chr22.297850	5	1024	304930328	/gbdb/hg19/wib/gc5Base.wib	0	100	1024	50420	2975600
868	chr22	37208470	37213590	chr22.297851	5	1024	304931352	/gbdb/hg19/wib/gc5Base.wib	0	100	1024	56160	3576000
868	chr22	37213590	37218710	chr22.297852	5	1024	304932376	/gbdb/hg19/wib/gc5Base.wib	0	100	1024	54080	3308000
868	chr22	37218710	37223830	chr22.297853	5	1024	304933400	/gbdb/hg19/wib/gc5Base.wib	0	100	1024	51300	3026000
108	chr22	37223830	37228950	chr22.297854	5	1024	304934424	/gbdb/hg19/wib/gc5Base.wib	0	100	1024	45880	2497600
869	chr22	37228950	37234070	chr22.297855	5	1024	304935448	/gbdb/hg19/wib/gc5Base.wib	0	100	1024	45720	2546400
869	chr22	37234070	37239190	chr22.297856	5	1024	304936472	/gbdb/hg19/wib/gc5Base.wib	0	100	1024	47780	2742800
869	chr22	37239190	37244310	chr22.297857	5	1024	304937496	/gbdb/hg19/wib/gc5Base.wib	0	100	1024	49340	2829200
869	chr22	37244310	37249430	chr22.297858	5	1024	304938520	/gbdb/hg19/wib/gc5Base.wib	0	100	1024	52500	3184400
869	chr22	37249430	37254550	chr22.297859	5	1024	304939544	/gbdb/hg19/wib/gc5Base.wib	0	100	1024	48580	2835600
869	chr22	37254550	37259670	chr22.297860	5	1024	304940568	/gbdb/hg19/wib/gc5Base.wib	0	100	1024	53840	3324800
869	chr22	37259670	37264790	chr22.297861	5	1024	304941592	/gbdb/hg19/wib/gc5Base.wib	0	100	1024	55360	3420000
869	chr22	37264790	37269910	chr22.297862	5	1024	304942616	/gbdb/hg19/wib/gc5Base.wib	0	100	1024	54560	3304000
869	chr22	37269910	37275030	chr22.297863	5	1024	304943640	/gbdb/hg19/wib/gc5Base.wib	0	100	1024	52180	3140400
869	chr22	37275030	37280150	chr22.297864	5	1024	304944664	/gbdb/hg19/wib/gc5Base.wib	0	100	1024	43740	2385200
869	chr22	37280150	37285270	chr22.297865	5	1024	304945688	/gbdb/hg19/wib/gc5Base.wib	0	100	1024	41040	2148800
869	chr22	37285270	37290390	chr22.297866	5	1024	304946712	/gbdb/hg19/wib/gc5Base.wib	0	100	1024	41380	2198000
869	chr22	37290390	37295510	chr22.297867	5	1024	304947736	/gbdb/hg19/wib/gc5Base.wib	0	100	1024	46840	2585600
869	chr22	37295510	37300630	chr22.297868	5	1024	304948760	/gbdb/hg19/wib/gc5Base.wib	0	100	1024	51900	3102000
869	chr22	37300630	37305750	chr22.297869	5	1024	304949784	/gbdb/hg19/wib/gc5Base.wib	0	100	1024	46380	2624400
869	chr22	37305750	37310870	chr22.297870	5	1024	304950808	/gbdb/hg19/wib/gc5Base.wib	0	100	1024	45780	2551600
869	chr22	37310870	37315990	chr22.297871	5	1024	304951832	/gbdb/hg19/wib/gc5Base.wib	0	100	1024	40300	2105200
869	chr22	37315990	37321110	chr22.297872	5	1024	304952856	/gbdb/hg19/wib/gc5Base.wib	0	100	1024	56700	3615600
869	chr22	37321110	37326230	chr22.297873	5	1024	304953880	/gbdb/hg19/wib/gc5Base.wib	0	100	1024	56780	3570000
869	chr22	37326230	37331350	chr22.297874	5	1024	304954904	/gbdb/hg19/wib/gc5Base.wib	0	100	1024	55520	3483200
869	chr22	37331350	37336470	chr22.297875	5	1024	304955928	/gbdb/hg19/wib/gc5Base.wib	0	100	1024	56500	3636400
869	chr22	37336470	37341590	chr22.297876	5	1024	304956952	/gbdb/hg19/wib/gc5Base.wib	0	100	1024	45960	2525600
869	chr22	37341590	37346710	chr22.297877	5	1024	304957976	/gbdb/hg19/wib/gc5Base.wib	0	100	1024	44100	2406000
869	chr22	37346710	37351830	chr22.297878	5	1024	304959000	/gbdb/hg19/wib/gc5Base.wib	0	100	1024	58260	3738000
108	chr22	37351830	37356950	chr22.297879	5	1024	304960024	/gbdb/hg19/wib/gc5Base.wib	0	100	1024	47940	2734800
870	chr22	37356950	37362070	chr22.297880	5	1024	304961048	/gbdb/hg19/wib/gc5Base.wib	0	100	1024	44260	2413200
870	chr22	37362070	37367190	chr22.297881	5	1024	304962072	/gbdb/hg19/wib/gc5Base.wib	0	100	1024	41980	2289200
870	chr22	37367190	37372310	chr22.297882	5	1024	304963096	/gbdb/hg19/wib/gc5Base.wib	0	100	1024	47440	2772000
870	chr22	37372310	37377430	chr22.297883	5	1024	304964120	/gbdb/hg19/wib/gc5Base.wib	0	100	1024	52440	3221600
870	chr22	37377430	37382550	chr22.297884	5	1024	304965144	/gbdb/hg19/wib/gc5Base.wib	0	100	1024	49400	2915200
870	chr22	37382550	37387670	chr22.297885	5	1024	304966168	/gbdb/hg19/wib/gc5Base.wib	0	100	1024	47540	2652400
870	chr22	37387670	37392790	chr22.297886	5	1024	304967192	/gbdb/hg19/wib/gc5Base.wib	0	100	1024	42400	2372000
870	chr22	37392790	37397910	chr22.297887	5	1024	304968216	/gbdb/hg19/wib/gc5Base.wib	0	100	1024	50520	2996000
870	chr22	37397910	37403030	chr22.297888	5	1024	304969240	/gbdb/hg19/wib/gc5Base.wib	0	100	1024	52020	3132400
870	chr22	37403030	37408150	chr22.297889	5	1024	304970264	/gbdb/hg19/wib/gc5Base.wib	0	100	1024	52220	3102000
870	chr22	37408150	37413270	chr22.297890	5	1024	304971288	/gbdb/hg19/wib/gc5Base.wib	0	100	1024	55180	3459600
870	chr22	37413270	37418390	chr22.297891	5	1024	304972312	/gbdb/hg19/wib/gc5Base.wib	0	100	1024	61100	4188400
870	chr22	37418390	37423510	chr22.297892	5	1024	304973336	/gbdb/hg19/wib/gc5Base.wib	0	100	1024	57580	3714800
870	chr22	37423510	37428630	chr22.297893	5	1024	304974360	/gbdb/hg19/wib/gc5Base.wib	0	100	1024	53560	3289600
870	chr22	37428630	37433750	chr22.297894	5	1024	304975384	/gbdb/hg19/wib/gc5Base.wib	0	100	1024	52860	3232400
870	chr22	37433750	37438870	chr22.297895	5	1024	304976408	/gbdb/hg19/wib/gc5Base.wib	0	100	1024	45340	2576400
870	chr22	37438870	37443990	chr22.297896	5	1024	304977432	/gbdb/hg19/wib/gc5Base.wib	0	100	1024	54440	3375200
870	chr22	37443990	37449110	chr22.297897	5	1024	304978456	/gbdb/hg19/wib/gc5Base.wib	0	100	1024	57440	3727200
870	chr22	37449110	37454230	chr22.297898	5	1024	304979480	/gbdb/hg19/wib/gc5Base.wib	0	100	1024	58740	3763600
870	chr22	37454230	37459350	chr22.297899	5	1024	304980504	/gbdb/hg19/wib/gc5Base.wib	0	100	1024	63540	4336400
870	chr22	37459350	37464470	chr22.297900	5	1024	304981528	/gbdb/hg19/wib/gc5Base.wib	0	100	1024	60040	3932000
870	chr22	37464470	37469590	chr22.297901	5	1024	304982552	/gbdb/hg19/wib/gc5Base.wib	0	100	1024	56820	3560400
870	chr22	37469590	37474710	chr22.297902	5	1024	304983576	/gbdb/hg19/wib/gc5Base.wib	0	100	1024	54900	3427600
870	chr22	37474710	37479830	chr22.297903	5	1024	304984600	/gbdb/hg19/wib/gc5Base.wib	0	100	1024	55760	3434400
870	chr22	37479830	37484950	chr22.297904	5	1024	304985624	/gbdb/hg19/wib/gc5Base.wib	0	100	1024	59760	3912800
108	chr22	37484950	37490070	chr22.297905	5	1024	304986648	/gbdb/hg19/wib/gc5Base.wib	0	100	1024	54940	3440400
871	chr22	37490070	37495190	chr22.297906	5	1024	304987672	/gbdb/hg19/wib/gc5Base.wib	0	100	1024	55020	3424400
871	chr22	37495190	37500310	chr22.297907	5	1024	304988696	/gbdb/hg19/wib/gc5Base.wib	0	100	1024	56840	3590400
871	chr22	37500310	37505430	chr22.297908	5	1024	304989720	/gbdb/hg19/wib/gc5Base.wib	0	100	1024	56560	3585600
871	chr22	37505430	37510550	chr22.297909	5	1024	304990744	/gbdb/hg19/wib/gc5Base.wib	0	100	1024	56260	3570800
871	chr22	37510550	37515670	chr22.297910	5	1024	304991768	/gbdb/hg19/wib/gc5Base.wib	0	100	1024	52080	3153600
871	chr22	37515670	37520790	chr22.297911	5	1024	304992792	/gbdb/hg19/wib/gc5Base.wib	0	100	1024	52620	3174800
871	chr22	37520790	37525910	chr22.297912	5	1024	304993816	/gbdb/hg19/wib/gc5Base.wib	0	100	1024	58020	3763600
871	chr22	37525910	37531030	chr22.297913	5	1024	304994840	/gbdb/hg19/wib/gc5Base.wib	0	100	1024	55720	3496800
871	chr22	37531030	37536150	chr22.297914	5	1024	304995864	/gbdb/hg19/wib/gc5Base.wib	0	100	1024	58240	3748000
871	chr22	37536150	37541270	chr22.297915	5	1024	304996888	/gbdb/hg19/wib/gc5Base.wib	0	100	1024	58060	3747600
871	chr22	37541270	37546390	chr22.297916	5	1024	304997912	/gbdb/hg19/wib/gc5Base.wib	0	100	1024	60340	3942800
871	chr22	37546390	37551510	chr22.297917	5	1024	304998936	/gbdb/hg19/wib/gc5Base.wib	0	100	1024	45920	2612000
871	chr22	37551510	37556630	chr22.297918	5	1024	304999960	/gbdb/hg19/wib/gc5Base.wib	0	100	1024	54500	3354800
871	chr22	37556630	37561750	chr22.297919	5	1024	305000984	/gbdb/hg19/wib/gc5Base.wib	0	100	1024	55800	3475200
871	chr22	37561750	37566870	chr22.297920	5	1024	305002008	/gbdb/hg19/wib/gc5Base.wib	0	100	1024	56060	3494000
871	chr22	37566870	37571990	chr22.297921	5	1024	305003032	/gbdb/hg19/wib/gc5Base.wib	0	100	1024	52060	3126800
871	chr22	37571990	37577110	chr22.297922	5	1024	305004056	/gbdb/hg19/wib/gc5Base.wib	0	100	1024	58260	3763600
871	chr22	37577110	37582230	chr22.297923	5	1024	305005080	/gbdb/hg19/wib/gc5Base.wib	0	100	1024	59560	3924000
871	chr22	37582230	37587350	chr22.297924	5	1024	305006104	/gbdb/hg19/wib/gc5Base.wib	0	100	1024	46860	2682800
871	chr22	37587350	37592470	chr22.297925	5	1024	305007128	/gbdb/hg19/wib/gc5Base.wib	0	100	1024	42040	2260000
871	chr22	37592470	37597590	chr22.297926	5	1024	305008152	/gbdb/hg19/wib/gc5Base.wib	0	100	1024	59260	3940400
871	chr22	37597590	37602710	chr22.297927	5	1024	305009176	/gbdb/hg19/wib/gc5Base.wib	0	100	1024	58600	3746400
871	chr22	37602710	37607830	chr22.297928	5	1024	305010200	/gbdb/hg19/wib/gc5Base.wib	0	100	1024	60440	3984000
871	chr22	37607830	37612950	chr22.297929	5	1024	305011224	/gbdb/hg19/wib/gc5Base.wib	0	100	1024	52580	3274800
108	chr22	37612950	37618070	chr22.297930	5	1024	305012248	/gbdb/hg19/wib/gc5Base.wib	0	100	1024	49560	2884000
872	chr22	37618070	37623190	chr22.297931	5	1024	305013272	/gbdb/hg19/wib/gc5Base.wib	0	100	1024	54820	3432400
872	chr22	37623190	37628310	chr22.297932	5	1024	305014296	/gbdb/hg19/wib/gc5Base.wib	0	100	1024	60680	4005600
872	chr22	37628310	37633430	chr22.297933	5	1024	305015320	/gbdb/hg19/wib/gc5Base.wib	0	100	1024	57360	3643200
872	chr22	37633430	37638550	chr22.297934	5	1024	305016344	/gbdb/hg19/wib/gc5Base.wib	0	100	1024	58020	3727600
872	chr22	37638550	37643670	chr22.297935	5	1024	305017368	/gbdb/hg19/wib/gc5Base.wib	0	100	1024	54380	3454800
872	chr22	37643670	37648790	chr22.297936	5	1024	305018392	/gbdb/hg19/wib/gc5Base.wib	0	100	1024	46200	2641600
872	chr22	37648790	37653910	chr22.297937	5	1024	305019416	/gbdb/hg19/wib/gc5Base.wib	0	100	1024	44660	2526000
872	chr22	37653910	37659030	chr22.297938	5	1024	305020440	/gbdb/hg19/wib/gc5Base.wib	0	100	1024	50940	3059600
872	chr22	37659030	37664150	chr22.297939	5	1024	305021464	/gbdb/hg19/wib/gc5Base.wib	0	100	1024	53360	3256800
872	chr22	37664150	37669270	chr22.297940	5	1024	305022488	/gbdb/hg19/wib/gc5Base.wib	0	100	1024	45760	2569600
872	chr22	37669270	37674390	chr22.297941	5	1024	305023512	/gbdb/hg19/wib/gc5Base.wib	0	100	1024	54580	3340400
872	chr22	37674390	37679510	chr22.297942	5	1024	305024536	/gbdb/hg19/wib/gc5Base.wib	0	100	1024	50940	3003600
872	chr22	37679510	37684630	chr22.297943	5	1024	305025560	/gbdb/hg19/wib/gc5Base.wib	0	100	1024	57420	3673200
872	chr22	37684630	37689750	chr22.297944	5	1024	305026584	/gbdb/hg19/wib/gc5Base.wib	0	100	1024	54660	3342800
872	chr22	37689750	37694870	chr22.297945	5	1024	305027608	/gbdb/hg19/wib/gc5Base.wib	0	100	1024	58960	3815200
872	chr22	37694870	37699990	chr22.297946	5	1024	305028632	/gbdb/hg19/wib/gc5Base.wib	0	100	1024	55260	3475600
872	chr22	37699990	37705110	chr22.297947	5	1024	305029656	/gbdb/hg19/wib/gc5Base.wib	0	100	1024	53780	3284400
872	chr22	37705110	37710230	chr22.297948	5	1024	305030680	/gbdb/hg19/wib/gc5Base.wib	0	100	1024	60500	3952400
872	chr22	37710230	37715350	chr22.297949	5	1024	305031704	/gbdb/hg19/wib/gc5Base.wib	0	100	1024	59000	3826400
872	chr22	37715350	37720470	chr22.297950	5	1024	305032728	/gbdb/hg19/wib/gc5Base.wib	0	100	1024	52260	3166800
872	chr22	37720470	37725590	chr22.297951	5	1024	305033752	/gbdb/hg19/wib/gc5Base.wib	0	100	1024	55700	3596400
872	chr22	37725590	37730710	chr22.297952	5	1024	305034776	/gbdb/hg19/wib/gc5Base.wib	0	100	1024	56720	3641600
872	chr22	37730710	37735830	chr22.297953	5	1024	305035800	/gbdb/hg19/wib/gc5Base.wib	0	100	1024	58420	3835600
872	chr22	37735830	37740950	chr22.297954	5	1024	305036824	/gbdb/hg19/wib/gc5Base.wib	0	100	1024	61900	4142000
872	chr22	37740950	37746070	chr22.297955	5	1024	305037848	/gbdb/hg19/wib/gc5Base.wib	0	100	1024	58060	3765200
13	chr22	37746070	37751190	chr22.297956	5	1024	305038872	/gbdb/hg19/wib/gc5Base.wib	0	100	1024	55440	3489600
873	chr22	37751190	37756310	chr22.297957	5	1024	305039896	/gbdb/hg19/wib/gc5Base.wib	0	100	1024	54140	3320400
873	chr22	37756310	37761430	chr22.297958	5	1024	305040920	/gbdb/hg19/wib/gc5Base.wib	0	100	1024	57060	3620400
873	chr22	37761430	37766550	chr22.297959	5	1024	305041944	/gbdb/hg19/wib/gc5Base.wib	0	100	1024	59040	3887200
873	chr22	37766550	37771670	chr22.297960	5	1024	305042968	/gbdb/hg19/wib/gc5Base.wib	0	100	1024	65020	4528400
873	chr22	37771670	37776790	chr22.297961	5	1024	305043992	/gbdb/hg19/wib/gc5Base.wib	0	100	1024	61960	4140800
873	chr22	37776790	37781910	chr22.297962	5	1024	305045016	/gbdb/hg19/wib/gc5Base.wib	0	100	1024	58440	3798400
873	chr22	37781910	37787030	chr22.297963	5	1024	305046040	/gbdb/hg19/wib/gc5Base.wib	0	100	1024	60240	3960000
873	chr22	37787030	37792150	chr22.297964	5	1024	305047064	/gbdb/hg19/wib/gc5Base.wib	0	100	1024	57760	3759200
873	chr22	37792150	37797270	chr22.297965	5	1024	305048088	/gbdb/hg19/wib/gc5Base.wib	0	100	1024	60840	4032800
873	chr22	37797270	37802390	chr22.297966	5	1024	305049112	/gbdb/hg19/wib/gc5Base.wib	0	100	1024	57140	3648400
873	chr22	37802390	37807510	chr22.297967	5	1024	305050136	/gbdb/hg19/wib/gc5Base.wib	0	100	1024	59700	3906800
873	chr22	37807510	37812630	chr22.297968	5	1024	305051160	/gbdb/hg19/wib/gc5Base.wib	0	100	1024	55900	3520400
873	chr22	37812630	37817750	chr22.297969	5	1024	305052184	/gbdb/hg19/wib/gc5Base.wib	0	100	1024	63620	4372400
873	chr22	37817750	37822870	chr22.297970	5	1024	305053208	/gbdb/hg19/wib/gc5Base.wib	0	100	1024	57520	3696000
873	chr22	37822870	37827990	chr22.297971	5	1024	305054232	/gbdb/hg19/wib/gc5Base.wib	0	100	1024	58240	3851200
873	chr22	37827990	37833110	chr22.297972	5	1024	305055256	/gbdb/hg19/wib/gc5Base.wib	0	100	1024	54520	3381600
873	chr22	37833110	37838230	chr22.297973	5	1024	305056280	/gbdb/hg19/wib/gc5Base.wib	0	100	1024	48820	2831600
873	chr22	37838230	37843350	chr22.297974	5	1024	305057304	/gbdb/hg19/wib/gc5Base.wib	0	100	1024	47660	2795600
873	chr22	37843350	37848470	chr22.297975	5	1024	305058328	/gbdb/hg19/wib/gc5Base.wib	0	100	1024	53240	3267200
873	chr22	37848470	37853590	chr22.297976	5	1024	305059352	/gbdb/hg19/wib/gc5Base.wib	0	100	1024	54020	3361200
873	chr22	37853590	37858710	chr22.297977	5	1024	305060376	/gbdb/hg19/wib/gc5Base.wib	0	100	1024	45460	2553200
873	chr22	37858710	37863830	chr22.297978	5	1024	305061400	/gbdb/hg19/wib/gc5Base.wib	0	100	1024	53620	3290800
873	chr22	37863830	37868950	chr22.297979	5	1024	305062424	/gbdb/hg19/wib/gc5Base.wib	0	100	1024	55840	3490400
873	chr22	37868950	37874070	chr22.297980	5	1024	305063448	/gbdb/hg19/wib/gc5Base.wib	0	100	1024	55760	3491200
873	chr22	37874070	37879190	chr22.297981	5	1024	305064472	/gbdb/hg19/wib/gc5Base.wib	0	100	1024	58020	3722000
109	chr22	37879190	37884310	chr22.297982	5	1024	305065496	/gbdb/hg19/wib/gc5Base.wib	0	100	1024	61520	4136000
874	chr22	37884310	37889430	chr22.297983	5	1024	305066520	/gbdb/hg19/wib/gc5Base.wib	0	100	1024	62780	4234000
874	chr22	37889430	37894550	chr22.297984	5	1024	305067544	/gbdb/hg19/wib/gc5Base.wib	0	100	1024	58800	3822400
874	chr22	37894550	37899670	chr22.297985	5	1024	305068568	/gbdb/hg19/wib/gc5Base.wib	0	100	1024	59980	3930000
874	chr22	37899670	37904790	chr22.297986	5	1024	305069592	/gbdb/hg19/wib/gc5Base.wib	0	100	1024	57880	3725600
874	chr22	37904790	37909910	chr22.297987	5	1024	305070616	/gbdb/hg19/wib/gc5Base.wib	0	100	1024	57620	3746800
874	chr22	37909910	37915030	chr22.297988	5	1024	305071640	/gbdb/hg19/wib/gc5Base.wib	0	100	1024	52560	3291200
874	chr22	37915030	37920150	chr22.297989	5	1024	305072664	/gbdb/hg19/wib/gc5Base.wib	0	100	1024	57240	3784000
874	chr22	37920150	37925270	chr22.297990	5	1024	305073688	/gbdb/hg19/wib/gc5Base.wib	0	100	1024	53540	3344400
874	chr22	37925270	37930390	chr22.297991	5	1024	305074712	/gbdb/hg19/wib/gc5Base.wib	0	100	1024	46020	2628400
874	chr22	37930390	37935510	chr22.297992	5	1024	305075736	/gbdb/hg19/wib/gc5Base.wib	0	100	1024	48780	2918800
874	chr22	37935510	37940630	chr22.297993	5	1024	305076760	/gbdb/hg19/wib/gc5Base.wib	0	100	1024	53460	3283600
874	chr22	37940630	37945750	chr22.297994	5	1024	305077784	/gbdb/hg19/wib/gc5Base.wib	0	100	1024	58020	3830800
874	chr22	37945750	37950870	chr22.297995	5	1024	305078808	/gbdb/hg19/wib/gc5Base.wib	0	100	1024	56500	3550800
874	chr22	37950870	37955990	chr22.297996	5	1024	305079832	/gbdb/hg19/wib/gc5Base.wib	0	100	1024	53400	3260800
874	chr22	37955990	37961110	chr22.297997	5	1024	305080856	/gbdb/hg19/wib/gc5Base.wib	0	100	1024	61940	4260400
874	chr22	37961110	37966230	chr22.297998	5	1024	305081880	/gbdb/hg19/wib/gc5Base.wib	0	100	1024	59200	3915200
874	chr22	37966230	37971350	chr22.297999	5	1024	305082904	/gbdb/hg19/wib/gc5Base.wib	0	100	1024	52120	3200800
874	chr22	37971350	37976470	chr22.298000	5	1024	305083928	/gbdb/hg19/wib/gc5Base.wib	0	100	1024	54280	3414400
874	chr22	37976470	37981590	chr22.298001	5	1024	305084952	/gbdb/hg19/wib/gc5Base.wib	0	100	1024	49700	3001200
874	chr22	37981590	37986710	chr22.298002	5	1024	305085976	/gbdb/hg19/wib/gc5Base.wib	0	100	1024	51800	3137600
874	chr22	37986710	37991830	chr22.298003	5	1024	305087000	/gbdb/hg19/wib/gc5Base.wib	0	100	1024	50220	3014800
874	chr22	37991830	37996950	chr22.298004	5	1024	305088024	/gbdb/hg19/wib/gc5Base.wib	0	100	1024	49520	3027200
874	chr22	37996950	38002070	chr22.298005	5	1024	305089048	/gbdb/hg19/wib/gc5Base.wib	0	100	1024	49720	2977600
874	chr22	38002070	38007190	chr22.298006	5	1024	305090072	/gbdb/hg19/wib/gc5Base.wib	0	100	1024	56140	3684400
109	chr22	38007190	38012310	chr22.298007	5	1024	305091096	/gbdb/hg19/wib/gc5Base.wib	0	100	1024	54880	3447200
875	chr22	38012310	38017430	chr22.298008	5	1024	305092120	/gbdb/hg19/wib/gc5Base.wib	0	100	1024	55500	3499600
875	chr22	38017430	38022550	chr22.298009	5	1024	305093144	/gbdb/hg19/wib/gc5Base.wib	0	100	1024	58480	3837600
875	chr22	38022550	38027670	chr22.298010	5	1024	305094168	/gbdb/hg19/wib/gc5Base.wib	0	100	1024	59020	3822000
875	chr22	38027670	38032790	chr22.298011	5	1024	305095192	/gbdb/hg19/wib/gc5Base.wib	0	100	1024	61500	4113200
875	chr22	38032790	38037910	chr22.298012	5	1024	305096216	/gbdb/hg19/wib/gc5Base.wib	0	100	1024	62280	4216800
875	chr22	38037910	38043030	chr22.298013	5	1024	305097240	/gbdb/hg19/wib/gc5Base.wib	0	100	1024	59620	3894000
875	chr22	38043030	38048150	chr22.298014	5	1024	305098264	/gbdb/hg19/wib/gc5Base.wib	0	100	1024	55460	3528400
875	chr22	38048150	38053270	chr22.298015	5	1024	305099288	/gbdb/hg19/wib/gc5Base.wib	0	100	1024	55940	3596400
875	chr22	38053270	38058390	chr22.298016	5	1024	305100312	/gbdb/hg19/wib/gc5Base.wib	0	100	1024	57820	3812400
875	chr22	38058390	38063510	chr22.298017	5	1024	305101336	/gbdb/hg19/wib/gc5Base.wib	0	100	1024	54480	3444800
875	chr22	38063510	38068630	chr22.298018	5	1024	305102360	/gbdb/hg19/wib/gc5Base.wib	0	100	1024	52560	3253600
875	chr22	38068630	38073750	chr22.298019	5	1024	305103384	/gbdb/hg19/wib/gc5Base.wib	0	100	1024	60240	4056000
875	chr22	38073750	38078870	chr22.298020	5	1024	305104408	/gbdb/hg19/wib/gc5Base.wib	0	100	1024	55000	3508000
875	chr22	38078870	38083990	chr22.298021	5	1024	305105432	/gbdb/hg19/wib/gc5Base.wib	0	100	1024	53440	3336000
875	chr22	38083990	38089110	chr22.298022	5	1024	305106456	/gbdb/hg19/wib/gc5Base.wib	0	100	1024	58020	3723600
875	chr22	38089110	38094230	chr22.298023	5	1024	305107480	/gbdb/hg19/wib/gc5Base.wib	0	100	1024	54920	3475200
875	chr22	38094230	38099350	chr22.298024	5	1024	305108504	/gbdb/hg19/wib/gc5Base.wib	0	100	1024	50940	3061200
875	chr22	38099350	38104470	chr22.298025	5	1024	305109528	/gbdb/hg19/wib/gc5Base.wib	0	100	1024	52740	3237200
875	chr22	38104470	38109590	chr22.298026	5	1024	305110552	/gbdb/hg19/wib/gc5Base.wib	0	100	1024	57560	3756000
875	chr22	38109590	38114710	chr22.298027	5	1024	305111576	/gbdb/hg19/wib/gc5Base.wib	0	100	1024	55360	3516000
875	chr22	38114710	38119830	chr22.298028	5	1024	305112600	/gbdb/hg19/wib/gc5Base.wib	0	100	1024	53820	3301200
875	chr22	38119830	38124950	chr22.298029	5	1024	305113624	/gbdb/hg19/wib/gc5Base.wib	0	100	1024	55380	3518800
875	chr22	38124950	38130070	chr22.298030	5	1024	305114648	/gbdb/hg19/wib/gc5Base.wib	0	100	1024	50260	2994000
875	chr22	38130070	38135190	chr22.298031	5	1024	305115672	/gbdb/hg19/wib/gc5Base.wib	0	100	1024	57660	3681200
875	chr22	38135190	38140310	chr22.298032	5	1024	305116696	/gbdb/hg19/wib/gc5Base.wib	0	100	1024	56260	3558800
109	chr22	38140310	38145430	chr22.298033	5	1024	305117720	/gbdb/hg19/wib/gc5Base.wib	0	100	1024	60660	4162800
876	chr22	38145430	38150550	chr22.298034	5	1024	305118744	/gbdb/hg19/wib/gc5Base.wib	0	100	1024	59280	3881600
876	chr22	38150550	38155670	chr22.298035	5	1024	305119768	/gbdb/hg19/wib/gc5Base.wib	0	100	1024	59220	3876400
876	chr22	38155670	38160790	chr22.298036	5	1024	305120792	/gbdb/hg19/wib/gc5Base.wib	0	100	1024	51720	3172800
876	chr22	38160790	38165910	chr22.298037	5	1024	305121816	/gbdb/hg19/wib/gc5Base.wib	0	100	1024	56120	3525600
876	chr22	38165910	38171030	chr22.298038	5	1024	305122840	/gbdb/hg19/wib/gc5Base.wib	0	100	1024	56880	3666400
876	chr22	38171030	38176150	chr22.298039	5	1024	305123864	/gbdb/hg19/wib/gc5Base.wib	0	100	1024	53840	3324000
876	chr22	38176150	38181270	chr22.298040	5	1024	305124888	/gbdb/hg19/wib/gc5Base.wib	0	100	1024	56120	3599200
876	chr22	38181270	38186390	chr22.298041	5	1024	305125912	/gbdb/hg19/wib/gc5Base.wib	0	100	1024	53060	3366000
876	chr22	38186390	38191510	chr22.298042	5	1024	305126936	/gbdb/hg19/wib/gc5Base.wib	0	100	1024	50240	3048000
876	chr22	38191510	38196630	chr22.298043	5	1024	305127960	/gbdb/hg19/wib/gc5Base.wib	0	100	1024	50580	3065200
876	chr22	38196630	38201750	chr22.298044	5	1024	305128984	/gbdb/hg19/wib/gc5Base.wib	0	100	1024	61100	4227600
876	chr22	38201750	38206870	chr22.298045	5	1024	305130008	/gbdb/hg19/wib/gc5Base.wib	0	100	1024	54360	3436000
876	chr22	38206870	38211990	chr22.298046	5	1024	305131032	/gbdb/hg19/wib/gc5Base.wib	0	100	1024	54540	3418000
876	chr22	38211990	38217110	chr22.298047	5	1024	305132056	/gbdb/hg19/wib/gc5Base.wib	0	100	1024	59300	3932400
876	chr22	38217110	38222230	chr22.298048	5	1024	305133080	/gbdb/hg19/wib/gc5Base.wib	0	100	1024	60580	4114000
876	chr22	38222230	38227350	chr22.298049	5	1024	305134104	/gbdb/hg19/wib/gc5Base.wib	0	100	1024	54940	3459600
876	chr22	38227350	38232470	chr22.298050	5	1024	305135128	/gbdb/hg19/wib/gc5Base.wib	0	100	1024	54020	3354000
876	chr22	38232470	38237590	chr22.298051	5	1024	305136152	/gbdb/hg19/wib/gc5Base.wib	0	100	1024	50960	3076000
876	chr22	38237590	38242710	chr22.298052	5	1024	305137176	/gbdb/hg19/wib/gc5Base.wib	0	100	1024	51360	3208000
876	chr22	38242710	38247830	chr22.298053	5	1024	305138200	/gbdb/hg19/wib/gc5Base.wib	0	100	1024	50300	3058000
876	chr22	38247830	38252950	chr22.298054	5	1024	305139224	/gbdb/hg19/wib/gc5Base.wib	0	100	1024	45120	2513600
876	chr22	38252950	38258070	chr22.298055	5	1024	305140248	/gbdb/hg19/wib/gc5Base.wib	0	100	1024	47100	2742000
876	chr22	38258070	38263190	chr22.298056	5	1024	305141272	/gbdb/hg19/wib/gc5Base.wib	0	100	1024	46240	2642400
876	chr22	38263190	38268310	chr22.298057	5	1024	305142296	/gbdb/hg19/wib/gc5Base.wib	0	100	1024	47280	2726400
109	chr22	38268310	38273430	chr22.298058	5	1024	305143320	/gbdb/hg19/wib/gc5Base.wib	0	100	1024	46100	2603600
877	chr22	38273430	38278550	chr22.298059	5	1024	305144344	/gbdb/hg19/wib/gc5Base.wib	0	100	1024	48640	2856000
877	chr22	38278550	38283670	chr22.298060	5	1024	305145368	/gbdb/hg19/wib/gc5Base.wib	0	100	1024	46820	2745200
877	chr22	38283670	38288790	chr22.298061	5	1024	305146392	/gbdb/hg19/wib/gc5Base.wib	0	100	1024	49680	2914400
877	chr22	38288790	38293910	chr22.298062	5	1024	305147416	/gbdb/hg19/wib/gc5Base.wib	0	100	1024	52340	3197200
877	chr22	38293910	38299030	chr22.298063	5	1024	305148440	/gbdb/hg19/wib/gc5Base.wib	0	100	1024	51640	3133600
877	chr22	38299030	38304150	chr22.298064	5	1024	305149464	/gbdb/hg19/wib/gc5Base.wib	0	100	1024	60800	4184800
877	chr22	38304150	38309270	chr22.298065	5	1024	305150488	/gbdb/hg19/wib/gc5Base.wib	0	100	1024	55520	3511200
877	chr22	38309270	38314390	chr22.298066	5	1024	305151512	/gbdb/hg19/wib/gc5Base.wib	0	100	1024	52420	3198000
877	chr22	38314390	38319510	chr22.298067	5	1024	305152536	/gbdb/hg19/wib/gc5Base.wib	0	100	1024	53780	3406800
877	chr22	38319510	38324630	chr22.298068	5	1024	305153560	/gbdb/hg19/wib/gc5Base.wib	0	100	1024	60980	4054800
877	chr22	38324630	38329750	chr22.298069	5	1024	305154584	/gbdb/hg19/wib/gc5Base.wib	0	100	1024	59640	3871200
877	chr22	38329750	38334870	chr22.298070	5	1024	305155608	/gbdb/hg19/wib/gc5Base.wib	0	100	1024	55980	3634800
877	chr22	38334870	38339990	chr22.298071	5	1024	305156632	/gbdb/hg19/wib/gc5Base.wib	0	100	1024	55300	3504400
877	chr22	38339990	38345110	chr22.298072	5	1024	305157656	/gbdb/hg19/wib/gc5Base.wib	0	100	1024	51560	3176800
877	chr22	38345110	38350230	chr22.298073	5	1024	305158680	/gbdb/hg19/wib/gc5Base.wib	0	100	1024	53400	3363200
877	chr22	38350230	38355350	chr22.298074	5	1024	305159704	/gbdb/hg19/wib/gc5Base.wib	0	100	1024	49620	2928400
877	chr22	38355350	38360470	chr22.298075	5	1024	305160728	/gbdb/hg19/wib/gc5Base.wib	0	100	1024	51880	3183200
877	chr22	38360470	38365590	chr22.298076	5	1024	305161752	/gbdb/hg19/wib/gc5Base.wib	0	100	1024	52780	3198000
877	chr22	38365590	38370710	chr22.298077	5	1024	305162776	/gbdb/hg19/wib/gc5Base.wib	0	100	1024	55280	3488000
877	chr22	38370710	38375830	chr22.298078	5	1024	305163800	/gbdb/hg19/wib/gc5Base.wib	0	100	1024	54960	3426400
877	chr22	38375830	38380950	chr22.298079	5	1024	305164824	/gbdb/hg19/wib/gc5Base.wib	0	100	1024	63260	4334000
877	chr22	38380950	38386070	chr22.298080	5	1024	305165848	/gbdb/hg19/wib/gc5Base.wib	0	100	1024	58100	3737200
877	chr22	38386070	38391190	chr22.298081	5	1024	305166872	/gbdb/hg19/wib/gc5Base.wib	0	100	1024	53280	3255200
877	chr22	38391190	38396310	chr22.298082	5	1024	305167896	/gbdb/hg19/wib/gc5Base.wib	0	100	1024	60300	3957200
877	chr22	38396310	38401430	chr22.298083	5	1024	305168920	/gbdb/hg19/wib/gc5Base.wib	0	100	1024	50800	3052000
109	chr22	38401430	38406550	chr22.298084	5	1024	305169944	/gbdb/hg19/wib/gc5Base.wib	0	100	1024	52680	3216000
878	chr22	38406550	38411670	chr22.298085	5	1024	305170968	/gbdb/hg19/wib/gc5Base.wib	0	100	1024	44120	2473600
878	chr22	38411670	38416790	chr22.298086	5	1024	305171992	/gbdb/hg19/wib/gc5Base.wib	0	100	1024	56720	3660000
878	chr22	38416790	38421910	chr22.298087	5	1024	305173016	/gbdb/hg19/wib/gc5Base.wib	0	100	1024	50740	3042000
878	chr22	38421910	38427030	chr22.298088	5	1024	305174040	/gbdb/hg19/wib/gc5Base.wib	0	100	1024	57640	3640800
878	chr22	38427030	38432150	chr22.298089	5	1024	305175064	/gbdb/hg19/wib/gc5Base.wib	0	100	1024	59280	3860800
878	chr22	38432150	38437270	chr22.298090	5	1024	305176088	/gbdb/hg19/wib/gc5Base.wib	0	100	1024	57860	3774800
878	chr22	38437270	38442390	chr22.298091	5	1024	305177112	/gbdb/hg19/wib/gc5Base.wib	0	100	1024	54980	3468400
878	chr22	38442390	38447510	chr22.298092	5	1024	305178136	/gbdb/hg19/wib/gc5Base.wib	0	100	1024	51180	3119600
878	chr22	38447510	38452630	chr22.298093	5	1024	305179160	/gbdb/hg19/wib/gc5Base.wib	0	100	1024	54860	3437200
878	chr22	38452630	38457750	chr22.298094	5	1024	305180184	/gbdb/hg19/wib/gc5Base.wib	0	100	1024	52940	3236400
878	chr22	38457750	38462870	chr22.298095	5	1024	305181208	/gbdb/hg19/wib/gc5Base.wib	0	100	1024	51580	3165200
878	chr22	38462870	38467990	chr22.298096	5	1024	305182232	/gbdb/hg19/wib/gc5Base.wib	0	100	1024	59440	3925600
878	chr22	38467990	38473110	chr22.298097	5	1024	305183256	/gbdb/hg19/wib/gc5Base.wib	0	100	1024	61200	4122400
878	chr22	38473110	38478230	chr22.298098	5	1024	305184280	/gbdb/hg19/wib/gc5Base.wib	0	100	1024	63340	4355600
878	chr22	38478230	38483350	chr22.298099	5	1024	305185304	/gbdb/hg19/wib/gc5Base.wib	0	100	1024	63800	4394400
878	chr22	38483350	38488470	chr22.298100	5	1024	305186328	/gbdb/hg19/wib/gc5Base.wib	0	100	1024	57060	3801200
878	chr22	38488470	38493590	chr22.298101	5	1024	305187352	/gbdb/hg19/wib/gc5Base.wib	0	100	1024	48820	2906000
878	chr22	38493590	38498710	chr22.298102	5	1024	305188376	/gbdb/hg19/wib/gc5Base.wib	0	100	1024	52400	3196800
878	chr22	38498710	38503830	chr22.298103	5	1024	305189400	/gbdb/hg19/wib/gc5Base.wib	0	100	1024	52640	3276000
878	chr22	38503830	38508950	chr22.298104	5	1024	305190424	/gbdb/hg19/wib/gc5Base.wib	0	100	1024	64400	4439200
878	chr22	38508950	38514070	chr22.298105	5	1024	305191448	/gbdb/hg19/wib/gc5Base.wib	0	100	1024	56460	3622800
878	chr22	38514070	38519190	chr22.298106	5	1024	305192472	/gbdb/hg19/wib/gc5Base.wib	0	100	1024	54380	3456400
878	chr22	38519190	38524310	chr22.298107	5	1024	305193496	/gbdb/hg19/wib/gc5Base.wib	0	100	1024	60100	3926000
878	chr22	38524310	38529430	chr22.298108	5	1024	305194520	/gbdb/hg19/wib/gc5Base.wib	0	100	1024	54920	3466400
878	chr22	38529430	38534550	chr22.298109	5	1024	305195544	/gbdb/hg19/wib/gc5Base.wib	0	100	1024	53360	3272000
109	chr22	38534550	38539670	chr22.298110	5	1024	305196568	/gbdb/hg19/wib/gc5Base.wib	0	100	1024	52860	3263600
879	chr22	38539670	38544790	chr22.298111	5	1024	305197592	/gbdb/hg19/wib/gc5Base.wib	0	100	1024	49500	2962800
879	chr22	38544790	38549910	chr22.298112	5	1024	305198616	/gbdb/hg19/wib/gc5Base.wib	0	100	1024	45480	2608800
879	chr22	38549910	38555030	chr22.298113	5	1024	305199640	/gbdb/hg19/wib/gc5Base.wib	0	100	1024	42380	2308400
879	chr22	38555030	38560150	chr22.298114	5	1024	305200664	/gbdb/hg19/wib/gc5Base.wib	0	100	1024	49060	2862800
879	chr22	38560150	38565270	chr22.298115	5	1024	305201688	/gbdb/hg19/wib/gc5Base.wib	0	100	1024	55460	3450800
879	chr22	38565270	38570390	chr22.298116	5	1024	305202712	/gbdb/hg19/wib/gc5Base.wib	0	100	1024	53580	3322800
879	chr22	38570390	38575510	chr22.298117	5	1024	305203736	/gbdb/hg19/wib/gc5Base.wib	0	100	1024	54040	3326400
879	chr22	38575510	38580630	chr22.298118	5	1024	305204760	/gbdb/hg19/wib/gc5Base.wib	0	100	1024	50540	3068400
879	chr22	38580630	38585750	chr22.298119	5	1024	305205784	/gbdb/hg19/wib/gc5Base.wib	0	100	1024	50920	3028000
879	chr22	38585750	38590870	chr22.298120	5	1024	305206808	/gbdb/hg19/wib/gc5Base.wib	0	100	1024	52540	3218800
879	chr22	38590870	38595990	chr22.298121	5	1024	305207832	/gbdb/hg19/wib/gc5Base.wib	0	100	1024	50500	3054000
879	chr22	38595990	38601110	chr22.298122	5	1024	305208856	/gbdb/hg19/wib/gc5Base.wib	0	100	1024	59820	4023600
879	chr22	38601110	38606230	chr22.298123	5	1024	305209880	/gbdb/hg19/wib/gc5Base.wib	0	100	1024	56020	3526800
879	chr22	38606230	38611350	chr22.298124	5	1024	305210904	/gbdb/hg19/wib/gc5Base.wib	0	100	1024	56560	3645600
879	chr22	38611350	38616470	chr22.298125	5	1024	305211928	/gbdb/hg19/wib/gc5Base.wib	0	100	1024	55080	3516000
879	chr22	38616470	38621590	chr22.298126	5	1024	305212952	/gbdb/hg19/wib/gc5Base.wib	0	100	1024	62680	4279200
879	chr22	38621590	38626710	chr22.298127	5	1024	305213976	/gbdb/hg19/wib/gc5Base.wib	0	100	1024	59400	3861600
879	chr22	38626710	38631830	chr22.298128	5	1024	305215000	/gbdb/hg19/wib/gc5Base.wib	0	100	1024	55080	3404000
879	chr22	38631830	38636950	chr22.298129	5	1024	305216024	/gbdb/hg19/wib/gc5Base.wib	0	100	1024	51840	3167200
879	chr22	38636950	38642070	chr22.298130	5	1024	305217048	/gbdb/hg19/wib/gc5Base.wib	0	100	1024	56520	3605600
879	chr22	38642070	38647190	chr22.298131	5	1024	305218072	/gbdb/hg19/wib/gc5Base.wib	0	100	1024	56260	3532400
879	chr22	38647190	38652310	chr22.298132	5	1024	305219096	/gbdb/hg19/wib/gc5Base.wib	0	100	1024	49180	2942800
879	chr22	38652310	38657430	chr22.298133	5	1024	305220120	/gbdb/hg19/wib/gc5Base.wib	0	100	1024	49080	2877600
879	chr22	38657430	38662550	chr22.298134	5	1024	305221144	/gbdb/hg19/wib/gc5Base.wib	0	100	1024	52400	3182400
109	chr22	38662550	38667670	chr22.298135	5	1024	305222168	/gbdb/hg19/wib/gc5Base.wib	0	100	1024	51940	3142800
880	chr22	38667670	38672790	chr22.298136	5	1024	305223192	/gbdb/hg19/wib/gc5Base.wib	0	100	1024	55740	3597200
880	chr22	38672790	38677910	chr22.298137	5	1024	305224216	/gbdb/hg19/wib/gc5Base.wib	0	100	1024	50120	3033600
880	chr22	38677910	38683030	chr22.298138	5	1024	305225240	/gbdb/hg19/wib/gc5Base.wib	0	100	1024	52640	3200800
880	chr22	38683030	38688150	chr22.298139	5	1024	305226264	/gbdb/hg19/wib/gc5Base.wib	0	100	1024	53740	3360400
880	chr22	38688150	38693270	chr22.298140	5	1024	305227288	/gbdb/hg19/wib/gc5Base.wib	0	100	1024	60420	3987600
880	chr22	38693270	38698390	chr22.298141	5	1024	305228312	/gbdb/hg19/wib/gc5Base.wib	0	100	1024	58220	3766000
880	chr22	38698390	38703510	chr22.298142	5	1024	305229336	/gbdb/hg19/wib/gc5Base.wib	0	100	1024	52600	3269600
880	chr22	38703510	38708630	chr22.298143	5	1024	305230360	/gbdb/hg19/wib/gc5Base.wib	0	100	1024	54380	3367600
880	chr22	38708630	38713750	chr22.298144	5	1024	305231384	/gbdb/hg19/wib/gc5Base.wib	0	100	1024	61620	4251600
880	chr22	38713750	38718870	chr22.298145	5	1024	305232408	/gbdb/hg19/wib/gc5Base.wib	0	100	1024	53960	3407200
880	chr22	38718870	38723990	chr22.298146	5	1024	305233432	/gbdb/hg19/wib/gc5Base.wib	0	100	1024	54000	3369600
880	chr22	38723990	38729110	chr22.298147	5	1024	305234456	/gbdb/hg19/wib/gc5Base.wib	0	100	1024	51540	3206800
880	chr22	38729110	38734230	chr22.298148	5	1024	305235480	/gbdb/hg19/wib/gc5Base.wib	0	100	1024	51620	3200400
880	chr22	38734230	38739350	chr22.298149	5	1024	305236504	/gbdb/hg19/wib/gc5Base.wib	0	100	1024	47720	2909600
880	chr22	38739350	38744470	chr22.298150	5	1024	305237528	/gbdb/hg19/wib/gc5Base.wib	0	100	1024	54220	3375600
880	chr22	38744470	38749590	chr22.298151	5	1024	305238552	/gbdb/hg19/wib/gc5Base.wib	0	100	1024	57980	3795600
880	chr22	38749590	38754710	chr22.298152	5	1024	305239576	/gbdb/hg19/wib/gc5Base.wib	0	100	1024	46940	2763600
880	chr22	38754710	38759830	chr22.298153	5	1024	305240600	/gbdb/hg19/wib/gc5Base.wib	0	100	1024	38080	1932800
880	chr22	38759830	38764950	chr22.298154	5	1024	305241624	/gbdb/hg19/wib/gc5Base.wib	0	100	1024	37600	1860000
880	chr22	38764950	38770070	chr22.298155	5	1024	305242648	/gbdb/hg19/wib/gc5Base.wib	0	100	1024	36200	1735200
880	chr22	38770070	38775190	chr22.298156	5	1024	305243672	/gbdb/hg19/wib/gc5Base.wib	0	100	1024	42600	2295200
880	chr22	38775190	38780310	chr22.298157	5	1024	305244696	/gbdb/hg19/wib/gc5Base.wib	0	100	1024	42360	2195200
880	chr22	38780310	38785430	chr22.298158	5	1024	305245720	/gbdb/hg19/wib/gc5Base.wib	0	100	1024	38400	1894400
880	chr22	38785430	38790550	chr22.298159	5	1024	305246744	/gbdb/hg19/wib/gc5Base.wib	0	100	1024	38140	1895600
880	chr22	38790550	38795670	chr22.298160	5	1024	305247768	/gbdb/hg19/wib/gc5Base.wib	0	100	1024	52660	3482000
13	chr22	38795670	38800790	chr22.298161	5	1024	305248792	/gbdb/hg19/wib/gc5Base.wib	0	100	1024	49040	2934400
881	chr22	38800790	38805910	chr22.298162	5	1024	305249816	/gbdb/hg19/wib/gc5Base.wib	0	100	1024	45580	2652400
881	chr22	38805910	38811030	chr22.298163	5	1024	305250840	/gbdb/hg19/wib/gc5Base.wib	0	100	1024	58220	3867600
881	chr22	38811030	38816150	chr22.298164	5	1024	305251864	/gbdb/hg19/wib/gc5Base.wib	0	100	1024	61140	4108400
881	chr22	38816150	38821270	chr22.298165	5	1024	305252888	/gbdb/hg19/wib/gc5Base.wib	0	100	1024	54560	3390400
881	chr22	38821270	38826390	chr22.298166	5	1024	305253912	/gbdb/hg19/wib/gc5Base.wib	0	100	1024	59060	3899600
881	chr22	38826390	38831510	chr22.298167	5	1024	305254936	/gbdb/hg19/wib/gc5Base.wib	0	100	1024	55020	3473200
881	chr22	38831510	38836630	chr22.298168	5	1024	305255960	/gbdb/hg19/wib/gc5Base.wib	0	100	1024	54540	3421200
881	chr22	38836630	38841750	chr22.298169	5	1024	305256984	/gbdb/hg19/wib/gc5Base.wib	0	100	1024	56860	3626000
881	chr22	38841750	38846870	chr22.298170	5	1024	305258008	/gbdb/hg19/wib/gc5Base.wib	0	100	1024	59880	3948000
881	chr22	38846870	38851990	chr22.298171	5	1024	305259032	/gbdb/hg19/wib/gc5Base.wib	0	100	1024	64580	4590000
881	chr22	38851990	38857110	chr22.298172	5	1024	305260056	/gbdb/hg19/wib/gc5Base.wib	0	100	1024	57440	3672000
881	chr22	38857110	38862230	chr22.298173	5	1024	305261080	/gbdb/hg19/wib/gc5Base.wib	0	100	1024	55000	3516000
881	chr22	38862230	38867350	chr22.298174	5	1024	305262104	/gbdb/hg19/wib/gc5Base.wib	0	100	1024	59840	3986400
881	chr22	38867350	38872470	chr22.298175	5	1024	305263128	/gbdb/hg19/wib/gc5Base.wib	0	100	1024	50940	3105200
881	chr22	38872470	38877590	chr22.298176	5	1024	305264152	/gbdb/hg19/wib/gc5Base.wib	0	100	1024	47940	2777200
881	chr22	38877590	38882710	chr22.298177	5	1024	305265176	/gbdb/hg19/wib/gc5Base.wib	0	100	1024	41780	2206000
881	chr22	38882710	38887830	chr22.298178	5	1024	305266200	/gbdb/hg19/wib/gc5Base.wib	0	100	1024	43820	2413200
881	chr22	38887830	38892950	chr22.298179	5	1024	305267224	/gbdb/hg19/wib/gc5Base.wib	0	100	1024	41760	2253600
881	chr22	38892950	38898070	chr22.298180	5	1024	305268248	/gbdb/hg19/wib/gc5Base.wib	0	100	1024	42780	2350800
881	chr22	38898070	38903190	chr22.298181	5	1024	305269272	/gbdb/hg19/wib/gc5Base.wib	0	100	1024	48420	2940400
881	chr22	38903190	38908310	chr22.298182	5	1024	305270296	/gbdb/hg19/wib/gc5Base.wib	0	100	1024	49320	2892800
881	chr22	38908310	38913430	chr22.298183	5	1024	305271320	/gbdb/hg19/wib/gc5Base.wib	0	100	1024	49100	2889200
881	chr22	38913430	38918550	chr22.298184	5	1024	305272344	/gbdb/hg19/wib/gc5Base.wib	0	100	1024	42800	2364000
881	chr22	38918550	38923670	chr22.298185	5	1024	305273368	/gbdb/hg19/wib/gc5Base.wib	0	100	1024	43680	2420800
110	chr22	38923670	38928790	chr22.298186	5	1024	305274392	/gbdb/hg19/wib/gc5Base.wib	0	100	1024	44020	2427600
882	chr22	38928790	38933910	chr22.298187	5	1024	305275416	/gbdb/hg19/wib/gc5Base.wib	0	100	1024	42760	2396000
882	chr22	38933910	38939030	chr22.298188	5	1024	305276440	/gbdb/hg19/wib/gc5Base.wib	0	100	1024	38600	1984000
882	chr22	38939030	38944150	chr22.298189	5	1024	305277464	/gbdb/hg19/wib/gc5Base.wib	0	100	1024	45180	2559600
882	chr22	38944150	38949270	chr22.298190	5	1024	305278488	/gbdb/hg19/wib/gc5Base.wib	0	100	1024	43600	2436800
882	chr22	38949270	38954390	chr22.298191	5	1024	305279512	/gbdb/hg19/wib/gc5Base.wib	0	100	1024	41180	2263600
882	chr22	38954390	38959510	chr22.298192	5	1024	305280536	/gbdb/hg19/wib/gc5Base.wib	0	100	1024	40580	2154000
882	chr22	38959510	38964630	chr22.298193	5	1024	305281560	/gbdb/hg19/wib/gc5Base.wib	0	100	1024	45300	2502800
882	chr22	38964630	38969750	chr22.298194	5	1024	305282584	/gbdb/hg19/wib/gc5Base.wib	0	100	1024	46680	2788800
882	chr22	38969750	38974870	chr22.298195	5	1024	305283608	/gbdb/hg19/wib/gc5Base.wib	0	100	1024	41840	2292800
882	chr22	38974870	38979990	chr22.298196	5	1024	305284632	/gbdb/hg19/wib/gc5Base.wib	0	100	1024	44460	2427600
882	chr22	38979990	38985110	chr22.298197	5	1024	305285656	/gbdb/hg19/wib/gc5Base.wib	0	100	1024	42880	2376000
882	chr22	38985110	38990230	chr22.298198	5	1024	305286680	/gbdb/hg19/wib/gc5Base.wib	0	100	1024	45560	2576000
882	chr22	38990230	38995350	chr22.298199	5	1024	305287704	/gbdb/hg19/wib/gc5Base.wib	0	100	1024	45260	2552400
882	chr22	38995350	39000470	chr22.298200	5	1024	305288728	/gbdb/hg19/wib/gc5Base.wib	0	100	1024	45940	2658800
882	chr22	39000470	39005590	chr22.298201	5	1024	305289752	/gbdb/hg19/wib/gc5Base.wib	0	100	1024	46220	2634800
882	chr22	39005590	39010710	chr22.298202	5	1024	305290776	/gbdb/hg19/wib/gc5Base.wib	0	100	1024	44800	2548800
882	chr22	39010710	39015830	chr22.298203	5	1024	305291800	/gbdb/hg19/wib/gc5Base.wib	0	100	1024	49600	2914400
882	chr22	39015830	39020950	chr22.298204	5	1024	305292824	/gbdb/hg19/wib/gc5Base.wib	0	100	1024	49640	2880000
882	chr22	39020950	39026070	chr22.298205	5	1024	305293848	/gbdb/hg19/wib/gc5Base.wib	0	100	1024	46620	2677200
882	chr22	39026070	39031190	chr22.298206	5	1024	305294872	/gbdb/hg19/wib/gc5Base.wib	0	100	1024	49860	2917200
882	chr22	39031190	39036310	chr22.298207	5	1024	305295896	/gbdb/hg19/wib/gc5Base.wib	0	100	1024	47480	2739200
882	chr22	39036310	39041430	chr22.298208	5	1024	305296920	/gbdb/hg19/wib/gc5Base.wib	0	100	1024	46540	2652400
882	chr22	39041430	39046550	chr22.298209	5	1024	305297944	/gbdb/hg19/wib/gc5Base.wib	0	100	1024	47920	2840800
882	chr22	39046550	39051670	chr22.298210	5	1024	305298968	/gbdb/hg19/wib/gc5Base.wib	0	100	1024	48640	2891200
882	chr22	39051670	39056790	chr22.298211	5	1024	305299992	/gbdb/hg19/wib/gc5Base.wib	0	100	1024	50580	3146800
110	chr22	39056790	39061910	chr22.298212	5	1024	305301016	/gbdb/hg19/wib/gc5Base.wib	0	100	1024	46540	2694000
883	chr22	39061910	39067030	chr22.298213	5	1024	305302040	/gbdb/hg19/wib/gc5Base.wib	0	100	1024	48520	2872800
883	chr22	39067030	39072150	chr22.298214	5	1024	305303064	/gbdb/hg19/wib/gc5Base.wib	0	100	1024	51080	3065600
883	chr22	39072150	39077270	chr22.298215	5	1024	305304088	/gbdb/hg19/wib/gc5Base.wib	0	100	1024	48120	2853600
883	chr22	39077270	39082390	chr22.298216	5	1024	305305112	/gbdb/hg19/wib/gc5Base.wib	0	100	1024	49600	2990400
883	chr22	39082390	39087510	chr22.298217	5	1024	305306136	/gbdb/hg19/wib/gc5Base.wib	0	100	1024	49420	2866800
883	chr22	39087510	39092630	chr22.298218	5	1024	305307160	/gbdb/hg19/wib/gc5Base.wib	0	100	1024	46260	2603600
883	chr22	39092630	39097750	chr22.298219	5	1024	305308184	/gbdb/hg19/wib/gc5Base.wib	0	100	1024	51700	3231600
883	chr22	39097750	39102870	chr22.298220	5	1024	305309208	/gbdb/hg19/wib/gc5Base.wib	0	100	1024	53040	3383200
883	chr22	39102870	39107990	chr22.298221	5	1024	305310232	/gbdb/hg19/wib/gc5Base.wib	0	100	1024	43500	2338000
883	chr22	39107990	39113110	chr22.298222	5	1024	305311256	/gbdb/hg19/wib/gc5Base.wib	0	100	1024	52740	3156400
883	chr22	39113110	39118230	chr22.298223	5	1024	305312280	/gbdb/hg19/wib/gc5Base.wib	0	100	1024	47000	2691200
883	chr22	39118230	39123350	chr22.298224	5	1024	305313304	/gbdb/hg19/wib/gc5Base.wib	0	100	1024	49820	2854800
883	chr22	39123350	39128470	chr22.298225	5	1024	305314328	/gbdb/hg19/wib/gc5Base.wib	0	100	1024	58920	3788800
883	chr22	39128470	39133590	chr22.298226	5	1024	305315352	/gbdb/hg19/wib/gc5Base.wib	0	100	1024	57680	3692000
883	chr22	39133590	39138710	chr22.298227	5	1024	305316376	/gbdb/hg19/wib/gc5Base.wib	0	100	1024	60640	3962400
883	chr22	39138710	39143830	chr22.298228	5	1024	305317400	/gbdb/hg19/wib/gc5Base.wib	0	100	1024	50820	3102800
883	chr22	39143830	39148950	chr22.298229	5	1024	305318424	/gbdb/hg19/wib/gc5Base.wib	0	100	1024	59180	3856400
883	chr22	39148950	39154070	chr22.298230	5	1024	305319448	/gbdb/hg19/wib/gc5Base.wib	0	100	1024	57760	3843200
883	chr22	39154070	39159190	chr22.298231	5	1024	305320472	/gbdb/hg19/wib/gc5Base.wib	0	100	1024	57420	3674000
883	chr22	39159190	39164310	chr22.298232	5	1024	305321496	/gbdb/hg19/wib/gc5Base.wib	0	100	1024	56260	3626000
883	chr22	39164310	39169430	chr22.298233	5	1024	305322520	/gbdb/hg19/wib/gc5Base.wib	0	100	1024	57180	3670000
883	chr22	39169430	39174550	chr22.298234	5	1024	305323544	/gbdb/hg19/wib/gc5Base.wib	0	100	1024	58520	3752800
883	chr22	39174550	39179670	chr22.298235	5	1024	305324568	/gbdb/hg19/wib/gc5Base.wib	0	100	1024	58860	3803600
883	chr22	39179670	39184790	chr22.298236	5	1024	305325592	/gbdb/hg19/wib/gc5Base.wib	0	100	1024	50760	3013600
883	chr22	39184790	39189910	chr22.298237	5	1024	305326616	/gbdb/hg19/wib/gc5Base.wib	0	100	1024	46960	2712800
110	chr22	39189910	39195030	chr22.298238	5	1024	305327640	/gbdb/hg19/wib/gc5Base.wib	0	100	1024	50920	3020800
884	chr22	39195030	39200150	chr22.298239	5	1024	305328664	/gbdb/hg19/wib/gc5Base.wib	0	100	1024	48800	2779200
884	chr22	39200150	39205270	chr22.298240	5	1024	305329688	/gbdb/hg19/wib/gc5Base.wib	0	100	1024	54480	3614400
884	chr22	39205270	39210390	chr22.298241	5	1024	305330712	/gbdb/hg19/wib/gc5Base.wib	0	100	1024	43460	2349200
884	chr22	39210390	39215510	chr22.298242	5	1024	305331736	/gbdb/hg19/wib/gc5Base.wib	0	100	1024	52340	3174800
884	chr22	39215510	39220630	chr22.298243	5	1024	305332760	/gbdb/hg19/wib/gc5Base.wib	0	100	1024	57140	3583600
884	chr22	39220630	39225750	chr22.298244	5	1024	305333784	/gbdb/hg19/wib/gc5Base.wib	0	100	1024	55640	3504800
884	chr22	39225750	39230870	chr22.298245	5	1024	305334808	/gbdb/hg19/wib/gc5Base.wib	0	100	1024	57720	3675200
884	chr22	39230870	39235990	chr22.298246	5	1024	305335832	/gbdb/hg19/wib/gc5Base.wib	0	100	1024	52280	3209600
884	chr22	39235990	39241110	chr22.298247	5	1024	305336856	/gbdb/hg19/wib/gc5Base.wib	0	100	1024	62440	4381600
884	chr22	39241110	39246230	chr22.298248	5	1024	305337880	/gbdb/hg19/wib/gc5Base.wib	0	100	1024	53100	3240400
884	chr22	39246230	39251350	chr22.298249	5	1024	305338904	/gbdb/hg19/wib/gc5Base.wib	0	100	1024	51860	3140400
884	chr22	39251350	39256470	chr22.298250	5	1024	305339928	/gbdb/hg19/wib/gc5Base.wib	0	100	1024	48740	2871600
884	chr22	39256470	39261590	chr22.298251	5	1024	305340952	/gbdb/hg19/wib/gc5Base.wib	0	100	1024	58240	3868000
884	chr22	39261590	39266710	chr22.298252	5	1024	305341976	/gbdb/hg19/wib/gc5Base.wib	0	100	1024	59720	3957600
884	chr22	39266710	39271830	chr22.298253	5	1024	305343000	/gbdb/hg19/wib/gc5Base.wib	0	100	1024	57620	3898000
884	chr22	39271830	39276950	chr22.298254	5	1024	305344024	/gbdb/hg19/wib/gc5Base.wib	0	100	1024	47900	2734000
884	chr22	39276950	39282070	chr22.298255	5	1024	305345048	/gbdb/hg19/wib/gc5Base.wib	0	100	1024	49500	2971600
884	chr22	39282070	39287190	chr22.298256	5	1024	305346072	/gbdb/hg19/wib/gc5Base.wib	0	100	1024	40860	2160400
884	chr22	39287190	39292310	chr22.298257	5	1024	305347096	/gbdb/hg19/wib/gc5Base.wib	0	100	1024	39700	2117200
884	chr22	39292310	39297430	chr22.298258	5	1024	305348120	/gbdb/hg19/wib/gc5Base.wib	0	100	1024	36940	1862800
884	chr22	39297430	39302550	chr22.298259	5	1024	305349144	/gbdb/hg19/wib/gc5Base.wib	0	100	1024	39940	2069200
884	chr22	39302550	39307670	chr22.298260	5	1024	305350168	/gbdb/hg19/wib/gc5Base.wib	0	100	1024	42640	2287200
884	chr22	39307670	39312790	chr22.298261	5	1024	305351192	/gbdb/hg19/wib/gc5Base.wib	0	100	1024	43780	2444400
884	chr22	39312790	39317910	chr22.298262	5	1024	305352216	/gbdb/hg19/wib/gc5Base.wib	0	100	1024	46020	2525200
110	chr22	39317910	39323030	chr22.298263	5	1024	305353240	/gbdb/hg19/wib/gc5Base.wib	0	100	1024	47980	2746000
885	chr22	39323030	39328150	chr22.298264	5	1024	305354264	/gbdb/hg19/wib/gc5Base.wib	0	100	1024	46860	2773200
885	chr22	39328150	39333270	chr22.298265	5	1024	305355288	/gbdb/hg19/wib/gc5Base.wib	0	100	1024	47600	2742400
885	chr22	39333270	39338390	chr22.298266	5	1024	305356312	/gbdb/hg19/wib/gc5Base.wib	0	100	1024	47840	2766400
885	chr22	39338390	39343510	chr22.298267	5	1024	305357336	/gbdb/hg19/wib/gc5Base.wib	0	100	1024	51720	3075200
885	chr22	39343510	39348630	chr22.298268	5	1024	305358360	/gbdb/hg19/wib/gc5Base.wib	0	100	1024	53820	3336400
885	chr22	39348630	39353750	chr22.298269	5	1024	305359384	/gbdb/hg19/wib/gc5Base.wib	0	100	1024	59520	3863200
885	chr22	39353750	39358870	chr22.298270	5	1024	305360408	/gbdb/hg19/wib/gc5Base.wib	0	100	1024	54360	3392800
885	chr22	39358870	39363990	chr22.298271	5	1024	305361432	/gbdb/hg19/wib/gc5Base.wib	0	100	1024	59100	3838800
885	chr22	39363990	39369110	chr22.298272	5	1024	305362456	/gbdb/hg19/wib/gc5Base.wib	0	100	1024	52680	3188800
885	chr22	39369110	39374230	chr22.298273	5	1024	305363480	/gbdb/hg19/wib/gc5Base.wib	0	100	1024	50780	3077200
885	chr22	39374230	39379350	chr22.298274	5	1024	305364504	/gbdb/hg19/wib/gc5Base.wib	0	100	1024	50620	3073200
885	chr22	39379350	39384470	chr22.298275	5	1024	305365528	/gbdb/hg19/wib/gc5Base.wib	0	100	1024	54440	3380000
885	chr22	39384470	39389590	chr22.298276	5	1024	305366552	/gbdb/hg19/wib/gc5Base.wib	0	100	1024	55260	3507600
885	chr22	39389590	39394710	chr22.298277	5	1024	305367576	/gbdb/hg19/wib/gc5Base.wib	0	100	1024	53020	3258000
885	chr22	39394710	39399830	chr22.298278	5	1024	305368600	/gbdb/hg19/wib/gc5Base.wib	0	100	1024	50520	3048000
885	chr22	39399830	39404950	chr22.298279	5	1024	305369624	/gbdb/hg19/wib/gc5Base.wib	0	100	1024	46180	2651600
885	chr22	39404950	39410070	chr22.298280	5	1024	305370648	/gbdb/hg19/wib/gc5Base.wib	0	100	1024	49540	2966000
885	chr22	39410070	39415190	chr22.298281	5	1024	305371672	/gbdb/hg19/wib/gc5Base.wib	0	100	1024	55320	3571200
885	chr22	39415190	39420310	chr22.298282	5	1024	305372696	/gbdb/hg19/wib/gc5Base.wib	0	100	1024	54440	3464800
885	chr22	39420310	39425430	chr22.298283	5	1024	305373720	/gbdb/hg19/wib/gc5Base.wib	0	100	1024	57680	3712800
885	chr22	39425430	39430550	chr22.298284	5	1024	305374744	/gbdb/hg19/wib/gc5Base.wib	0	100	1024	53360	3339200
885	chr22	39430550	39435670	chr22.298285	5	1024	305375768	/gbdb/hg19/wib/gc5Base.wib	0	100	1024	50300	3041200
885	chr22	39435670	39440790	chr22.298286	5	1024	305376792	/gbdb/hg19/wib/gc5Base.wib	0	100	1024	54860	3508400
885	chr22	39440790	39445910	chr22.298287	5	1024	305377816	/gbdb/hg19/wib/gc5Base.wib	0	100	1024	56460	3630800
885	chr22	39445910	39451030	chr22.298288	5	1024	305378840	/gbdb/hg19/wib/gc5Base.wib	0	100	1024	53800	3396800
110	chr22	39451030	39456150	chr22.298289	5	1024	305379864	/gbdb/hg19/wib/gc5Base.wib	0	100	1024	46860	2629200
886	chr22	39456150	39461270	chr22.298290	5	1024	305380888	/gbdb/hg19/wib/gc5Base.wib	0	100	1024	51520	3087200
886	chr22	39461270	39466390	chr22.298291	5	1024	305381912	/gbdb/hg19/wib/gc5Base.wib	0	100	1024	47740	2760400
886	chr22	39466390	39471510	chr22.298292	5	1024	305382936	/gbdb/hg19/wib/gc5Base.wib	0	100	1024	50140	3065200
886	chr22	39471510	39476630	chr22.298293	5	1024	305383960	/gbdb/hg19/wib/gc5Base.wib	0	100	1024	55220	3515600
886	chr22	39476630	39481750	chr22.298294	5	1024	305384984	/gbdb/hg19/wib/gc5Base.wib	0	100	1024	57740	3753200
886	chr22	39481750	39486870	chr22.298295	5	1024	305386008	/gbdb/hg19/wib/gc5Base.wib	0	100	1024	56480	3576800
886	chr22	39486870	39491990	chr22.298296	5	1024	305387032	/gbdb/hg19/wib/gc5Base.wib	0	100	1024	52580	3214000
886	chr22	39491990	39497110	chr22.298297	5	1024	305388056	/gbdb/hg19/wib/gc5Base.wib	0	100	1024	55160	3497600
886	chr22	39497110	39502230	chr22.298298	5	1024	305389080	/gbdb/hg19/wib/gc5Base.wib	0	100	1024	49560	3023200
886	chr22	39502230	39507350	chr22.298299	5	1024	305390104	/gbdb/hg19/wib/gc5Base.wib	0	100	1024	46080	2606400
886	chr22	39507350	39512470	chr22.298300	5	1024	305391128	/gbdb/hg19/wib/gc5Base.wib	0	100	1024	44420	2507600
886	chr22	39512470	39517590	chr22.298301	5	1024	305392152	/gbdb/hg19/wib/gc5Base.wib	0	100	1024	45200	2558400
886	chr22	39517590	39522710	chr22.298302	5	1024	305393176	/gbdb/hg19/wib/gc5Base.wib	0	100	1024	50780	3162800
886	chr22	39522710	39527830	chr22.298303	5	1024	305394200	/gbdb/hg19/wib/gc5Base.wib	0	100	1024	53920	3309600
886	chr22	39527830	39532950	chr22.298304	5	1024	305395224	/gbdb/hg19/wib/gc5Base.wib	0	100	1024	59760	3916000
886	chr22	39532950	39538070	chr22.298305	5	1024	305396248	/gbdb/hg19/wib/gc5Base.wib	0	100	1024	55580	3531600
886	chr22	39538070	39543190	chr22.298306	5	1024	305397272	/gbdb/hg19/wib/gc5Base.wib	0	100	1024	56960	3798400
886	chr22	39543190	39548310	chr22.298307	5	1024	305398296	/gbdb/hg19/wib/gc5Base.wib	0	100	1024	57440	3678400
886	chr22	39548310	39553430	chr22.298308	5	1024	305399320	/gbdb/hg19/wib/gc5Base.wib	0	100	1024	51060	3258000
886	chr22	39553430	39558550	chr22.298309	5	1024	305400344	/gbdb/hg19/wib/gc5Base.wib	0	100	1024	42280	2339200
886	chr22	39558550	39563670	chr22.298310	5	1024	305401368	/gbdb/hg19/wib/gc5Base.wib	0	100	1024	45080	2539200
886	chr22	39563670	39568790	chr22.298311	5	1024	305402392	/gbdb/hg19/wib/gc5Base.wib	0	100	1024	54660	3449200
886	chr22	39568790	39573910	chr22.298312	5	1024	305403416	/gbdb/hg19/wib/gc5Base.wib	0	100	1024	59600	3903200
886	chr22	39573910	39579030	chr22.298313	5	1024	305404440	/gbdb/hg19/wib/gc5Base.wib	0	100	1024	54580	3405200
110	chr22	39579030	39584150	chr22.298314	5	1024	305405464	/gbdb/hg19/wib/gc5Base.wib	0	100	1024	53360	3278400
887	chr22	39584150	39589270	chr22.298315	5	1024	305406488	/gbdb/hg19/wib/gc5Base.wib	0	100	1024	48380	2857200
887	chr22	39589270	39594390	chr22.298316	5	1024	305407512	/gbdb/hg19/wib/gc5Base.wib	0	100	1024	41280	2208000
887	chr22	39594390	39599510	chr22.298317	5	1024	305408536	/gbdb/hg19/wib/gc5Base.wib	0	100	1024	45820	2635600
887	chr22	39599510	39604630	chr22.298318	5	1024	305409560	/gbdb/hg19/wib/gc5Base.wib	0	100	1024	56400	3570400
887	chr22	39604630	39609750	chr22.298319	5	1024	305410584	/gbdb/hg19/wib/gc5Base.wib	0	100	1024	51720	3188000
887	chr22	39609750	39614870	chr22.298320	5	1024	305411608	/gbdb/hg19/wib/gc5Base.wib	0	100	1024	46580	2608400
887	chr22	39614870	39619990	chr22.298321	5	1024	305412632	/gbdb/hg19/wib/gc5Base.wib	0	100	1024	51980	3066800
887	chr22	39619990	39625110	chr22.298322	5	1024	305413656	/gbdb/hg19/wib/gc5Base.wib	0	100	1024	55060	3446000
887	chr22	39625110	39630230	chr22.298323	5	1024	305414680	/gbdb/hg19/wib/gc5Base.wib	0	100	1024	58260	3818000
887	chr22	39630230	39635350	chr22.298324	5	1024	305415704	/gbdb/hg19/wib/gc5Base.wib	0	100	1024	58300	3797200
887	chr22	39635350	39640470	chr22.298325	5	1024	305416728	/gbdb/hg19/wib/gc5Base.wib	0	100	1024	66300	4773200
887	chr22	39640470	39645590	chr22.298326	5	1024	305417752	/gbdb/hg19/wib/gc5Base.wib	0	100	1024	57040	3695200
887	chr22	39645590	39650710	chr22.298327	5	1024	305418776	/gbdb/hg19/wib/gc5Base.wib	0	100	1024	59060	3870000
887	chr22	39650710	39655830	chr22.298328	5	1024	305419800	/gbdb/hg19/wib/gc5Base.wib	0	100	1024	59740	3953200
887	chr22	39655830	39660950	chr22.298329	5	1024	305420824	/gbdb/hg19/wib/gc5Base.wib	0	100	1024	55420	3465200
887	chr22	39660950	39666070	chr22.298330	5	1024	305421848	/gbdb/hg19/wib/gc5Base.wib	0	100	1024	54380	3388400
887	chr22	39666070	39671190	chr22.298331	5	1024	305422872	/gbdb/hg19/wib/gc5Base.wib	0	100	1024	53200	3276800
887	chr22	39671190	39676310	chr22.298332	5	1024	305423896	/gbdb/hg19/wib/gc5Base.wib	0	100	1024	53800	3316800
887	chr22	39676310	39681430	chr22.298333	5	1024	305424920	/gbdb/hg19/wib/gc5Base.wib	0	100	1024	56980	3645200
887	chr22	39681430	39686550	chr22.298334	5	1024	305425944	/gbdb/hg19/wib/gc5Base.wib	0	100	1024	53660	3342800
887	chr22	39686550	39691670	chr22.298335	5	1024	305426968	/gbdb/hg19/wib/gc5Base.wib	0	100	1024	60480	4042400
887	chr22	39691670	39696790	chr22.298336	5	1024	305427992	/gbdb/hg19/wib/gc5Base.wib	0	100	1024	59560	3932000
887	chr22	39696790	39701910	chr22.298337	5	1024	305429016	/gbdb/hg19/wib/gc5Base.wib	0	100	1024	53760	3352000
887	chr22	39701910	39707030	chr22.298338	5	1024	305430040	/gbdb/hg19/wib/gc5Base.wib	0	100	1024	57440	3691200
887	chr22	39707030	39712150	chr22.298339	5	1024	305431064	/gbdb/hg19/wib/gc5Base.wib	0	100	1024	57520	3636000
110	chr22	39712150	39717270	chr22.298340	5	1024	305432088	/gbdb/hg19/wib/gc5Base.wib	0	100	1024	53220	3326800
888	chr22	39717270	39722390	chr22.298341	5	1024	305433112	/gbdb/hg19/wib/gc5Base.wib	0	100	1024	49340	2916400
888	chr22	39722390	39727510	chr22.298342	5	1024	305434136	/gbdb/hg19/wib/gc5Base.wib	0	100	1024	52660	3246800
888	chr22	39727510	39732630	chr22.298343	5	1024	305435160	/gbdb/hg19/wib/gc5Base.wib	0	100	1024	46640	2701600
888	chr22	39732630	39737750	chr22.298344	5	1024	305436184	/gbdb/hg19/wib/gc5Base.wib	0	100	1024	44700	2561200
888	chr22	39737750	39742870	chr22.298345	5	1024	305437208	/gbdb/hg19/wib/gc5Base.wib	0	100	1024	46560	2657600
888	chr22	39742870	39747990	chr22.298346	5	1024	305438232	/gbdb/hg19/wib/gc5Base.wib	0	100	1024	57780	3906000
888	chr22	39747990	39753110	chr22.298347	5	1024	305439256	/gbdb/hg19/wib/gc5Base.wib	0	100	1024	53940	3354000
888	chr22	39753110	39758230	chr22.298348	5	1024	305440280	/gbdb/hg19/wib/gc5Base.wib	0	100	1024	58900	3874000
888	chr22	39758230	39763350	chr22.298349	5	1024	305441304	/gbdb/hg19/wib/gc5Base.wib	0	100	1024	57560	3691200
888	chr22	39763350	39768470	chr22.298350	5	1024	305442328	/gbdb/hg19/wib/gc5Base.wib	0	100	1024	52420	3214800
888	chr22	39768470	39773590	chr22.298351	5	1024	305443352	/gbdb/hg19/wib/gc5Base.wib	0	100	1024	59520	3896800
888	chr22	39773590	39778710	chr22.298352	5	1024	305444376	/gbdb/hg19/wib/gc5Base.wib	0	100	1024	55060	3449200
888	chr22	39778710	39783830	chr22.298353	5	1024	305445400	/gbdb/hg19/wib/gc5Base.wib	0	100	1024	55780	3550800
888	chr22	39783830	39788950	chr22.298354	5	1024	305446424	/gbdb/hg19/wib/gc5Base.wib	0	100	1024	50180	3142000
888	chr22	39788950	39794070	chr22.298355	5	1024	305447448	/gbdb/hg19/wib/gc5Base.wib	0	100	1024	51300	3127600
888	chr22	39794070	39799190	chr22.298356	5	1024	305448472	/gbdb/hg19/wib/gc5Base.wib	0	100	1024	54260	3440400
888	chr22	39799190	39804310	chr22.298357	5	1024	305449496	/gbdb/hg19/wib/gc5Base.wib	0	100	1024	48340	2841200
888	chr22	39804310	39809430	chr22.298358	5	1024	305450520	/gbdb/hg19/wib/gc5Base.wib	0	100	1024	42900	2328400
888	chr22	39809430	39814550	chr22.298359	5	1024	305451544	/gbdb/hg19/wib/gc5Base.wib	0	100	1024	56240	3544800
888	chr22	39814550	39819670	chr22.298360	5	1024	305452568	/gbdb/hg19/wib/gc5Base.wib	0	100	1024	53760	3268800
888	chr22	39819670	39824790	chr22.298361	5	1024	305453592	/gbdb/hg19/wib/gc5Base.wib	0	100	1024	50580	3056400
888	chr22	39824790	39829910	chr22.298362	5	1024	305454616	/gbdb/hg19/wib/gc5Base.wib	0	100	1024	60460	3999600
888	chr22	39829910	39835030	chr22.298363	5	1024	305455640	/gbdb/hg19/wib/gc5Base.wib	0	100	1024	56460	3600400
888	chr22	39835030	39840150	chr22.298364	5	1024	305456664	/gbdb/hg19/wib/gc5Base.wib	0	100	1024	49420	2938000
888	chr22	39840150	39845270	chr22.298365	5	1024	305457688	/gbdb/hg19/wib/gc5Base.wib	0	100	1024	58500	3792400
13	chr22	39845270	39850390	chr22.298366	5	1024	305458712	/gbdb/hg19/wib/gc5Base.wib	0	100	1024	56600	3587200
889	chr22	39850390	39855510	chr22.298367	5	1024	305459736	/gbdb/hg19/wib/gc5Base.wib	0	100	1024	64480	4610400
889	chr22	39855510	39860630	chr22.298368	5	1024	305460760	/gbdb/hg19/wib/gc5Base.wib	0	100	1024	55880	3548800
889	chr22	39860630	39865750	chr22.298369	5	1024	305461784	/gbdb/hg19/wib/gc5Base.wib	0	100	1024	57840	3725600
889	chr22	39865750	39870870	chr22.298370	5	1024	305462808	/gbdb/hg19/wib/gc5Base.wib	0	100	1024	60960	4035200
889	chr22	39870870	39875990	chr22.298371	5	1024	305463832	/gbdb/hg19/wib/gc5Base.wib	0	100	1024	57940	3713200
889	chr22	39875990	39881110	chr22.298372	5	1024	305464856	/gbdb/hg19/wib/gc5Base.wib	0	100	1024	54220	3330000
889	chr22	39881110	39886230	chr22.298373	5	1024	305465880	/gbdb/hg19/wib/gc5Base.wib	0	100	1024	57980	3826800
889	chr22	39886230	39891350	chr22.298374	5	1024	305466904	/gbdb/hg19/wib/gc5Base.wib	0	100	1024	55080	3420800
889	chr22	39891350	39896470	chr22.298375	5	1024	305467928	/gbdb/hg19/wib/gc5Base.wib	0	100	1024	52980	3242800
889	chr22	39896470	39901590	chr22.298376	5	1024	305468952	/gbdb/hg19/wib/gc5Base.wib	0	100	1024	54500	3453200
889	chr22	39901590	39906710	chr22.298377	5	1024	305469976	/gbdb/hg19/wib/gc5Base.wib	0	100	1024	48580	2805200
889	chr22	39906710	39911830	chr22.298378	5	1024	305471000	/gbdb/hg19/wib/gc5Base.wib	0	100	1024	52320	3168800
889	chr22	39911830	39916950	chr22.298379	5	1024	305472024	/gbdb/hg19/wib/gc5Base.wib	0	100	1024	51860	3211600
889	chr22	39916950	39922070	chr22.298380	5	1024	305473048	/gbdb/hg19/wib/gc5Base.wib	0	100	1024	56000	3515200
889	chr22	39922070	39927190	chr22.298381	5	1024	305474072	/gbdb/hg19/wib/gc5Base.wib	0	100	1024	57820	3734000
889	chr22	39927190	39932310	chr22.298382	5	1024	305475096	/gbdb/hg19/wib/gc5Base.wib	0	100	1024	57440	3776000
889	chr22	39932310	39937430	chr22.298383	5	1024	305476120	/gbdb/hg19/wib/gc5Base.wib	0	100	1024	52980	3266000
889	chr22	39937430	39942550	chr22.298384	5	1024	305477144	/gbdb/hg19/wib/gc5Base.wib	0	100	1024	52720	3248000
889	chr22	39942550	39947670	chr22.298385	5	1024	305478168	/gbdb/hg19/wib/gc5Base.wib	0	100	1024	54040	3325600
889	chr22	39947670	39952790	chr22.298386	5	1024	305479192	/gbdb/hg19/wib/gc5Base.wib	0	100	1024	53120	3228800
889	chr22	39952790	39957910	chr22.298387	5	1024	305480216	/gbdb/hg19/wib/gc5Base.wib	0	100	1024	63080	4376000
889	chr22	39957910	39963030	chr22.298388	5	1024	305481240	/gbdb/hg19/wib/gc5Base.wib	0	100	1024	51900	3000400
889	chr22	39963030	39968150	chr22.298389	5	1024	305482264	/gbdb/hg19/wib/gc5Base.wib	0	100	1024	57720	3704800
889	chr22	39968150	39973270	chr22.298390	5	1024	305483288	/gbdb/hg19/wib/gc5Base.wib	0	100	1024	57600	3692800
111	chr22	39973270	39978390	chr22.298391	5	1024	305484312	/gbdb/hg19/wib/gc5Base.wib	0	100	1024	57940	3671600
890	chr22	39978390	39983510	chr22.298392	5	1024	305485336	/gbdb/hg19/wib/gc5Base.wib	0	100	1024	50560	2975200
890	chr22	39983510	39988630	chr22.298393	5	1024	305486360	/gbdb/hg19/wib/gc5Base.wib	0	100	1024	54580	3440400
890	chr22	39988630	39993750	chr22.298394	5	1024	305487384	/gbdb/hg19/wib/gc5Base.wib	0	100	1024	58280	3809600
890	chr22	39993750	39998870	chr22.298395	5	1024	305488408	/gbdb/hg19/wib/gc5Base.wib	0	100	1024	56040	3556000
890	chr22	39998870	40003990	chr22.298396	5	1024	305489432	/gbdb/hg19/wib/gc5Base.wib	0	100	1024	50380	3002800
890	chr22	40003990	40009110	chr22.298397	5	1024	305490456	/gbdb/hg19/wib/gc5Base.wib	0	100	1024	51340	3018800
890	chr22	40009110	40014230	chr22.298398	5	1024	305491480	/gbdb/hg19/wib/gc5Base.wib	0	100	1024	56180	3542800
890	chr22	40014230	40019350	chr22.298399	5	1024	305492504	/gbdb/hg19/wib/gc5Base.wib	0	100	1024	58700	3748400
890	chr22	40019350	40024470	chr22.298400	5	1024	305493528	/gbdb/hg19/wib/gc5Base.wib	0	100	1024	57400	3663200
890	chr22	40024470	40029590	chr22.298401	5	1024	305494552	/gbdb/hg19/wib/gc5Base.wib	0	100	1024	60020	3947600
890	chr22	40029590	40034710	chr22.298402	5	1024	305495576	/gbdb/hg19/wib/gc5Base.wib	0	100	1024	52660	3209200
890	chr22	40034710	40039830	chr22.298403	5	1024	305496600	/gbdb/hg19/wib/gc5Base.wib	0	100	1024	53080	3272000
890	chr22	40039830	40044950	chr22.298404	5	1024	305497624	/gbdb/hg19/wib/gc5Base.wib	0	100	1024	60000	3973600
890	chr22	40044950	40050070	chr22.298405	5	1024	305498648	/gbdb/hg19/wib/gc5Base.wib	0	100	1024	61220	4082800
890	chr22	40050070	40055190	chr22.298406	5	1024	305499672	/gbdb/hg19/wib/gc5Base.wib	0	100	1024	57600	3677600
890	chr22	40055190	40060310	chr22.298407	5	1024	305500696	/gbdb/hg19/wib/gc5Base.wib	0	100	1024	62920	4280000
890	chr22	40060310	40065430	chr22.298408	5	1024	305501720	/gbdb/hg19/wib/gc5Base.wib	0	100	1024	60940	3996400
890	chr22	40065430	40070550	chr22.298409	5	1024	305502744	/gbdb/hg19/wib/gc5Base.wib	0	100	1024	55580	3472400
890	chr22	40070550	40075670	chr22.298410	5	1024	305503768	/gbdb/hg19/wib/gc5Base.wib	0	100	1024	61160	4098400
890	chr22	40075670	40080790	chr22.298411	5	1024	305504792	/gbdb/hg19/wib/gc5Base.wib	0	100	1024	61140	4062800
890	chr22	40080790	40085910	chr22.298412	5	1024	305505816	/gbdb/hg19/wib/gc5Base.wib	0	100	1024	63780	4474000
890	chr22	40085910	40091030	chr22.298413	5	1024	305506840	/gbdb/hg19/wib/gc5Base.wib	0	100	1024	55640	3538400
890	chr22	40091030	40096150	chr22.298414	5	1024	305507864	/gbdb/hg19/wib/gc5Base.wib	0	100	1024	56580	3600400
890	chr22	40096150	40101270	chr22.298415	5	1024	305508888	/gbdb/hg19/wib/gc5Base.wib	0	100	1024	54320	3389600
890	chr22	40101270	40106390	chr22.298416	5	1024	305509912	/gbdb/hg19/wib/gc5Base.wib	0	100	1024	54420	3434000
111	chr22	40106390	40111510	chr22.298417	5	1024	305510936	/gbdb/hg19/wib/gc5Base.wib	0	100	1024	55640	3489600
891	chr22	40111510	40116630	chr22.298418	5	1024	305511960	/gbdb/hg19/wib/gc5Base.wib	0	100	1024	55060	3448400
891	chr22	40116630	40121750	chr22.298419	5	1024	305512984	/gbdb/hg19/wib/gc5Base.wib	0	100	1024	53300	3218800
891	chr22	40121750	40126870	chr22.298420	5	1024	305514008	/gbdb/hg19/wib/gc5Base.wib	0	100	1024	51580	3111600
891	chr22	40126870	40131990	chr22.298421	5	1024	305515032	/gbdb/hg19/wib/gc5Base.wib	0	100	1024	49160	2887200
891	chr22	40131990	40137110	chr22.298422	5	1024	305516056	/gbdb/hg19/wib/gc5Base.wib	0	100	1024	39580	2017200
891	chr22	40137110	40142230	chr22.298423	5	1024	305517080	/gbdb/hg19/wib/gc5Base.wib	0	100	1024	39700	2026800
891	chr22	40142230	40147350	chr22.298424	5	1024	305518104	/gbdb/hg19/wib/gc5Base.wib	0	100	1024	41400	2183200
891	chr22	40147350	40152470	chr22.298425	5	1024	305519128	/gbdb/hg19/wib/gc5Base.wib	0	100	1024	40080	2025600
891	chr22	40152470	40157590	chr22.298426	5	1024	305520152	/gbdb/hg19/wib/gc5Base.wib	0	100	1024	35100	1699600
891	chr22	40157590	40162710	chr22.298427	5	1024	305521176	/gbdb/hg19/wib/gc5Base.wib	0	100	1024	38460	1940400
891	chr22	40162710	40167830	chr22.298428	5	1024	305522200	/gbdb/hg19/wib/gc5Base.wib	0	100	1024	38160	1889600
891	chr22	40167830	40172950	chr22.298429	5	1024	305523224	/gbdb/hg19/wib/gc5Base.wib	0	100	1024	39640	2010400
891	chr22	40172950	40178070	chr22.298430	5	1024	305524248	/gbdb/hg19/wib/gc5Base.wib	0	100	1024	37880	1920000
891	chr22	40178070	40183190	chr22.298431	5	1024	305525272	/gbdb/hg19/wib/gc5Base.wib	0	100	1024	39100	1950800
891	chr22	40183190	40188310	chr22.298432	5	1024	305526296	/gbdb/hg19/wib/gc5Base.wib	0	100	1024	41440	2152000
891	chr22	40188310	40193430	chr22.298433	5	1024	305527320	/gbdb/hg19/wib/gc5Base.wib	0	100	1024	37940	1910000
891	chr22	40193430	40198550	chr22.298434	5	1024	305528344	/gbdb/hg19/wib/gc5Base.wib	0	100	1024	43940	2358800
891	chr22	40198550	40203670	chr22.298435	5	1024	305529368	/gbdb/hg19/wib/gc5Base.wib	0	100	1024	45700	2511600
891	chr22	40203670	40208790	chr22.298436	5	1024	305530392	/gbdb/hg19/wib/gc5Base.wib	0	100	1024	44140	2367600
891	chr22	40208790	40213910	chr22.298437	5	1024	305531416	/gbdb/hg19/wib/gc5Base.wib	0	100	1024	36820	1842000
891	chr22	40213910	40219030	chr22.298438	5	1024	305532440	/gbdb/hg19/wib/gc5Base.wib	0	100	1024	38860	1930000
891	chr22	40219030	40224150	chr22.298439	5	1024	305533464	/gbdb/hg19/wib/gc5Base.wib	0	100	1024	37740	1913200
891	chr22	40224150	40229270	chr22.298440	5	1024	305534488	/gbdb/hg19/wib/gc5Base.wib	0	100	1024	40540	2150800
891	chr22	40229270	40234390	chr22.298441	5	1024	305535512	/gbdb/hg19/wib/gc5Base.wib	0	100	1024	33540	1558000
111	chr22	40234390	40239510	chr22.298442	5	1024	305536536	/gbdb/hg19/wib/gc5Base.wib	0	100	1024	37760	1864800
892	chr22	40239510	40244630	chr22.298443	5	1024	305537560	/gbdb/hg19/wib/gc5Base.wib	0	100	1024	41060	2122800
892	chr22	40244630	40249750	chr22.298444	5	1024	305538584	/gbdb/hg19/wib/gc5Base.wib	0	100	1024	36440	1772000
892	chr22	40249750	40254870	chr22.298445	5	1024	305539608	/gbdb/hg19/wib/gc5Base.wib	0	100	1024	40920	2118400
892	chr22	40254870	40259990	chr22.298446	5	1024	305540632	/gbdb/hg19/wib/gc5Base.wib	0	100	1024	39080	1943200
892	chr22	40259990	40265110	chr22.298447	5	1024	305541656	/gbdb/hg19/wib/gc5Base.wib	0	100	1024	43160	2350400
892	chr22	40265110	40270230	chr22.298448	5	1024	305542680	/gbdb/hg19/wib/gc5Base.wib	0	100	1024	36940	1854000
892	chr22	40270230	40275350	chr22.298449	5	1024	305543704	/gbdb/hg19/wib/gc5Base.wib	0	100	1024	39720	2065600
892	chr22	40275350	40280470	chr22.298450	5	1024	305544728	/gbdb/hg19/wib/gc5Base.wib	0	100	1024	39440	2008800
892	chr22	40280470	40285590	chr22.298451	5	1024	305545752	/gbdb/hg19/wib/gc5Base.wib	0	100	1024	38240	1925600
892	chr22	40285590	40290710	chr22.298452	5	1024	305546776	/gbdb/hg19/wib/gc5Base.wib	0	100	1024	41120	2218400
892	chr22	40290710	40295830	chr22.298453	5	1024	305547800	/gbdb/hg19/wib/gc5Base.wib	0	100	1024	42500	2243600
892	chr22	40295830	40300950	chr22.298454	5	1024	305548824	/gbdb/hg19/wib/gc5Base.wib	0	100	1024	39860	2026000
892	chr22	40300950	40306070	chr22.298455	5	1024	305549848	/gbdb/hg19/wib/gc5Base.wib	0	100	1024	41900	2196400
892	chr22	40306070	40311190	chr22.298456	5	1024	305550872	/gbdb/hg19/wib/gc5Base.wib	0	100	1024	46160	2609600
892	chr22	40311190	40316310	chr22.298457	5	1024	305551896	/gbdb/hg19/wib/gc5Base.wib	0	100	1024	40220	2106800
892	chr22	40316310	40321430	chr22.298458	5	1024	305552920	/gbdb/hg19/wib/gc5Base.wib	0	100	1024	44360	2411200
892	chr22	40321430	40326550	chr22.298459	5	1024	305553944	/gbdb/hg19/wib/gc5Base.wib	0	100	1024	43900	2390000
892	chr22	40326550	40331670	chr22.298460	5	1024	305554968	/gbdb/hg19/wib/gc5Base.wib	0	100	1024	43900	2350800
892	chr22	40331670	40336790	chr22.298461	5	1024	305555992	/gbdb/hg19/wib/gc5Base.wib	0	100	1024	47220	2689200
892	chr22	40336790	40341910	chr22.298462	5	1024	305557016	/gbdb/hg19/wib/gc5Base.wib	0	100	1024	42860	2325200
892	chr22	40341910	40347030	chr22.298463	5	1024	305558040	/gbdb/hg19/wib/gc5Base.wib	0	100	1024	49160	2804000
892	chr22	40347030	40352150	chr22.298464	5	1024	305559064	/gbdb/hg19/wib/gc5Base.wib	0	100	1024	46500	2626800
892	chr22	40352150	40357270	chr22.298465	5	1024	305560088	/gbdb/hg19/wib/gc5Base.wib	0	100	1024	51420	3058000
892	chr22	40357270	40362390	chr22.298466	5	1024	305561112	/gbdb/hg19/wib/gc5Base.wib	0	100	1024	45640	2530400
892	chr22	40362390	40367510	chr22.298467	5	1024	305562136	/gbdb/hg19/wib/gc5Base.wib	0	100	1024	50380	2976400
111	chr22	40367510	40372630	chr22.298468	5	1024	305563160	/gbdb/hg19/wib/gc5Base.wib	0	100	1024	50260	2925200
893	chr22	40372630	40377750	chr22.298469	5	1024	305564184	/gbdb/hg19/wib/gc5Base.wib	0	100	1024	47960	2728800
893	chr22	40377750	40382870	chr22.298470	5	1024	305565208	/gbdb/hg19/wib/gc5Base.wib	0	100	1024	52020	3167600
893	chr22	40382870	40387990	chr22.298471	5	1024	305566232	/gbdb/hg19/wib/gc5Base.wib	0	100	1024	50900	3026000
893	chr22	40387990	40393110	chr22.298472	5	1024	305567256	/gbdb/hg19/wib/gc5Base.wib	0	100	1024	55000	3593600
893	chr22	40393110	40398230	chr22.298473	5	1024	305568280	/gbdb/hg19/wib/gc5Base.wib	0	100	1024	51980	3148400
893	chr22	40398230	40403350	chr22.298474	5	1024	305569304	/gbdb/hg19/wib/gc5Base.wib	0	100	1024	53380	3282000
893	chr22	40403350	40408470	chr22.298475	5	1024	305570328	/gbdb/hg19/wib/gc5Base.wib	0	100	1024	53460	3252400
893	chr22	40408470	40413590	chr22.298476	5	1024	305571352	/gbdb/hg19/wib/gc5Base.wib	0	100	1024	43220	2393200
893	chr22	40413590	40418710	chr22.298477	5	1024	305572376	/gbdb/hg19/wib/gc5Base.wib	0	100	1024	55340	3485200
893	chr22	40418710	40423830	chr22.298478	5	1024	305573400	/gbdb/hg19/wib/gc5Base.wib	0	100	1024	57220	3656400
893	chr22	40423830	40428950	chr22.298479	5	1024	305574424	/gbdb/hg19/wib/gc5Base.wib	0	100	1024	58220	3761200
893	chr22	40428950	40434070	chr22.298480	5	1024	305575448	/gbdb/hg19/wib/gc5Base.wib	0	100	1024	51960	3102400
893	chr22	40434070	40439190	chr22.298481	5	1024	305576472	/gbdb/hg19/wib/gc5Base.wib	0	100	1024	47200	2652800
893	chr22	40439190	40444310	chr22.298482	5	1024	305577496	/gbdb/hg19/wib/gc5Base.wib	0	100	1024	52240	3326400
893	chr22	40444310	40449430	chr22.298483	5	1024	305578520	/gbdb/hg19/wib/gc5Base.wib	0	100	1024	44780	2490800
893	chr22	40449430	40454550	chr22.298484	5	1024	305579544	/gbdb/hg19/wib/gc5Base.wib	0	100	1024	43380	2346800
893	chr22	40454550	40459670	chr22.298485	5	1024	305580568	/gbdb/hg19/wib/gc5Base.wib	0	100	1024	39680	2140800
893	chr22	40459670	40464790	chr22.298486	5	1024	305581592	/gbdb/hg19/wib/gc5Base.wib	0	100	1024	41500	2196400
893	chr22	40464790	40469910	chr22.298487	5	1024	305582616	/gbdb/hg19/wib/gc5Base.wib	0	100	1024	40160	2155200
893	chr22	40469910	40475030	chr22.298488	5	1024	305583640	/gbdb/hg19/wib/gc5Base.wib	0	100	1024	41460	2237200
893	chr22	40475030	40480150	chr22.298489	5	1024	305584664	/gbdb/hg19/wib/gc5Base.wib	0	100	1024	42400	2298400
893	chr22	40480150	40485270	chr22.298490	5	1024	305585688	/gbdb/hg19/wib/gc5Base.wib	0	100	1024	40880	2122400
893	chr22	40485270	40490390	chr22.298491	5	1024	305586712	/gbdb/hg19/wib/gc5Base.wib	0	100	1024	39080	2013600
893	chr22	40490390	40495510	chr22.298492	5	1024	305587736	/gbdb/hg19/wib/gc5Base.wib	0	100	1024	41100	2156400
893	chr22	40495510	40500630	chr22.298493	5	1024	305588760	/gbdb/hg19/wib/gc5Base.wib	0	100	1024	44500	2532400
111	chr22	40500630	40505750	chr22.298494	5	1024	305589784	/gbdb/hg19/wib/gc5Base.wib	0	100	1024	40380	2080400
894	chr22	40505750	40510870	chr22.298495	5	1024	305590808	/gbdb/hg19/wib/gc5Base.wib	0	100	1024	45880	2570400
894	chr22	40510870	40515990	chr22.298496	5	1024	305591832	/gbdb/hg19/wib/gc5Base.wib	0	100	1024	42460	2259600
894	chr22	40515990	40521110	chr22.298497	5	1024	305592856	/gbdb/hg19/wib/gc5Base.wib	0	100	1024	45540	2538000
894	chr22	40521110	40526230	chr22.298498	5	1024	305593880	/gbdb/hg19/wib/gc5Base.wib	0	100	1024	41100	2190000
894	chr22	40526230	40531350	chr22.298499	5	1024	305594904	/gbdb/hg19/wib/gc5Base.wib	0	100	1024	45480	2634400
894	chr22	40531350	40536470	chr22.298500	5	1024	305595928	/gbdb/hg19/wib/gc5Base.wib	0	100	1024	42400	2267200
894	chr22	40536470	40541590	chr22.298501	5	1024	305596952	/gbdb/hg19/wib/gc5Base.wib	0	100	1024	43620	2440400
894	chr22	40541590	40546710	chr22.298502	5	1024	305597976	/gbdb/hg19/wib/gc5Base.wib	0	100	1024	45300	2538000
894	chr22	40546710	40551830	chr22.298503	5	1024	305599000	/gbdb/hg19/wib/gc5Base.wib	0	100	1024	42260	2371600
894	chr22	40551830	40556950	chr22.298504	5	1024	305600024	/gbdb/hg19/wib/gc5Base.wib	0	100	1024	43420	2407600
894	chr22	40556950	40562070	chr22.298505	5	1024	305601048	/gbdb/hg19/wib/gc5Base.wib	0	100	1024	41380	2286800
894	chr22	40562070	40567190	chr22.298506	5	1024	305602072	/gbdb/hg19/wib/gc5Base.wib	0	100	1024	37020	1923600
894	chr22	40567190	40572310	chr22.298507	5	1024	305603096	/gbdb/hg19/wib/gc5Base.wib	0	100	1024	43080	2412800
894	chr22	40572310	40577430	chr22.298508	5	1024	305604120	/gbdb/hg19/wib/gc5Base.wib	0	100	1024	42200	2280000
894	chr22	40577430	40582550	chr22.298509	5	1024	305605144	/gbdb/hg19/wib/gc5Base.wib	0	100	1024	45700	2519600
894	chr22	40582550	40587670	chr22.298510	5	1024	305606168	/gbdb/hg19/wib/gc5Base.wib	0	100	1024	40720	2124000
894	chr22	40587670	40592790	chr22.298511	5	1024	305607192	/gbdb/hg19/wib/gc5Base.wib	0	100	1024	48440	2825600
894	chr22	40592790	40597910	chr22.298512	5	1024	305608216	/gbdb/hg19/wib/gc5Base.wib	0	100	1024	43680	2408800
894	chr22	40597910	40603030	chr22.298513	5	1024	305609240	/gbdb/hg19/wib/gc5Base.wib	0	100	1024	39620	2017200
894	chr22	40603030	40608150	chr22.298514	5	1024	305610264	/gbdb/hg19/wib/gc5Base.wib	0	100	1024	43300	2354800
894	chr22	40608150	40613270	chr22.298515	5	1024	305611288	/gbdb/hg19/wib/gc5Base.wib	0	100	1024	44880	2484800
894	chr22	40613270	40618390	chr22.298516	5	1024	305612312	/gbdb/hg19/wib/gc5Base.wib	0	100	1024	47260	2693200
894	chr22	40618390	40623510	chr22.298517	5	1024	305613336	/gbdb/hg19/wib/gc5Base.wib	0	100	1024	43400	2385600
894	chr22	40623510	40628630	chr22.298518	5	1024	305614360	/gbdb/hg19/wib/gc5Base.wib	0	100	1024	39980	2086800
111	chr22	40628630	40633750	chr22.298519	5	1024	305615384	/gbdb/hg19/wib/gc5Base.wib	0	100	1024	44820	2507600
895	chr22	40633750	40638870	chr22.298520	5	1024	305616408	/gbdb/hg19/wib/gc5Base.wib	0	100	1024	46040	2563200
895	chr22	40638870	40643990	chr22.298521	5	1024	305617432	/gbdb/hg19/wib/gc5Base.wib	0	100	1024	41380	2218000
895	chr22	40643990	40649110	chr22.298522	5	1024	305618456	/gbdb/hg19/wib/gc5Base.wib	0	100	1024	39540	2025200
895	chr22	40649110	40654230	chr22.298523	5	1024	305619480	/gbdb/hg19/wib/gc5Base.wib	0	100	1024	45320	2532800
895	chr22	40654230	40659350	chr22.298524	5	1024	305620504	/gbdb/hg19/wib/gc5Base.wib	0	100	1024	45480	2616800
895	chr22	40659350	40664470	chr22.298525	5	1024	305621528	/gbdb/hg19/wib/gc5Base.wib	0	100	1024	47940	2721200
895	chr22	40664470	40669590	chr22.298526	5	1024	305622552	/gbdb/hg19/wib/gc5Base.wib	0	100	1024	41800	2281600
895	chr22	40669590	40674710	chr22.298527	5	1024	305623576	/gbdb/hg19/wib/gc5Base.wib	0	100	1024	43460	2384400
895	chr22	40674710	40679830	chr22.298528	5	1024	305624600	/gbdb/hg19/wib/gc5Base.wib	0	100	1024	40460	2122800
895	chr22	40679830	40684950	chr22.298529	5	1024	305625624	/gbdb/hg19/wib/gc5Base.wib	0	100	1024	43180	2312400
895	chr22	40684950	40690070	chr22.298530	5	1024	305626648	/gbdb/hg19/wib/gc5Base.wib	0	100	1024	47040	2700000
895	chr22	40690070	40695190	chr22.298531	5	1024	305627672	/gbdb/hg19/wib/gc5Base.wib	0	100	1024	45320	2596800
895	chr22	40695190	40700310	chr22.298532	5	1024	305628696	/gbdb/hg19/wib/gc5Base.wib	0	100	1024	42860	2354000
895	chr22	40700310	40705430	chr22.298533	5	1024	305629720	/gbdb/hg19/wib/gc5Base.wib	0	100	1024	43360	2353600
895	chr22	40705430	40710550	chr22.298534	5	1024	305630744	/gbdb/hg19/wib/gc5Base.wib	0	100	1024	41260	2155600
895	chr22	40710550	40715670	chr22.298535	5	1024	305631768	/gbdb/hg19/wib/gc5Base.wib	0	100	1024	44640	2485600
895	chr22	40715670	40720790	chr22.298536	5	1024	305632792	/gbdb/hg19/wib/gc5Base.wib	0	100	1024	45520	2546400
895	chr22	40720790	40725910	chr22.298537	5	1024	305633816	/gbdb/hg19/wib/gc5Base.wib	0	100	1024	40920	2156800
895	chr22	40725910	40731030	chr22.298538	5	1024	305634840	/gbdb/hg19/wib/gc5Base.wib	0	100	1024	44640	2435200
895	chr22	40731030	40736150	chr22.298539	5	1024	305635864	/gbdb/hg19/wib/gc5Base.wib	0	100	1024	44440	2476800
895	chr22	40736150	40741270	chr22.298540	5	1024	305636888	/gbdb/hg19/wib/gc5Base.wib	0	100	1024	47740	2767600
895	chr22	40741270	40746390	chr22.298541	5	1024	305637912	/gbdb/hg19/wib/gc5Base.wib	0	100	1024	49200	2951200
895	chr22	40746390	40751510	chr22.298542	5	1024	305638936	/gbdb/hg19/wib/gc5Base.wib	0	100	1024	46560	2663200
895	chr22	40751510	40756630	chr22.298543	5	1024	305639960	/gbdb/hg19/wib/gc5Base.wib	0	100	1024	46120	2624800
895	chr22	40756630	40761750	chr22.298544	5	1024	305640984	/gbdb/hg19/wib/gc5Base.wib	0	100	1024	47180	2658000
111	chr22	40761750	40766870	chr22.298545	5	1024	305642008	/gbdb/hg19/wib/gc5Base.wib	0	100	1024	46820	2718000
896	chr22	40766870	40771990	chr22.298546	5	1024	305643032	/gbdb/hg19/wib/gc5Base.wib	0	100	1024	46880	2752800
896	chr22	40771990	40777110	chr22.298547	5	1024	305644056	/gbdb/hg19/wib/gc5Base.wib	0	100	1024	43880	2398400
896	chr22	40777110	40782230	chr22.298548	5	1024	305645080	/gbdb/hg19/wib/gc5Base.wib	0	100	1024	45240	2540000
896	chr22	40782230	40787350	chr22.298549	5	1024	305646104	/gbdb/hg19/wib/gc5Base.wib	0	100	1024	44720	2492800
896	chr22	40787350	40792470	chr22.298550	5	1024	305647128	/gbdb/hg19/wib/gc5Base.wib	0	100	1024	44760	2479200
896	chr22	40792470	40797590	chr22.298551	5	1024	305648152	/gbdb/hg19/wib/gc5Base.wib	0	100	1024	48960	2867200
896	chr22	40797590	40802710	chr22.298552	5	1024	305649176	/gbdb/hg19/wib/gc5Base.wib	0	100	1024	56780	3610000
896	chr22	40802710	40807830	chr22.298553	5	1024	305650200	/gbdb/hg19/wib/gc5Base.wib	0	100	1024	62580	4187600
896	chr22	40807830	40812950	chr22.298554	5	1024	305651224	/gbdb/hg19/wib/gc5Base.wib	0	100	1024	52020	3193200
896	chr22	40812950	40818070	chr22.298555	5	1024	305652248	/gbdb/hg19/wib/gc5Base.wib	0	100	1024	62120	4194400
896	chr22	40818070	40823190	chr22.298556	5	1024	305653272	/gbdb/hg19/wib/gc5Base.wib	0	100	1024	57340	3564400
896	chr22	40823190	40828310	chr22.298557	5	1024	305654296	/gbdb/hg19/wib/gc5Base.wib	0	100	1024	49840	2916800
896	chr22	40828310	40833430	chr22.298558	5	1024	305655320	/gbdb/hg19/wib/gc5Base.wib	0	100	1024	46180	2583600
896	chr22	40833430	40838550	chr22.298559	5	1024	305656344	/gbdb/hg19/wib/gc5Base.wib	0	100	1024	46040	2580000
896	chr22	40838550	40843670	chr22.298560	5	1024	305657368	/gbdb/hg19/wib/gc5Base.wib	0	100	1024	44360	2444800
896	chr22	40843670	40848790	chr22.298561	5	1024	305658392	/gbdb/hg19/wib/gc5Base.wib	0	100	1024	45900	2565200
896	chr22	40848790	40853910	chr22.298562	5	1024	305659416	/gbdb/hg19/wib/gc5Base.wib	0	100	1024	43680	2382400
896	chr22	40853910	40859030	chr22.298563	5	1024	305660440	/gbdb/hg19/wib/gc5Base.wib	0	100	1024	45280	2524800
896	chr22	40859030	40864150	chr22.298564	5	1024	305661464	/gbdb/hg19/wib/gc5Base.wib	0	100	1024	40140	2071600
896	chr22	40864150	40869270	chr22.298565	5	1024	305662488	/gbdb/hg19/wib/gc5Base.wib	0	100	1024	41140	2209200
896	chr22	40869270	40874390	chr22.298566	5	1024	305663512	/gbdb/hg19/wib/gc5Base.wib	0	100	1024	42940	2335600
896	chr22	40874390	40879510	chr22.298567	5	1024	305664536	/gbdb/hg19/wib/gc5Base.wib	0	100	1024	44420	2450800
896	chr22	40879510	40884630	chr22.298568	5	1024	305665560	/gbdb/hg19/wib/gc5Base.wib	0	100	1024	42860	2328400
896	chr22	40884630	40889750	chr22.298569	5	1024	305666584	/gbdb/hg19/wib/gc5Base.wib	0	100	1024	42000	2260000
13	chr22	40889750	40894870	chr22.298570	5	1024	305667608	/gbdb/hg19/wib/gc5Base.wib	0	100	1024	43140	2373200
897	chr22	40894870	40899990	chr22.298571	5	1024	305668632	/gbdb/hg19/wib/gc5Base.wib	0	100	1024	55520	3792800
897	chr22	40899990	40905110	chr22.298572	5	1024	305669656	/gbdb/hg19/wib/gc5Base.wib	0	100	1024	40960	2169600
897	chr22	40905110	40910230	chr22.298573	5	1024	305670680	/gbdb/hg19/wib/gc5Base.wib	0	100	1024	40940	2114000
897	chr22	40910230	40915350	chr22.298574	5	1024	305671704	/gbdb/hg19/wib/gc5Base.wib	0	100	1024	44440	2518400
897	chr22	40915350	40920470	chr22.298575	5	1024	305672728	/gbdb/hg19/wib/gc5Base.wib	0	100	1024	41260	2208400
897	chr22	40920470	40925590	chr22.298576	5	1024	305673752	/gbdb/hg19/wib/gc5Base.wib	0	100	1024	43200	2360800
897	chr22	40925590	40930710	chr22.298577	5	1024	305674776	/gbdb/hg19/wib/gc5Base.wib	0	100	1024	39040	1967200
897	chr22	40930710	40935830	chr22.298578	5	1024	305675800	/gbdb/hg19/wib/gc5Base.wib	0	100	1024	55860	3777200
897	chr22	40935830	40940950	chr22.298579	5	1024	305676824	/gbdb/hg19/wib/gc5Base.wib	0	100	1024	40340	2146800
897	chr22	40940950	40946070	chr22.298580	5	1024	305677848	/gbdb/hg19/wib/gc5Base.wib	0	100	1024	44200	2514400
897	chr22	40946070	40951190	chr22.298581	5	1024	305678872	/gbdb/hg19/wib/gc5Base.wib	0	100	1024	44140	2438800
897	chr22	40951190	40956310	chr22.298582	5	1024	305679896	/gbdb/hg19/wib/gc5Base.wib	0	100	1024	40580	2187600
897	chr22	40956310	40961430	chr22.298583	5	1024	305680920	/gbdb/hg19/wib/gc5Base.wib	0	100	1024	43320	2346400
897	chr22	40961430	40966550	chr22.298584	5	1024	305681944	/gbdb/hg19/wib/gc5Base.wib	0	100	1024	42700	2326800
897	chr22	40966550	40971670	chr22.298585	5	1024	305682968	/gbdb/hg19/wib/gc5Base.wib	0	100	1024	40700	2161200
897	chr22	40971670	40976790	chr22.298586	5	1024	305683992	/gbdb/hg19/wib/gc5Base.wib	0	100	1024	42500	2330800
897	chr22	40976790	40981910	chr22.298587	5	1024	305685016	/gbdb/hg19/wib/gc5Base.wib	0	100	1024	40160	2065600
897	chr22	40981910	40987030	chr22.298588	5	1024	305686040	/gbdb/hg19/wib/gc5Base.wib	0	100	1024	43320	2369600
897	chr22	40987030	40992150	chr22.298589	5	1024	305687064	/gbdb/hg19/wib/gc5Base.wib	0	100	1024	40720	2160800
897	chr22	40992150	40997270	chr22.298590	5	1024	305688088	/gbdb/hg19/wib/gc5Base.wib	0	100	1024	42240	2323200
897	chr22	40997270	41002390	chr22.298591	5	1024	305689112	/gbdb/hg19/wib/gc5Base.wib	0	100	1024	41080	2140800
897	chr22	41002390	41007510	chr22.298592	5	1024	305690136	/gbdb/hg19/wib/gc5Base.wib	0	100	1024	43860	2428400
897	chr22	41007510	41012630	chr22.298593	5	1024	305691160	/gbdb/hg19/wib/gc5Base.wib	0	100	1024	40000	2084800
897	chr22	41012630	41017750	chr22.298594	5	1024	305692184	/gbdb/hg19/wib/gc5Base.wib	0	100	1024	45800	2619200
897	chr22	41017750	41022870	chr22.298595	5	1024	305693208	/gbdb/hg19/wib/gc5Base.wib	0	100	1024	43340	2384400
112	chr22	41022870	41027990	chr22.298596	5	1024	305694232	/gbdb/hg19/wib/gc5Base.wib	0	100	1024	42760	2350400
898	chr22	41027990	41033110	chr22.298597	5	1024	305695256	/gbdb/hg19/wib/gc5Base.wib	0	100	1024	48280	2920000
898	chr22	41033110	41038230	chr22.298598	5	1024	305696280	/gbdb/hg19/wib/gc5Base.wib	0	100	1024	51740	3187600
898	chr22	41038230	41043350	chr22.298599	5	1024	305697304	/gbdb/hg19/wib/gc5Base.wib	0	100	1024	46360	2653600
898	chr22	41043350	41048470	chr22.298600	5	1024	305698328	/gbdb/hg19/wib/gc5Base.wib	0	100	1024	50720	3081600
898	chr22	41048470	41053590	chr22.298601	5	1024	305699352	/gbdb/hg19/wib/gc5Base.wib	0	100	1024	51700	3148400
898	chr22	41053590	41058710	chr22.298602	5	1024	305700376	/gbdb/hg19/wib/gc5Base.wib	0	100	1024	49420	2887600
898	chr22	41058710	41063830	chr22.298603	5	1024	305701400	/gbdb/hg19/wib/gc5Base.wib	0	100	1024	49760	2998400
898	chr22	41063830	41068950	chr22.298604	5	1024	305702424	/gbdb/hg19/wib/gc5Base.wib	0	100	1024	49260	2874800
898	chr22	41068950	41074070	chr22.298605	5	1024	305703448	/gbdb/hg19/wib/gc5Base.wib	0	100	1024	50920	3048000
898	chr22	41074070	41079190	chr22.298606	5	1024	305704472	/gbdb/hg19/wib/gc5Base.wib	0	100	1024	56180	3526000
898	chr22	41079190	41084310	chr22.298607	5	1024	305705496	/gbdb/hg19/wib/gc5Base.wib	0	100	1024	49960	2994400
898	chr22	41084310	41089430	chr22.298608	5	1024	305706520	/gbdb/hg19/wib/gc5Base.wib	0	100	1024	48680	2873600
898	chr22	41089430	41094550	chr22.298609	5	1024	305707544	/gbdb/hg19/wib/gc5Base.wib	0	100	1024	46940	2709200
898	chr22	41094550	41099670	chr22.298610	5	1024	305708568	/gbdb/hg19/wib/gc5Base.wib	0	100	1024	48020	2797200
898	chr22	41099670	41104790	chr22.298611	5	1024	305709592	/gbdb/hg19/wib/gc5Base.wib	0	100	1024	46640	2660800
898	chr22	41104790	41109910	chr22.298612	5	1024	305710616	/gbdb/hg19/wib/gc5Base.wib	0	100	1024	49860	2955600
898	chr22	41109910	41115030	chr22.298613	5	1024	305711640	/gbdb/hg19/wib/gc5Base.wib	0	100	1024	46620	2703600
898	chr22	41115030	41120150	chr22.298614	5	1024	305712664	/gbdb/hg19/wib/gc5Base.wib	0	100	1024	50660	3025200
898	chr22	41120150	41125270	chr22.298615	5	1024	305713688	/gbdb/hg19/wib/gc5Base.wib	0	100	1024	45840	2648000
898	chr22	41125270	41130390	chr22.298616	5	1024	305714712	/gbdb/hg19/wib/gc5Base.wib	0	100	1024	49280	2953600
898	chr22	41130390	41135510	chr22.298617	5	1024	305715736	/gbdb/hg19/wib/gc5Base.wib	0	100	1024	46800	2716800
898	chr22	41135510	41140630	chr22.298618	5	1024	305716760	/gbdb/hg19/wib/gc5Base.wib	0	100	1024	46980	2682800
898	chr22	41140630	41145750	chr22.298619	5	1024	305717784	/gbdb/hg19/wib/gc5Base.wib	0	100	1024	58200	3919200
898	chr22	41145750	41150870	chr22.298620	5	1024	305718808	/gbdb/hg19/wib/gc5Base.wib	0	100	1024	46280	2604800
898	chr22	41150870	41155990	chr22.298621	5	1024	305719832	/gbdb/hg19/wib/gc5Base.wib	0	100	1024	45240	2562400
112	chr22	41155990	41161110	chr22.298622	5	1024	305720856	/gbdb/hg19/wib/gc5Base.wib	0	100	1024	43760	2496000
899	chr22	41161110	41166230	chr22.298623	5	1024	305721880	/gbdb/hg19/wib/gc5Base.wib	0	100	1024	41840	2224000
899	chr22	41166230	41171350	chr22.298624	5	1024	305722904	/gbdb/hg19/wib/gc5Base.wib	0	100	1024	42400	2325600
899	chr22	41171350	41176470	chr22.298625	5	1024	305723928	/gbdb/hg19/wib/gc5Base.wib	0	100	1024	41920	2252800
899	chr22	41176470	41181590	chr22.298626	5	1024	305724952	/gbdb/hg19/wib/gc5Base.wib	0	100	1024	42580	2345200
899	chr22	41181590	41186710	chr22.298627	5	1024	305725976	/gbdb/hg19/wib/gc5Base.wib	0	100	1024	44900	2514000
899	chr22	41186710	41191830	chr22.298628	5	1024	305727000	/gbdb/hg19/wib/gc5Base.wib	0	100	1024	40080	2101600
899	chr22	41191830	41196950	chr22.298629	5	1024	305728024	/gbdb/hg19/wib/gc5Base.wib	0	100	1024	43800	2432000
899	chr22	41196950	41202070	chr22.298630	5	1024	305729048	/gbdb/hg19/wib/gc5Base.wib	0	100	1024	43280	2381600
899	chr22	41202070	41207190	chr22.298631	5	1024	305730072	/gbdb/hg19/wib/gc5Base.wib	0	100	1024	39660	2080400
899	chr22	41207190	41212310	chr22.298632	5	1024	305731096	/gbdb/hg19/wib/gc5Base.wib	0	100	1024	42880	2346400
899	chr22	41212310	41217430	chr22.298633	5	1024	305732120	/gbdb/hg19/wib/gc5Base.wib	0	100	1024	49080	2929600
899	chr22	41217430	41222550	chr22.298634	5	1024	305733144	/gbdb/hg19/wib/gc5Base.wib	0	100	1024	38760	2017600
899	chr22	41222550	41227670	chr22.298635	5	1024	305734168	/gbdb/hg19/wib/gc5Base.wib	0	100	1024	36260	1822800
899	chr22	41227670	41232790	chr22.298636	5	1024	305735192	/gbdb/hg19/wib/gc5Base.wib	0	100	1024	39360	2067200
899	chr22	41232790	41237910	chr22.298637	5	1024	305736216	/gbdb/hg19/wib/gc5Base.wib	0	100	1024	42680	2334400
899	chr22	41237910	41243030	chr22.298638	5	1024	305737240	/gbdb/hg19/wib/gc5Base.wib	0	100	1024	37940	1945200
899	chr22	41243030	41248150	chr22.298639	5	1024	305738264	/gbdb/hg19/wib/gc5Base.wib	0	100	1024	39820	2116400
899	chr22	41248150	41253270	chr22.298640	5	1024	305739288	/gbdb/hg19/wib/gc5Base.wib	0	100	1024	43420	2434000
899	chr22	41253270	41258390	chr22.298641	5	1024	305740312	/gbdb/hg19/wib/gc5Base.wib	0	100	1024	41380	2206000
899	chr22	41258390	41263510	chr22.298642	5	1024	305741336	/gbdb/hg19/wib/gc5Base.wib	0	100	1024	40720	2146400
899	chr22	41263510	41268630	chr22.298643	5	1024	305742360	/gbdb/hg19/wib/gc5Base.wib	0	100	1024	39980	2091600
899	chr22	41268630	41273750	chr22.298644	5	1024	305743384	/gbdb/hg19/wib/gc5Base.wib	0	100	1024	39020	2026000
899	chr22	41273750	41278870	chr22.298645	5	1024	305744408	/gbdb/hg19/wib/gc5Base.wib	0	100	1024	42460	2314000
899	chr22	41278870	41283990	chr22.298646	5	1024	305745432	/gbdb/hg19/wib/gc5Base.wib	0	100	1024	41780	2263600
112	chr22	41283990	41289110	chr22.298647	5	1024	305746456	/gbdb/hg19/wib/gc5Base.wib	0	100	1024	43160	2364800
900	chr22	41289110	41294230	chr22.298648	5	1024	305747480	/gbdb/hg19/wib/gc5Base.wib	0	100	1024	42320	2326400
900	chr22	41294230	41299350	chr22.298649	5	1024	305748504	/gbdb/hg19/wib/gc5Base.wib	0	100	1024	45700	2642000
900	chr22	41299350	41304470	chr22.298650	5	1024	305749528	/gbdb/hg19/wib/gc5Base.wib	0	100	1024	46060	2603600
900	chr22	41304470	41309590	chr22.298651	5	1024	305750552	/gbdb/hg19/wib/gc5Base.wib	0	100	1024	40460	2186800
900	chr22	41309590	41314710	chr22.298652	5	1024	305751576	/gbdb/hg19/wib/gc5Base.wib	0	100	1024	43900	2450800
900	chr22	41314710	41319830	chr22.298653	5	1024	305752600	/gbdb/hg19/wib/gc5Base.wib	0	100	1024	43280	2376800
900	chr22	41319830	41324950	chr22.298654	5	1024	305753624	/gbdb/hg19/wib/gc5Base.wib	0	100	1024	43500	2387600
900	chr22	41324950	41330070	chr22.298655	5	1024	305754648	/gbdb/hg19/wib/gc5Base.wib	0	100	1024	41760	2245600
900	chr22	41330070	41335190	chr22.298656	5	1024	305755672	/gbdb/hg19/wib/gc5Base.wib	0	100	1024	49040	3005600
900	chr22	41335190	41340310	chr22.298657	5	1024	305756696	/gbdb/hg19/wib/gc5Base.wib	0	100	1024	42600	2340000
900	chr22	41340310	41345430	chr22.298658	5	1024	305757720	/gbdb/hg19/wib/gc5Base.wib	0	100	1024	45200	2590400
900	chr22	41345430	41350550	chr22.298659	5	1024	305758744	/gbdb/hg19/wib/gc5Base.wib	0	100	1024	51740	3258000
900	chr22	41350550	41355670	chr22.298660	5	1024	305759768	/gbdb/hg19/wib/gc5Base.wib	0	100	1024	45320	2587200
900	chr22	41355670	41360790	chr22.298661	5	1024	305760792	/gbdb/hg19/wib/gc5Base.wib	0	100	1024	47320	2764800
900	chr22	41360790	41365910	chr22.298662	5	1024	305761816	/gbdb/hg19/wib/gc5Base.wib	0	100	1024	45600	2606400
900	chr22	41365910	41371030	chr22.298663	5	1024	305762840	/gbdb/hg19/wib/gc5Base.wib	0	100	1024	46040	2659200
900	chr22	41371030	41376150	chr22.298664	5	1024	305763864	/gbdb/hg19/wib/gc5Base.wib	0	100	1024	49460	2958800
900	chr22	41376150	41381270	chr22.298665	5	1024	305764888	/gbdb/hg19/wib/gc5Base.wib	0	100	1024	50960	3118400
900	chr22	41381270	41386390	chr22.298666	5	1024	305765912	/gbdb/hg19/wib/gc5Base.wib	0	100	1024	49140	2897200
900	chr22	41386390	41391510	chr22.298667	5	1024	305766936	/gbdb/hg19/wib/gc5Base.wib	0	100	1024	53420	3254800
900	chr22	41391510	41396630	chr22.298668	5	1024	305767960	/gbdb/hg19/wib/gc5Base.wib	0	100	1024	46580	2699600
900	chr22	41396630	41401750	chr22.298669	5	1024	305768984	/gbdb/hg19/wib/gc5Base.wib	0	100	1024	47540	2808400
900	chr22	41401750	41406870	chr22.298670	5	1024	305770008	/gbdb/hg19/wib/gc5Base.wib	0	100	1024	49900	2995600
900	chr22	41406870	41411990	chr22.298671	5	1024	305771032	/gbdb/hg19/wib/gc5Base.wib	0	100	1024	46420	2637200
900	chr22	41411990	41417110	chr22.298672	5	1024	305772056	/gbdb/hg19/wib/gc5Base.wib	0	100	1024	49920	2997600
112	chr22	41417110	41422230	chr22.298673	5	1024	305773080	/gbdb/hg19/wib/gc5Base.wib	0	100	1024	54560	3567200
901	chr22	41422230	41427350	chr22.298674	5	1024	305774104	/gbdb/hg19/wib/gc5Base.wib	0	100	1024	48660	2783600
901	chr22	41427350	41432470	chr22.298675	5	1024	305775128	/gbdb/hg19/wib/gc5Base.wib	0	100	1024	49900	2980400
901	chr22	41432470	41437590	chr22.298676	5	1024	305776152	/gbdb/hg19/wib/gc5Base.wib	0	100	1024	49280	2959200
901	chr22	41437590	41442710	chr22.298677	5	1024	305777176	/gbdb/hg19/wib/gc5Base.wib	0	100	1024	42900	2417200
901	chr22	41442710	41447830	chr22.298678	5	1024	305778200	/gbdb/hg19/wib/gc5Base.wib	0	100	1024	47680	2792000
901	chr22	41447830	41452950	chr22.298679	5	1024	305779224	/gbdb/hg19/wib/gc5Base.wib	0	100	1024	45100	2605200
901	chr22	41452950	41458070	chr22.298680	5	1024	305780248	/gbdb/hg19/wib/gc5Base.wib	0	100	1024	47340	2764400
901	chr22	41458070	41463190	chr22.298681	5	1024	305781272	/gbdb/hg19/wib/gc5Base.wib	0	100	1024	50540	3092400
901	chr22	41463190	41468310	chr22.298682	5	1024	305782296	/gbdb/hg19/wib/gc5Base.wib	0	100	1024	47380	2794800
901	chr22	41468310	41473430	chr22.298683	5	1024	305783320	/gbdb/hg19/wib/gc5Base.wib	0	100	1024	49180	2890000
901	chr22	41473430	41478550	chr22.298684	5	1024	305784344	/gbdb/hg19/wib/gc5Base.wib	0	100	1024	48820	2862000
901	chr22	41478550	41483670	chr22.298685	5	1024	305785368	/gbdb/hg19/wib/gc5Base.wib	0	100	1024	46020	2718000
901	chr22	41483670	41488790	chr22.298686	5	1024	305786392	/gbdb/hg19/wib/gc5Base.wib	0	100	1024	56060	3777200
901	chr22	41488790	41493910	chr22.298687	5	1024	305787416	/gbdb/hg19/wib/gc5Base.wib	0	100	1024	40220	2120400
901	chr22	41493910	41499030	chr22.298688	5	1024	305788440	/gbdb/hg19/wib/gc5Base.wib	0	100	1024	43900	2452400
901	chr22	41499030	41504150	chr22.298689	5	1024	305789464	/gbdb/hg19/wib/gc5Base.wib	0	100	1024	43040	2405600
901	chr22	41504150	41509270	chr22.298690	5	1024	305790488	/gbdb/hg19/wib/gc5Base.wib	0	100	1024	44540	2543600
901	chr22	41509270	41514390	chr22.298691	5	1024	305791512	/gbdb/hg19/wib/gc5Base.wib	0	100	1024	42000	2272000
901	chr22	41514390	41519510	chr22.298692	5	1024	305792536	/gbdb/hg19/wib/gc5Base.wib	0	100	1024	41320	2206400
901	chr22	41519510	41524630	chr22.298693	5	1024	305793560	/gbdb/hg19/wib/gc5Base.wib	0	100	1024	44480	2506400
901	chr22	41524630	41529750	chr22.298694	5	1024	305794584	/gbdb/hg19/wib/gc5Base.wib	0	100	1024	42360	2309600
901	chr22	41529750	41534870	chr22.298695	5	1024	305795608	/gbdb/hg19/wib/gc5Base.wib	0	100	1024	43480	2400000
901	chr22	41534870	41539990	chr22.298696	5	1024	305796632	/gbdb/hg19/wib/gc5Base.wib	0	100	1024	42080	2242400
901	chr22	41539990	41545110	chr22.298697	5	1024	305797656	/gbdb/hg19/wib/gc5Base.wib	0	100	1024	43400	2417600
112	chr22	41545110	41550230	chr22.298698	5	1024	305798680	/gbdb/hg19/wib/gc5Base.wib	0	100	1024	41960	2294400
902	chr22	41550230	41555350	chr22.298699	5	1024	305799704	/gbdb/hg19/wib/gc5Base.wib	0	100	1024	43400	2342400
902	chr22	41555350	41560470	chr22.298700	5	1024	305800728	/gbdb/hg19/wib/gc5Base.wib	0	100	1024	42140	2270800
902	chr22	41560470	41565590	chr22.298701	5	1024	305801752	/gbdb/hg19/wib/gc5Base.wib	0	100	1024	41040	2197600
902	chr22	41565590	41570710	chr22.298702	5	1024	305802776	/gbdb/hg19/wib/gc5Base.wib	0	100	1024	42480	2312000
902	chr22	41570710	41575830	chr22.298703	5	1024	305803800	/gbdb/hg19/wib/gc5Base.wib	0	100	1024	48780	2884400
902	chr22	41575830	41580950	chr22.298704	5	1024	305804824	/gbdb/hg19/wib/gc5Base.wib	0	100	1024	47600	2751200
902	chr22	41580950	41586070	chr22.298705	5	1024	305805848	/gbdb/hg19/wib/gc5Base.wib	0	100	1024	45420	2627600
902	chr22	41586070	41591190	chr22.298706	5	1024	305806872	/gbdb/hg19/wib/gc5Base.wib	0	100	1024	45480	2594400
902	chr22	41591190	41596310	chr22.298707	5	1024	305807896	/gbdb/hg19/wib/gc5Base.wib	0	100	1024	52700	3327600
902	chr22	41596310	41601430	chr22.298708	5	1024	305808920	/gbdb/hg19/wib/gc5Base.wib	0	100	1024	50560	3045600
902	chr22	41601430	41606550	chr22.298709	5	1024	305809944	/gbdb/hg19/wib/gc5Base.wib	0	100	1024	49840	2940800
902	chr22	41606550	41611670	chr22.298710	5	1024	305810968	/gbdb/hg19/wib/gc5Base.wib	0	100	1024	49960	3004800
902	chr22	41611670	41616790	chr22.298711	5	1024	305811992	/gbdb/hg19/wib/gc5Base.wib	0	100	1024	53480	3304000
902	chr22	41616790	41621910	chr22.298712	5	1024	305813016	/gbdb/hg19/wib/gc5Base.wib	0	100	1024	56920	3594400
902	chr22	41621910	41627030	chr22.298713	5	1024	305814040	/gbdb/hg19/wib/gc5Base.wib	0	100	1024	57980	3751600
902	chr22	41627030	41632150	chr22.298714	5	1024	305815064	/gbdb/hg19/wib/gc5Base.wib	0	100	1024	53880	3337600
902	chr22	41632150	41637270	chr22.298715	5	1024	305816088	/gbdb/hg19/wib/gc5Base.wib	0	100	1024	65700	4643600
902	chr22	41637270	41642390	chr22.298716	5	1024	305817112	/gbdb/hg19/wib/gc5Base.wib	0	100	1024	50600	3126400
902	chr22	41642390	41647510	chr22.298717	5	1024	305818136	/gbdb/hg19/wib/gc5Base.wib	0	100	1024	60760	4028000
902	chr22	41647510	41652630	chr22.298718	5	1024	305819160	/gbdb/hg19/wib/gc5Base.wib	0	100	1024	54400	3417600
902	chr22	41652630	41657750	chr22.298719	5	1024	305820184	/gbdb/hg19/wib/gc5Base.wib	0	100	1024	55720	3548800
902	chr22	41657750	41662870	chr22.298720	5	1024	305821208	/gbdb/hg19/wib/gc5Base.wib	0	100	1024	55500	3430800
902	chr22	41662870	41667990	chr22.298721	5	1024	305822232	/gbdb/hg19/wib/gc5Base.wib	0	100	1024	52660	3256400
902	chr22	41667990	41673110	chr22.298722	5	1024	305823256	/gbdb/hg19/wib/gc5Base.wib	0	100	1024	50920	3028000
902	chr22	41673110	41678230	chr22.298723	5	1024	305824280	/gbdb/hg19/wib/gc5Base.wib	0	100	1024	51660	3139600
112	chr22	41678230	41683350	chr22.298724	5	1024	305825304	/gbdb/hg19/wib/gc5Base.wib	0	100	1024	51660	3224400
903	chr22	41683350	41688470	chr22.298725	5	1024	305826328	/gbdb/hg19/wib/gc5Base.wib	0	100	1024	49700	2979600
903	chr22	41688470	41693590	chr22.298726	5	1024	305827352	/gbdb/hg19/wib/gc5Base.wib	0	100	1024	52740	3354000
903	chr22	41693590	41698710	chr22.298727	5	1024	305828376	/gbdb/hg19/wib/gc5Base.wib	0	100	1024	57000	3815200
903	chr22	41698710	41703830	chr22.298728	5	1024	305829400	/gbdb/hg19/wib/gc5Base.wib	0	100	1024	50880	3043200
903	chr22	41703830	41708950	chr22.298729	5	1024	305830424	/gbdb/hg19/wib/gc5Base.wib	0	100	1024	50680	3062400
903	chr22	41708950	41714070	chr22.298730	5	1024	305831448	/gbdb/hg19/wib/gc5Base.wib	0	100	1024	49580	2985200
903	chr22	41714070	41719190	chr22.298731	5	1024	305832472	/gbdb/hg19/wib/gc5Base.wib	0	100	1024	53200	3320000
903	chr22	41719190	41724310	chr22.298732	5	1024	305833496	/gbdb/hg19/wib/gc5Base.wib	0	100	1024	57280	3631200
903	chr22	41724310	41729430	chr22.298733	5	1024	305834520	/gbdb/hg19/wib/gc5Base.wib	0	100	1024	54740	3450000
903	chr22	41729430	41734550	chr22.298734	5	1024	305835544	/gbdb/hg19/wib/gc5Base.wib	0	100	1024	55720	3502400
903	chr22	41734550	41739670	chr22.298735	5	1024	305836568	/gbdb/hg19/wib/gc5Base.wib	0	100	1024	60200	3971200
903	chr22	41739670	41744790	chr22.298736	5	1024	305837592	/gbdb/hg19/wib/gc5Base.wib	0	100	1024	57360	3671200
903	chr22	41744790	41749910	chr22.298737	5	1024	305838616	/gbdb/hg19/wib/gc5Base.wib	0	100	1024	55640	3504000
903	chr22	41749910	41755030	chr22.298738	5	1024	305839640	/gbdb/hg19/wib/gc5Base.wib	0	100	1024	63920	4353600
903	chr22	41755030	41760150	chr22.298739	5	1024	305840664	/gbdb/hg19/wib/gc5Base.wib	0	100	1024	52800	3280800
903	chr22	41760150	41765270	chr22.298740	5	1024	305841688	/gbdb/hg19/wib/gc5Base.wib	0	100	1024	56660	3614800
903	chr22	41765270	41770390	chr22.298741	5	1024	305842712	/gbdb/hg19/wib/gc5Base.wib	0	100	1024	53120	3238400
903	chr22	41770390	41775510	chr22.298742	5	1024	305843736	/gbdb/hg19/wib/gc5Base.wib	0	100	1024	50140	2982800
903	chr22	41775510	41780630	chr22.298743	5	1024	305844760	/gbdb/hg19/wib/gc5Base.wib	0	100	1024	56220	3734000
903	chr22	41780630	41785750	chr22.298744	5	1024	305845784	/gbdb/hg19/wib/gc5Base.wib	0	100	1024	50280	3021600
903	chr22	41785750	41790870	chr22.298745	5	1024	305846808	/gbdb/hg19/wib/gc5Base.wib	0	100	1024	49420	2946800
903	chr22	41790870	41795990	chr22.298746	5	1024	305847832	/gbdb/hg19/wib/gc5Base.wib	0	100	1024	54560	3403200
903	chr22	41795990	41801110	chr22.298747	5	1024	305848856	/gbdb/hg19/wib/gc5Base.wib	0	100	1024	55180	3477200
903	chr22	41801110	41806230	chr22.298748	5	1024	305849880	/gbdb/hg19/wib/gc5Base.wib	0	100	1024	52160	3211200
903	chr22	41806230	41811350	chr22.298749	5	1024	305850904	/gbdb/hg19/wib/gc5Base.wib	0	100	1024	60140	4045200
112	chr22	41811350	41816470	chr22.298750	5	1024	305851928	/gbdb/hg19/wib/gc5Base.wib	0	100	1024	52620	3261200
904	chr22	41816470	41821590	chr22.298751	5	1024	305852952	/gbdb/hg19/wib/gc5Base.wib	0	100	1024	49560	3011200
904	chr22	41821590	41826710	chr22.298752	5	1024	305853976	/gbdb/hg19/wib/gc5Base.wib	0	100	1024	51180	3077200
904	chr22	41826710	41831830	chr22.298753	5	1024	305855000	/gbdb/hg19/wib/gc5Base.wib	0	100	1024	51640	3132800
904	chr22	41831830	41836950	chr22.298754	5	1024	305856024	/gbdb/hg19/wib/gc5Base.wib	0	100	1024	52040	3198400
904	chr22	41836950	41842070	chr22.298755	5	1024	305857048	/gbdb/hg19/wib/gc5Base.wib	0	100	1024	51500	3148400
904	chr22	41842070	41847190	chr22.298756	5	1024	305858072	/gbdb/hg19/wib/gc5Base.wib	0	100	1024	58780	3993200
904	chr22	41847190	41852310	chr22.298757	5	1024	305859096	/gbdb/hg19/wib/gc5Base.wib	0	100	1024	47880	2856000
904	chr22	41852310	41857430	chr22.298758	5	1024	305860120	/gbdb/hg19/wib/gc5Base.wib	0	100	1024	49400	2933600
904	chr22	41857430	41862550	chr22.298759	5	1024	305861144	/gbdb/hg19/wib/gc5Base.wib	0	100	1024	46060	2581200
904	chr22	41862550	41867670	chr22.298760	5	1024	305862168	/gbdb/hg19/wib/gc5Base.wib	0	100	1024	49060	2891600
904	chr22	41867670	41872790	chr22.298761	5	1024	305863192	/gbdb/hg19/wib/gc5Base.wib	0	100	1024	48180	2826000
904	chr22	41872790	41877910	chr22.298762	5	1024	305864216	/gbdb/hg19/wib/gc5Base.wib	0	100	1024	50840	3039200
904	chr22	41877910	41883030	chr22.298763	5	1024	305865240	/gbdb/hg19/wib/gc5Base.wib	0	100	1024	49280	2916000
904	chr22	41883030	41888150	chr22.298764	5	1024	305866264	/gbdb/hg19/wib/gc5Base.wib	0	100	1024	45220	2499600
904	chr22	41888150	41893270	chr22.298765	5	1024	305867288	/gbdb/hg19/wib/gc5Base.wib	0	100	1024	49500	2926000
904	chr22	41893270	41898390	chr22.298766	5	1024	305868312	/gbdb/hg19/wib/gc5Base.wib	0	100	1024	49920	2972800
904	chr22	41898390	41903510	chr22.298767	5	1024	305869336	/gbdb/hg19/wib/gc5Base.wib	0	100	1024	49880	2991200
904	chr22	41903510	41908630	chr22.298768	5	1024	305870360	/gbdb/hg19/wib/gc5Base.wib	0	100	1024	54580	3422000
904	chr22	41908630	41913750	chr22.298769	5	1024	305871384	/gbdb/hg19/wib/gc5Base.wib	0	100	1024	57100	3606000
904	chr22	41913750	41918870	chr22.298770	5	1024	305872408	/gbdb/hg19/wib/gc5Base.wib	0	100	1024	51400	3108000
904	chr22	41918870	41923990	chr22.298771	5	1024	305873432	/gbdb/hg19/wib/gc5Base.wib	0	100	1024	61480	4066400
904	chr22	41923990	41929110	chr22.298772	5	1024	305874456	/gbdb/hg19/wib/gc5Base.wib	0	100	1024	59740	3895600
904	chr22	41929110	41934230	chr22.298773	5	1024	305875480	/gbdb/hg19/wib/gc5Base.wib	0	100	1024	53060	3347600
904	chr22	41934230	41939350	chr22.298774	5	1024	305876504	/gbdb/hg19/wib/gc5Base.wib	0	100	1024	53080	3190400
1	chr22	41939350	41944470	chr22.298775	5	1024	305877528	/gbdb/hg19/wib/gc5Base.wib	0	100	1024	53380	3372400
905	chr22	41944470	41949590	chr22.298776	5	1024	305878552	/gbdb/hg19/wib/gc5Base.wib	0	100	1024	50080	3024000
905	chr22	41949590	41954710	chr22.298777	5	1024	305879576	/gbdb/hg19/wib/gc5Base.wib	0	100	1024	54720	3425600
905	chr22	41954710	41959830	chr22.298778	5	1024	305880600	/gbdb/hg19/wib/gc5Base.wib	0	100	1024	56540	3603600
905	chr22	41959830	41964950	chr22.298779	5	1024	305881624	/gbdb/hg19/wib/gc5Base.wib	0	100	1024	53360	3320800
905	chr22	41964950	41970070	chr22.298780	5	1024	305882648	/gbdb/hg19/wib/gc5Base.wib	0	100	1024	55720	3500000
905	chr22	41970070	41975190	chr22.298781	5	1024	305883672	/gbdb/hg19/wib/gc5Base.wib	0	100	1024	62220	4173200
905	chr22	41975190	41980310	chr22.298782	5	1024	305884696	/gbdb/hg19/wib/gc5Base.wib	0	100	1024	55440	3498400
905	chr22	41980310	41985430	chr22.298783	5	1024	305885720	/gbdb/hg19/wib/gc5Base.wib	0	100	1024	53580	3330000
905	chr22	41985430	41990550	chr22.298784	5	1024	305886744	/gbdb/hg19/wib/gc5Base.wib	0	100	1024	57040	3788800
905	chr22	41990550	41995670	chr22.298785	5	1024	305887768	/gbdb/hg19/wib/gc5Base.wib	0	100	1024	53620	3246000
905	chr22	41995670	42000790	chr22.298786	5	1024	305888792	/gbdb/hg19/wib/gc5Base.wib	0	100	1024	49660	2951600
905	chr22	42000790	42005910	chr22.298787	5	1024	305889816	/gbdb/hg19/wib/gc5Base.wib	0	100	1024	48180	2754000
905	chr22	42005910	42011030	chr22.298788	5	1024	305890840	/gbdb/hg19/wib/gc5Base.wib	0	100	1024	47660	2788400
905	chr22	42011030	42016150	chr22.298789	5	1024	305891864	/gbdb/hg19/wib/gc5Base.wib	0	100	1024	42400	2320800
905	chr22	42016150	42021270	chr22.298790	5	1024	305892888	/gbdb/hg19/wib/gc5Base.wib	0	100	1024	55020	3580400
905	chr22	42021270	42026390	chr22.298791	5	1024	305893912	/gbdb/hg19/wib/gc5Base.wib	0	100	1024	47180	2766800
905	chr22	42026390	42031510	chr22.298792	5	1024	305894936	/gbdb/hg19/wib/gc5Base.wib	0	100	1024	50980	3167600
905	chr22	42031510	42036630	chr22.298793	5	1024	305895960	/gbdb/hg19/wib/gc5Base.wib	0	100	1024	46100	2624400
905	chr22	42036630	42041750	chr22.298794	5	1024	305896984	/gbdb/hg19/wib/gc5Base.wib	0	100	1024	43960	2452000
905	chr22	42041750	42046870	chr22.298795	5	1024	305898008	/gbdb/hg19/wib/gc5Base.wib	0	100	1024	45680	2601600
905	chr22	42046870	42051990	chr22.298796	5	1024	305899032	/gbdb/hg19/wib/gc5Base.wib	0	100	1024	47080	2712000
905	chr22	42051990	42057110	chr22.298797	5	1024	305900056	/gbdb/hg19/wib/gc5Base.wib	0	100	1024	48320	2817600
905	chr22	42057110	42062230	chr22.298798	5	1024	305901080	/gbdb/hg19/wib/gc5Base.wib	0	100	1024	45500	2555600
905	chr22	42062230	42067350	chr22.298799	5	1024	305902104	/gbdb/hg19/wib/gc5Base.wib	0	100	1024	50380	3082800
905	chr22	42067350	42072470	chr22.298800	5	1024	305903128	/gbdb/hg19/wib/gc5Base.wib	0	100	1024	49540	2902800
113	chr22	42072470	42077590	chr22.298801	5	1024	305904152	/gbdb/hg19/wib/gc5Base.wib	0	100	1024	43800	2436800
906	chr22	42077590	42082710	chr22.298802	5	1024	305905176	/gbdb/hg19/wib/gc5Base.wib	0	100	1024	48460	2918000
906	chr22	42082710	42087830	chr22.298803	5	1024	305906200	/gbdb/hg19/wib/gc5Base.wib	0	100	1024	51540	3226800
906	chr22	42087830	42092950	chr22.298804	5	1024	305907224	/gbdb/hg19/wib/gc5Base.wib	0	100	1024	51500	3017200
906	chr22	42092950	42098070	chr22.298805	5	1024	305908248	/gbdb/hg19/wib/gc5Base.wib	0	100	1024	54480	3463200
906	chr22	42098070	42103190	chr22.298806	5	1024	305909272	/gbdb/hg19/wib/gc5Base.wib	0	100	1024	47720	2773600
906	chr22	42103190	42108310	chr22.298807	5	1024	305910296	/gbdb/hg19/wib/gc5Base.wib	0	100	1024	44480	2422400
906	chr22	42108310	42113430	chr22.298808	5	1024	305911320	/gbdb/hg19/wib/gc5Base.wib	0	100	1024	46160	2678400
906	chr22	42113430	42118550	chr22.298809	5	1024	305912344	/gbdb/hg19/wib/gc5Base.wib	0	100	1024	49240	2954400
906	chr22	42118550	42123670	chr22.298810	5	1024	305913368	/gbdb/hg19/wib/gc5Base.wib	0	100	1024	46080	2628000
906	chr22	42123670	42128790	chr22.298811	5	1024	305914392	/gbdb/hg19/wib/gc5Base.wib	0	100	1024	48720	2812000
906	chr22	42128790	42133910	chr22.298812	5	1024	305915416	/gbdb/hg19/wib/gc5Base.wib	0	100	1024	47540	2791600
906	chr22	42133910	42139030	chr22.298813	5	1024	305916440	/gbdb/hg19/wib/gc5Base.wib	0	100	1024	46460	2663600
906	chr22	42139030	42144150	chr22.298814	5	1024	305917464	/gbdb/hg19/wib/gc5Base.wib	0	100	1024	47220	2730800
906	chr22	42144150	42149270	chr22.298815	5	1024	305918488	/gbdb/hg19/wib/gc5Base.wib	0	100	1024	48160	2758400
906	chr22	42149270	42154390	chr22.298816	5	1024	305919512	/gbdb/hg19/wib/gc5Base.wib	0	100	1024	48560	2780800
906	chr22	42154390	42159510	chr22.298817	5	1024	305920536	/gbdb/hg19/wib/gc5Base.wib	0	100	1024	49140	2950000
906	chr22	42159510	42164630	chr22.298818	5	1024	305921560	/gbdb/hg19/wib/gc5Base.wib	0	100	1024	46400	2654400
906	chr22	42164630	42169750	chr22.298819	5	1024	305922584	/gbdb/hg19/wib/gc5Base.wib	0	100	1024	45280	2539200
906	chr22	42169750	42174870	chr22.298820	5	1024	305923608	/gbdb/hg19/wib/gc5Base.wib	0	100	1024	47840	2723200
906	chr22	42174870	42179990	chr22.298821	5	1024	305924632	/gbdb/hg19/wib/gc5Base.wib	0	100	1024	50520	2943200
906	chr22	42179990	42185110	chr22.298822	5	1024	305925656	/gbdb/hg19/wib/gc5Base.wib	0	100	1024	49600	2984000
906	chr22	42185110	42190230	chr22.298823	5	1024	305926680	/gbdb/hg19/wib/gc5Base.wib	0	100	1024	46760	2670400
906	chr22	42190230	42195350	chr22.298824	5	1024	305927704	/gbdb/hg19/wib/gc5Base.wib	0	100	1024	50960	3034400
906	chr22	42195350	42200470	chr22.298825	5	1024	305928728	/gbdb/hg19/wib/gc5Base.wib	0	100	1024	52180	3230800
113	chr22	42200470	42205590	chr22.298826	5	1024	305929752	/gbdb/hg19/wib/gc5Base.wib	0	100	1024	47480	2764000
907	chr22	42205590	42210710	chr22.298827	5	1024	305930776	/gbdb/hg19/wib/gc5Base.wib	0	100	1024	52000	3127200
907	chr22	42210710	42215830	chr22.298828	5	1024	305931800	/gbdb/hg19/wib/gc5Base.wib	0	100	1024	49320	2887200
907	chr22	42215830	42220950	chr22.298829	5	1024	305932824	/gbdb/hg19/wib/gc5Base.wib	0	100	1024	50780	3021200
907	chr22	42220950	42226070	chr22.298830	5	1024	305933848	/gbdb/hg19/wib/gc5Base.wib	0	100	1024	55020	3404400
907	chr22	42226070	42231190	chr22.298831	5	1024	305934872	/gbdb/hg19/wib/gc5Base.wib	0	100	1024	54040	3511200
907	chr22	42231190	42236310	chr22.298832	5	1024	305935896	/gbdb/hg19/wib/gc5Base.wib	0	100	1024	48400	2793600
907	chr22	42236310	42241430	chr22.298833	5	1024	305936920	/gbdb/hg19/wib/gc5Base.wib	0	100	1024	44420	2406000
907	chr22	42241430	42246550	chr22.298834	5	1024	305937944	/gbdb/hg19/wib/gc5Base.wib	0	100	1024	46700	2684400
907	chr22	42246550	42251670	chr22.298835	5	1024	305938968	/gbdb/hg19/wib/gc5Base.wib	0	100	1024	45780	2651600
907	chr22	42251670	42256790	chr22.298836	5	1024	305939992	/gbdb/hg19/wib/gc5Base.wib	0	100	1024	44980	2516400
907	chr22	42256790	42261910	chr22.298837	5	1024	305941016	/gbdb/hg19/wib/gc5Base.wib	0	100	1024	47160	2760000
907	chr22	42261910	42267030	chr22.298838	5	1024	305942040	/gbdb/hg19/wib/gc5Base.wib	0	100	1024	50280	3016000
907	chr22	42267030	42272150	chr22.298839	5	1024	305943064	/gbdb/hg19/wib/gc5Base.wib	0	100	1024	47240	2721600
907	chr22	42272150	42277270	chr22.298840	5	1024	305944088	/gbdb/hg19/wib/gc5Base.wib	0	100	1024	48180	2802000
907	chr22	42277270	42282390	chr22.298841	5	1024	305945112	/gbdb/hg19/wib/gc5Base.wib	0	100	1024	50640	2924800
907	chr22	42282390	42287510	chr22.298842	5	1024	305946136	/gbdb/hg19/wib/gc5Base.wib	0	100	1024	45000	2486400
907	chr22	42287510	42292630	chr22.298843	5	1024	305947160	/gbdb/hg19/wib/gc5Base.wib	0	100	1024	54240	3383200
907	chr22	42292630	42297750	chr22.298844	5	1024	305948184	/gbdb/hg19/wib/gc5Base.wib	0	100	1024	55240	3414400
907	chr22	42297750	42302870	chr22.298845	5	1024	305949208	/gbdb/hg19/wib/gc5Base.wib	0	100	1024	58920	3836000
907	chr22	42302870	42307990	chr22.298846	5	1024	305950232	/gbdb/hg19/wib/gc5Base.wib	0	100	1024	65360	4632000
907	chr22	42307990	42313110	chr22.298847	5	1024	305951256	/gbdb/hg19/wib/gc5Base.wib	0	100	1024	64440	4556800
907	chr22	42313110	42318230	chr22.298848	5	1024	305952280	/gbdb/hg19/wib/gc5Base.wib	0	100	1024	60300	4066800
907	chr22	42318230	42323350	chr22.298849	5	1024	305953304	/gbdb/hg19/wib/gc5Base.wib	0	100	1024	60980	4170800
907	chr22	42323350	42328470	chr22.298850	5	1024	305954328	/gbdb/hg19/wib/gc5Base.wib	0	100	1024	58000	3793600
907	chr22	42328470	42333590	chr22.298851	5	1024	305955352	/gbdb/hg19/wib/gc5Base.wib	0	100	1024	60000	3953600
113	chr22	42333590	42338710	chr22.298852	5	1024	305956376	/gbdb/hg19/wib/gc5Base.wib	0	100	1024	54700	3427600
908	chr22	42338710	42343830	chr22.298853	5	1024	305957400	/gbdb/hg19/wib/gc5Base.wib	0	100	1024	54060	3402000
908	chr22	42343830	42348950	chr22.298854	5	1024	305958424	/gbdb/hg19/wib/gc5Base.wib	0	100	1024	54680	3389600
908	chr22	42348950	42354070	chr22.298855	5	1024	305959448	/gbdb/hg19/wib/gc5Base.wib	0	100	1024	54560	3460000
908	chr22	42354070	42359190	chr22.298856	5	1024	305960472	/gbdb/hg19/wib/gc5Base.wib	0	100	1024	52180	3207600
908	chr22	42359190	42364310	chr22.298857	5	1024	305961496	/gbdb/hg19/wib/gc5Base.wib	0	100	1024	52160	3172000
908	chr22	42364310	42369430	chr22.298858	5	1024	305962520	/gbdb/hg19/wib/gc5Base.wib	0	100	1024	58620	3748400
908	chr22	42369430	42374550	chr22.298859	5	1024	305963544	/gbdb/hg19/wib/gc5Base.wib	0	100	1024	57760	3820800
908	chr22	42374550	42379670	chr22.298860	5	1024	305964568	/gbdb/hg19/wib/gc5Base.wib	0	100	1024	53380	3234800
908	chr22	42379670	42384790	chr22.298861	5	1024	305965592	/gbdb/hg19/wib/gc5Base.wib	0	100	1024	50840	2989600
908	chr22	42384790	42389910	chr22.298862	5	1024	305966616	/gbdb/hg19/wib/gc5Base.wib	0	100	1024	51180	3053200
908	chr22	42389910	42395030	chr22.298863	5	1024	305967640	/gbdb/hg19/wib/gc5Base.wib	0	100	1024	51140	3034800
908	chr22	42395030	42400150	chr22.298864	5	1024	305968664	/gbdb/hg19/wib/gc5Base.wib	0	100	1024	47720	2746400
908	chr22	42400150	42405270	chr22.298865	5	1024	305969688	/gbdb/hg19/wib/gc5Base.wib	0	100	1024	44680	2494400
908	chr22	42405270	42410390	chr22.298866	5	1024	305970712	/gbdb/hg19/wib/gc5Base.wib	0	100	1024	41500	2244400
908	chr22	42410390	42415510	chr22.298867	5	1024	305971736	/gbdb/hg19/wib/gc5Base.wib	0	100	1024	43840	2424000
908	chr22	42415510	42420630	chr22.298868	5	1024	305972760	/gbdb/hg19/wib/gc5Base.wib	0	100	1024	43720	2404000
908	chr22	42420630	42425750	chr22.298869	5	1024	305973784	/gbdb/hg19/wib/gc5Base.wib	0	100	1024	40300	2161200
908	chr22	42425750	42430870	chr22.298870	5	1024	305974808	/gbdb/hg19/wib/gc5Base.wib	0	100	1024	46640	2632000
908	chr22	42430870	42435990	chr22.298871	5	1024	305975832	/gbdb/hg19/wib/gc5Base.wib	0	100	1024	41320	2207200
908	chr22	42435990	42441110	chr22.298872	5	1024	305976856	/gbdb/hg19/wib/gc5Base.wib	0	100	1024	43320	2378400
908	chr22	42441110	42446230	chr22.298873	5	1024	305977880	/gbdb/hg19/wib/gc5Base.wib	0	100	1024	41920	2333600
908	chr22	42446230	42451350	chr22.298874	5	1024	305978904	/gbdb/hg19/wib/gc5Base.wib	0	100	1024	42700	2314800
908	chr22	42451350	42456470	chr22.298875	5	1024	305979928	/gbdb/hg19/wib/gc5Base.wib	0	100	1024	41940	2254800
908	chr22	42456470	42461590	chr22.298876	5	1024	305980952	/gbdb/hg19/wib/gc5Base.wib	0	100	1024	52520	3215200
908	chr22	42461590	42466710	chr22.298877	5	1024	305981976	/gbdb/hg19/wib/gc5Base.wib	0	100	1024	57740	3686800
113	chr22	42466710	42471830	chr22.298878	5	1024	305983000	/gbdb/hg19/wib/gc5Base.wib	0	100	1024	57500	3771600
909	chr22	42471830	42476950	chr22.298879	5	1024	305984024	/gbdb/hg19/wib/gc5Base.wib	0	100	1024	55060	3522800
909	chr22	42476950	42482070	chr22.298880	5	1024	305985048	/gbdb/hg19/wib/gc5Base.wib	0	100	1024	49200	2857600
909	chr22	42482070	42487190	chr22.298881	5	1024	305986072	/gbdb/hg19/wib/gc5Base.wib	0	100	1024	51500	3176400
909	chr22	42487190	42492310	chr22.298882	5	1024	305987096	/gbdb/hg19/wib/gc5Base.wib	0	100	1024	46040	2623200
909	chr22	42492310	42497430	chr22.298883	5	1024	305988120	/gbdb/hg19/wib/gc5Base.wib	0	100	1024	42920	2380800
909	chr22	42497430	42502550	chr22.298884	5	1024	305989144	/gbdb/hg19/wib/gc5Base.wib	0	100	1024	45060	2506000
909	chr22	42502550	42507670	chr22.298885	5	1024	305990168	/gbdb/hg19/wib/gc5Base.wib	0	100	1024	42720	2285600
909	chr22	42507670	42512790	chr22.298886	5	1024	305991192	/gbdb/hg19/wib/gc5Base.wib	0	100	1024	46600	2637600
909	chr22	42512790	42517910	chr22.298887	5	1024	305992216	/gbdb/hg19/wib/gc5Base.wib	0	100	1024	47700	2702000
909	chr22	42517910	42523030	chr22.298888	5	1024	305993240	/gbdb/hg19/wib/gc5Base.wib	0	100	1024	56480	3593600
909	chr22	42523030	42528150	chr22.298889	5	1024	305994264	/gbdb/hg19/wib/gc5Base.wib	0	100	1024	62360	4213600
909	chr22	42528150	42533270	chr22.298890	5	1024	305995288	/gbdb/hg19/wib/gc5Base.wib	0	100	1024	54600	3352000
909	chr22	42533270	42538390	chr22.298891	5	1024	305996312	/gbdb/hg19/wib/gc5Base.wib	0	100	1024	61240	4050400
909	chr22	42538390	42543510	chr22.298892	5	1024	305997336	/gbdb/hg19/wib/gc5Base.wib	0	100	1024	55500	3568400
909	chr22	42543510	42548630	chr22.298893	5	1024	305998360	/gbdb/hg19/wib/gc5Base.wib	0	100	1024	58120	3752000
909	chr22	42548630	42553750	chr22.298894	5	1024	305999384	/gbdb/hg19/wib/gc5Base.wib	0	100	1024	54900	3479600
909	chr22	42553750	42558870	chr22.298895	5	1024	306000408	/gbdb/hg19/wib/gc5Base.wib	0	100	1024	48000	2816000
909	chr22	42558870	42563990	chr22.298896	5	1024	306001432	/gbdb/hg19/wib/gc5Base.wib	0	100	1024	54140	3346000
909	chr22	42563990	42569110	chr22.298897	5	1024	306002456	/gbdb/hg19/wib/gc5Base.wib	0	100	1024	50100	2939600
909	chr22	42569110	42574230	chr22.298898	5	1024	306003480	/gbdb/hg19/wib/gc5Base.wib	0	100	1024	48020	2816400
909	chr22	42574230	42579350	chr22.298899	5	1024	306004504	/gbdb/hg19/wib/gc5Base.wib	0	100	1024	46300	2584400
909	chr22	42579350	42584470	chr22.298900	5	1024	306005528	/gbdb/hg19/wib/gc5Base.wib	0	100	1024	43300	2345200
909	chr22	42584470	42589590	chr22.298901	5	1024	306006552	/gbdb/hg19/wib/gc5Base.wib	0	100	1024	43980	2353200
909	chr22	42589590	42594710	chr22.298902	5	1024	306007576	/gbdb/hg19/wib/gc5Base.wib	0	100	1024	44740	2514800
113	chr22	42594710	42599830	chr22.298903	5	1024	306008600	/gbdb/hg19/wib/gc5Base.wib	0	100	1024	44380	2434000
910	chr22	42599830	42604950	chr22.298904	5	1024	306009624	/gbdb/hg19/wib/gc5Base.wib	0	100	1024	43540	2379600
910	chr22	42604950	42610070	chr22.298905	5	1024	306010648	/gbdb/hg19/wib/gc5Base.wib	0	100	1024	50340	2950800
910	chr22	42610070	42615190	chr22.298906	5	1024	306011672	/gbdb/hg19/wib/gc5Base.wib	0	100	1024	47260	2702000
910	chr22	42615190	42620310	chr22.298907	5	1024	306012696	/gbdb/hg19/wib/gc5Base.wib	0	100	1024	45900	2568400
910	chr22	42620310	42625430	chr22.298908	5	1024	306013720	/gbdb/hg19/wib/gc5Base.wib	0	100	1024	45200	2515200
910	chr22	42625430	42630550	chr22.298909	5	1024	306014744	/gbdb/hg19/wib/gc5Base.wib	0	100	1024	43900	2413200
910	chr22	42630550	42635670	chr22.298910	5	1024	306015768	/gbdb/hg19/wib/gc5Base.wib	0	100	1024	43120	2337600
910	chr22	42635670	42640790	chr22.298911	5	1024	306016792	/gbdb/hg19/wib/gc5Base.wib	0	100	1024	43620	2405200
910	chr22	42640790	42645910	chr22.298912	5	1024	306017816	/gbdb/hg19/wib/gc5Base.wib	0	100	1024	45140	2513200
910	chr22	42645910	42651030	chr22.298913	5	1024	306018840	/gbdb/hg19/wib/gc5Base.wib	0	100	1024	43460	2452400
910	chr22	42651030	42656150	chr22.298914	5	1024	306019864	/gbdb/hg19/wib/gc5Base.wib	0	100	1024	43360	2364000
910	chr22	42656150	42661270	chr22.298915	5	1024	306020888	/gbdb/hg19/wib/gc5Base.wib	0	100	1024	44360	2395200
910	chr22	42661270	42666390	chr22.298916	5	1024	306021912	/gbdb/hg19/wib/gc5Base.wib	0	100	1024	49960	3077600
910	chr22	42666390	42671510	chr22.298917	5	1024	306022936	/gbdb/hg19/wib/gc5Base.wib	0	100	1024	57220	3810000
910	chr22	42671510	42676630	chr22.298918	5	1024	306023960	/gbdb/hg19/wib/gc5Base.wib	0	100	1024	53800	3278400
910	chr22	42676630	42681750	chr22.298919	5	1024	306024984	/gbdb/hg19/wib/gc5Base.wib	0	100	1024	61060	4120400
910	chr22	42681750	42686870	chr22.298920	5	1024	306026008	/gbdb/hg19/wib/gc5Base.wib	0	100	1024	54520	3387200
910	chr22	42686870	42691990	chr22.298921	5	1024	306027032	/gbdb/hg19/wib/gc5Base.wib	0	100	1024	59320	3871200
910	chr22	42691990	42697110	chr22.298922	5	1024	306028056	/gbdb/hg19/wib/gc5Base.wib	0	100	1024	60260	3957200
910	chr22	42697110	42702230	chr22.298923	5	1024	306029080	/gbdb/hg19/wib/gc5Base.wib	0	100	1024	60420	3952400
910	chr22	42702230	42707350	chr22.298924	5	1024	306030104	/gbdb/hg19/wib/gc5Base.wib	0	100	1024	58980	3861200
910	chr22	42707350	42712470	chr22.298925	5	1024	306031128	/gbdb/hg19/wib/gc5Base.wib	0	100	1024	57820	3679600
910	chr22	42712470	42717590	chr22.298926	5	1024	306032152	/gbdb/hg19/wib/gc5Base.wib	0	100	1024	59320	3893600
910	chr22	42717590	42722710	chr22.298927	5	1024	306033176	/gbdb/hg19/wib/gc5Base.wib	0	100	1024	55320	3476800
910	chr22	42722710	42727830	chr22.298928	5	1024	306034200	/gbdb/hg19/wib/gc5Base.wib	0	100	1024	59940	3926000
113	chr22	42727830	42732950	chr22.298929	5	1024	306035224	/gbdb/hg19/wib/gc5Base.wib	0	100	1024	58600	3740800
911	chr22	42732950	42738070	chr22.298930	5	1024	306036248	/gbdb/hg19/wib/gc5Base.wib	0	100	1024	59140	3878000
911	chr22	42738070	42743190	chr22.298931	5	1024	306037272	/gbdb/hg19/wib/gc5Base.wib	0	100	1024	63340	4450000
911	chr22	42743190	42748310	chr22.298932	5	1024	306038296	/gbdb/hg19/wib/gc5Base.wib	0	100	1024	54340	3410800
911	chr22	42748310	42753430	chr22.298933	5	1024	306039320	/gbdb/hg19/wib/gc5Base.wib	0	100	1024	54380	3413200
911	chr22	42753430	42758550	chr22.298934	5	1024	306040344	/gbdb/hg19/wib/gc5Base.wib	0	100	1024	57180	3659600
911	chr22	42758550	42763670	chr22.298935	5	1024	306041368	/gbdb/hg19/wib/gc5Base.wib	0	100	1024	53320	3319200
911	chr22	42763670	42768790	chr22.298936	5	1024	306042392	/gbdb/hg19/wib/gc5Base.wib	0	100	1024	57600	3748800
911	chr22	42768790	42773910	chr22.298937	5	1024	306043416	/gbdb/hg19/wib/gc5Base.wib	0	100	1024	51380	3146000
911	chr22	42773910	42779030	chr22.298938	5	1024	306044440	/gbdb/hg19/wib/gc5Base.wib	0	100	1024	55660	3512400
911	chr22	42779030	42784150	chr22.298939	5	1024	306045464	/gbdb/hg19/wib/gc5Base.wib	0	100	1024	60900	4034000
911	chr22	42784150	42789270	chr22.298940	5	1024	306046488	/gbdb/hg19/wib/gc5Base.wib	0	100	1024	55380	3503600
911	chr22	42789270	42794390	chr22.298941	5	1024	306047512	/gbdb/hg19/wib/gc5Base.wib	0	100	1024	49320	2989600
911	chr22	42794390	42799510	chr22.298942	5	1024	306048536	/gbdb/hg19/wib/gc5Base.wib	0	100	1024	57540	3701200
911	chr22	42799510	42804630	chr22.298943	5	1024	306049560	/gbdb/hg19/wib/gc5Base.wib	0	100	1024	56400	3565600
911	chr22	42804630	42809750	chr22.298944	5	1024	306050584	/gbdb/hg19/wib/gc5Base.wib	0	100	1024	57180	3665200
911	chr22	42809750	42814870	chr22.298945	5	1024	306051608	/gbdb/hg19/wib/gc5Base.wib	0	100	1024	56440	3611200
911	chr22	42814870	42819990	chr22.298946	5	1024	306052632	/gbdb/hg19/wib/gc5Base.wib	0	100	1024	53720	3337600
911	chr22	42819990	42825110	chr22.298947	5	1024	306053656	/gbdb/hg19/wib/gc5Base.wib	0	100	1024	56820	3631600
911	chr22	42825110	42830230	chr22.298948	5	1024	306054680	/gbdb/hg19/wib/gc5Base.wib	0	100	1024	58440	3824000
911	chr22	42830230	42835350	chr22.298949	5	1024	306055704	/gbdb/hg19/wib/gc5Base.wib	0	100	1024	57080	3717600
911	chr22	42835350	42840470	chr22.298950	5	1024	306056728	/gbdb/hg19/wib/gc5Base.wib	0	100	1024	53780	3326000
911	chr22	42840470	42845590	chr22.298951	5	1024	306057752	/gbdb/hg19/wib/gc5Base.wib	0	100	1024	52880	3279200
911	chr22	42845590	42850710	chr22.298952	5	1024	306058776	/gbdb/hg19/wib/gc5Base.wib	0	100	1024	52140	3180400
911	chr22	42850710	42855830	chr22.298953	5	1024	306059800	/gbdb/hg19/wib/gc5Base.wib	0	100	1024	46280	2680000
113	chr22	42855830	42860950	chr22.298954	5	1024	306060824	/gbdb/hg19/wib/gc5Base.wib	0	100	1024	47480	2752800
912	chr22	42860950	42866070	chr22.298955	5	1024	306061848	/gbdb/hg19/wib/gc5Base.wib	0	100	1024	44800	2522400
912	chr22	42866070	42871190	chr22.298956	5	1024	306062872	/gbdb/hg19/wib/gc5Base.wib	0	100	1024	46200	2596800
912	chr22	42871190	42876310	chr22.298957	5	1024	306063896	/gbdb/hg19/wib/gc5Base.wib	0	100	1024	50360	3015200
912	chr22	42876310	42881430	chr22.298958	5	1024	306064920	/gbdb/hg19/wib/gc5Base.wib	0	100	1024	51500	3070000
912	chr22	42881430	42886550	chr22.298959	5	1024	306065944	/gbdb/hg19/wib/gc5Base.wib	0	100	1024	48580	2896400
912	chr22	42886550	42891670	chr22.298960	5	1024	306066968	/gbdb/hg19/wib/gc5Base.wib	0	100	1024	51240	3161600
912	chr22	42891670	42896790	chr22.298961	5	1024	306067992	/gbdb/hg19/wib/gc5Base.wib	0	100	1024	50080	3060000
912	chr22	42896790	42901910	chr22.298962	5	1024	306069016	/gbdb/hg19/wib/gc5Base.wib	0	100	1024	59480	3844800
912	chr22	42901910	42907030	chr22.298963	5	1024	306070040	/gbdb/hg19/wib/gc5Base.wib	0	100	1024	53500	3351600
912	chr22	42907030	42912150	chr22.298964	5	1024	306071064	/gbdb/hg19/wib/gc5Base.wib	0	100	1024	63000	4274400
912	chr22	42912150	42917270	chr22.298965	5	1024	306072088	/gbdb/hg19/wib/gc5Base.wib	0	100	1024	55380	3555600
912	chr22	42917270	42922390	chr22.298966	5	1024	306073112	/gbdb/hg19/wib/gc5Base.wib	0	100	1024	51600	3134400
912	chr22	42922390	42927510	chr22.298967	5	1024	306074136	/gbdb/hg19/wib/gc5Base.wib	0	100	1024	51600	3124000
912	chr22	42927510	42932630	chr22.298968	5	1024	306075160	/gbdb/hg19/wib/gc5Base.wib	0	100	1024	51020	3074000
912	chr22	42932630	42937750	chr22.298969	5	1024	306076184	/gbdb/hg19/wib/gc5Base.wib	0	100	1024	48600	2865600
912	chr22	42937750	42942870	chr22.298970	5	1024	306077208	/gbdb/hg19/wib/gc5Base.wib	0	100	1024	47920	2812000
912	chr22	42942870	42947990	chr22.298971	5	1024	306078232	/gbdb/hg19/wib/gc5Base.wib	0	100	1024	52120	3198400
912	chr22	42947990	42953110	chr22.298972	5	1024	306079256	/gbdb/hg19/wib/gc5Base.wib	0	100	1024	59040	3917600
912	chr22	42953110	42958230	chr22.298973	5	1024	306080280	/gbdb/hg19/wib/gc5Base.wib	0	100	1024	56180	3526000
912	chr22	42958230	42963350	chr22.298974	5	1024	306081304	/gbdb/hg19/wib/gc5Base.wib	0	100	1024	52260	3202000
912	chr22	42963350	42968470	chr22.298975	5	1024	306082328	/gbdb/hg19/wib/gc5Base.wib	0	100	1024	53300	3345200
912	chr22	42968470	42973590	chr22.298976	5	1024	306083352	/gbdb/hg19/wib/gc5Base.wib	0	100	1024	62880	4293600
912	chr22	42973590	42978710	chr22.298977	5	1024	306084376	/gbdb/hg19/wib/gc5Base.wib	0	100	1024	55180	3518800
912	chr22	42978710	42983830	chr22.298978	5	1024	306085400	/gbdb/hg19/wib/gc5Base.wib	0	100	1024	52260	3153200
912	chr22	42983830	42988950	chr22.298979	5	1024	306086424	/gbdb/hg19/wib/gc5Base.wib	0	100	1024	45680	2584800
14	chr22	42988950	42994070	chr22.298980	5	1024	306087448	/gbdb/hg19/wib/gc5Base.wib	0	100	1024	49840	2928800
913	chr22	42994070	42999190	chr22.298981	5	1024	306088472	/gbdb/hg19/wib/gc5Base.wib	0	100	1024	50200	3008000
913	chr22	42999190	43004310	chr22.298982	5	1024	306089496	/gbdb/hg19/wib/gc5Base.wib	0	100	1024	52460	3243600
913	chr22	43004310	43009430	chr22.298983	5	1024	306090520	/gbdb/hg19/wib/gc5Base.wib	0	100	1024	48620	2823600
913	chr22	43009430	43014550	chr22.298984	5	1024	306091544	/gbdb/hg19/wib/gc5Base.wib	0	100	1024	55600	3623200
913	chr22	43014550	43019670	chr22.298985	5	1024	306092568	/gbdb/hg19/wib/gc5Base.wib	0	100	1024	58440	3835200
913	chr22	43019670	43024790	chr22.298986	5	1024	306093592	/gbdb/hg19/wib/gc5Base.wib	0	100	1024	58540	3820400
913	chr22	43024790	43029910	chr22.298987	5	1024	306094616	/gbdb/hg19/wib/gc5Base.wib	0	100	1024	59840	3915200
913	chr22	43029910	43035030	chr22.298988	5	1024	306095640	/gbdb/hg19/wib/gc5Base.wib	0	100	1024	53300	3330800
913	chr22	43035030	43040150	chr22.298989	5	1024	306096664	/gbdb/hg19/wib/gc5Base.wib	0	100	1024	51200	3154400
913	chr22	43040150	43045270	chr22.298990	5	1024	306097688	/gbdb/hg19/wib/gc5Base.wib	0	100	1024	61120	4080800
913	chr22	43045270	43050390	chr22.298991	5	1024	306098712	/gbdb/hg19/wib/gc5Base.wib	0	100	1024	54840	3588000
913	chr22	43050390	43055510	chr22.298992	5	1024	306099736	/gbdb/hg19/wib/gc5Base.wib	0	100	1024	51240	3100000
913	chr22	43055510	43060630	chr22.298993	5	1024	306100760	/gbdb/hg19/wib/gc5Base.wib	0	100	1024	54320	3514400
913	chr22	43060630	43065750	chr22.298994	5	1024	306101784	/gbdb/hg19/wib/gc5Base.wib	0	100	1024	49980	2998000
913	chr22	43065750	43070870	chr22.298995	5	1024	306102808	/gbdb/hg19/wib/gc5Base.wib	0	100	1024	51200	3083200
913	chr22	43070870	43075990	chr22.298996	5	1024	306103832	/gbdb/hg19/wib/gc5Base.wib	0	100	1024	49120	2869600
913	chr22	43075990	43081110	chr22.298997	5	1024	306104856	/gbdb/hg19/wib/gc5Base.wib	0	100	1024	52820	3210800
913	chr22	43081110	43086230	chr22.298998	5	1024	306105880	/gbdb/hg19/wib/gc5Base.wib	0	100	1024	56940	3677200
913	chr22	43086230	43091350	chr22.298999	5	1024	306106904	/gbdb/hg19/wib/gc5Base.wib	0	100	1024	59460	3931600
913	chr22	43091350	43096470	chr22.299000	5	1024	306107928	/gbdb/hg19/wib/gc5Base.wib	0	100	1024	56420	3597200
913	chr22	43096470	43101590	chr22.299001	5	1024	306108952	/gbdb/hg19/wib/gc5Base.wib	0	100	1024	55480	3517600
913	chr22	43101590	43106710	chr22.299002	5	1024	306109976	/gbdb/hg19/wib/gc5Base.wib	0	100	1024	42920	2416000
913	chr22	43106710	43111830	chr22.299003	5	1024	306111000	/gbdb/hg19/wib/gc5Base.wib	0	100	1024	49420	2934000
913	chr22	43111830	43116950	chr22.299004	5	1024	306112024	/gbdb/hg19/wib/gc5Base.wib	0	100	1024	57360	3770400
913	chr22	43116950	43122070	chr22.299005	5	1024	306113048	/gbdb/hg19/wib/gc5Base.wib	0	100	1024	53240	3336000
114	chr22	43122070	43127190	chr22.299006	5	1024	306114072	/gbdb/hg19/wib/gc5Base.wib	0	100	1024	49100	2939600
914	chr22	43127190	43132310	chr22.299007	5	1024	306115096	/gbdb/hg19/wib/gc5Base.wib	0	100	1024	50860	3071600
914	chr22	43132310	43137430	chr22.299008	5	1024	306116120	/gbdb/hg19/wib/gc5Base.wib	0	100	1024	50660	3072400
914	chr22	43137430	43142550	chr22.299009	5	1024	306117144	/gbdb/hg19/wib/gc5Base.wib	0	100	1024	54900	3515600
914	chr22	43142550	43147670	chr22.299010	5	1024	306118168	/gbdb/hg19/wib/gc5Base.wib	0	100	1024	54460	3470800
914	chr22	43147670	43152790	chr22.299011	5	1024	306119192	/gbdb/hg19/wib/gc5Base.wib	0	100	1024	53920	3370400
914	chr22	43152790	43157910	chr22.299012	5	1024	306120216	/gbdb/hg19/wib/gc5Base.wib	0	100	1024	54420	3445200
914	chr22	43157910	43163030	chr22.299013	5	1024	306121240	/gbdb/hg19/wib/gc5Base.wib	0	100	1024	53680	3376800
914	chr22	43163030	43168150	chr22.299014	5	1024	306122264	/gbdb/hg19/wib/gc5Base.wib	0	100	1024	57900	3834800
914	chr22	43168150	43173270	chr22.299015	5	1024	306123288	/gbdb/hg19/wib/gc5Base.wib	0	100	1024	52820	3290800
914	chr22	43173270	43178390	chr22.299016	5	1024	306124312	/gbdb/hg19/wib/gc5Base.wib	0	100	1024	47980	2870800
914	chr22	43178390	43183510	chr22.299017	5	1024	306125336	/gbdb/hg19/wib/gc5Base.wib	0	100	1024	54660	3394800
914	chr22	43183510	43188630	chr22.299018	5	1024	306126360	/gbdb/hg19/wib/gc5Base.wib	0	100	1024	55340	3538000
914	chr22	43188630	43193750	chr22.299019	5	1024	306127384	/gbdb/hg19/wib/gc5Base.wib	0	100	1024	57180	3714800
914	chr22	43193750	43198870	chr22.299020	5	1024	306128408	/gbdb/hg19/wib/gc5Base.wib	0	100	1024	52880	3192000
914	chr22	43198870	43203990	chr22.299021	5	1024	306129432	/gbdb/hg19/wib/gc5Base.wib	0	100	1024	52060	3161200
914	chr22	43203990	43209110	chr22.299022	5	1024	306130456	/gbdb/hg19/wib/gc5Base.wib	0	100	1024	46300	2653200
914	chr22	43209110	43214230	chr22.299023	5	1024	306131480	/gbdb/hg19/wib/gc5Base.wib	0	100	1024	40660	2126800
914	chr22	43214230	43219350	chr22.299024	5	1024	306132504	/gbdb/hg19/wib/gc5Base.wib	0	100	1024	42320	2222400
914	chr22	43219350	43224470	chr22.299025	5	1024	306133528	/gbdb/hg19/wib/gc5Base.wib	0	100	1024	41260	2269200
914	chr22	43224470	43229590	chr22.299026	5	1024	306134552	/gbdb/hg19/wib/gc5Base.wib	0	100	1024	43440	2396800
914	chr22	43229590	43234710	chr22.299027	5	1024	306135576	/gbdb/hg19/wib/gc5Base.wib	0	100	1024	43280	2362400
914	chr22	43234710	43239830	chr22.299028	5	1024	306136600	/gbdb/hg19/wib/gc5Base.wib	0	100	1024	46560	2691200
914	chr22	43239830	43244950	chr22.299029	5	1024	306137624	/gbdb/hg19/wib/gc5Base.wib	0	100	1024	44960	2535200
914	chr22	43244950	43250070	chr22.299030	5	1024	306138648	/gbdb/hg19/wib/gc5Base.wib	0	100	1024	47980	2794000
114	chr22	43250070	43255190	chr22.299031	5	1024	306139672	/gbdb/hg19/wib/gc5Base.wib	0	100	1024	53380	3474800
915	chr22	43255190	43260310	chr22.299032	5	1024	306140696	/gbdb/hg19/wib/gc5Base.wib	0	100	1024	48460	2869200
915	chr22	43260310	43265430	chr22.299033	5	1024	306141720	/gbdb/hg19/wib/gc5Base.wib	0	100	1024	54160	3364000
915	chr22	43265430	43270550	chr22.299034	5	1024	306142744	/gbdb/hg19/wib/gc5Base.wib	0	100	1024	52820	3259600
915	chr22	43270550	43275670	chr22.299035	5	1024	306143768	/gbdb/hg19/wib/gc5Base.wib	0	100	1024	59260	3876400
915	chr22	43275670	43280790	chr22.299036	5	1024	306144792	/gbdb/hg19/wib/gc5Base.wib	0	100	1024	55160	3426400
915	chr22	43280790	43285910	chr22.299037	5	1024	306145816	/gbdb/hg19/wib/gc5Base.wib	0	100	1024	55060	3393200
915	chr22	43285910	43291030	chr22.299038	5	1024	306146840	/gbdb/hg19/wib/gc5Base.wib	0	100	1024	53900	3330800
915	chr22	43291030	43296150	chr22.299039	5	1024	306147864	/gbdb/hg19/wib/gc5Base.wib	0	100	1024	50780	2999600
915	chr22	43296150	43301270	chr22.299040	5	1024	306148888	/gbdb/hg19/wib/gc5Base.wib	0	100	1024	52920	3223200
915	chr22	43301270	43306390	chr22.299041	5	1024	306149912	/gbdb/hg19/wib/gc5Base.wib	0	100	1024	52800	3204000
915	chr22	43306390	43311510	chr22.299042	5	1024	306150936	/gbdb/hg19/wib/gc5Base.wib	0	100	1024	50660	3005200
915	chr22	43311510	43316630	chr22.299043	5	1024	306151960	/gbdb/hg19/wib/gc5Base.wib	0	100	1024	49260	2879600
915	chr22	43316630	43321750	chr22.299044	5	1024	306152984	/gbdb/hg19/wib/gc5Base.wib	0	100	1024	51340	3138000
915	chr22	43321750	43326870	chr22.299045	5	1024	306154008	/gbdb/hg19/wib/gc5Base.wib	0	100	1024	47580	2707600
915	chr22	43326870	43331990	chr22.299046	5	1024	306155032	/gbdb/hg19/wib/gc5Base.wib	0	100	1024	47780	2734000
915	chr22	43331990	43337110	chr22.299047	5	1024	306156056	/gbdb/hg19/wib/gc5Base.wib	0	100	1024	49420	2889200
915	chr22	43337110	43342230	chr22.299048	5	1024	306157080	/gbdb/hg19/wib/gc5Base.wib	0	100	1024	43060	2317200
915	chr22	43342230	43347350	chr22.299049	5	1024	306158104	/gbdb/hg19/wib/gc5Base.wib	0	100	1024	48320	2794400
915	chr22	43347350	43352470	chr22.299050	5	1024	306159128	/gbdb/hg19/wib/gc5Base.wib	0	100	1024	44980	2480400
915	chr22	43352470	43357590	chr22.299051	5	1024	306160152	/gbdb/hg19/wib/gc5Base.wib	0	100	1024	41880	2246400
915	chr22	43357590	43362710	chr22.299052	5	1024	306161176	/gbdb/hg19/wib/gc5Base.wib	0	100	1024	47820	2786800
915	chr22	43362710	43367830	chr22.299053	5	1024	306162200	/gbdb/hg19/wib/gc5Base.wib	0	100	1024	49520	2995200
915	chr22	43367830	43372950	chr22.299054	5	1024	306163224	/gbdb/hg19/wib/gc5Base.wib	0	100	1024	47700	2778800
915	chr22	43372950	43378070	chr22.299055	5	1024	306164248	/gbdb/hg19/wib/gc5Base.wib	0	100	1024	51820	3325200
915	chr22	43378070	43383190	chr22.299056	5	1024	306165272	/gbdb/hg19/wib/gc5Base.wib	0	100	1024	51100	3090800
114	chr22	43383190	43388310	chr22.299057	5	1024	306166296	/gbdb/hg19/wib/gc5Base.wib	0	100	1024	46340	2662000
916	chr22	43388310	43393430	chr22.299058	5	1024	306167320	/gbdb/hg19/wib/gc5Base.wib	0	100	1024	50240	3017600
916	chr22	43393430	43398550	chr22.299059	5	1024	306168344	/gbdb/hg19/wib/gc5Base.wib	0	100	1024	49860	2899600
916	chr22	43398550	43403670	chr22.299060	5	1024	306169368	/gbdb/hg19/wib/gc5Base.wib	0	100	1024	47480	2725600
916	chr22	43403670	43408790	chr22.299061	5	1024	306170392	/gbdb/hg19/wib/gc5Base.wib	0	100	1024	46700	2681200
916	chr22	43408790	43413910	chr22.299062	5	1024	306171416	/gbdb/hg19/wib/gc5Base.wib	0	100	1024	56140	3644400
916	chr22	43413910	43419030	chr22.299063	5	1024	306172440	/gbdb/hg19/wib/gc5Base.wib	0	100	1024	48140	2882800
916	chr22	43419030	43424150	chr22.299064	5	1024	306173464	/gbdb/hg19/wib/gc5Base.wib	0	100	1024	56020	3602000
916	chr22	43424150	43429270	chr22.299065	5	1024	306174488	/gbdb/hg19/wib/gc5Base.wib	0	100	1024	55540	3561200
916	chr22	43429270	43434390	chr22.299066	5	1024	306175512	/gbdb/hg19/wib/gc5Base.wib	0	100	1024	55020	3445200
916	chr22	43434390	43439510	chr22.299067	5	1024	306176536	/gbdb/hg19/wib/gc5Base.wib	0	100	1024	54720	3434400
916	chr22	43439510	43444630	chr22.299068	5	1024	306177560	/gbdb/hg19/wib/gc5Base.wib	0	100	1024	51940	3150800
916	chr22	43444630	43449750	chr22.299069	5	1024	306178584	/gbdb/hg19/wib/gc5Base.wib	0	100	1024	53040	3275200
916	chr22	43449750	43454870	chr22.299070	5	1024	306179608	/gbdb/hg19/wib/gc5Base.wib	0	100	1024	50960	3127200
916	chr22	43454870	43459990	chr22.299071	5	1024	306180632	/gbdb/hg19/wib/gc5Base.wib	0	100	1024	52340	3222800
916	chr22	43459990	43465110	chr22.299072	5	1024	306181656	/gbdb/hg19/wib/gc5Base.wib	0	100	1024	51820	3177200
916	chr22	43465110	43470230	chr22.299073	5	1024	306182680	/gbdb/hg19/wib/gc5Base.wib	0	100	1024	50640	3096800
916	chr22	43470230	43475350	chr22.299074	5	1024	306183704	/gbdb/hg19/wib/gc5Base.wib	0	100	1024	55160	3527200
916	chr22	43475350	43480470	chr22.299075	5	1024	306184728	/gbdb/hg19/wib/gc5Base.wib	0	100	1024	50980	3122000
916	chr22	43480470	43485590	chr22.299076	5	1024	306185752	/gbdb/hg19/wib/gc5Base.wib	0	100	1024	53360	3377600
916	chr22	43485590	43490710	chr22.299077	5	1024	306186776	/gbdb/hg19/wib/gc5Base.wib	0	100	1024	49420	2997200
916	chr22	43490710	43495830	chr22.299078	5	1024	306187800	/gbdb/hg19/wib/gc5Base.wib	0	100	1024	54200	3402400
916	chr22	43495830	43500950	chr22.299079	5	1024	306188824	/gbdb/hg19/wib/gc5Base.wib	0	100	1024	49960	2986400
916	chr22	43500950	43506070	chr22.299080	5	1024	306189848	/gbdb/hg19/wib/gc5Base.wib	0	100	1024	51660	3154800
916	chr22	43506070	43511190	chr22.299081	5	1024	306190872	/gbdb/hg19/wib/gc5Base.wib	0	100	1024	57680	3813600
114	chr22	43511190	43516310	chr22.299082	5	1024	306191896	/gbdb/hg19/wib/gc5Base.wib	0	100	1024	54100	3421200
917	chr22	43516310	43521430	chr22.299083	5	1024	306192920	/gbdb/hg19/wib/gc5Base.wib	0	100	1024	53960	3308800
917	chr22	43521430	43526550	chr22.299084	5	1024	306193944	/gbdb/hg19/wib/gc5Base.wib	0	100	1024	60140	4030800
917	chr22	43526550	43531670	chr22.299085	5	1024	306194968	/gbdb/hg19/wib/gc5Base.wib	0	100	1024	54880	3410400
917	chr22	43531670	43536790	chr22.299086	5	1024	306195992	/gbdb/hg19/wib/gc5Base.wib	0	100	1024	51760	3108000
917	chr22	43536790	43541910	chr22.299087	5	1024	306197016	/gbdb/hg19/wib/gc5Base.wib	0	100	1024	53720	3429600
917	chr22	43541910	43547030	chr22.299088	5	1024	306198040	/gbdb/hg19/wib/gc5Base.wib	0	100	1024	52040	3228000
917	chr22	43547030	43552150	chr22.299089	5	1024	306199064	/gbdb/hg19/wib/gc5Base.wib	0	100	1024	60480	4104800
917	chr22	43552150	43557270	chr22.299090	5	1024	306200088	/gbdb/hg19/wib/gc5Base.wib	0	100	1024	59640	3904800
917	chr22	43557270	43562390	chr22.299091	5	1024	306201112	/gbdb/hg19/wib/gc5Base.wib	0	100	1024	57680	3739200
917	chr22	43562390	43567510	chr22.299092	5	1024	306202136	/gbdb/hg19/wib/gc5Base.wib	0	100	1024	60840	4068000
917	chr22	43567510	43572630	chr22.299093	5	1024	306203160	/gbdb/hg19/wib/gc5Base.wib	0	100	1024	59720	3944000
917	chr22	43572630	43577750	chr22.299094	5	1024	306204184	/gbdb/hg19/wib/gc5Base.wib	0	100	1024	58720	3856000
917	chr22	43577750	43582870	chr22.299095	5	1024	306205208	/gbdb/hg19/wib/gc5Base.wib	0	100	1024	58380	3794000
917	chr22	43582870	43587990	chr22.299096	5	1024	306206232	/gbdb/hg19/wib/gc5Base.wib	0	100	1024	53100	3437200
917	chr22	43587990	43593110	chr22.299097	5	1024	306207256	/gbdb/hg19/wib/gc5Base.wib	0	100	1024	42980	2380400
917	chr22	43593110	43598230	chr22.299098	5	1024	306208280	/gbdb/hg19/wib/gc5Base.wib	0	100	1024	57200	3668000
917	chr22	43598230	43603350	chr22.299099	5	1024	306209304	/gbdb/hg19/wib/gc5Base.wib	0	100	1024	59240	3848000
917	chr22	43603350	43608470	chr22.299100	5	1024	306210328	/gbdb/hg19/wib/gc5Base.wib	0	100	1024	63920	4367200
917	chr22	43608470	43613590	chr22.299101	5	1024	306211352	/gbdb/hg19/wib/gc5Base.wib	0	100	1024	57880	3712800
917	chr22	43613590	43618710	chr22.299102	5	1024	306212376	/gbdb/hg19/wib/gc5Base.wib	0	100	1024	59680	3901600
917	chr22	43618710	43623830	chr22.299103	5	1024	306213400	/gbdb/hg19/wib/gc5Base.wib	0	100	1024	56700	3580400
917	chr22	43623830	43628950	chr22.299104	5	1024	306214424	/gbdb/hg19/wib/gc5Base.wib	0	100	1024	60120	3971200
917	chr22	43628950	43634070	chr22.299105	5	1024	306215448	/gbdb/hg19/wib/gc5Base.wib	0	100	1024	59760	3910400
917	chr22	43634070	43639190	chr22.299106	5	1024	306216472	/gbdb/hg19/wib/gc5Base.wib	0	100	1024	60060	3917200
917	chr22	43639190	43644310	chr22.299107	5	1024	306217496	/gbdb/hg19/wib/gc5Base.wib	0	100	1024	62280	4189600
114	chr22	43644310	43649430	chr22.299108	5	1024	306218520	/gbdb/hg19/wib/gc5Base.wib	0	100	1024	60280	3981600
918	chr22	43649430	43654550	chr22.299109	5	1024	306219544	/gbdb/hg19/wib/gc5Base.wib	0	100	1024	57420	3663600
918	chr22	43654550	43659670	chr22.299110	5	1024	306220568	/gbdb/hg19/wib/gc5Base.wib	0	100	1024	55980	3477200
918	chr22	43659670	43664790	chr22.299111	5	1024	306221592	/gbdb/hg19/wib/gc5Base.wib	0	100	1024	55440	3445600
918	chr22	43664790	43669910	chr22.299112	5	1024	306222616	/gbdb/hg19/wib/gc5Base.wib	0	100	1024	56540	3592400
918	chr22	43669910	43675030	chr22.299113	5	1024	306223640	/gbdb/hg19/wib/gc5Base.wib	0	100	1024	58960	3827200
918	chr22	43675030	43680150	chr22.299114	5	1024	306224664	/gbdb/hg19/wib/gc5Base.wib	0	100	1024	57000	3594400
918	chr22	43680150	43685270	chr22.299115	5	1024	306225688	/gbdb/hg19/wib/gc5Base.wib	0	100	1024	57120	3605600
918	chr22	43685270	43690390	chr22.299116	5	1024	306226712	/gbdb/hg19/wib/gc5Base.wib	0	100	1024	57460	3660400
918	chr22	43690390	43695510	chr22.299117	5	1024	306227736	/gbdb/hg19/wib/gc5Base.wib	0	100	1024	59340	3864400
918	chr22	43695510	43700630	chr22.299118	5	1024	306228760	/gbdb/hg19/wib/gc5Base.wib	0	100	1024	54880	3384000
918	chr22	43700630	43705750	chr22.299119	5	1024	306229784	/gbdb/hg19/wib/gc5Base.wib	0	100	1024	55920	3534400
918	chr22	43705750	43710870	chr22.299120	5	1024	306230808	/gbdb/hg19/wib/gc5Base.wib	0	100	1024	50480	3004800
918	chr22	43710870	43715990	chr22.299121	5	1024	306231832	/gbdb/hg19/wib/gc5Base.wib	0	100	1024	49200	2852000
918	chr22	43715990	43721110	chr22.299122	5	1024	306232856	/gbdb/hg19/wib/gc5Base.wib	0	100	1024	47520	2698400
918	chr22	43721110	43726230	chr22.299123	5	1024	306233880	/gbdb/hg19/wib/gc5Base.wib	0	100	1024	52120	3174400
918	chr22	43726230	43731350	chr22.299124	5	1024	306234904	/gbdb/hg19/wib/gc5Base.wib	0	100	1024	48880	2856800
918	chr22	43731350	43736470	chr22.299125	5	1024	306235928	/gbdb/hg19/wib/gc5Base.wib	0	100	1024	53460	3220400
918	chr22	43736470	43741590	chr22.299126	5	1024	306236952	/gbdb/hg19/wib/gc5Base.wib	0	100	1024	64940	4608400
918	chr22	43741590	43746710	chr22.299127	5	1024	306237976	/gbdb/hg19/wib/gc5Base.wib	0	100	1024	51680	3071200
918	chr22	43746710	43751830	chr22.299128	5	1024	306239000	/gbdb/hg19/wib/gc5Base.wib	0	100	1024	46740	2720400
918	chr22	43751830	43756950	chr22.299129	5	1024	306240024	/gbdb/hg19/wib/gc5Base.wib	0	100	1024	52320	3165600
918	chr22	43756950	43762070	chr22.299130	5	1024	306241048	/gbdb/hg19/wib/gc5Base.wib	0	100	1024	47880	2833600
918	chr22	43762070	43767190	chr22.299131	5	1024	306242072	/gbdb/hg19/wib/gc5Base.wib	0	100	1024	46040	2656000
918	chr22	43767190	43772310	chr22.299132	5	1024	306243096	/gbdb/hg19/wib/gc5Base.wib	0	100	1024	46380	2636400
918	chr22	43772310	43777430	chr22.299133	5	1024	306244120	/gbdb/hg19/wib/gc5Base.wib	0	100	1024	43660	2400400
114	chr22	43777430	43782550	chr22.299134	5	1024	306245144	/gbdb/hg19/wib/gc5Base.wib	0	100	1024	47360	2744800
919	chr22	43782550	43787670	chr22.299135	5	1024	306246168	/gbdb/hg19/wib/gc5Base.wib	0	100	1024	53880	3340800
919	chr22	43787670	43792790	chr22.299136	5	1024	306247192	/gbdb/hg19/wib/gc5Base.wib	0	100	1024	55860	3531600
919	chr22	43792790	43797910	chr22.299137	5	1024	306248216	/gbdb/hg19/wib/gc5Base.wib	0	100	1024	61260	4054000
919	chr22	43797910	43803030	chr22.299138	5	1024	306249240	/gbdb/hg19/wib/gc5Base.wib	0	100	1024	58080	3701600
919	chr22	43803030	43808150	chr22.299139	5	1024	306250264	/gbdb/hg19/wib/gc5Base.wib	0	100	1024	60880	4111200
919	chr22	43808150	43813270	chr22.299140	5	1024	306251288	/gbdb/hg19/wib/gc5Base.wib	0	100	1024	50200	3079200
919	chr22	43813270	43818390	chr22.299141	5	1024	306252312	/gbdb/hg19/wib/gc5Base.wib	0	100	1024	54840	3419200
919	chr22	43818390	43823510	chr22.299142	5	1024	306253336	/gbdb/hg19/wib/gc5Base.wib	0	100	1024	56540	3653200
919	chr22	43823510	43828630	chr22.299143	5	1024	306254360	/gbdb/hg19/wib/gc5Base.wib	0	100	1024	55080	3403200
919	chr22	43828630	43833750	chr22.299144	5	1024	306255384	/gbdb/hg19/wib/gc5Base.wib	0	100	1024	56480	3629600
919	chr22	43833750	43838870	chr22.299145	5	1024	306256408	/gbdb/hg19/wib/gc5Base.wib	0	100	1024	58100	3746000
919	chr22	43838870	43843990	chr22.299146	5	1024	306257432	/gbdb/hg19/wib/gc5Base.wib	0	100	1024	47580	2836400
919	chr22	43843990	43849110	chr22.299147	5	1024	306258456	/gbdb/hg19/wib/gc5Base.wib	0	100	1024	51700	3178000
919	chr22	43849110	43854230	chr22.299148	5	1024	306259480	/gbdb/hg19/wib/gc5Base.wib	0	100	1024	43120	2332000
919	chr22	43854230	43859350	chr22.299149	5	1024	306260504	/gbdb/hg19/wib/gc5Base.wib	0	100	1024	44100	2427600
919	chr22	43859350	43864470	chr22.299150	5	1024	306261528	/gbdb/hg19/wib/gc5Base.wib	0	100	1024	51900	3096400
919	chr22	43864470	43869590	chr22.299151	5	1024	306262552	/gbdb/hg19/wib/gc5Base.wib	0	100	1024	52140	3145200
919	chr22	43869590	43874710	chr22.299152	5	1024	306263576	/gbdb/hg19/wib/gc5Base.wib	0	100	1024	57040	3598400
919	chr22	43874710	43879830	chr22.299153	5	1024	306264600	/gbdb/hg19/wib/gc5Base.wib	0	100	1024	54860	3440400
919	chr22	43879830	43884950	chr22.299154	5	1024	306265624	/gbdb/hg19/wib/gc5Base.wib	0	100	1024	56420	3541200
919	chr22	43884950	43890070	chr22.299155	5	1024	306266648	/gbdb/hg19/wib/gc5Base.wib	0	100	1024	54760	3408000
919	chr22	43890070	43895190	chr22.299156	5	1024	306267672	/gbdb/hg19/wib/gc5Base.wib	0	100	1024	57540	3602000
919	chr22	43895190	43900310	chr22.299157	5	1024	306268696	/gbdb/hg19/wib/gc5Base.wib	0	100	1024	57540	3641200
919	chr22	43900310	43905430	chr22.299158	5	1024	306269720	/gbdb/hg19/wib/gc5Base.wib	0	100	1024	53260	3276400
114	chr22	43905430	43910550	chr22.299159	5	1024	306270744	/gbdb/hg19/wib/gc5Base.wib	0	100	1024	56500	3571600
920	chr22	43910550	43915670	chr22.299160	5	1024	306271768	/gbdb/hg19/wib/gc5Base.wib	0	100	1024	55180	3464400
920	chr22	43915670	43920790	chr22.299161	5	1024	306272792	/gbdb/hg19/wib/gc5Base.wib	0	100	1024	44080	2468000
920	chr22	43920790	43925910	chr22.299162	5	1024	306273816	/gbdb/hg19/wib/gc5Base.wib	0	100	1024	55200	3482400
920	chr22	43925910	43931030	chr22.299163	5	1024	306274840	/gbdb/hg19/wib/gc5Base.wib	0	100	1024	53180	3262000
920	chr22	43931030	43936150	chr22.299164	5	1024	306275864	/gbdb/hg19/wib/gc5Base.wib	0	100	1024	49260	2910800
920	chr22	43936150	43941270	chr22.299165	5	1024	306276888	/gbdb/hg19/wib/gc5Base.wib	0	100	1024	54240	3348000
920	chr22	43941270	43946390	chr22.299166	5	1024	306277912	/gbdb/hg19/wib/gc5Base.wib	0	100	1024	41160	2236000
920	chr22	43946390	43951510	chr22.299167	5	1024	306278936	/gbdb/hg19/wib/gc5Base.wib	0	100	1024	48440	2815200
920	chr22	43951510	43956630	chr22.299168	5	1024	306279960	/gbdb/hg19/wib/gc5Base.wib	0	100	1024	41420	2200400
920	chr22	43956630	43961750	chr22.299169	5	1024	306280984	/gbdb/hg19/wib/gc5Base.wib	0	100	1024	54140	3397200
920	chr22	43961750	43966870	chr22.299170	5	1024	306282008	/gbdb/hg19/wib/gc5Base.wib	0	100	1024	49760	2940800
920	chr22	43966870	43971990	chr22.299171	5	1024	306283032	/gbdb/hg19/wib/gc5Base.wib	0	100	1024	46260	2642000
920	chr22	43971990	43977110	chr22.299172	5	1024	306284056	/gbdb/hg19/wib/gc5Base.wib	0	100	1024	48500	2761200
920	chr22	43977110	43982230	chr22.299173	5	1024	306285080	/gbdb/hg19/wib/gc5Base.wib	0	100	1024	39480	2000000
920	chr22	43982230	43987350	chr22.299174	5	1024	306286104	/gbdb/hg19/wib/gc5Base.wib	0	100	1024	42880	2329600
920	chr22	43987350	43992470	chr22.299175	5	1024	306287128	/gbdb/hg19/wib/gc5Base.wib	0	100	1024	39180	1969200
920	chr22	43992470	43997590	chr22.299176	5	1024	306288152	/gbdb/hg19/wib/gc5Base.wib	0	100	1024	41940	2254800
920	chr22	43997590	44002710	chr22.299177	5	1024	306289176	/gbdb/hg19/wib/gc5Base.wib	0	100	1024	47980	2716400
920	chr22	44002710	44007830	chr22.299178	5	1024	306290200	/gbdb/hg19/wib/gc5Base.wib	0	100	1024	42520	2217600
920	chr22	44007830	44012950	chr22.299179	5	1024	306291224	/gbdb/hg19/wib/gc5Base.wib	0	100	1024	40900	2146800
920	chr22	44012950	44018070	chr22.299180	5	1024	306292248	/gbdb/hg19/wib/gc5Base.wib	0	100	1024	40020	2056400
920	chr22	44018070	44023190	chr22.299181	5	1024	306293272	/gbdb/hg19/wib/gc5Base.wib	0	100	1024	46680	2682400
920	chr22	44023190	44028310	chr22.299182	5	1024	306294296	/gbdb/hg19/wib/gc5Base.wib	0	100	1024	54960	3393600
920	chr22	44028310	44033430	chr22.299183	5	1024	306295320	/gbdb/hg19/wib/gc5Base.wib	0	100	1024	52820	3194800
920	chr22	44033430	44038550	chr22.299184	5	1024	306296344	/gbdb/hg19/wib/gc5Base.wib	0	100	1024	45000	2508800
14	chr22	44038550	44043670	chr22.299185	5	1024	306297368	/gbdb/hg19/wib/gc5Base.wib	0	100	1024	42720	2268000
921	chr22	44043670	44048790	chr22.299186	5	1024	306298392	/gbdb/hg19/wib/gc5Base.wib	0	100	1024	44440	2438400
921	chr22	44048790	44053910	chr22.299187	5	1024	306299416	/gbdb/hg19/wib/gc5Base.wib	0	100	1024	41220	2187600
921	chr22	44053910	44059030	chr22.299188	5	1024	306300440	/gbdb/hg19/wib/gc5Base.wib	0	100	1024	47880	2814400
921	chr22	44059030	44064150	chr22.299189	5	1024	306301464	/gbdb/hg19/wib/gc5Base.wib	0	100	1024	47220	2690800
921	chr22	44064150	44069270	chr22.299190	5	1024	306302488	/gbdb/hg19/wib/gc5Base.wib	0	100	1024	39280	1986400
921	chr22	44069270	44074390	chr22.299191	5	1024	306303512	/gbdb/hg19/wib/gc5Base.wib	0	100	1024	38400	2056000
921	chr22	44074390	44079510	chr22.299192	5	1024	306304536	/gbdb/hg19/wib/gc5Base.wib	0	100	1024	39180	2004400
921	chr22	44079510	44084630	chr22.299193	5	1024	306305560	/gbdb/hg19/wib/gc5Base.wib	0	100	1024	42640	2287200
921	chr22	44084630	44089750	chr22.299194	5	1024	306306584	/gbdb/hg19/wib/gc5Base.wib	0	100	1024	39180	2041200
921	chr22	44089750	44094870	chr22.299195	5	1024	306307608	/gbdb/hg19/wib/gc5Base.wib	0	100	1024	36280	1728800
921	chr22	44094870	44099990	chr22.299196	5	1024	306308632	/gbdb/hg19/wib/gc5Base.wib	0	100	1024	39360	2016800
921	chr22	44099990	44105110	chr22.299197	5	1024	306309656	/gbdb/hg19/wib/gc5Base.wib	0	100	1024	37780	1881200
921	chr22	44105110	44110230	chr22.299198	5	1024	306310680	/gbdb/hg19/wib/gc5Base.wib	0	100	1024	36900	1818000
921	chr22	44110230	44115350	chr22.299199	5	1024	306311704	/gbdb/hg19/wib/gc5Base.wib	0	100	1024	38020	1929200
921	chr22	44115350	44120470	chr22.299200	5	1024	306312728	/gbdb/hg19/wib/gc5Base.wib	0	100	1024	40580	2086000
921	chr22	44120470	44125590	chr22.299201	5	1024	306313752	/gbdb/hg19/wib/gc5Base.wib	0	100	1024	41400	2184800
921	chr22	44125590	44130710	chr22.299202	5	1024	306314776	/gbdb/hg19/wib/gc5Base.wib	0	100	1024	42680	2299200
921	chr22	44130710	44135830	chr22.299203	5	1024	306315800	/gbdb/hg19/wib/gc5Base.wib	0	100	1024	47580	2663600
921	chr22	44135830	44140950	chr22.299204	5	1024	306316824	/gbdb/hg19/wib/gc5Base.wib	0	100	1024	52100	3106000
921	chr22	44140950	44146070	chr22.299205	5	1024	306317848	/gbdb/hg19/wib/gc5Base.wib	0	100	1024	47760	2700800
921	chr22	44146070	44151190	chr22.299206	5	1024	306318872	/gbdb/hg19/wib/gc5Base.wib	0	100	1024	45540	2547600
921	chr22	44151190	44156310	chr22.299207	5	1024	306319896	/gbdb/hg19/wib/gc5Base.wib	0	100	1024	41680	2251200
921	chr22	44156310	44161430	chr22.299208	5	1024	306320920	/gbdb/hg19/wib/gc5Base.wib	0	100	1024	39380	2014800
921	chr22	44161430	44166550	chr22.299209	5	1024	306321944	/gbdb/hg19/wib/gc5Base.wib	0	100	1024	40840	2156000
115	chr22	44166550	44171670	chr22.299210	5	1024	306322968	/gbdb/hg19/wib/gc5Base.wib	0	100	1024	47940	2810800
922	chr22	44171670	44176790	chr22.299211	5	1024	306323992	/gbdb/hg19/wib/gc5Base.wib	0	100	1024	45920	2551200
922	chr22	44176790	44181910	chr22.299212	5	1024	306325016	/gbdb/hg19/wib/gc5Base.wib	0	100	1024	38880	1970400
922	chr22	44181910	44187030	chr22.299213	5	1024	306326040	/gbdb/hg19/wib/gc5Base.wib	0	100	1024	39420	1998800
922	chr22	44187030	44192150	chr22.299214	5	1024	306327064	/gbdb/hg19/wib/gc5Base.wib	0	100	1024	45540	2484400
922	chr22	44192150	44197270	chr22.299215	5	1024	306328088	/gbdb/hg19/wib/gc5Base.wib	0	100	1024	44060	2388400
922	chr22	44197270	44202390	chr22.299216	5	1024	306329112	/gbdb/hg19/wib/gc5Base.wib	0	80	1024	40080	2060000
922	chr22	44202390	44207510	chr22.299217	5	1024	306330136	/gbdb/hg19/wib/gc5Base.wib	0	100	1024	42960	2295200
922	chr22	44207510	44212630	chr22.299218	5	1024	306331160	/gbdb/hg19/wib/gc5Base.wib	0	100	1024	50180	3007600
922	chr22	44212630	44217750	chr22.299219	5	1024	306332184	/gbdb/hg19/wib/gc5Base.wib	0	100	1024	51280	3054400
922	chr22	44217750	44222870	chr22.299220	5	1024	306333208	/gbdb/hg19/wib/gc5Base.wib	0	100	1024	53720	3313600
922	chr22	44222870	44227990	chr22.299221	5	1024	306334232	/gbdb/hg19/wib/gc5Base.wib	0	100	1024	54740	3414000
922	chr22	44227990	44233110	chr22.299222	5	1024	306335256	/gbdb/hg19/wib/gc5Base.wib	0	100	1024	65540	4554800
922	chr22	44233110	44238230	chr22.299223	5	1024	306336280	/gbdb/hg19/wib/gc5Base.wib	0	100	1024	60500	3993200
922	chr22	44238230	44243350	chr22.299224	5	1024	306337304	/gbdb/hg19/wib/gc5Base.wib	0	100	1024	56940	3623600
922	chr22	44243350	44248470	chr22.299225	5	1024	306338328	/gbdb/hg19/wib/gc5Base.wib	0	100	1024	56160	3545600
922	chr22	44248470	44253590	chr22.299226	5	1024	306339352	/gbdb/hg19/wib/gc5Base.wib	0	100	1024	54020	3288400
922	chr22	44253590	44258710	chr22.299227	5	1024	306340376	/gbdb/hg19/wib/gc5Base.wib	0	100	1024	57640	3753600
922	chr22	44258710	44263830	chr22.299228	5	1024	306341400	/gbdb/hg19/wib/gc5Base.wib	0	100	1024	43880	2425600
922	chr22	44263830	44268950	chr22.299229	5	1024	306342424	/gbdb/hg19/wib/gc5Base.wib	0	100	1024	41420	2182000
922	chr22	44268950	44274070	chr22.299230	5	1024	306343448	/gbdb/hg19/wib/gc5Base.wib	0	100	1024	49600	2885600
922	chr22	44274070	44279190	chr22.299231	5	1024	306344472	/gbdb/hg19/wib/gc5Base.wib	0	100	1024	59120	3853600
922	chr22	44279190	44284310	chr22.299232	5	1024	306345496	/gbdb/hg19/wib/gc5Base.wib	0	100	1024	57740	3670800
922	chr22	44284310	44289430	chr22.299233	5	1024	306346520	/gbdb/hg19/wib/gc5Base.wib	0	100	1024	58500	3846000
922	chr22	44289430	44294550	chr22.299234	5	1024	306347544	/gbdb/hg19/wib/gc5Base.wib	0	100	1024	55700	3508400
922	chr22	44294550	44299670	chr22.299235	5	1024	306348568	/gbdb/hg19/wib/gc5Base.wib	0	100	1024	55280	3465600
115	chr22	44299670	44304790	chr22.299236	5	1024	306349592	/gbdb/hg19/wib/gc5Base.wib	0	100	1024	53740	3349200
923	chr22	44304790	44309910	chr22.299237	5	1024	306350616	/gbdb/hg19/wib/gc5Base.wib	0	100	1024	52800	3148800
923	chr22	44309910	44315030	chr22.299238	5	1024	306351640	/gbdb/hg19/wib/gc5Base.wib	0	100	1024	50960	3059200
923	chr22	44315030	44320150	chr22.299239	5	1024	306352664	/gbdb/hg19/wib/gc5Base.wib	0	100	1024	56820	3662800
923	chr22	44320150	44325270	chr22.299240	5	1024	306353688	/gbdb/hg19/wib/gc5Base.wib	0	100	1024	54920	3433600
923	chr22	44325270	44330390	chr22.299241	5	1024	306354712	/gbdb/hg19/wib/gc5Base.wib	0	100	1024	51060	3050000
923	chr22	44330390	44335510	chr22.299242	5	1024	306355736	/gbdb/hg19/wib/gc5Base.wib	0	100	1024	53160	3200000
923	chr22	44335510	44340630	chr22.299243	5	1024	306356760	/gbdb/hg19/wib/gc5Base.wib	0	100	1024	49280	2852800
923	chr22	44340630	44345750	chr22.299244	5	1024	306357784	/gbdb/hg19/wib/gc5Base.wib	0	100	1024	52420	3210000
923	chr22	44345750	44350870	chr22.299245	5	1024	306358808	/gbdb/hg19/wib/gc5Base.wib	0	100	1024	48620	2890800
923	chr22	44350870	44355990	chr22.299246	5	1024	306359832	/gbdb/hg19/wib/gc5Base.wib	0	100	1024	49220	2945200
923	chr22	44355990	44361110	chr22.299247	5	1024	306360856	/gbdb/hg19/wib/gc5Base.wib	0	100	1024	43720	2400800
923	chr22	44361110	44366230	chr22.299248	5	1024	306361880	/gbdb/hg19/wib/gc5Base.wib	0	100	1024	49280	2842400
923	chr22	44366230	44371350	chr22.299249	5	1024	306362904	/gbdb/hg19/wib/gc5Base.wib	0	100	1024	49000	2886400
923	chr22	44371350	44376470	chr22.299250	5	1024	306363928	/gbdb/hg19/wib/gc5Base.wib	0	100	1024	53600	3268800
923	chr22	44376470	44381590	chr22.299251	5	1024	306364952	/gbdb/hg19/wib/gc5Base.wib	0	100	1024	44880	2578400
923	chr22	44381590	44386710	chr22.299252	5	1024	306365976	/gbdb/hg19/wib/gc5Base.wib	0	100	1024	44720	2504800
923	chr22	44386710	44391830	chr22.299253	5	1024	306367000	/gbdb/hg19/wib/gc5Base.wib	0	100	1024	53380	3310000
923	chr22	44391830	44396950	chr22.299254	5	1024	306368024	/gbdb/hg19/wib/gc5Base.wib	0	100	1024	50940	3054800
923	chr22	44396950	44402070	chr22.299255	5	1024	306369048	/gbdb/hg19/wib/gc5Base.wib	0	100	1024	47260	2719600
923	chr22	44402070	44407190	chr22.299256	5	1024	306370072	/gbdb/hg19/wib/gc5Base.wib	0	100	1024	46760	2713600
923	chr22	44407190	44412310	chr22.299257	5	1024	306371096	/gbdb/hg19/wib/gc5Base.wib	0	100	1024	46860	2718800
923	chr22	44412310	44417430	chr22.299258	5	1024	306372120	/gbdb/hg19/wib/gc5Base.wib	0	100	1024	50720	3046400
923	chr22	44417430	44422550	chr22.299259	5	1024	306373144	/gbdb/hg19/wib/gc5Base.wib	0	100	1024	58440	3930400
923	chr22	44422550	44427670	chr22.299260	5	1024	306374168	/gbdb/hg19/wib/gc5Base.wib	0	100	1024	52740	3250000
923	chr22	44427670	44432790	chr22.299261	5	1024	306375192	/gbdb/hg19/wib/gc5Base.wib	0	100	1024	45140	2567600
115	chr22	44432790	44437910	chr22.299262	5	1024	306376216	/gbdb/hg19/wib/gc5Base.wib	0	100	1024	49360	2897600
924	chr22	44437910	44443030	chr22.299263	5	1024	306377240	/gbdb/hg19/wib/gc5Base.wib	0	100	1024	49280	2907200
924	chr22	44443030	44448150	chr22.299264	5	1024	306378264	/gbdb/hg19/wib/gc5Base.wib	0	100	1024	52860	3238800
924	chr22	44448150	44453270	chr22.299265	5	1024	306379288	/gbdb/hg19/wib/gc5Base.wib	0	100	1024	51180	3123600
924	chr22	44453270	44458390	chr22.299266	5	1024	306380312	/gbdb/hg19/wib/gc5Base.wib	0	100	1024	51320	3075200
924	chr22	44458390	44463510	chr22.299267	5	1024	306381336	/gbdb/hg19/wib/gc5Base.wib	0	100	1024	51480	3093600
924	chr22	44463510	44468630	chr22.299268	5	1024	306382360	/gbdb/hg19/wib/gc5Base.wib	0	100	1024	55260	3448400
924	chr22	44468630	44473750	chr22.299269	5	1024	306383384	/gbdb/hg19/wib/gc5Base.wib	0	100	1024	57880	3708000
924	chr22	44473750	44478870	chr22.299270	5	1024	306384408	/gbdb/hg19/wib/gc5Base.wib	0	100	1024	53220	3231600
924	chr22	44478870	44483990	chr22.299271	5	1024	306385432	/gbdb/hg19/wib/gc5Base.wib	0	100	1024	50640	3011200
924	chr22	44483990	44489110	chr22.299272	5	1024	306386456	/gbdb/hg19/wib/gc5Base.wib	0	100	1024	53760	3328000
924	chr22	44489110	44494230	chr22.299273	5	1024	306387480	/gbdb/hg19/wib/gc5Base.wib	0	100	1024	55400	3477600
924	chr22	44494230	44499350	chr22.299274	5	1024	306388504	/gbdb/hg19/wib/gc5Base.wib	0	100	1024	53820	3388400
924	chr22	44499350	44504470	chr22.299275	5	1024	306389528	/gbdb/hg19/wib/gc5Base.wib	0	100	1024	51880	3092000
924	chr22	44504470	44509590	chr22.299276	5	1024	306390552	/gbdb/hg19/wib/gc5Base.wib	0	100	1024	49000	2943200
924	chr22	44509590	44514710	chr22.299277	5	1024	306391576	/gbdb/hg19/wib/gc5Base.wib	0	100	1024	49920	2928800
924	chr22	44514710	44519830	chr22.299278	5	1024	306392600	/gbdb/hg19/wib/gc5Base.wib	0	100	1024	49560	2925600
924	chr22	44519830	44524950	chr22.299279	5	1024	306393624	/gbdb/hg19/wib/gc5Base.wib	0	100	1024	52080	3115200
924	chr22	44524950	44530070	chr22.299280	5	1024	306394648	/gbdb/hg19/wib/gc5Base.wib	0	100	1024	52460	3181200
924	chr22	44530070	44535190	chr22.299281	5	1024	306395672	/gbdb/hg19/wib/gc5Base.wib	0	100	1024	53320	3220000
924	chr22	44535190	44540310	chr22.299282	5	1024	306396696	/gbdb/hg19/wib/gc5Base.wib	0	100	1024	55600	3516800
924	chr22	44540310	44545430	chr22.299283	5	1024	306397720	/gbdb/hg19/wib/gc5Base.wib	0	100	1024	55800	3508800
924	chr22	44545430	44550550	chr22.299284	5	1024	306398744	/gbdb/hg19/wib/gc5Base.wib	0	100	1024	49360	2936000
924	chr22	44550550	44555670	chr22.299285	5	1024	306399768	/gbdb/hg19/wib/gc5Base.wib	0	100	1024	51660	3100400
924	chr22	44555670	44560790	chr22.299286	5	1024	306400792	/gbdb/hg19/wib/gc5Base.wib	0	100	1024	56000	3539200
115	chr22	44560790	44565910	chr22.299287	5	1024	306401816	/gbdb/hg19/wib/gc5Base.wib	0	100	1024	57800	3729600
925	chr22	44565910	44571030	chr22.299288	5	1024	306402840	/gbdb/hg19/wib/gc5Base.wib	0	100	1024	53040	3264000
925	chr22	44571030	44576150	chr22.299289	5	1024	306403864	/gbdb/hg19/wib/gc5Base.wib	0	100	1024	45060	2518800
925	chr22	44576150	44581270	chr22.299290	5	1024	306404888	/gbdb/hg19/wib/gc5Base.wib	0	100	1024	56960	3662400
925	chr22	44581270	44586390	chr22.299291	5	1024	306405912	/gbdb/hg19/wib/gc5Base.wib	0	100	1024	57620	3667600
925	chr22	44586390	44591510	chr22.299292	5	1024	306406936	/gbdb/hg19/wib/gc5Base.wib	0	100	1024	54600	3382400
925	chr22	44591510	44596630	chr22.299293	5	1024	306407960	/gbdb/hg19/wib/gc5Base.wib	0	100	1024	53680	3304000
925	chr22	44596630	44601750	chr22.299294	5	1024	306408984	/gbdb/hg19/wib/gc5Base.wib	0	100	1024	57980	3694800
925	chr22	44601750	44606870	chr22.299295	5	1024	306410008	/gbdb/hg19/wib/gc5Base.wib	0	100	1024	48780	2928400
925	chr22	44606870	44611990	chr22.299296	5	1024	306411032	/gbdb/hg19/wib/gc5Base.wib	0	100	1024	48760	2804800
925	chr22	44611990	44617110	chr22.299297	5	1024	306412056	/gbdb/hg19/wib/gc5Base.wib	0	100	1024	54620	3418000
925	chr22	44617110	44622230	chr22.299298	5	1024	306413080	/gbdb/hg19/wib/gc5Base.wib	0	100	1024	53360	3232000
925	chr22	44622230	44627350	chr22.299299	5	1024	306414104	/gbdb/hg19/wib/gc5Base.wib	0	100	1024	39320	2032800
925	chr22	44627350	44632470	chr22.299300	5	1024	306415128	/gbdb/hg19/wib/gc5Base.wib	0	100	1024	37040	1952000
925	chr22	44632470	44637590	chr22.299301	5	1024	306416152	/gbdb/hg19/wib/gc5Base.wib	0	100	1024	35380	1692400
925	chr22	44637590	44642710	chr22.299302	5	1024	306417176	/gbdb/hg19/wib/gc5Base.wib	0	100	1024	49660	2930000
925	chr22	44642710	44647830	chr22.299303	5	1024	306418200	/gbdb/hg19/wib/gc5Base.wib	0	100	1024	50380	2942000
925	chr22	44647830	44652950	chr22.299304	5	1024	306419224	/gbdb/hg19/wib/gc5Base.wib	0	100	1024	43980	2415600
925	chr22	44652950	44658070	chr22.299305	5	1024	306420248	/gbdb/hg19/wib/gc5Base.wib	0	100	1024	52280	3156800
925	chr22	44658070	44663190	chr22.299306	5	1024	306421272	/gbdb/hg19/wib/gc5Base.wib	0	100	1024	56160	3504800
925	chr22	44663190	44668310	chr22.299307	5	1024	306422296	/gbdb/hg19/wib/gc5Base.wib	0	100	1024	56120	3507200
925	chr22	44668310	44673430	chr22.299308	5	1024	306423320	/gbdb/hg19/wib/gc5Base.wib	0	100	1024	53020	3256400
925	chr22	44673430	44678550	chr22.299309	5	1024	306424344	/gbdb/hg19/wib/gc5Base.wib	0	100	1024	59840	3908000
925	chr22	44678550	44683670	chr22.299310	5	1024	306425368	/gbdb/hg19/wib/gc5Base.wib	0	100	1024	58320	3737600
925	chr22	44683670	44688790	chr22.299311	5	1024	306426392	/gbdb/hg19/wib/gc5Base.wib	0	100	1024	57400	3690400
925	chr22	44688790	44693910	chr22.299312	5	1024	306427416	/gbdb/hg19/wib/gc5Base.wib	0	100	1024	49780	2956400
115	chr22	44693910	44699030	chr22.299313	5	1024	306428440	/gbdb/hg19/wib/gc5Base.wib	0	100	1024	59080	3849600
926	chr22	44699030	44704150	chr22.299314	5	1024	306429464	/gbdb/hg19/wib/gc5Base.wib	0	100	1024	59860	3914000
926	chr22	44704150	44709270	chr22.299315	5	1024	306430488	/gbdb/hg19/wib/gc5Base.wib	0	100	1024	58280	3752800
926	chr22	44709270	44714390	chr22.299316	5	1024	306431512	/gbdb/hg19/wib/gc5Base.wib	0	100	1024	58320	3791200
926	chr22	44714390	44719510	chr22.299317	5	1024	306432536	/gbdb/hg19/wib/gc5Base.wib	0	100	1024	56780	3544400
926	chr22	44719510	44724630	chr22.299318	5	1024	306433560	/gbdb/hg19/wib/gc5Base.wib	0	100	1024	53580	3298800
926	chr22	44724630	44729750	chr22.299319	5	1024	306434584	/gbdb/hg19/wib/gc5Base.wib	0	100	1024	64380	4563600
926	chr22	44729750	44734870	chr22.299320	5	1024	306435608	/gbdb/hg19/wib/gc5Base.wib	0	100	1024	55400	3402400
926	chr22	44734870	44739990	chr22.299321	5	1024	306436632	/gbdb/hg19/wib/gc5Base.wib	0	100	1024	57820	3671600
926	chr22	44739990	44745110	chr22.299322	5	1024	306437656	/gbdb/hg19/wib/gc5Base.wib	0	100	1024	55540	3484400
926	chr22	44745110	44750230	chr22.299323	5	1024	306438680	/gbdb/hg19/wib/gc5Base.wib	0	100	1024	58360	3772000
926	chr22	44750230	44755350	chr22.299324	5	1024	306439704	/gbdb/hg19/wib/gc5Base.wib	0	100	1024	53140	3231600
926	chr22	44755350	44760470	chr22.299325	5	1024	306440728	/gbdb/hg19/wib/gc5Base.wib	0	100	1024	58900	3828400
926	chr22	44760470	44765590	chr22.299326	5	1024	306441752	/gbdb/hg19/wib/gc5Base.wib	0	100	1024	54020	3376400
926	chr22	44765590	44770710	chr22.299327	5	1024	306442776	/gbdb/hg19/wib/gc5Base.wib	0	100	1024	54800	3364000
926	chr22	44770710	44775830	chr22.299328	5	1024	306443800	/gbdb/hg19/wib/gc5Base.wib	0	100	1024	35500	1702000
926	chr22	44775830	44780950	chr22.299329	5	1024	306444824	/gbdb/hg19/wib/gc5Base.wib	0	100	1024	58060	3711600
926	chr22	44780950	44786070	chr22.299330	5	1024	306445848	/gbdb/hg19/wib/gc5Base.wib	0	100	1024	57640	3710400
926	chr22	44786070	44791190	chr22.299331	5	1024	306446872	/gbdb/hg19/wib/gc5Base.wib	0	100	1024	56340	3570000
926	chr22	44791190	44796310	chr22.299332	5	1024	306447896	/gbdb/hg19/wib/gc5Base.wib	0	100	1024	55120	3414400
926	chr22	44796310	44801430	chr22.299333	5	1024	306448920	/gbdb/hg19/wib/gc5Base.wib	0	100	1024	55800	3522400
926	chr22	44801430	44806550	chr22.299334	5	1024	306449944	/gbdb/hg19/wib/gc5Base.wib	0	100	1024	57480	3668800
926	chr22	44806550	44811670	chr22.299335	5	1024	306450968	/gbdb/hg19/wib/gc5Base.wib	0	100	1024	50720	3092000
926	chr22	44811670	44816790	chr22.299336	5	1024	306451992	/gbdb/hg19/wib/gc5Base.wib	0	100	1024	39340	2002800
926	chr22	44816790	44821910	chr22.299337	5	1024	306453016	/gbdb/hg19/wib/gc5Base.wib	0	100	1024	52940	3261200
115	chr22	44821910	44827030	chr22.299338	5	1024	306454040	/gbdb/hg19/wib/gc5Base.wib	0	100	1024	52960	3263200
927	chr22	44827030	44832150	chr22.299339	5	1024	306455064	/gbdb/hg19/wib/gc5Base.wib	0	100	1024	47880	2759200
927	chr22	44832150	44837270	chr22.299340	5	1024	306456088	/gbdb/hg19/wib/gc5Base.wib	0	100	1024	60140	3959600
927	chr22	44837270	44842390	chr22.299341	5	1024	306457112	/gbdb/hg19/wib/gc5Base.wib	0	100	1024	58600	3840000
927	chr22	44842390	44847510	chr22.299342	5	1024	306458136	/gbdb/hg19/wib/gc5Base.wib	0	100	1024	53540	3328400
927	chr22	44847510	44852630	chr22.299343	5	1024	306459160	/gbdb/hg19/wib/gc5Base.wib	0	100	1024	51640	3083200
927	chr22	44852630	44857750	chr22.299344	5	1024	306460184	/gbdb/hg19/wib/gc5Base.wib	0	100	1024	51920	3070400
927	chr22	44857750	44862870	chr22.299345	5	1024	306461208	/gbdb/hg19/wib/gc5Base.wib	0	100	1024	42100	2304400
927	chr22	44862870	44867990	chr22.299346	5	1024	306462232	/gbdb/hg19/wib/gc5Base.wib	0	100	1024	39100	2014800
927	chr22	44867990	44873110	chr22.299347	5	1024	306463256	/gbdb/hg19/wib/gc5Base.wib	0	100	1024	41120	2146400
927	chr22	44873110	44878230	chr22.299348	5	1024	306464280	/gbdb/hg19/wib/gc5Base.wib	0	100	1024	45960	2573600
927	chr22	44878230	44883350	chr22.299349	5	1024	306465304	/gbdb/hg19/wib/gc5Base.wib	0	100	1024	50700	3045200
927	chr22	44883350	44888470	chr22.299350	5	1024	306466328	/gbdb/hg19/wib/gc5Base.wib	0	100	1024	51660	3108400
927	chr22	44888470	44893590	chr22.299351	5	1024	306467352	/gbdb/hg19/wib/gc5Base.wib	0	100	1024	55500	3472400
927	chr22	44893590	44898710	chr22.299352	5	1024	306468376	/gbdb/hg19/wib/gc5Base.wib	0	100	1024	50260	3142000
927	chr22	44898710	44903830	chr22.299353	5	1024	306469400	/gbdb/hg19/wib/gc5Base.wib	0	100	1024	38240	1916800
927	chr22	44903830	44908950	chr22.299354	5	1024	306470424	/gbdb/hg19/wib/gc5Base.wib	0	100	1024	41000	2201600
927	chr22	44908950	44914070	chr22.299355	5	1024	306471448	/gbdb/hg19/wib/gc5Base.wib	0	100	1024	41980	2229200
927	chr22	44914070	44919190	chr22.299356	5	1024	306472472	/gbdb/hg19/wib/gc5Base.wib	0	100	1024	52140	3150000
927	chr22	44919190	44924310	chr22.299357	5	1024	306473496	/gbdb/hg19/wib/gc5Base.wib	0	100	1024	48880	2844000
927	chr22	44924310	44929430	chr22.299358	5	1024	306474520	/gbdb/hg19/wib/gc5Base.wib	0	100	1024	49900	2962000
927	chr22	44929430	44934550	chr22.299359	5	1024	306475544	/gbdb/hg19/wib/gc5Base.wib	0	100	1024	53640	3319200
927	chr22	44934550	44939670	chr22.299360	5	1024	306476568	/gbdb/hg19/wib/gc5Base.wib	0	100	1024	55700	3443600
927	chr22	44939670	44944790	chr22.299361	5	1024	306477592	/gbdb/hg19/wib/gc5Base.wib	0	100	1024	56780	3599600
927	chr22	44944790	44949910	chr22.299362	5	1024	306478616	/gbdb/hg19/wib/gc5Base.wib	0	100	1024	51360	3110400
927	chr22	44949910	44955030	chr22.299363	5	1024	306479640	/gbdb/hg19/wib/gc5Base.wib	0	100	1024	45120	2530400
115	chr22	44955030	44960150	chr22.299364	5	1024	306480664	/gbdb/hg19/wib/gc5Base.wib	0	100	1024	39820	2094000
928	chr22	44960150	44965270	chr22.299365	5	1024	306481688	/gbdb/hg19/wib/gc5Base.wib	0	100	1024	42600	2309600
928	chr22	44965270	44970390	chr22.299366	5	1024	306482712	/gbdb/hg19/wib/gc5Base.wib	0	100	1024	55120	3436800
928	chr22	44970390	44975510	chr22.299367	5	1024	306483736	/gbdb/hg19/wib/gc5Base.wib	0	100	1024	57580	3659600
928	chr22	44975510	44980630	chr22.299368	5	1024	306484760	/gbdb/hg19/wib/gc5Base.wib	0	100	1024	54540	3378000
928	chr22	44980630	44985750	chr22.299369	5	1024	306485784	/gbdb/hg19/wib/gc5Base.wib	0	100	1024	51140	3085200
928	chr22	44985750	44990870	chr22.299370	5	1024	306486808	/gbdb/hg19/wib/gc5Base.wib	0	100	1024	58540	3805200
928	chr22	44990870	44995990	chr22.299371	5	1024	306487832	/gbdb/hg19/wib/gc5Base.wib	0	100	1024	59040	3882400
928	chr22	44995990	45001110	chr22.299372	5	1024	306488856	/gbdb/hg19/wib/gc5Base.wib	0	100	1024	52940	3207600
928	chr22	45001110	45006230	chr22.299373	5	1024	306489880	/gbdb/hg19/wib/gc5Base.wib	0	100	1024	59740	3923600
928	chr22	45006230	45011350	chr22.299374	5	1024	306490904	/gbdb/hg19/wib/gc5Base.wib	0	100	1024	46880	2684800
928	chr22	45011350	45016470	chr22.299375	5	1024	306491928	/gbdb/hg19/wib/gc5Base.wib	0	100	1024	58240	3669600
928	chr22	45016470	45021590	chr22.299376	5	1024	306492952	/gbdb/hg19/wib/gc5Base.wib	0	100	1024	61360	4164000
928	chr22	45021590	45026710	chr22.299377	5	1024	306493976	/gbdb/hg19/wib/gc5Base.wib	0	100	1024	57660	3695600
928	chr22	45026710	45031830	chr22.299378	5	1024	306495000	/gbdb/hg19/wib/gc5Base.wib	0	100	1024	50160	2930400
928	chr22	45031830	45036950	chr22.299379	5	1024	306496024	/gbdb/hg19/wib/gc5Base.wib	0	100	1024	54960	3469600
928	chr22	45036950	45042070	chr22.299380	5	1024	306497048	/gbdb/hg19/wib/gc5Base.wib	0	100	1024	49280	2919200
928	chr22	45042070	45047190	chr22.299381	5	1024	306498072	/gbdb/hg19/wib/gc5Base.wib	0	100	1024	50920	3099200
928	chr22	45047190	45052310	chr22.299382	5	1024	306499096	/gbdb/hg19/wib/gc5Base.wib	0	100	1024	45360	2518400
928	chr22	45052310	45057430	chr22.299383	5	1024	306500120	/gbdb/hg19/wib/gc5Base.wib	0	100	1024	55260	3506800
928	chr22	45057430	45062550	chr22.299384	5	1024	306501144	/gbdb/hg19/wib/gc5Base.wib	0	100	1024	51680	3136000
928	chr22	45062550	45067670	chr22.299385	5	1024	306502168	/gbdb/hg19/wib/gc5Base.wib	0	100	1024	60420	4111600
928	chr22	45067670	45072790	chr22.299386	5	1024	306503192	/gbdb/hg19/wib/gc5Base.wib	0	100	1024	53260	3298000
928	chr22	45072790	45077910	chr22.299387	5	1024	306504216	/gbdb/hg19/wib/gc5Base.wib	0	100	1024	58560	3792800
928	chr22	45077910	45083030	chr22.299388	5	1024	306505240	/gbdb/hg19/wib/gc5Base.wib	0	100	1024	57540	3701200
928	chr22	45083030	45088150	chr22.299389	5	1024	306506264	/gbdb/hg19/wib/gc5Base.wib	0	100	1024	55720	3565600
14	chr22	45088150	45093270	chr22.299390	5	1024	306507288	/gbdb/hg19/wib/gc5Base.wib	0	100	1024	54040	3372800
929	chr22	45093270	45098390	chr22.299391	5	1024	306508312	/gbdb/hg19/wib/gc5Base.wib	0	100	1024	59220	3957200
929	chr22	45098390	45103510	chr22.299392	5	1024	306509336	/gbdb/hg19/wib/gc5Base.wib	0	100	1024	59060	3906000
929	chr22	45103510	45108630	chr22.299393	5	1024	306510360	/gbdb/hg19/wib/gc5Base.wib	0	100	1024	61020	4053200
929	chr22	45108630	45113750	chr22.299394	5	1024	306511384	/gbdb/hg19/wib/gc5Base.wib	0	100	1024	56960	3661600
929	chr22	45113750	45118870	chr22.299395	5	1024	306512408	/gbdb/hg19/wib/gc5Base.wib	0	100	1024	53980	3332400
929	chr22	45118870	45123990	chr22.299396	5	1024	306513432	/gbdb/hg19/wib/gc5Base.wib	0	100	1024	56560	3618400
929	chr22	45123990	45129110	chr22.299397	5	1024	306514456	/gbdb/hg19/wib/gc5Base.wib	0	100	1024	63160	4243200
929	chr22	45129110	45134230	chr22.299398	5	1024	306515480	/gbdb/hg19/wib/gc5Base.wib	0	100	1024	64220	4452400
929	chr22	45134230	45139350	chr22.299399	5	1024	306516504	/gbdb/hg19/wib/gc5Base.wib	0	100	1024	55760	3533600
929	chr22	45139350	45144470	chr22.299400	5	1024	306517528	/gbdb/hg19/wib/gc5Base.wib	0	100	1024	51740	3088400
929	chr22	45144470	45149590	chr22.299401	5	1024	306518552	/gbdb/hg19/wib/gc5Base.wib	0	100	1024	52880	3387200
929	chr22	45149590	45154710	chr22.299402	5	1024	306519576	/gbdb/hg19/wib/gc5Base.wib	0	100	1024	53020	3250000
929	chr22	45154710	45159830	chr22.299403	5	1024	306520600	/gbdb/hg19/wib/gc5Base.wib	0	100	1024	51140	3071600
929	chr22	45159830	45164950	chr22.299404	5	1024	306521624	/gbdb/hg19/wib/gc5Base.wib	0	100	1024	55960	3561600
929	chr22	45164950	45170070	chr22.299405	5	1024	306522648	/gbdb/hg19/wib/gc5Base.wib	0	100	1024	43580	2408400
929	chr22	45170070	45175190	chr22.299406	5	1024	306523672	/gbdb/hg19/wib/gc5Base.wib	0	100	1024	48320	2839200
929	chr22	45175190	45180310	chr22.299407	5	1024	306524696	/gbdb/hg19/wib/gc5Base.wib	0	100	1024	53760	3407200
929	chr22	45180310	45185430	chr22.299408	5	1024	306525720	/gbdb/hg19/wib/gc5Base.wib	0	100	1024	50580	3070000
929	chr22	45185430	45190550	chr22.299409	5	1024	306526744	/gbdb/hg19/wib/gc5Base.wib	0	100	1024	51880	3154400
929	chr22	45190550	45195670	chr22.299410	5	1024	306527768	/gbdb/hg19/wib/gc5Base.wib	0	100	1024	55960	3570400
929	chr22	45195670	45200790	chr22.299411	5	1024	306528792	/gbdb/hg19/wib/gc5Base.wib	0	100	1024	61660	4155600
929	chr22	45200790	45205910	chr22.299412	5	1024	306529816	/gbdb/hg19/wib/gc5Base.wib	0	100	1024	52920	3219200
929	chr22	45205910	45211030	chr22.299413	5	1024	306530840	/gbdb/hg19/wib/gc5Base.wib	0	100	1024	53060	3247600
929	chr22	45211030	45216150	chr22.299414	5	1024	306531864	/gbdb/hg19/wib/gc5Base.wib	0	100	1024	54640	3417600
116	chr22	45216150	45221270	chr22.299415	5	1024	306532888	/gbdb/hg19/wib/gc5Base.wib	0	100	1024	54400	3416800
930	chr22	45221270	45226390	chr22.299416	5	1024	306533912	/gbdb/hg19/wib/gc5Base.wib	0	100	1024	54120	3444800
930	chr22	45226390	45231510	chr22.299417	5	1024	306534936	/gbdb/hg19/wib/gc5Base.wib	0	100	1024	38060	1966800
930	chr22	45231510	45236630	chr22.299418	5	1024	306535960	/gbdb/hg19/wib/gc5Base.wib	0	100	1024	53360	3235200
930	chr22	45236630	45241750	chr22.299419	5	1024	306536984	/gbdb/hg19/wib/gc5Base.wib	0	100	1024	51020	3075600
930	chr22	45241750	45246870	chr22.299420	5	1024	306538008	/gbdb/hg19/wib/gc5Base.wib	0	100	1024	58440	3807200
930	chr22	45246870	45251990	chr22.299421	5	1024	306539032	/gbdb/hg19/wib/gc5Base.wib	0	100	1024	47140	2734800
930	chr22	45251990	45257110	chr22.299422	5	1024	306540056	/gbdb/hg19/wib/gc5Base.wib	0	100	1024	53660	3295600
930	chr22	45257110	45262230	chr22.299423	5	1024	306541080	/gbdb/hg19/wib/gc5Base.wib	0	100	1024	58380	3789200
930	chr22	45262230	45267350	chr22.299424	5	1024	306542104	/gbdb/hg19/wib/gc5Base.wib	0	100	1024	53960	3340800
930	chr22	45267350	45272470	chr22.299425	5	1024	306543128	/gbdb/hg19/wib/gc5Base.wib	0	100	1024	39360	2116000
930	chr22	45272470	45277590	chr22.299426	5	1024	306544152	/gbdb/hg19/wib/gc5Base.wib	0	100	1024	56100	3542000
930	chr22	45277590	45282710	chr22.299427	5	1024	306545176	/gbdb/hg19/wib/gc5Base.wib	0	100	1024	57120	3662400
930	chr22	45282710	45287830	chr22.299428	5	1024	306546200	/gbdb/hg19/wib/gc5Base.wib	0	100	1024	57940	3751600
930	chr22	45287830	45292950	chr22.299429	5	1024	306547224	/gbdb/hg19/wib/gc5Base.wib	0	100	1024	55600	3485600
930	chr22	45292950	45298070	chr22.299430	5	1024	306548248	/gbdb/hg19/wib/gc5Base.wib	0	100	1024	45660	2581200
930	chr22	45298070	45303190	chr22.299431	5	1024	306549272	/gbdb/hg19/wib/gc5Base.wib	0	100	1024	47580	2737200
930	chr22	45303190	45308310	chr22.299432	5	1024	306550296	/gbdb/hg19/wib/gc5Base.wib	0	100	1024	51880	3091200
930	chr22	45308310	45313430	chr22.299433	5	1024	306551320	/gbdb/hg19/wib/gc5Base.wib	0	100	1024	57420	3710800
930	chr22	45313430	45318550	chr22.299434	5	1024	306552344	/gbdb/hg19/wib/gc5Base.wib	0	100	1024	54620	3445200
930	chr22	45318550	45323670	chr22.299435	5	1024	306553368	/gbdb/hg19/wib/gc5Base.wib	0	100	1024	49260	2910800
930	chr22	45323670	45328790	chr22.299436	5	1024	306554392	/gbdb/hg19/wib/gc5Base.wib	0	100	1024	57960	3772800
930	chr22	45328790	45333910	chr22.299437	5	1024	306555416	/gbdb/hg19/wib/gc5Base.wib	0	100	1024	54660	3434000
930	chr22	45333910	45339030	chr22.299438	5	1024	306556440	/gbdb/hg19/wib/gc5Base.wib	0	100	1024	58500	3809200
930	chr22	45339030	45344150	chr22.299439	5	1024	306557464	/gbdb/hg19/wib/gc5Base.wib	0	100	1024	58660	3802000
930	chr22	45344150	45349270	chr22.299440	5	1024	306558488	/gbdb/hg19/wib/gc5Base.wib	0	100	1024	48920	2802400
116	chr22	45349270	45354390	chr22.299441	5	1024	306559512	/gbdb/hg19/wib/gc5Base.wib	0	100	1024	55020	3438000
931	chr22	45354390	45359510	chr22.299442	5	1024	306560536	/gbdb/hg19/wib/gc5Base.wib	0	100	1024	51340	3058800
931	chr22	45359510	45364630	chr22.299443	5	1024	306561560	/gbdb/hg19/wib/gc5Base.wib	0	100	1024	56240	3587200
931	chr22	45364630	45369750	chr22.299444	5	1024	306562584	/gbdb/hg19/wib/gc5Base.wib	0	100	1024	54560	3348800
931	chr22	45369750	45374870	chr22.299445	5	1024	306563608	/gbdb/hg19/wib/gc5Base.wib	0	100	1024	50740	3052400
931	chr22	45374870	45379990	chr22.299446	5	1024	306564632	/gbdb/hg19/wib/gc5Base.wib	0	100	1024	53580	3294000
931	chr22	45379990	45385110	chr22.299447	5	1024	306565656	/gbdb/hg19/wib/gc5Base.wib	0	100	1024	50300	2917200
931	chr22	45385110	45390230	chr22.299448	5	1024	306566680	/gbdb/hg19/wib/gc5Base.wib	0	100	1024	54320	3368000
931	chr22	45390230	45395350	chr22.299449	5	1024	306567704	/gbdb/hg19/wib/gc5Base.wib	0	100	1024	54380	3382000
931	chr22	45395350	45400470	chr22.299450	5	1024	306568728	/gbdb/hg19/wib/gc5Base.wib	0	100	1024	52120	3185600
931	chr22	45400470	45405590	chr22.299451	5	1024	306569752	/gbdb/hg19/wib/gc5Base.wib	0	100	1024	60680	4312000
931	chr22	45405590	45410710	chr22.299452	5	1024	306570776	/gbdb/hg19/wib/gc5Base.wib	0	100	1024	56060	3661200
931	chr22	45410710	45415830	chr22.299453	5	1024	306571800	/gbdb/hg19/wib/gc5Base.wib	0	100	1024	50360	3010400
931	chr22	45415830	45420950	chr22.299454	5	1024	306572824	/gbdb/hg19/wib/gc5Base.wib	0	100	1024	51360	3102400
931	chr22	45420950	45426070	chr22.299455	5	1024	306573848	/gbdb/hg19/wib/gc5Base.wib	0	100	1024	51120	3041600
931	chr22	45426070	45431190	chr22.299456	5	1024	306574872	/gbdb/hg19/wib/gc5Base.wib	0	100	1024	47060	2649200
931	chr22	45431190	45436310	chr22.299457	5	1024	306575896	/gbdb/hg19/wib/gc5Base.wib	0	100	1024	55920	3436800
931	chr22	45436310	45441430	chr22.299458	5	1024	306576920	/gbdb/hg19/wib/gc5Base.wib	0	100	1024	53140	3240400
931	chr22	45441430	45446550	chr22.299459	5	1024	306577944	/gbdb/hg19/wib/gc5Base.wib	0	100	1024	49300	2916400
931	chr22	45446550	45451670	chr22.299460	5	1024	306578968	/gbdb/hg19/wib/gc5Base.wib	0	100	1024	51940	3126800
931	chr22	45451670	45456790	chr22.299461	5	1024	306579992	/gbdb/hg19/wib/gc5Base.wib	0	100	1024	51900	3202000
931	chr22	45456790	45461910	chr22.299462	5	1024	306581016	/gbdb/hg19/wib/gc5Base.wib	0	100	1024	51220	3113200
931	chr22	45461910	45467030	chr22.299463	5	1024	306582040	/gbdb/hg19/wib/gc5Base.wib	0	100	1024	51540	3092400
931	chr22	45467030	45472150	chr22.299464	5	1024	306583064	/gbdb/hg19/wib/gc5Base.wib	0	100	1024	52980	3264400
931	chr22	45472150	45477270	chr22.299465	5	1024	306584088	/gbdb/hg19/wib/gc5Base.wib	0	100	1024	53620	3291600
116	chr22	45477270	45482390	chr22.299466	5	1024	306585112	/gbdb/hg19/wib/gc5Base.wib	0	100	1024	52920	3208000
932	chr22	45482390	45487510	chr22.299467	5	1024	306586136	/gbdb/hg19/wib/gc5Base.wib	0	100	1024	48560	2836800
932	chr22	45487510	45492630	chr22.299468	5	1024	306587160	/gbdb/hg19/wib/gc5Base.wib	0	100	1024	54480	3383200
932	chr22	45492630	45497750	chr22.299469	5	1024	306588184	/gbdb/hg19/wib/gc5Base.wib	0	100	1024	50700	3015600
932	chr22	45497750	45502870	chr22.299470	5	1024	306589208	/gbdb/hg19/wib/gc5Base.wib	0	100	1024	49860	2947600
932	chr22	45502870	45507990	chr22.299471	5	1024	306590232	/gbdb/hg19/wib/gc5Base.wib	0	100	1024	49600	2902400
932	chr22	45507990	45513110	chr22.299472	5	1024	306591256	/gbdb/hg19/wib/gc5Base.wib	0	100	1024	42040	2272000
932	chr22	45513110	45518230	chr22.299473	5	1024	306592280	/gbdb/hg19/wib/gc5Base.wib	0	100	1024	43680	2403200
932	chr22	45518230	45523350	chr22.299474	5	1024	306593304	/gbdb/hg19/wib/gc5Base.wib	0	100	1024	46420	2617200
932	chr22	45523350	45528470	chr22.299475	5	1024	306594328	/gbdb/hg19/wib/gc5Base.wib	0	100	1024	47880	2777600
932	chr22	45528470	45533590	chr22.299476	5	1024	306595352	/gbdb/hg19/wib/gc5Base.wib	0	100	1024	41000	2200800
932	chr22	45533590	45538710	chr22.299477	5	1024	306596376	/gbdb/hg19/wib/gc5Base.wib	0	100	1024	41600	2281600
932	chr22	45538710	45543830	chr22.299478	5	1024	306597400	/gbdb/hg19/wib/gc5Base.wib	0	100	1024	38300	1935600
932	chr22	45543830	45548950	chr22.299479	5	1024	306598424	/gbdb/hg19/wib/gc5Base.wib	0	100	1024	40200	2092800
932	chr22	45548950	45554070	chr22.299480	5	1024	306599448	/gbdb/hg19/wib/gc5Base.wib	0	100	1024	45160	2457600
932	chr22	45554070	45559190	chr22.299481	5	1024	306600472	/gbdb/hg19/wib/gc5Base.wib	0	100	1024	46380	2679600
932	chr22	45559190	45564310	chr22.299482	5	1024	306601496	/gbdb/hg19/wib/gc5Base.wib	0	100	1024	49660	3131600
932	chr22	45564310	45569430	chr22.299483	5	1024	306602520	/gbdb/hg19/wib/gc5Base.wib	0	100	1024	43760	2392800
932	chr22	45569430	45574550	chr22.299484	5	1024	306603544	/gbdb/hg19/wib/gc5Base.wib	0	100	1024	45500	2548400
932	chr22	45574550	45579670	chr22.299485	5	1024	306604568	/gbdb/hg19/wib/gc5Base.wib	0	100	1024	44360	2492000
932	chr22	45579670	45584790	chr22.299486	5	1024	306605592	/gbdb/hg19/wib/gc5Base.wib	0	100	1024	42720	2308000
932	chr22	45584790	45589910	chr22.299487	5	1024	306606616	/gbdb/hg19/wib/gc5Base.wib	0	100	1024	48140	2798000
932	chr22	45589910	45595030	chr22.299488	5	1024	306607640	/gbdb/hg19/wib/gc5Base.wib	0	100	1024	58360	3782400
932	chr22	45595030	45600150	chr22.299489	5	1024	306608664	/gbdb/hg19/wib/gc5Base.wib	0	100	1024	62000	4168800
932	chr22	45600150	45605270	chr22.299490	5	1024	306609688	/gbdb/hg19/wib/gc5Base.wib	0	100	1024	57520	3720800
932	chr22	45605270	45610390	chr22.299491	5	1024	306610712	/gbdb/hg19/wib/gc5Base.wib	0	100	1024	57200	3670400
116	chr22	45610390	45615510	chr22.299492	5	1024	306611736	/gbdb/hg19/wib/gc5Base.wib	0	100	1024	49020	2894000
933	chr22	45615510	45620630	chr22.299493	5	1024	306612760	/gbdb/hg19/wib/gc5Base.wib	0	100	1024	46380	2643600
933	chr22	45620630	45625750	chr22.299494	5	1024	306613784	/gbdb/hg19/wib/gc5Base.wib	0	100	1024	60960	3996800
933	chr22	45625750	45630870	chr22.299495	5	1024	306614808	/gbdb/hg19/wib/gc5Base.wib	0	100	1024	55400	3488800
933	chr22	45630870	45635990	chr22.299496	5	1024	306615832	/gbdb/hg19/wib/gc5Base.wib	0	100	1024	57340	3671600
933	chr22	45635990	45641110	chr22.299497	5	1024	306616856	/gbdb/hg19/wib/gc5Base.wib	0	100	1024	57460	3842800
933	chr22	45641110	45646230	chr22.299498	5	1024	306617880	/gbdb/hg19/wib/gc5Base.wib	0	100	1024	50120	3032800
933	chr22	45646230	45651350	chr22.299499	5	1024	306618904	/gbdb/hg19/wib/gc5Base.wib	0	100	1024	53620	3302800
933	chr22	45651350	45656470	chr22.299500	5	1024	306619928	/gbdb/hg19/wib/gc5Base.wib	0	100	1024	50020	2981200
933	chr22	45656470	45661590	chr22.299501	5	1024	306620952	/gbdb/hg19/wib/gc5Base.wib	0	100	1024	56020	3550000
933	chr22	45661590	45666710	chr22.299502	5	1024	306621976	/gbdb/hg19/wib/gc5Base.wib	0	100	1024	55480	3635200
933	chr22	45666710	45671830	chr22.299503	5	1024	306623000	/gbdb/hg19/wib/gc5Base.wib	0	100	1024	54820	3428400
933	chr22	45671830	45676950	chr22.299504	5	1024	306624024	/gbdb/hg19/wib/gc5Base.wib	0	100	1024	50300	3041200
933	chr22	45676950	45682070	chr22.299505	5	1024	306625048	/gbdb/hg19/wib/gc5Base.wib	0	100	1024	53380	3329200
933	chr22	45682070	45687190	chr22.299506	5	1024	306626072	/gbdb/hg19/wib/gc5Base.wib	0	100	1024	55140	3430800
933	chr22	45687190	45692310	chr22.299507	5	1024	306627096	/gbdb/hg19/wib/gc5Base.wib	0	100	1024	55500	3454000
933	chr22	45692310	45697430	chr22.299508	5	1024	306628120	/gbdb/hg19/wib/gc5Base.wib	0	100	1024	55140	3466800
933	chr22	45697430	45702550	chr22.299509	5	1024	306629144	/gbdb/hg19/wib/gc5Base.wib	0	100	1024	49220	2981200
933	chr22	45702550	45707670	chr22.299510	5	1024	306630168	/gbdb/hg19/wib/gc5Base.wib	0	100	1024	58700	3907600
933	chr22	45707670	45712790	chr22.299511	5	1024	306631192	/gbdb/hg19/wib/gc5Base.wib	0	100	1024	48380	2807600
933	chr22	45712790	45717910	chr22.299512	5	1024	306632216	/gbdb/hg19/wib/gc5Base.wib	0	100	1024	46120	2601600
933	chr22	45717910	45723030	chr22.299513	5	1024	306633240	/gbdb/hg19/wib/gc5Base.wib	0	100	1024	52240	3180000
933	chr22	45723030	45728150	chr22.299514	5	1024	306634264	/gbdb/hg19/wib/gc5Base.wib	0	100	1024	52860	3279600
933	chr22	45728150	45733270	chr22.299515	5	1024	306635288	/gbdb/hg19/wib/gc5Base.wib	0	100	1024	50000	2966400
933	chr22	45733270	45738390	chr22.299516	5	1024	306636312	/gbdb/hg19/wib/gc5Base.wib	0	100	1024	46440	2648000
933	chr22	45738390	45743510	chr22.299517	5	1024	306637336	/gbdb/hg19/wib/gc5Base.wib	0	100	1024	43520	2353600
116	chr22	45743510	45748630	chr22.299518	5	1024	306638360	/gbdb/hg19/wib/gc5Base.wib	0	100	1024	44420	2486000
934	chr22	45748630	45753750	chr22.299519	5	1024	306639384	/gbdb/hg19/wib/gc5Base.wib	0	100	1024	42900	2316400
934	chr22	45753750	45758870	chr22.299520	5	1024	306640408	/gbdb/hg19/wib/gc5Base.wib	0	100	1024	41100	2086800
934	chr22	45758870	45763990	chr22.299521	5	1024	306641432	/gbdb/hg19/wib/gc5Base.wib	0	100	1024	42460	2305200
934	chr22	45763990	45769110	chr22.299522	5	1024	306642456	/gbdb/hg19/wib/gc5Base.wib	0	100	1024	39540	2090000
934	chr22	45769110	45774230	chr22.299523	5	1024	306643480	/gbdb/hg19/wib/gc5Base.wib	0	100	1024	36180	1790800
934	chr22	45774230	45779350	chr22.299524	5	1024	306644504	/gbdb/hg19/wib/gc5Base.wib	0	100	1024	38860	2040400
934	chr22	45779350	45784470	chr22.299525	5	1024	306645528	/gbdb/hg19/wib/gc5Base.wib	0	100	1024	35340	1706800
934	chr22	45784470	45789590	chr22.299526	5	1024	306646552	/gbdb/hg19/wib/gc5Base.wib	0	100	1024	39940	2078000
934	chr22	45789590	45794710	chr22.299527	5	1024	306647576	/gbdb/hg19/wib/gc5Base.wib	0	100	1024	42780	2350800
934	chr22	45794710	45799830	chr22.299528	5	1024	306648600	/gbdb/hg19/wib/gc5Base.wib	0	100	1024	39100	1998000
934	chr22	45799830	45804950	chr22.299529	5	1024	306649624	/gbdb/hg19/wib/gc5Base.wib	0	100	1024	39960	2128000
934	chr22	45804950	45810070	chr22.299530	5	1024	306650648	/gbdb/hg19/wib/gc5Base.wib	0	100	1024	50060	3110800
934	chr22	45810070	45815190	chr22.299531	5	1024	306651672	/gbdb/hg19/wib/gc5Base.wib	0	100	1024	44300	2490000
934	chr22	45815190	45820310	chr22.299532	5	1024	306652696	/gbdb/hg19/wib/gc5Base.wib	0	100	1024	50980	3079600
934	chr22	45820310	45825430	chr22.299533	5	1024	306653720	/gbdb/hg19/wib/gc5Base.wib	0	100	1024	55880	3503200
934	chr22	45825430	45830550	chr22.299534	5	1024	306654744	/gbdb/hg19/wib/gc5Base.wib	0	100	1024	55540	3526800
934	chr22	45830550	45835670	chr22.299535	5	1024	306655768	/gbdb/hg19/wib/gc5Base.wib	0	100	1024	52940	3317200
934	chr22	45835670	45840790	chr22.299536	5	1024	306656792	/gbdb/hg19/wib/gc5Base.wib	0	100	1024	50940	3040400
934	chr22	45840790	45845910	chr22.299537	5	1024	306657816	/gbdb/hg19/wib/gc5Base.wib	0	100	1024	52480	3238400
934	chr22	45845910	45851030	chr22.299538	5	1024	306658840	/gbdb/hg19/wib/gc5Base.wib	0	100	1024	51780	3115600
934	chr22	45851030	45856150	chr22.299539	5	1024	306659864	/gbdb/hg19/wib/gc5Base.wib	0	100	1024	53180	3246800
934	chr22	45856150	45861270	chr22.299540	5	1024	306660888	/gbdb/hg19/wib/gc5Base.wib	0	100	1024	49540	2944400
934	chr22	45861270	45866390	chr22.299541	5	1024	306661912	/gbdb/hg19/wib/gc5Base.wib	0	100	1024	43360	2366400
934	chr22	45866390	45871510	chr22.299542	5	1024	306662936	/gbdb/hg19/wib/gc5Base.wib	0	100	1024	49340	2943600
116	chr22	45871510	45876630	chr22.299543	5	1024	306663960	/gbdb/hg19/wib/gc5Base.wib	0	100	1024	48380	2870000
935	chr22	45876630	45881750	chr22.299544	5	1024	306664984	/gbdb/hg19/wib/gc5Base.wib	0	100	1024	48160	2768000
935	chr22	45881750	45886870	chr22.299545	5	1024	306666008	/gbdb/hg19/wib/gc5Base.wib	0	100	1024	42760	2326400
935	chr22	45886870	45891990	chr22.299546	5	1024	306667032	/gbdb/hg19/wib/gc5Base.wib	0	100	1024	50620	3034000
935	chr22	45891990	45897110	chr22.299547	5	1024	306668056	/gbdb/hg19/wib/gc5Base.wib	0	100	1024	50900	3031600
935	chr22	45897110	45902230	chr22.299548	5	1024	306669080	/gbdb/hg19/wib/gc5Base.wib	0	100	1024	60800	4200800
935	chr22	45902230	45907350	chr22.299549	5	1024	306670104	/gbdb/hg19/wib/gc5Base.wib	0	100	1024	53080	3250400
935	chr22	45907350	45912470	chr22.299550	5	1024	306671128	/gbdb/hg19/wib/gc5Base.wib	0	100	1024	54140	3352400
935	chr22	45912470	45917590	chr22.299551	5	1024	306672152	/gbdb/hg19/wib/gc5Base.wib	0	100	1024	55720	3545600
935	chr22	45917590	45922710	chr22.299552	5	1024	306673176	/gbdb/hg19/wib/gc5Base.wib	0	100	1024	55940	3534800
935	chr22	45922710	45927830	chr22.299553	5	1024	306674200	/gbdb/hg19/wib/gc5Base.wib	0	100	1024	53820	3340400
935	chr22	45927830	45932950	chr22.299554	5	1024	306675224	/gbdb/hg19/wib/gc5Base.wib	0	100	1024	52420	3218800
935	chr22	45932950	45938070	chr22.299555	5	1024	306676248	/gbdb/hg19/wib/gc5Base.wib	0	100	1024	54500	3354800
935	chr22	45938070	45943190	chr22.299556	5	1024	306677272	/gbdb/hg19/wib/gc5Base.wib	0	100	1024	55840	3510400
935	chr22	45943190	45948310	chr22.299557	5	1024	306678296	/gbdb/hg19/wib/gc5Base.wib	0	100	1024	57480	3680000
935	chr22	45948310	45953430	chr22.299558	5	1024	306679320	/gbdb/hg19/wib/gc5Base.wib	0	100	1024	52640	3228000
935	chr22	45953430	45958550	chr22.299559	5	1024	306680344	/gbdb/hg19/wib/gc5Base.wib	0	100	1024	48720	2766400
935	chr22	45958550	45963670	chr22.299560	5	1024	306681368	/gbdb/hg19/wib/gc5Base.wib	0	100	1024	55520	3452000
935	chr22	45963670	45968790	chr22.299561	5	1024	306682392	/gbdb/hg19/wib/gc5Base.wib	0	100	1024	44620	2433200
935	chr22	45968790	45973910	chr22.299562	5	1024	306683416	/gbdb/hg19/wib/gc5Base.wib	0	100	1024	56720	3663200
935	chr22	45973910	45979030	chr22.299563	5	1024	306684440	/gbdb/hg19/wib/gc5Base.wib	0	100	1024	58960	3857600
935	chr22	45979030	45984150	chr22.299564	5	1024	306685464	/gbdb/hg19/wib/gc5Base.wib	0	100	1024	57600	3701600
935	chr22	45984150	45989270	chr22.299565	5	1024	306686488	/gbdb/hg19/wib/gc5Base.wib	0	100	1024	54860	3425200
935	chr22	45989270	45994390	chr22.299566	5	1024	306687512	/gbdb/hg19/wib/gc5Base.wib	0	100	1024	49040	2905600
935	chr22	45994390	45999510	chr22.299567	5	1024	306688536	/gbdb/hg19/wib/gc5Base.wib	0	100	1024	54900	3414000
935	chr22	45999510	46004630	chr22.299568	5	1024	306689560	/gbdb/hg19/wib/gc5Base.wib	0	100	1024	50800	3030400
116	chr22	46004630	46009750	chr22.299569	5	1024	306690584	/gbdb/hg19/wib/gc5Base.wib	0	100	1024	49500	2934800
936	chr22	46009750	46014870	chr22.299570	5	1024	306691608	/gbdb/hg19/wib/gc5Base.wib	0	100	1024	47400	2734400
936	chr22	46014870	46019990	chr22.299571	5	1024	306692632	/gbdb/hg19/wib/gc5Base.wib	0	100	1024	44500	2490800
936	chr22	46019990	46025110	chr22.299572	5	1024	306693656	/gbdb/hg19/wib/gc5Base.wib	0	100	1024	50380	3068400
936	chr22	46025110	46030230	chr22.299573	5	1024	306694680	/gbdb/hg19/wib/gc5Base.wib	0	100	1024	52680	3216800
936	chr22	46030230	46035350	chr22.299574	5	1024	306695704	/gbdb/hg19/wib/gc5Base.wib	0	100	1024	47800	2746400
936	chr22	46035350	46040470	chr22.299575	5	1024	306696728	/gbdb/hg19/wib/gc5Base.wib	0	100	1024	53220	3296400
936	chr22	46040470	46045590	chr22.299576	5	1024	306697752	/gbdb/hg19/wib/gc5Base.wib	0	100	1024	55460	3517200
936	chr22	46045590	46050710	chr22.299577	5	1024	306698776	/gbdb/hg19/wib/gc5Base.wib	0	100	1024	50060	2948400
936	chr22	46050710	46055830	chr22.299578	5	1024	306699800	/gbdb/hg19/wib/gc5Base.wib	0	100	1024	40600	2094400
936	chr22	46055830	46060950	chr22.299579	5	1024	306700824	/gbdb/hg19/wib/gc5Base.wib	0	100	1024	41600	2220000
936	chr22	46060950	46066070	chr22.299580	5	1024	306701848	/gbdb/hg19/wib/gc5Base.wib	0	100	1024	40880	2132000
936	chr22	46066070	46071190	chr22.299581	5	1024	306702872	/gbdb/hg19/wib/gc5Base.wib	0	100	1024	51760	3244800
936	chr22	46071190	46076310	chr22.299582	5	1024	306703896	/gbdb/hg19/wib/gc5Base.wib	0	100	1024	39400	2021600
936	chr22	46076310	46081430	chr22.299583	5	1024	306704920	/gbdb/hg19/wib/gc5Base.wib	0	100	1024	43300	2338000
936	chr22	46081430	46086550	chr22.299584	5	1024	306705944	/gbdb/hg19/wib/gc5Base.wib	0	100	1024	42160	2232800
936	chr22	46086550	46091670	chr22.299585	5	1024	306706968	/gbdb/hg19/wib/gc5Base.wib	0	100	1024	43400	2380800
936	chr22	46091670	46096790	chr22.299586	5	1024	306707992	/gbdb/hg19/wib/gc5Base.wib	0	100	1024	39940	2128400
936	chr22	46096790	46101910	chr22.299587	5	1024	306709016	/gbdb/hg19/wib/gc5Base.wib	0	100	1024	39560	2007200
936	chr22	46101910	46107030	chr22.299588	5	1024	306710040	/gbdb/hg19/wib/gc5Base.wib	0	100	1024	39040	1948800
936	chr22	46107030	46112150	chr22.299589	5	1024	306711064	/gbdb/hg19/wib/gc5Base.wib	0	100	1024	40180	2060400
936	chr22	46112150	46117270	chr22.299590	5	1024	306712088	/gbdb/hg19/wib/gc5Base.wib	0	100	1024	37360	1824800
936	chr22	46117270	46122390	chr22.299591	5	1024	306713112	/gbdb/hg19/wib/gc5Base.wib	0	100	1024	39560	1992000
936	chr22	46122390	46127510	chr22.299592	5	1024	306714136	/gbdb/hg19/wib/gc5Base.wib	0	100	1024	39980	2084400
936	chr22	46127510	46132630	chr22.299593	5	1024	306715160	/gbdb/hg19/wib/gc5Base.wib	0	100	1024	36860	1873200
14	chr22	46132630	46137750	chr22.299594	5	1024	306716184	/gbdb/hg19/wib/gc5Base.wib	0	100	1024	37340	1830000
937	chr22	46137750	46142870	chr22.299595	5	1024	306717208	/gbdb/hg19/wib/gc5Base.wib	0	100	1024	40080	2075200
937	chr22	46142870	46147990	chr22.299596	5	1024	306718232	/gbdb/hg19/wib/gc5Base.wib	0	100	1024	41080	2196000
937	chr22	46147990	46153110	chr22.299597	5	1024	306719256	/gbdb/hg19/wib/gc5Base.wib	0	100	1024	48020	2789200
937	chr22	46153110	46158230	chr22.299598	5	1024	306720280	/gbdb/hg19/wib/gc5Base.wib	0	100	1024	43760	2402400
937	chr22	46158230	46163350	chr22.299599	5	1024	306721304	/gbdb/hg19/wib/gc5Base.wib	0	100	1024	46840	2658400
937	chr22	46163350	46168470	chr22.299600	5	1024	306722328	/gbdb/hg19/wib/gc5Base.wib	0	100	1024	40980	2141200
937	chr22	46168470	46173590	chr22.299601	5	1024	306723352	/gbdb/hg19/wib/gc5Base.wib	0	100	1024	42680	2297600
937	chr22	46173590	46178710	chr22.299602	5	1024	306724376	/gbdb/hg19/wib/gc5Base.wib	0	100	1024	42160	2221600
937	chr22	46178710	46183830	chr22.299603	5	1024	306725400	/gbdb/hg19/wib/gc5Base.wib	0	100	1024	42280	2276800
937	chr22	46183830	46188950	chr22.299604	5	1024	306726424	/gbdb/hg19/wib/gc5Base.wib	0	100	1024	41440	2217600
937	chr22	46188950	46194070	chr22.299605	5	1024	306727448	/gbdb/hg19/wib/gc5Base.wib	0	100	1024	38380	1937200
937	chr22	46194070	46199190	chr22.299606	5	1024	306728472	/gbdb/hg19/wib/gc5Base.wib	0	100	1024	39020	1937200
937	chr22	46199190	46204310	chr22.299607	5	1024	306729496	/gbdb/hg19/wib/gc5Base.wib	0	100	1024	41440	2159200
937	chr22	46204310	46209430	chr22.299608	5	1024	306730520	/gbdb/hg19/wib/gc5Base.wib	0	100	1024	38580	1945200
937	chr22	46209430	46214550	chr22.299609	5	1024	306731544	/gbdb/hg19/wib/gc5Base.wib	0	100	1024	46440	2576800
937	chr22	46214550	46219670	chr22.299610	5	1024	306732568	/gbdb/hg19/wib/gc5Base.wib	0	100	1024	42080	2203200
937	chr22	46219670	46224790	chr22.299611	5	1024	306733592	/gbdb/hg19/wib/gc5Base.wib	0	100	1024	38880	1953600
937	chr22	46224790	46229910	chr22.299612	5	1024	306734616	/gbdb/hg19/wib/gc5Base.wib	0	100	1024	40560	2082400
937	chr22	46229910	46235030	chr22.299613	5	1024	306735640	/gbdb/hg19/wib/gc5Base.wib	0	100	1024	46040	2633600
937	chr22	46235030	46240150	chr22.299614	5	1024	306736664	/gbdb/hg19/wib/gc5Base.wib	0	100	1024	45100	2464400
937	chr22	46240150	46245270	chr22.299615	5	1024	306737688	/gbdb/hg19/wib/gc5Base.wib	0	100	1024	41040	2126400
937	chr22	46245270	46250390	chr22.299616	5	1024	306738712	/gbdb/hg19/wib/gc5Base.wib	0	100	1024	42500	2279600
937	chr22	46250390	46255510	chr22.299617	5	1024	306739736	/gbdb/hg19/wib/gc5Base.wib	0	100	1024	49580	2875600
937	chr22	46255510	46260630	chr22.299618	5	1024	306740760	/gbdb/hg19/wib/gc5Base.wib	0	100	1024	49060	2930800
937	chr22	46260630	46265750	chr22.299619	5	1024	306741784	/gbdb/hg19/wib/gc5Base.wib	0	100	1024	63720	4432800
117	chr22	46265750	46270870	chr22.299620	5	1024	306742808	/gbdb/hg19/wib/gc5Base.wib	0	100	1024	43000	2357600
938	chr22	46270870	46275990	chr22.299621	5	1024	306743832	/gbdb/hg19/wib/gc5Base.wib	0	100	1024	56520	3637600
938	chr22	46275990	46281110	chr22.299622	5	1024	306744856	/gbdb/hg19/wib/gc5Base.wib	0	100	1024	62740	4266800
938	chr22	46281110	46286230	chr22.299623	5	1024	306745880	/gbdb/hg19/wib/gc5Base.wib	0	100	1024	63940	4410000
938	chr22	46286230	46291350	chr22.299624	5	1024	306746904	/gbdb/hg19/wib/gc5Base.wib	0	100	1024	59200	3942400
938	chr22	46291350	46296470	chr22.299625	5	1024	306747928	/gbdb/hg19/wib/gc5Base.wib	0	100	1024	55440	3508800
938	chr22	46296470	46301590	chr22.299626	5	1024	306748952	/gbdb/hg19/wib/gc5Base.wib	0	100	1024	55620	3574000
938	chr22	46301590	46306710	chr22.299627	5	1024	306749976	/gbdb/hg19/wib/gc5Base.wib	0	100	1024	62020	4180400
938	chr22	46306710	46311830	chr22.299628	5	1024	306751000	/gbdb/hg19/wib/gc5Base.wib	0	100	1024	62140	4158800
938	chr22	46311830	46316950	chr22.299629	5	1024	306752024	/gbdb/hg19/wib/gc5Base.wib	0	100	1024	64960	4476000
938	chr22	46316950	46322070	chr22.299630	5	1024	306753048	/gbdb/hg19/wib/gc5Base.wib	0	100	1024	63620	4377200
938	chr22	46322070	46327190	chr22.299631	5	1024	306754072	/gbdb/hg19/wib/gc5Base.wib	0	100	1024	61300	4081200
938	chr22	46327190	46332310	chr22.299632	5	1024	306755096	/gbdb/hg19/wib/gc5Base.wib	0	100	1024	62300	4170000
938	chr22	46332310	46337430	chr22.299633	5	1024	306756120	/gbdb/hg19/wib/gc5Base.wib	0	100	1024	53860	3290800
938	chr22	46337430	46342550	chr22.299634	5	1024	306757144	/gbdb/hg19/wib/gc5Base.wib	0	100	1024	62380	4206800
938	chr22	46342550	46347670	chr22.299635	5	1024	306758168	/gbdb/hg19/wib/gc5Base.wib	0	100	1024	59880	3966400
938	chr22	46347670	46352790	chr22.299636	5	1024	306759192	/gbdb/hg19/wib/gc5Base.wib	0	100	1024	57540	3735600
938	chr22	46352790	46357910	chr22.299637	5	1024	306760216	/gbdb/hg19/wib/gc5Base.wib	0	100	1024	61620	4183600
938	chr22	46357910	46363030	chr22.299638	5	1024	306761240	/gbdb/hg19/wib/gc5Base.wib	0	100	1024	64220	4370000
938	chr22	46363030	46368150	chr22.299639	5	1024	306762264	/gbdb/hg19/wib/gc5Base.wib	0	100	1024	64580	4491600
938	chr22	46368150	46373270	chr22.299640	5	1024	306763288	/gbdb/hg19/wib/gc5Base.wib	0	100	1024	67340	4914800
938	chr22	46373270	46378390	chr22.299641	5	1024	306764312	/gbdb/hg19/wib/gc5Base.wib	0	100	1024	59340	3892400
938	chr22	46378390	46383510	chr22.299642	5	1024	306765336	/gbdb/hg19/wib/gc5Base.wib	0	100	1024	53540	3220400
938	chr22	46383510	46388630	chr22.299643	5	1024	306766360	/gbdb/hg19/wib/gc5Base.wib	0	100	1024	57560	3670400
938	chr22	46388630	46393750	chr22.299644	5	1024	306767384	/gbdb/hg19/wib/gc5Base.wib	0	100	1024	61620	4096400
938	chr22	46393750	46398870	chr22.299645	5	1024	306768408	/gbdb/hg19/wib/gc5Base.wib	0	100	1024	61100	4048400
117	chr22	46398870	46403990	chr22.299646	5	1024	306769432	/gbdb/hg19/wib/gc5Base.wib	0	100	1024	63420	4338000
939	chr22	46403990	46409110	chr22.299647	5	1024	306770456	/gbdb/hg19/wib/gc5Base.wib	0	100	1024	60040	3944800
939	chr22	46409110	46414230	chr22.299648	5	1024	306771480	/gbdb/hg19/wib/gc5Base.wib	0	100	1024	50580	3140400
939	chr22	46414230	46419350	chr22.299649	5	1024	306772504	/gbdb/hg19/wib/gc5Base.wib	0	100	1024	45000	2504000
939	chr22	46419350	46424470	chr22.299650	5	1024	306773528	/gbdb/hg19/wib/gc5Base.wib	0	100	1024	59700	3949200
939	chr22	46424470	46429590	chr22.299651	5	1024	306774552	/gbdb/hg19/wib/gc5Base.wib	0	100	1024	53200	3270400
939	chr22	46429590	46434710	chr22.299652	5	1024	306775576	/gbdb/hg19/wib/gc5Base.wib	0	100	1024	52280	3314400
939	chr22	46434710	46439830	chr22.299653	5	1024	306776600	/gbdb/hg19/wib/gc5Base.wib	0	100	1024	46500	2745200
939	chr22	46439830	46444950	chr22.299654	5	1024	306777624	/gbdb/hg19/wib/gc5Base.wib	0	100	1024	58800	3882400
939	chr22	46444950	46450070	chr22.299655	5	1024	306778648	/gbdb/hg19/wib/gc5Base.wib	0	100	1024	59360	3933600
939	chr22	46450070	46455190	chr22.299656	5	1024	306779672	/gbdb/hg19/wib/gc5Base.wib	0	100	1024	51500	3199600
939	chr22	46455190	46460310	chr22.299657	5	1024	306780696	/gbdb/hg19/wib/gc5Base.wib	0	100	1024	53200	3432800
939	chr22	46460310	46465430	chr22.299658	5	1024	306781720	/gbdb/hg19/wib/gc5Base.wib	0	100	1024	40960	2217600
939	chr22	46465430	46470550	chr22.299659	5	1024	306782744	/gbdb/hg19/wib/gc5Base.wib	0	100	1024	65460	4843600
939	chr22	46470550	46475670	chr22.299660	5	1024	306783768	/gbdb/hg19/wib/gc5Base.wib	0	100	1024	56740	3678000
939	chr22	46475670	46480790	chr22.299661	5	1024	306784792	/gbdb/hg19/wib/gc5Base.wib	0	100	1024	51900	3335600
939	chr22	46480790	46485910	chr22.299662	5	1024	306785816	/gbdb/hg19/wib/gc5Base.wib	0	100	1024	62820	4292400
939	chr22	46485910	46491030	chr22.299663	5	1024	306786840	/gbdb/hg19/wib/gc5Base.wib	0	100	1024	58820	3830800
939	chr22	46491030	46496150	chr22.299664	5	1024	306787864	/gbdb/hg19/wib/gc5Base.wib	0	100	1024	65260	4521200
939	chr22	46496150	46501270	chr22.299665	5	1024	306788888	/gbdb/hg19/wib/gc5Base.wib	0	100	1024	63420	4374800
939	chr22	46501270	46506390	chr22.299666	5	1024	306789912	/gbdb/hg19/wib/gc5Base.wib	0	100	1024	64840	4501600
939	chr22	46506390	46511510	chr22.299667	5	1024	306790936	/gbdb/hg19/wib/gc5Base.wib	0	100	1024	64280	4401600
939	chr22	46511510	46516630	chr22.299668	5	1024	306791960	/gbdb/hg19/wib/gc5Base.wib	0	100	1024	63020	4277200
939	chr22	46516630	46521750	chr22.299669	5	1024	306792984	/gbdb/hg19/wib/gc5Base.wib	0	100	1024	63260	4265200
939	chr22	46521750	46526870	chr22.299670	5	1024	306794008	/gbdb/hg19/wib/gc5Base.wib	0	100	1024	64680	4428800
117	chr22	46526870	46531990	chr22.299671	5	1024	306795032	/gbdb/hg19/wib/gc5Base.wib	0	100	1024	62200	4195200
940	chr22	46531990	46537110	chr22.299672	5	1024	306796056	/gbdb/hg19/wib/gc5Base.wib	0	100	1024	56360	3568800
940	chr22	46537110	46542230	chr22.299673	5	1024	306797080	/gbdb/hg19/wib/gc5Base.wib	0	100	1024	53060	3273200
940	chr22	46542230	46547350	chr22.299674	5	1024	306798104	/gbdb/hg19/wib/gc5Base.wib	0	100	1024	63960	4492800
940	chr22	46547350	46552470	chr22.299675	5	1024	306799128	/gbdb/hg19/wib/gc5Base.wib	0	100	1024	46480	2726400
940	chr22	46552470	46557590	chr22.299676	5	1024	306800152	/gbdb/hg19/wib/gc5Base.wib	0	100	1024	46900	2701200
940	chr22	46557590	46562710	chr22.299677	5	1024	306801176	/gbdb/hg19/wib/gc5Base.wib	0	100	1024	50280	3016800
940	chr22	46562710	46567830	chr22.299678	5	1024	306802200	/gbdb/hg19/wib/gc5Base.wib	0	100	1024	45480	2578400
940	chr22	46567830	46572950	chr22.299679	5	1024	306803224	/gbdb/hg19/wib/gc5Base.wib	0	100	1024	46280	2628800
940	chr22	46572950	46578070	chr22.299680	5	1024	306804248	/gbdb/hg19/wib/gc5Base.wib	0	100	1024	44560	2427200
940	chr22	46578070	46583190	chr22.299681	5	1024	306805272	/gbdb/hg19/wib/gc5Base.wib	0	100	1024	44540	2452400
940	chr22	46583190	46588310	chr22.299682	5	1024	306806296	/gbdb/hg19/wib/gc5Base.wib	0	100	1024	46420	2606800
940	chr22	46588310	46593430	chr22.299683	5	1024	306807320	/gbdb/hg19/wib/gc5Base.wib	0	100	1024	48100	2812400
940	chr22	46593430	46598550	chr22.299684	5	1024	306808344	/gbdb/hg19/wib/gc5Base.wib	0	100	1024	49860	3028400
940	chr22	46598550	46603670	chr22.299685	5	1024	306809368	/gbdb/hg19/wib/gc5Base.wib	0	100	1024	43080	2416800
940	chr22	46603670	46608790	chr22.299686	5	1024	306810392	/gbdb/hg19/wib/gc5Base.wib	0	100	1024	44840	2470400
940	chr22	46608790	46613910	chr22.299687	5	1024	306811416	/gbdb/hg19/wib/gc5Base.wib	0	100	1024	50820	3080400
940	chr22	46613910	46619030	chr22.299688	5	1024	306812440	/gbdb/hg19/wib/gc5Base.wib	0	100	1024	48580	2822000
940	chr22	46619030	46624150	chr22.299689	5	1024	306813464	/gbdb/hg19/wib/gc5Base.wib	0	100	1024	50060	2982000
940	chr22	46624150	46629270	chr22.299690	5	1024	306814488	/gbdb/hg19/wib/gc5Base.wib	0	100	1024	47240	2773600
940	chr22	46629270	46634390	chr22.299691	5	1024	306815512	/gbdb/hg19/wib/gc5Base.wib	0	100	1024	47240	2723200
940	chr22	46634390	46639510	chr22.299692	5	1024	306816536	/gbdb/hg19/wib/gc5Base.wib	0	100	1024	49420	2912400
940	chr22	46639510	46644630	chr22.299693	5	1024	306817560	/gbdb/hg19/wib/gc5Base.wib	0	100	1024	56900	3622000
940	chr22	46644630	46649750	chr22.299694	5	1024	306818584	/gbdb/hg19/wib/gc5Base.wib	0	100	1024	51180	3255600
940	chr22	46649750	46654870	chr22.299695	5	1024	306819608	/gbdb/hg19/wib/gc5Base.wib	0	100	1024	47120	2628800
940	chr22	46654870	46659990	chr22.299696	5	1024	306820632	/gbdb/hg19/wib/gc5Base.wib	0	100	1024	52840	3317600
117	chr22	46659990	46665110	chr22.299697	5	1024	306821656	/gbdb/hg19/wib/gc5Base.wib	0	100	1024	52500	3269200
941	chr22	46665110	46670230	chr22.299698	5	1024	306822680	/gbdb/hg19/wib/gc5Base.wib	0	100	1024	53400	3307200
941	chr22	46670230	46675350	chr22.299699	5	1024	306823704	/gbdb/hg19/wib/gc5Base.wib	0	100	1024	50120	3028800
941	chr22	46675350	46680470	chr22.299700	5	1024	306824728	/gbdb/hg19/wib/gc5Base.wib	0	100	1024	56700	3578000
941	chr22	46680470	46685590	chr22.299701	5	1024	306825752	/gbdb/hg19/wib/gc5Base.wib	0	100	1024	57320	3693600
941	chr22	46685590	46690710	chr22.299702	5	1024	306826776	/gbdb/hg19/wib/gc5Base.wib	0	100	1024	57820	3732400
941	chr22	46690710	46695830	chr22.299703	5	1024	306827800	/gbdb/hg19/wib/gc5Base.wib	0	100	1024	55440	3529600
941	chr22	46695830	46700950	chr22.299704	5	1024	306828824	/gbdb/hg19/wib/gc5Base.wib	0	100	1024	46460	2651600
941	chr22	46700950	46706070	chr22.299705	5	1024	306829848	/gbdb/hg19/wib/gc5Base.wib	0	100	1024	49860	3024400
941	chr22	46706070	46711190	chr22.299706	5	1024	306830872	/gbdb/hg19/wib/gc5Base.wib	0	100	1024	50000	3014400
941	chr22	46711190	46716310	chr22.299707	5	1024	306831896	/gbdb/hg19/wib/gc5Base.wib	0	100	1024	51840	3147200
941	chr22	46716310	46721430	chr22.299708	5	1024	306832920	/gbdb/hg19/wib/gc5Base.wib	0	100	1024	55380	3496400
941	chr22	46721430	46726550	chr22.299709	5	1024	306833944	/gbdb/hg19/wib/gc5Base.wib	0	100	1024	53360	3295200
941	chr22	46726550	46731670	chr22.299710	5	1024	306834968	/gbdb/hg19/wib/gc5Base.wib	0	100	1024	52800	3316000
941	chr22	46731670	46736790	chr22.299711	5	1024	306835992	/gbdb/hg19/wib/gc5Base.wib	0	100	1024	51540	3164400
941	chr22	46736790	46741910	chr22.299712	5	1024	306837016	/gbdb/hg19/wib/gc5Base.wib	0	100	1024	46740	2636400
941	chr22	46741910	46747030	chr22.299713	5	1024	306838040	/gbdb/hg19/wib/gc5Base.wib	0	100	1024	52320	3182400
941	chr22	46747030	46752150	chr22.299714	5	1024	306839064	/gbdb/hg19/wib/gc5Base.wib	0	100	1024	61260	4067600
941	chr22	46752150	46757270	chr22.299715	5	1024	306840088	/gbdb/hg19/wib/gc5Base.wib	0	100	1024	58340	3784400
941	chr22	46757270	46762390	chr22.299716	5	1024	306841112	/gbdb/hg19/wib/gc5Base.wib	0	100	1024	62120	4213600
941	chr22	46762390	46767510	chr22.299717	5	1024	306842136	/gbdb/hg19/wib/gc5Base.wib	0	100	1024	62660	4247600
941	chr22	46767510	46772630	chr22.299718	5	1024	306843160	/gbdb/hg19/wib/gc5Base.wib	0	100	1024	56960	3644000
941	chr22	46772630	46777750	chr22.299719	5	1024	306844184	/gbdb/hg19/wib/gc5Base.wib	0	100	1024	59100	3868400
941	chr22	46777750	46782870	chr22.299720	5	1024	306845208	/gbdb/hg19/wib/gc5Base.wib	0	100	1024	54100	3437200
941	chr22	46782870	46787990	chr22.299721	5	1024	306846232	/gbdb/hg19/wib/gc5Base.wib	0	100	1024	57160	3708800
117	chr22	46787990	46793110	chr22.299722	5	1024	306847256	/gbdb/hg19/wib/gc5Base.wib	0	100	1024	56840	3644800
942	chr22	46793110	46798230	chr22.299723	5	1024	306848280	/gbdb/hg19/wib/gc5Base.wib	0	100	1024	55420	3492400
942	chr22	46798230	46803350	chr22.299724	5	1024	306849304	/gbdb/hg19/wib/gc5Base.wib	0	100	1024	49660	2966800
942	chr22	46803350	46808470	chr22.299725	5	1024	306850328	/gbdb/hg19/wib/gc5Base.wib	0	100	1024	60400	4030400
942	chr22	46808470	46813590	chr22.299726	5	1024	306851352	/gbdb/hg19/wib/gc5Base.wib	0	100	1024	54360	3413600
942	chr22	46813590	46818710	chr22.299727	5	1024	306852376	/gbdb/hg19/wib/gc5Base.wib	0	100	1024	53360	3317600
942	chr22	46818710	46823830	chr22.299728	5	1024	306853400	/gbdb/hg19/wib/gc5Base.wib	0	100	1024	48320	2818400
942	chr22	46823830	46828950	chr22.299729	5	1024	306854424	/gbdb/hg19/wib/gc5Base.wib	0	100	1024	59960	3949600
942	chr22	46828950	46834070	chr22.299730	5	1024	306855448	/gbdb/hg19/wib/gc5Base.wib	0	100	1024	53540	3331600
942	chr22	46834070	46839190	chr22.299731	5	1024	306856472	/gbdb/hg19/wib/gc5Base.wib	0	100	1024	55680	3580800
942	chr22	46839190	46844310	chr22.299732	5	1024	306857496	/gbdb/hg19/wib/gc5Base.wib	0	100	1024	55780	3556400
942	chr22	46844310	46849430	chr22.299733	5	1024	306858520	/gbdb/hg19/wib/gc5Base.wib	0	100	1024	57020	3625200
942	chr22	46849430	46854550	chr22.299734	5	1024	306859544	/gbdb/hg19/wib/gc5Base.wib	0	100	1024	56760	3652800
942	chr22	46854550	46859670	chr22.299735	5	1024	306860568	/gbdb/hg19/wib/gc5Base.wib	0	100	1024	55020	3470000
942	chr22	46859670	46864790	chr22.299736	5	1024	306861592	/gbdb/hg19/wib/gc5Base.wib	0	100	1024	56660	3640400
942	chr22	46864790	46869910	chr22.299737	5	1024	306862616	/gbdb/hg19/wib/gc5Base.wib	0	100	1024	55120	3466400
942	chr22	46869910	46875030	chr22.299738	5	1024	306863640	/gbdb/hg19/wib/gc5Base.wib	0	100	1024	50660	3068400
942	chr22	46875030	46880150	chr22.299739	5	1024	306864664	/gbdb/hg19/wib/gc5Base.wib	0	100	1024	50580	3002800
942	chr22	46880150	46885270	chr22.299740	5	1024	306865688	/gbdb/hg19/wib/gc5Base.wib	0	100	1024	56420	3633200
942	chr22	46885270	46890390	chr22.299741	5	1024	306866712	/gbdb/hg19/wib/gc5Base.wib	0	100	1024	51340	3140400
942	chr22	46890390	46895510	chr22.299742	5	1024	306867736	/gbdb/hg19/wib/gc5Base.wib	0	100	1024	45020	2555600
942	chr22	46895510	46900630	chr22.299743	5	1024	306868760	/gbdb/hg19/wib/gc5Base.wib	0	100	1024	52500	3246000
942	chr22	46900630	46905750	chr22.299744	5	1024	306869784	/gbdb/hg19/wib/gc5Base.wib	0	100	1024	58220	3844400
942	chr22	46905750	46910870	chr22.299745	5	1024	306870808	/gbdb/hg19/wib/gc5Base.wib	0	100	1024	56180	3595600
942	chr22	46910870	46915990	chr22.299746	5	1024	306871832	/gbdb/hg19/wib/gc5Base.wib	0	100	1024	55240	3483200
942	chr22	46915990	46921110	chr22.299747	5	1024	306872856	/gbdb/hg19/wib/gc5Base.wib	0	100	1024	52300	3222800
117	chr22	46921110	46926230	chr22.299748	5	1024	306873880	/gbdb/hg19/wib/gc5Base.wib	0	100	1024	54000	3397600
943	chr22	46926230	46931350	chr22.299749	5	1024	306874904	/gbdb/hg19/wib/gc5Base.wib	0	100	1024	54440	3458400
943	chr22	46931350	46936470	chr22.299750	5	1024	306875928	/gbdb/hg19/wib/gc5Base.wib	0	100	1024	66260	4875600
943	chr22	46936470	46941590	chr22.299751	5	1024	306876952	/gbdb/hg19/wib/gc5Base.wib	0	100	1024	52960	3284000
943	chr22	46941590	46946710	chr22.299752	5	1024	306877976	/gbdb/hg19/wib/gc5Base.wib	0	100	1024	56320	3580800
943	chr22	46946710	46951830	chr22.299753	5	1024	306879000	/gbdb/hg19/wib/gc5Base.wib	0	100	1024	54580	3378000
943	chr22	46951830	46956950	chr22.299754	5	1024	306880024	/gbdb/hg19/wib/gc5Base.wib	0	100	1024	48500	2850000
943	chr22	46956950	46962070	chr22.299755	5	1024	306881048	/gbdb/hg19/wib/gc5Base.wib	0	100	1024	58080	3793600
943	chr22	46962070	46967190	chr22.299756	5	1024	306882072	/gbdb/hg19/wib/gc5Base.wib	0	100	1024	53940	3334000
943	chr22	46967190	46972310	chr22.299757	5	1024	306883096	/gbdb/hg19/wib/gc5Base.wib	0	100	1024	56940	3660400
943	chr22	46972310	46977430	chr22.299758	5	1024	306884120	/gbdb/hg19/wib/gc5Base.wib	0	100	1024	64020	4538800
943	chr22	46977430	46982550	chr22.299759	5	1024	306885144	/gbdb/hg19/wib/gc5Base.wib	0	100	1024	57060	3663600
943	chr22	46982550	46987670	chr22.299760	5	1024	306886168	/gbdb/hg19/wib/gc5Base.wib	0	100	1024	62200	4208000
943	chr22	46987670	46992790	chr22.299761	5	1024	306887192	/gbdb/hg19/wib/gc5Base.wib	0	100	1024	56840	3671200
943	chr22	46992790	46997910	chr22.299762	5	1024	306888216	/gbdb/hg19/wib/gc5Base.wib	0	100	1024	52540	3230800
943	chr22	46997910	47003030	chr22.299763	5	1024	306889240	/gbdb/hg19/wib/gc5Base.wib	0	100	1024	52420	3178800
943	chr22	47003030	47008150	chr22.299764	5	1024	306890264	/gbdb/hg19/wib/gc5Base.wib	0	100	1024	55980	3559600
943	chr22	47008150	47013270	chr22.299765	5	1024	306891288	/gbdb/hg19/wib/gc5Base.wib	0	100	1024	60060	3890000
943	chr22	47013270	47018390	chr22.299766	5	1024	306892312	/gbdb/hg19/wib/gc5Base.wib	0	100	1024	63320	4304800
943	chr22	47018390	47023510	chr22.299767	5	1024	306893336	/gbdb/hg19/wib/gc5Base.wib	0	100	1024	58040	3822400
943	chr22	47023510	47028630	chr22.299768	5	1024	306894360	/gbdb/hg19/wib/gc5Base.wib	0	100	1024	60820	4049200
943	chr22	47028630	47033750	chr22.299769	5	1024	306895384	/gbdb/hg19/wib/gc5Base.wib	0	100	1024	63340	4360400
943	chr22	47033750	47038870	chr22.299770	5	1024	306896408	/gbdb/hg19/wib/gc5Base.wib	0	100	1024	52520	3160000
943	chr22	47038870	47043990	chr22.299771	5	1024	306897432	/gbdb/hg19/wib/gc5Base.wib	0	100	1024	50720	2979200
943	chr22	47043990	47049110	chr22.299772	5	1024	306898456	/gbdb/hg19/wib/gc5Base.wib	0	100	1024	58240	3718400
943	chr22	47049110	47054230	chr22.299773	5	1024	306899480	/gbdb/hg19/wib/gc5Base.wib	0	100	1024	63780	4328400
117	chr22	47054230	47059350	chr22.299774	5	1024	306900504	/gbdb/hg19/wib/gc5Base.wib	0	100	1024	62360	4228000
944	chr22	47059350	47064470	chr22.299775	5	1024	306901528	/gbdb/hg19/wib/gc5Base.wib	0	100	1024	63240	4324800
944	chr22	47064470	47069590	chr22.299776	5	1024	306902552	/gbdb/hg19/wib/gc5Base.wib	0	100	1024	60180	4040400
944	chr22	47069590	47074710	chr22.299777	5	1024	306903576	/gbdb/hg19/wib/gc5Base.wib	0	100	1024	63820	4389200
944	chr22	47074710	47079830	chr22.299778	5	1024	306904600	/gbdb/hg19/wib/gc5Base.wib	0	100	1024	55800	3592800
944	chr22	47079830	47084950	chr22.299779	5	1024	306905624	/gbdb/hg19/wib/gc5Base.wib	0	100	1024	51720	3201600
944	chr22	47084950	47090070	chr22.299780	5	1024	306906648	/gbdb/hg19/wib/gc5Base.wib	0	100	1024	50860	3114000
944	chr22	47090070	47095190	chr22.299781	5	1024	306907672	/gbdb/hg19/wib/gc5Base.wib	0	100	1024	58140	3797200
944	chr22	47095190	47100310	chr22.299782	5	1024	306908696	/gbdb/hg19/wib/gc5Base.wib	0	100	1024	56320	3634400
944	chr22	47100310	47105430	chr22.299783	5	1024	306909720	/gbdb/hg19/wib/gc5Base.wib	0	100	1024	56080	3530400
944	chr22	47105430	47110550	chr22.299784	5	1024	306910744	/gbdb/hg19/wib/gc5Base.wib	0	100	1024	44760	2528000
944	chr22	47110550	47115670	chr22.299785	5	1024	306911768	/gbdb/hg19/wib/gc5Base.wib	0	100	1024	45980	2588400
944	chr22	47115670	47120790	chr22.299786	5	1024	306912792	/gbdb/hg19/wib/gc5Base.wib	0	100	1024	51720	3170400
944	chr22	47120790	47125910	chr22.299787	5	1024	306913816	/gbdb/hg19/wib/gc5Base.wib	0	100	1024	55680	3521600
944	chr22	47125910	47131030	chr22.299788	5	1024	306914840	/gbdb/hg19/wib/gc5Base.wib	0	100	1024	49820	3047600
944	chr22	47131030	47136150	chr22.299789	5	1024	306915864	/gbdb/hg19/wib/gc5Base.wib	0	100	1024	62980	4386800
944	chr22	47136150	47141270	chr22.299790	5	1024	306916888	/gbdb/hg19/wib/gc5Base.wib	0	100	1024	55720	3539200
944	chr22	47141270	47146390	chr22.299791	5	1024	306917912	/gbdb/hg19/wib/gc5Base.wib	0	100	1024	56200	3543200
944	chr22	47146390	47151510	chr22.299792	5	1024	306918936	/gbdb/hg19/wib/gc5Base.wib	0	100	1024	59160	3835200
944	chr22	47151510	47156630	chr22.299793	5	1024	306919960	/gbdb/hg19/wib/gc5Base.wib	0	100	1024	49060	2842800
944	chr22	47156630	47161750	chr22.299794	5	1024	306920984	/gbdb/hg19/wib/gc5Base.wib	0	100	1024	50200	3000800
944	chr22	47161750	47166870	chr22.299795	5	1024	306922008	/gbdb/hg19/wib/gc5Base.wib	0	100	1024	54280	3354400
944	chr22	47166870	47171990	chr22.299796	5	1024	306923032	/gbdb/hg19/wib/gc5Base.wib	0	100	1024	49280	2955200
944	chr22	47171990	47177110	chr22.299797	5	1024	306924056	/gbdb/hg19/wib/gc5Base.wib	0	100	1024	49900	2954000
944	chr22	47177110	47182230	chr22.299798	5	1024	306925080	/gbdb/hg19/wib/gc5Base.wib	0	100	1024	45780	2557200
14	chr22	47182230	47187350	chr22.299799	5	1024	306926104	/gbdb/hg19/wib/gc5Base.wib	0	100	1024	45740	2577200
945	chr22	47187350	47192470	chr22.299800	5	1024	306927128	/gbdb/hg19/wib/gc5Base.wib	0	100	1024	57420	3705200
945	chr22	47192470	47197590	chr22.299801	5	1024	306928152	/gbdb/hg19/wib/gc5Base.wib	0	100	1024	51960	3144000
945	chr22	47197590	47202710	chr22.299802	5	1024	306929176	/gbdb/hg19/wib/gc5Base.wib	0	100	1024	52400	3243200
945	chr22	47202710	47207830	chr22.299803	5	1024	306930200	/gbdb/hg19/wib/gc5Base.wib	0	100	1024	48540	2831600
945	chr22	47207830	47212950	chr22.299804	5	1024	306931224	/gbdb/hg19/wib/gc5Base.wib	0	100	1024	48080	2811200
945	chr22	47212950	47218070	chr22.299805	5	1024	306932248	/gbdb/hg19/wib/gc5Base.wib	0	100	1024	39300	1946800
945	chr22	47218070	47223190	chr22.299806	5	1024	306933272	/gbdb/hg19/wib/gc5Base.wib	0	100	1024	51020	3060400
945	chr22	47223190	47228310	chr22.299807	5	1024	306934296	/gbdb/hg19/wib/gc5Base.wib	0	100	1024	50840	3002400
945	chr22	47228310	47233430	chr22.299808	5	1024	306935320	/gbdb/hg19/wib/gc5Base.wib	0	100	1024	41840	2190400
945	chr22	47233430	47238550	chr22.299809	5	1024	306936344	/gbdb/hg19/wib/gc5Base.wib	0	100	1024	39140	1962000
945	chr22	47238550	47243670	chr22.299810	5	1024	306937368	/gbdb/hg19/wib/gc5Base.wib	0	100	1024	50360	2948000
945	chr22	47243670	47248790	chr22.299811	5	1024	306938392	/gbdb/hg19/wib/gc5Base.wib	0	100	1024	50440	2956000
945	chr22	47248790	47253910	chr22.299812	5	1024	306939416	/gbdb/hg19/wib/gc5Base.wib	0	100	1024	50000	2942400
945	chr22	47253910	47259030	chr22.299813	5	1024	306940440	/gbdb/hg19/wib/gc5Base.wib	0	100	1024	56520	3681600
945	chr22	47259030	47264150	chr22.299814	5	1024	306941464	/gbdb/hg19/wib/gc5Base.wib	0	100	1024	47340	2646000
945	chr22	47264150	47269270	chr22.299815	5	1024	306942488	/gbdb/hg19/wib/gc5Base.wib	0	100	1024	40240	2053600
945	chr22	47269270	47274390	chr22.299816	5	1024	306943512	/gbdb/hg19/wib/gc5Base.wib	0	100	1024	44680	2456800
945	chr22	47274390	47279510	chr22.299817	5	1024	306944536	/gbdb/hg19/wib/gc5Base.wib	0	100	1024	48580	2815600
945	chr22	47279510	47284630	chr22.299818	5	1024	306945560	/gbdb/hg19/wib/gc5Base.wib	0	100	1024	52060	3128400
945	chr22	47284630	47289750	chr22.299819	5	1024	306946584	/gbdb/hg19/wib/gc5Base.wib	0	100	1024	47480	2756800
945	chr22	47289750	47294870	chr22.299820	5	1024	306947608	/gbdb/hg19/wib/gc5Base.wib	0	100	1024	45900	2590800
945	chr22	47294870	47299990	chr22.299821	5	1024	306948632	/gbdb/hg19/wib/gc5Base.wib	0	100	1024	48280	2798400
945	chr22	47299990	47305110	chr22.299822	5	1024	306949656	/gbdb/hg19/wib/gc5Base.wib	0	100	1024	55320	3480000
945	chr22	47305110	47310230	chr22.299823	5	1024	306950680	/gbdb/hg19/wib/gc5Base.wib	0	100	1024	49760	2977600
945	chr22	47310230	47315350	chr22.299824	5	1024	306951704	/gbdb/hg19/wib/gc5Base.wib	0	100	1024	53300	3202000
118	chr22	47315350	47320470	chr22.299825	5	1024	306952728	/gbdb/hg19/wib/gc5Base.wib	0	100	1024	41280	2178400
946	chr22	47320470	47325590	chr22.299826	5	1024	306953752	/gbdb/hg19/wib/gc5Base.wib	0	100	1024	37700	1830800
946	chr22	47325590	47330710	chr22.299827	5	1024	306954776	/gbdb/hg19/wib/gc5Base.wib	0	100	1024	48680	2811200
946	chr22	47330710	47335830	chr22.299828	5	1024	306955800	/gbdb/hg19/wib/gc5Base.wib	0	100	1024	45320	2546400
946	chr22	47335830	47340950	chr22.299829	5	1024	306956824	/gbdb/hg19/wib/gc5Base.wib	0	100	1024	41660	2324400
946	chr22	47340950	47346070	chr22.299830	5	1024	306957848	/gbdb/hg19/wib/gc5Base.wib	0	100	1024	51180	3034800
946	chr22	47346070	47351190	chr22.299831	5	1024	306958872	/gbdb/hg19/wib/gc5Base.wib	0	100	1024	46140	2562800
946	chr22	47351190	47356310	chr22.299832	5	1024	306959896	/gbdb/hg19/wib/gc5Base.wib	0	100	1024	51900	3102000
946	chr22	47356310	47361430	chr22.299833	5	1024	306960920	/gbdb/hg19/wib/gc5Base.wib	0	100	1024	50780	3077200
946	chr22	47361430	47366550	chr22.299834	5	1024	306961944	/gbdb/hg19/wib/gc5Base.wib	0	100	1024	52840	3252800
946	chr22	47366550	47371670	chr22.299835	5	1024	306962968	/gbdb/hg19/wib/gc5Base.wib	0	100	1024	54820	3450800
946	chr22	47371670	47376790	chr22.299836	5	1024	306963992	/gbdb/hg19/wib/gc5Base.wib	0	100	1024	46700	2670000
946	chr22	47376790	47381910	chr22.299837	5	1024	306965016	/gbdb/hg19/wib/gc5Base.wib	0	100	1024	48700	2869200
946	chr22	47381910	47387030	chr22.299838	5	1024	306966040	/gbdb/hg19/wib/gc5Base.wib	0	100	1024	43480	2349600
946	chr22	47387030	47392150	chr22.299839	5	1024	306967064	/gbdb/hg19/wib/gc5Base.wib	0	100	1024	54800	3419200
946	chr22	47392150	47397270	chr22.299840	5	1024	306968088	/gbdb/hg19/wib/gc5Base.wib	0	100	1024	48560	2831200
946	chr22	47397270	47402390	chr22.299841	5	1024	306969112	/gbdb/hg19/wib/gc5Base.wib	0	100	1024	45160	2492800
946	chr22	47402390	47407510	chr22.299842	5	1024	306970136	/gbdb/hg19/wib/gc5Base.wib	0	100	1024	51180	3011600
946	chr22	47407510	47412630	chr22.299843	5	1024	306971160	/gbdb/hg19/wib/gc5Base.wib	0	100	1024	56560	3588800
946	chr22	47412630	47417750	chr22.299844	5	1024	306972184	/gbdb/hg19/wib/gc5Base.wib	0	100	1024	56020	3481200
946	chr22	47417750	47422870	chr22.299845	5	1024	306973208	/gbdb/hg19/wib/gc5Base.wib	0	100	1024	41240	2124000
946	chr22	47422870	47427990	chr22.299846	5	1024	306974232	/gbdb/hg19/wib/gc5Base.wib	0	100	1024	52460	3213200
946	chr22	47427990	47433110	chr22.299847	5	1024	306975256	/gbdb/hg19/wib/gc5Base.wib	0	100	1024	58080	3740000
946	chr22	47433110	47438230	chr22.299848	5	1024	306976280	/gbdb/hg19/wib/gc5Base.wib	0	100	1024	52120	3213600
946	chr22	47438230	47443350	chr22.299849	5	1024	306977304	/gbdb/hg19/wib/gc5Base.wib	0	100	1024	57400	3676000
118	chr22	47443350	47448470	chr22.299850	5	1024	306978328	/gbdb/hg19/wib/gc5Base.wib	0	100	1024	56900	3663600
947	chr22	47448470	47453590	chr22.299851	5	1024	306979352	/gbdb/hg19/wib/gc5Base.wib	0	100	1024	59300	3830000
947	chr22	47453590	47458710	chr22.299852	5	1024	306980376	/gbdb/hg19/wib/gc5Base.wib	0	100	1024	55240	3441600
947	chr22	47458710	47463830	chr22.299853	5	1024	306981400	/gbdb/hg19/wib/gc5Base.wib	0	100	1024	55120	3456800
947	chr22	47463830	47468950	chr22.299854	5	1024	306982424	/gbdb/hg19/wib/gc5Base.wib	0	100	1024	52680	3212000
947	chr22	47468950	47474070	chr22.299855	5	1024	306983448	/gbdb/hg19/wib/gc5Base.wib	0	100	1024	45180	2503600
947	chr22	47474070	47479190	chr22.299856	5	1024	306984472	/gbdb/hg19/wib/gc5Base.wib	0	100	1024	40820	2157200
947	chr22	47479190	47484310	chr22.299857	5	1024	306985496	/gbdb/hg19/wib/gc5Base.wib	0	100	1024	43640	2425600
947	chr22	47484310	47489430	chr22.299858	5	1024	306986520	/gbdb/hg19/wib/gc5Base.wib	0	100	1024	53280	3279200
947	chr22	47489430	47494550	chr22.299859	5	1024	306987544	/gbdb/hg19/wib/gc5Base.wib	0	100	1024	46500	2659600
947	chr22	47494550	47499670	chr22.299860	5	1024	306988568	/gbdb/hg19/wib/gc5Base.wib	0	100	1024	55300	3486800
947	chr22	47499670	47504790	chr22.299861	5	1024	306989592	/gbdb/hg19/wib/gc5Base.wib	0	100	1024	40600	2151200
947	chr22	47504790	47509910	chr22.299862	5	1024	306990616	/gbdb/hg19/wib/gc5Base.wib	0	100	1024	55200	3428000
947	chr22	47509910	47515030	chr22.299863	5	1024	306991640	/gbdb/hg19/wib/gc5Base.wib	0	100	1024	55700	3586000
947	chr22	47515030	47520150	chr22.299864	5	1024	306992664	/gbdb/hg19/wib/gc5Base.wib	0	100	1024	50060	3000400
947	chr22	47520150	47525270	chr22.299865	5	1024	306993688	/gbdb/hg19/wib/gc5Base.wib	0	100	1024	57980	3766800
947	chr22	47525270	47530390	chr22.299866	5	1024	306994712	/gbdb/hg19/wib/gc5Base.wib	0	100	1024	55900	3527600
947	chr22	47530390	47535510	chr22.299867	5	1024	306995736	/gbdb/hg19/wib/gc5Base.wib	0	100	1024	61240	4075200
947	chr22	47535510	47540630	chr22.299868	5	1024	306996760	/gbdb/hg19/wib/gc5Base.wib	0	100	1024	55880	3513600
947	chr22	47540630	47545750	chr22.299869	5	1024	306997784	/gbdb/hg19/wib/gc5Base.wib	0	100	1024	57820	3745200
947	chr22	47545750	47550870	chr22.299870	5	1024	306998808	/gbdb/hg19/wib/gc5Base.wib	0	100	1024	59820	3958000
947	chr22	47550870	47555990	chr22.299871	5	1024	306999832	/gbdb/hg19/wib/gc5Base.wib	0	100	1024	58400	3748800
947	chr22	47555990	47561110	chr22.299872	5	1024	307000856	/gbdb/hg19/wib/gc5Base.wib	0	100	1024	58760	3823200
947	chr22	47561110	47566230	chr22.299873	5	1024	307001880	/gbdb/hg19/wib/gc5Base.wib	0	100	1024	54440	3400800
947	chr22	47566230	47571350	chr22.299874	5	1024	307002904	/gbdb/hg19/wib/gc5Base.wib	0	100	1024	60860	4054000
947	chr22	47571350	47576470	chr22.299875	5	1024	307003928	/gbdb/hg19/wib/gc5Base.wib	0	100	1024	55180	3554800
118	chr22	47576470	47581590	chr22.299876	5	1024	307004952	/gbdb/hg19/wib/gc5Base.wib	0	100	1024	39500	1988400
948	chr22	47581590	47586710	chr22.299877	5	1024	307005976	/gbdb/hg19/wib/gc5Base.wib	0	100	1024	48760	2911200
948	chr22	47586710	47591830	chr22.299878	5	1024	307007000	/gbdb/hg19/wib/gc5Base.wib	0	100	1024	59500	3926800
948	chr22	47591830	47596950	chr22.299879	5	1024	307008024	/gbdb/hg19/wib/gc5Base.wib	0	100	1024	59300	3891600
948	chr22	47596950	47602070	chr22.299880	5	1024	307009048	/gbdb/hg19/wib/gc5Base.wib	0	100	1024	61140	4055600
948	chr22	47602070	47607190	chr22.299881	5	1024	307010072	/gbdb/hg19/wib/gc5Base.wib	0	100	1024	55520	3527200
948	chr22	47607190	47612310	chr22.299882	5	1024	307011096	/gbdb/hg19/wib/gc5Base.wib	0	100	1024	47480	2756000
948	chr22	47612310	47617430	chr22.299883	5	1024	307012120	/gbdb/hg19/wib/gc5Base.wib	0	100	1024	48720	2843200
948	chr22	47617430	47622550	chr22.299884	5	1024	307013144	/gbdb/hg19/wib/gc5Base.wib	0	100	1024	44820	2555600
948	chr22	47622550	47627670	chr22.299885	5	1024	307014168	/gbdb/hg19/wib/gc5Base.wib	0	100	1024	37920	1863200
948	chr22	47627670	47632790	chr22.299886	5	1024	307015192	/gbdb/hg19/wib/gc5Base.wib	0	100	1024	49140	2826800
948	chr22	47632790	47637910	chr22.299887	5	1024	307016216	/gbdb/hg19/wib/gc5Base.wib	0	100	1024	45920	2601600
948	chr22	47637910	47643030	chr22.299888	5	1024	307017240	/gbdb/hg19/wib/gc5Base.wib	0	100	1024	44840	2492000
948	chr22	47643030	47648150	chr22.299889	5	1024	307018264	/gbdb/hg19/wib/gc5Base.wib	0	100	1024	54340	3322000
948	chr22	47648150	47653270	chr22.299890	5	1024	307019288	/gbdb/hg19/wib/gc5Base.wib	0	100	1024	40860	2180400
948	chr22	47653270	47658390	chr22.299891	5	1024	307020312	/gbdb/hg19/wib/gc5Base.wib	0	100	1024	50380	2926800
948	chr22	47658390	47663510	chr22.299892	5	1024	307021336	/gbdb/hg19/wib/gc5Base.wib	0	100	1024	48240	2738400
948	chr22	47663510	47668630	chr22.299893	5	1024	307022360	/gbdb/hg19/wib/gc5Base.wib	0	100	1024	48400	2776000
948	chr22	47668630	47673750	chr22.299894	5	1024	307023384	/gbdb/hg19/wib/gc5Base.wib	0	100	1024	50860	3030000
948	chr22	47673750	47678870	chr22.299895	5	1024	307024408	/gbdb/hg19/wib/gc5Base.wib	0	100	1024	54140	3364400
948	chr22	47678870	47683990	chr22.299896	5	1024	307025432	/gbdb/hg19/wib/gc5Base.wib	0	100	1024	57000	3585600
948	chr22	47683990	47689110	chr22.299897	5	1024	307026456	/gbdb/hg19/wib/gc5Base.wib	0	100	1024	55780	3510000
948	chr22	47689110	47694230	chr22.299898	5	1024	307027480	/gbdb/hg19/wib/gc5Base.wib	0	100	1024	56560	3562400
948	chr22	47694230	47699350	chr22.299899	5	1024	307028504	/gbdb/hg19/wib/gc5Base.wib	0	100	1024	54960	3424000
948	chr22	47699350	47704470	chr22.299900	5	1024	307029528	/gbdb/hg19/wib/gc5Base.wib	0	100	1024	50160	2984000
948	chr22	47704470	47709590	chr22.299901	5	1024	307030552	/gbdb/hg19/wib/gc5Base.wib	0	100	1024	38420	1898800
118	chr22	47709590	47714710	chr22.299902	5	1024	307031576	/gbdb/hg19/wib/gc5Base.wib	0	100	1024	38640	2032000
949	chr22	47714710	47719830	chr22.299903	5	1024	307032600	/gbdb/hg19/wib/gc5Base.wib	0	100	1024	42780	2282000
949	chr22	47719830	47724950	chr22.299904	5	1024	307033624	/gbdb/hg19/wib/gc5Base.wib	0	100	1024	47840	2741600
949	chr22	47724950	47730070	chr22.299905	5	1024	307034648	/gbdb/hg19/wib/gc5Base.wib	0	100	1024	52000	3100000
949	chr22	47730070	47735190	chr22.299906	5	1024	307035672	/gbdb/hg19/wib/gc5Base.wib	0	100	1024	44980	2464400
949	chr22	47735190	47740310	chr22.299907	5	1024	307036696	/gbdb/hg19/wib/gc5Base.wib	0	100	1024	50000	2923200
949	chr22	47740310	47745430	chr22.299908	5	1024	307037720	/gbdb/hg19/wib/gc5Base.wib	0	100	1024	44920	2441600
949	chr22	47745430	47750550	chr22.299909	5	1024	307038744	/gbdb/hg19/wib/gc5Base.wib	0	100	1024	52560	3181600
949	chr22	47750550	47755670	chr22.299910	5	1024	307039768	/gbdb/hg19/wib/gc5Base.wib	0	100	1024	51600	3088800
949	chr22	47755670	47760790	chr22.299911	5	1024	307040792	/gbdb/hg19/wib/gc5Base.wib	0	100	1024	36760	1808800
949	chr22	47760790	47765910	chr22.299912	5	1024	307041816	/gbdb/hg19/wib/gc5Base.wib	0	100	1024	50940	3078800
949	chr22	47765910	47771030	chr22.299913	5	1024	307042840	/gbdb/hg19/wib/gc5Base.wib	0	100	1024	58260	3745200
949	chr22	47771030	47776150	chr22.299914	5	1024	307043864	/gbdb/hg19/wib/gc5Base.wib	0	100	1024	52860	3291600
949	chr22	47776150	47781270	chr22.299915	5	1024	307044888	/gbdb/hg19/wib/gc5Base.wib	0	100	1024	51060	3019600
949	chr22	47781270	47786390	chr22.299916	5	1024	307045912	/gbdb/hg19/wib/gc5Base.wib	0	100	1024	56940	3645200
949	chr22	47786390	47791510	chr22.299917	5	1024	307046936	/gbdb/hg19/wib/gc5Base.wib	0	100	1024	56860	3582000
949	chr22	47791510	47796630	chr22.299918	5	1024	307047960	/gbdb/hg19/wib/gc5Base.wib	0	100	1024	57460	3668400
949	chr22	47796630	47801750	chr22.299919	5	1024	307048984	/gbdb/hg19/wib/gc5Base.wib	0	100	1024	58680	3831200
949	chr22	47801750	47806870	chr22.299920	5	1024	307050008	/gbdb/hg19/wib/gc5Base.wib	0	100	1024	51300	3035600
949	chr22	47806870	47811990	chr22.299921	5	1024	307051032	/gbdb/hg19/wib/gc5Base.wib	0	100	1024	39980	2066800
949	chr22	47811990	47817110	chr22.299922	5	1024	307052056	/gbdb/hg19/wib/gc5Base.wib	0	100	1024	44640	2425600
949	chr22	47817110	47822230	chr22.299923	5	1024	307053080	/gbdb/hg19/wib/gc5Base.wib	0	100	1024	50960	3014400
949	chr22	47822230	47827350	chr22.299924	5	1024	307054104	/gbdb/hg19/wib/gc5Base.wib	0	100	1024	39280	2084800
949	chr22	47827350	47832470	chr22.299925	5	1024	307055128	/gbdb/hg19/wib/gc5Base.wib	0	100	1024	47680	2772800
949	chr22	47832470	47837590	chr22.299926	5	1024	307056152	/gbdb/hg19/wib/gc5Base.wib	0	100	1024	44280	2431200
118	chr22	47837590	47842710	chr22.299927	5	1024	307057176	/gbdb/hg19/wib/gc5Base.wib	0	100	1024	54440	3347200
950	chr22	47842710	47847830	chr22.299928	5	1024	307058200	/gbdb/hg19/wib/gc5Base.wib	0	100	1024	55860	3511600
950	chr22	47847830	47852950	chr22.299929	5	1024	307059224	/gbdb/hg19/wib/gc5Base.wib	0	100	1024	44460	2480400
950	chr22	47852950	47858070	chr22.299930	5	1024	307060248	/gbdb/hg19/wib/gc5Base.wib	0	100	1024	51800	3172000
950	chr22	47858070	47863190	chr22.299931	5	1024	307061272	/gbdb/hg19/wib/gc5Base.wib	0	100	1024	45860	2566800
950	chr22	47863190	47868310	chr22.299932	5	1024	307062296	/gbdb/hg19/wib/gc5Base.wib	0	100	1024	42380	2239600
950	chr22	47868310	47873430	chr22.299933	5	1024	307063320	/gbdb/hg19/wib/gc5Base.wib	0	100	1024	41900	2243600
950	chr22	47873430	47878550	chr22.299934	5	1024	307064344	/gbdb/hg19/wib/gc5Base.wib	0	100	1024	35320	1690400
950	chr22	47878550	47883670	chr22.299935	5	1024	307065368	/gbdb/hg19/wib/gc5Base.wib	0	100	1024	46480	2612000
950	chr22	47883670	47888790	chr22.299936	5	1024	307066392	/gbdb/hg19/wib/gc5Base.wib	0	100	1024	45960	2648000
950	chr22	47888790	47893910	chr22.299937	5	1024	307067416	/gbdb/hg19/wib/gc5Base.wib	0	100	1024	48140	2744400
950	chr22	47893910	47899030	chr22.299938	5	1024	307068440	/gbdb/hg19/wib/gc5Base.wib	0	100	1024	41620	2197200
950	chr22	47899030	47904150	chr22.299939	5	1024	307069464	/gbdb/hg19/wib/gc5Base.wib	0	100	1024	35860	1705200
950	chr22	47904150	47909270	chr22.299940	5	1024	307070488	/gbdb/hg19/wib/gc5Base.wib	0	100	1024	45080	2470400
950	chr22	47909270	47914390	chr22.299941	5	1024	307071512	/gbdb/hg19/wib/gc5Base.wib	0	100	1024	41760	2180800
950	chr22	47914390	47919510	chr22.299942	5	1024	307072536	/gbdb/hg19/wib/gc5Base.wib	0	100	1024	34480	1645600
950	chr22	47919510	47924630	chr22.299943	5	1024	307073560	/gbdb/hg19/wib/gc5Base.wib	0	100	1024	42780	2342000
950	chr22	47924630	47929750	chr22.299944	5	1024	307074584	/gbdb/hg19/wib/gc5Base.wib	0	100	1024	40500	2155600
950	chr22	47929750	47934870	chr22.299945	5	1024	307075608	/gbdb/hg19/wib/gc5Base.wib	0	100	1024	47140	2630000
950	chr22	47934870	47939990	chr22.299946	5	1024	307076632	/gbdb/hg19/wib/gc5Base.wib	0	100	1024	46980	2747600
950	chr22	47939990	47945110	chr22.299947	5	1024	307077656	/gbdb/hg19/wib/gc5Base.wib	0	100	1024	52260	3154000
950	chr22	47945110	47950230	chr22.299948	5	1024	307078680	/gbdb/hg19/wib/gc5Base.wib	0	100	1024	53180	3270800
950	chr22	47950230	47955350	chr22.299949	5	1024	307079704	/gbdb/hg19/wib/gc5Base.wib	0	100	1024	41660	2199600
950	chr22	47955350	47960470	chr22.299950	5	1024	307080728	/gbdb/hg19/wib/gc5Base.wib	0	100	1024	52640	3229600
950	chr22	47960470	47965590	chr22.299951	5	1024	307081752	/gbdb/hg19/wib/gc5Base.wib	0	100	1024	51920	3147200
950	chr22	47965590	47970710	chr22.299952	5	1024	307082776	/gbdb/hg19/wib/gc5Base.wib	0	100	1024	50880	3001600
118	chr22	47970710	47975830	chr22.299953	5	1024	307083800	/gbdb/hg19/wib/gc5Base.wib	0	100	1024	45500	2555600
951	chr22	47975830	47980950	chr22.299954	5	1024	307084824	/gbdb/hg19/wib/gc5Base.wib	0	100	1024	33980	1614800
951	chr22	47980950	47986070	chr22.299955	5	1024	307085848	/gbdb/hg19/wib/gc5Base.wib	0	100	1024	50160	2956000
951	chr22	47986070	47991190	chr22.299956	5	1024	307086872	/gbdb/hg19/wib/gc5Base.wib	0	100	1024	53860	3303600
951	chr22	47991190	47996310	chr22.299957	5	1024	307087896	/gbdb/hg19/wib/gc5Base.wib	0	100	1024	49520	2926400
951	chr22	47996310	48001430	chr22.299958	5	1024	307088920	/gbdb/hg19/wib/gc5Base.wib	0	100	1024	50340	3008400
951	chr22	48001430	48006550	chr22.299959	5	1024	307089944	/gbdb/hg19/wib/gc5Base.wib	0	100	1024	55180	3462800
951	chr22	48006550	48011670	chr22.299960	5	1024	307090968	/gbdb/hg19/wib/gc5Base.wib	0	100	1024	46200	2781600
951	chr22	48011670	48016790	chr22.299961	5	1024	307091992	/gbdb/hg19/wib/gc5Base.wib	0	100	1024	50520	3046400
951	chr22	48016790	48021910	chr22.299962	5	1024	307093016	/gbdb/hg19/wib/gc5Base.wib	0	100	1024	55640	3508000
951	chr22	48021910	48027030	chr22.299963	5	1024	307094040	/gbdb/hg19/wib/gc5Base.wib	0	100	1024	57200	3596800
951	chr22	48027030	48032150	chr22.299964	5	1024	307095064	/gbdb/hg19/wib/gc5Base.wib	0	100	1024	49080	2854400
951	chr22	48032150	48037270	chr22.299965	5	1024	307096088	/gbdb/hg19/wib/gc5Base.wib	0	100	1024	38360	1961600
951	chr22	48037270	48042390	chr22.299966	5	1024	307097112	/gbdb/hg19/wib/gc5Base.wib	0	100	1024	38840	1997600
951	chr22	48042390	48047510	chr22.299967	5	1024	307098136	/gbdb/hg19/wib/gc5Base.wib	0	100	1024	44720	2416000
951	chr22	48047510	48052630	chr22.299968	5	1024	307099160	/gbdb/hg19/wib/gc5Base.wib	0	100	1024	46440	2529600
951	chr22	48052630	48057750	chr22.299969	5	1024	307100184	/gbdb/hg19/wib/gc5Base.wib	0	100	1024	47340	2661200
951	chr22	48057750	48062870	chr22.299970	5	1024	307101208	/gbdb/hg19/wib/gc5Base.wib	0	100	1024	42920	2281600
951	chr22	48062870	48067990	chr22.299971	5	1024	307102232	/gbdb/hg19/wib/gc5Base.wib	0	100	1024	46260	2589200
951	chr22	48067990	48073110	chr22.299972	5	1024	307103256	/gbdb/hg19/wib/gc5Base.wib	0	100	1024	49220	2895600
951	chr22	48073110	48078230	chr22.299973	5	1024	307104280	/gbdb/hg19/wib/gc5Base.wib	0	100	1024	49600	2880800
951	chr22	48078230	48083350	chr22.299974	5	1024	307105304	/gbdb/hg19/wib/gc5Base.wib	0	100	1024	48360	2732800
951	chr22	48083350	48088470	chr22.299975	5	1024	307106328	/gbdb/hg19/wib/gc5Base.wib	0	100	1024	49480	2907200
951	chr22	48088470	48093590	chr22.299976	5	1024	307107352	/gbdb/hg19/wib/gc5Base.wib	0	100	1024	45120	2540000
951	chr22	48093590	48098710	chr22.299977	5	1024	307108376	/gbdb/hg19/wib/gc5Base.wib	0	100	1024	38860	1974000
118	chr22	48098710	48103830	chr22.299978	5	1024	307109400	/gbdb/hg19/wib/gc5Base.wib	0	100	1024	41540	2238000
952	chr22	48103830	48108950	chr22.299979	5	1024	307110424	/gbdb/hg19/wib/gc5Base.wib	0	100	1024	38540	2009200
952	chr22	48108950	48114070	chr22.299980	5	1024	307111448	/gbdb/hg19/wib/gc5Base.wib	0	100	1024	53920	3327200
952	chr22	48114070	48119190	chr22.299981	5	1024	307112472	/gbdb/hg19/wib/gc5Base.wib	0	100	1024	42520	2289600
952	chr22	48119190	48124310	chr22.299982	5	1024	307113496	/gbdb/hg19/wib/gc5Base.wib	0	100	1024	37200	1865600
952	chr22	48124310	48129430	chr22.299983	5	1024	307114520	/gbdb/hg19/wib/gc5Base.wib	0	100	1024	44000	2416000
952	chr22	48129430	48134550	chr22.299984	5	1024	307115544	/gbdb/hg19/wib/gc5Base.wib	0	100	1024	49000	2821600
952	chr22	48134550	48139670	chr22.299985	5	1024	307116568	/gbdb/hg19/wib/gc5Base.wib	0	100	1024	49860	2942800
952	chr22	48139670	48144790	chr22.299986	5	1024	307117592	/gbdb/hg19/wib/gc5Base.wib	0	100	1024	45940	2533200
952	chr22	48144790	48149910	chr22.299987	5	1024	307118616	/gbdb/hg19/wib/gc5Base.wib	0	100	1024	38160	1935200
952	chr22	48149910	48155030	chr22.299988	5	1024	307119640	/gbdb/hg19/wib/gc5Base.wib	0	100	1024	41380	2178800
952	chr22	48155030	48160150	chr22.299989	5	1024	307120664	/gbdb/hg19/wib/gc5Base.wib	0	100	1024	50760	2968000
952	chr22	48160150	48165270	chr22.299990	5	1024	307121688	/gbdb/hg19/wib/gc5Base.wib	0	100	1024	45260	2485200
952	chr22	48165270	48170390	chr22.299991	5	1024	307122712	/gbdb/hg19/wib/gc5Base.wib	0	100	1024	37300	1832400
952	chr22	48170390	48175510	chr22.299992	5	1024	307123736	/gbdb/hg19/wib/gc5Base.wib	0	100	1024	46480	2573600
952	chr22	48175510	48180630	chr22.299993	5	1024	307124760	/gbdb/hg19/wib/gc5Base.wib	0	100	1024	56920	3592800
952	chr22	48180630	48185750	chr22.299994	5	1024	307125784	/gbdb/hg19/wib/gc5Base.wib	0	100	1024	49260	2857200
952	chr22	48185750	48190870	chr22.299995	5	1024	307126808	/gbdb/hg19/wib/gc5Base.wib	0	100	1024	41520	2288000
952	chr22	48190870	48195990	chr22.299996	5	1024	307127832	/gbdb/hg19/wib/gc5Base.wib	0	100	1024	48220	2795600
952	chr22	48195990	48201110	chr22.299997	5	1024	307128856	/gbdb/hg19/wib/gc5Base.wib	0	100	1024	47240	2748800
952	chr22	48201110	48206230	chr22.299998	5	1024	307129880	/gbdb/hg19/wib/gc5Base.wib	0	100	1024	52340	3116400
952	chr22	48206230	48211350	chr22.299999	5	1024	307130904	/gbdb/hg19/wib/gc5Base.wib	0	100	1024	52000	3126400
952	chr22	48211350	48216470	chr22.300000	5	1024	307131928	/gbdb/hg19/wib/gc5Base.wib	0	100	1024	49540	2937200
952	chr22	48216470	48221590	chr22.300001	5	1024	307132952	/gbdb/hg19/wib/gc5Base.wib	0	100	1024	42540	2261200
952	chr22	48221590	48226710	chr22.300002	5	1024	307133976	/gbdb/hg19/wib/gc5Base.wib	0	100	1024	45740	2565200
952	chr22	48226710	48231830	chr22.300003	5	1024	307135000	/gbdb/hg19/wib/gc5Base.wib	0	100	1024	46600	2608000
14	chr22	48231830	48236950	chr22.300004	5	1024	307136024	/gbdb/hg19/wib/gc5Base.wib	0	100	1024	45420	2522800
953	chr22	48236950	48242070	chr22.300005	5	1024	307137048	/gbdb/hg19/wib/gc5Base.wib	0	100	1024	50920	3037600
953	chr22	48242070	48247190	chr22.300006	5	1024	307138072	/gbdb/hg19/wib/gc5Base.wib	0	100	1024	47280	2686400
953	chr22	48247190	48252310	chr22.300007	5	1024	307139096	/gbdb/hg19/wib/gc5Base.wib	0	100	1024	45640	2513600
953	chr22	48252310	48257430	chr22.300008	5	1024	307140120	/gbdb/hg19/wib/gc5Base.wib	0	100	1024	41580	2216400
953	chr22	48257430	48262550	chr22.300009	5	1024	307141144	/gbdb/hg19/wib/gc5Base.wib	0	100	1024	43400	2353600
953	chr22	48262550	48267670	chr22.300010	5	1024	307142168	/gbdb/hg19/wib/gc5Base.wib	0	80	1024	32620	1479600
953	chr22	48267670	48272790	chr22.300011	5	1024	307143192	/gbdb/hg19/wib/gc5Base.wib	0	100	1024	37520	1883200
953	chr22	48272790	48277910	chr22.300012	5	1024	307144216	/gbdb/hg19/wib/gc5Base.wib	0	100	1024	51480	3080000
953	chr22	48277910	48283030	chr22.300013	5	1024	307145240	/gbdb/hg19/wib/gc5Base.wib	0	100	1024	51060	3044400
953	chr22	48283030	48288150	chr22.300014	5	1024	307146264	/gbdb/hg19/wib/gc5Base.wib	0	100	1024	48260	2772400
953	chr22	48288150	48293270	chr22.300015	5	1024	307147288	/gbdb/hg19/wib/gc5Base.wib	0	100	1024	40520	2144800
953	chr22	48293270	48298390	chr22.300016	5	1024	307148312	/gbdb/hg19/wib/gc5Base.wib	0	100	1024	39960	2075200
953	chr22	48298390	48303510	chr22.300017	5	1024	307149336	/gbdb/hg19/wib/gc5Base.wib	0	100	1024	43100	2353200
953	chr22	48303510	48308630	chr22.300018	5	1024	307150360	/gbdb/hg19/wib/gc5Base.wib	0	100	1024	39720	2081600
953	chr22	48308630	48313750	chr22.300019	5	1024	307151384	/gbdb/hg19/wib/gc5Base.wib	0	100	1024	44700	2513200
953	chr22	48313750	48318870	chr22.300020	5	1024	307152408	/gbdb/hg19/wib/gc5Base.wib	0	100	1024	53520	3244800
953	chr22	48318870	48323990	chr22.300021	5	1024	307153432	/gbdb/hg19/wib/gc5Base.wib	0	100	1024	51280	3052800
953	chr22	48323990	48329110	chr22.300022	5	1024	307154456	/gbdb/hg19/wib/gc5Base.wib	0	100	1024	45920	2548000
953	chr22	48329110	48334230	chr22.300023	5	1024	307155480	/gbdb/hg19/wib/gc5Base.wib	0	100	1024	41780	2231600
953	chr22	48334230	48339350	chr22.300024	5	1024	307156504	/gbdb/hg19/wib/gc5Base.wib	0	100	1024	44780	2445200
953	chr22	48339350	48344470	chr22.300025	5	1024	307157528	/gbdb/hg19/wib/gc5Base.wib	0	100	1024	49200	2861600
953	chr22	48344470	48349590	chr22.300026	5	1024	307158552	/gbdb/hg19/wib/gc5Base.wib	0	100	1024	43840	2361600
953	chr22	48349590	48354710	chr22.300027	5	1024	307159576	/gbdb/hg19/wib/gc5Base.wib	0	100	1024	33780	1578800
953	chr22	48354710	48359830	chr22.300028	5	1024	307160600	/gbdb/hg19/wib/gc5Base.wib	0	100	1024	41080	2208000
953	chr22	48359830	48364950	chr22.300029	5	1024	307161624	/gbdb/hg19/wib/gc5Base.wib	0	100	1024	47000	2623200
119	chr22	48364950	48370070	chr22.300030	5	1024	307162648	/gbdb/hg19/wib/gc5Base.wib	0	100	1024	49460	2874800
954	chr22	48370070	48375190	chr22.300031	5	1024	307163672	/gbdb/hg19/wib/gc5Base.wib	0	100	1024	38120	1937600
954	chr22	48375190	48380310	chr22.300032	5	1024	307164696	/gbdb/hg19/wib/gc5Base.wib	0	100	1024	32860	1530000
954	chr22	48380310	48385430	chr22.300033	5	1024	307165720	/gbdb/hg19/wib/gc5Base.wib	0	100	1024	33540	1557200
954	chr22	48385430	48390550	chr22.300034	5	1024	307166744	/gbdb/hg19/wib/gc5Base.wib	0	100	1024	44540	2370800
954	chr22	48390550	48395670	chr22.300035	5	1024	307167768	/gbdb/hg19/wib/gc5Base.wib	0	100	1024	54260	3382000
954	chr22	48395670	48400790	chr22.300036	5	1024	307168792	/gbdb/hg19/wib/gc5Base.wib	0	100	1024	50840	3006400
954	chr22	48400790	48405910	chr22.300037	5	1024	307169816	/gbdb/hg19/wib/gc5Base.wib	0	100	1024	36640	1794400
954	chr22	48405910	48411030	chr22.300038	5	1024	307170840	/gbdb/hg19/wib/gc5Base.wib	0	100	1024	39660	2026000
954	chr22	48411030	48416150	chr22.300039	5	1024	307171864	/gbdb/hg19/wib/gc5Base.wib	0	100	1024	52300	3106800
954	chr22	48416150	48421270	chr22.300040	5	1024	307172888	/gbdb/hg19/wib/gc5Base.wib	0	100	1024	38660	1942000
954	chr22	48421270	48426390	chr22.300041	5	1024	307173912	/gbdb/hg19/wib/gc5Base.wib	0	100	1024	43420	2359600
954	chr22	48426390	48431510	chr22.300042	5	1024	307174936	/gbdb/hg19/wib/gc5Base.wib	0	100	1024	34160	1674400
954	chr22	48431510	48436630	chr22.300043	5	1024	307175960	/gbdb/hg19/wib/gc5Base.wib	0	100	1024	45480	2508800
954	chr22	48436630	48441750	chr22.300044	5	1024	307176984	/gbdb/hg19/wib/gc5Base.wib	0	100	1024	48060	2760400
954	chr22	48441750	48446870	chr22.300045	5	1024	307178008	/gbdb/hg19/wib/gc5Base.wib	0	100	1024	50820	3028400
954	chr22	48446870	48451990	chr22.300046	5	1024	307179032	/gbdb/hg19/wib/gc5Base.wib	0	100	1024	50780	2994000
954	chr22	48451990	48457110	chr22.300047	5	1024	307180056	/gbdb/hg19/wib/gc5Base.wib	0	100	1024	49380	2900400
954	chr22	48457110	48462230	chr22.300048	5	1024	307181080	/gbdb/hg19/wib/gc5Base.wib	0	100	1024	50440	2973600
954	chr22	48462230	48467350	chr22.300049	5	1024	307182104	/gbdb/hg19/wib/gc5Base.wib	0	100	1024	51420	3052400
954	chr22	48467350	48472470	chr22.300050	5	1024	307183128	/gbdb/hg19/wib/gc5Base.wib	0	100	1024	48240	2759200
954	chr22	48472470	48477590	chr22.300051	5	1024	307184152	/gbdb/hg19/wib/gc5Base.wib	0	100	1024	54460	3324400
954	chr22	48477590	48482710	chr22.300052	5	1024	307185176	/gbdb/hg19/wib/gc5Base.wib	0	100	1024	53300	3282800
954	chr22	48482710	48487830	chr22.300053	5	1024	307186200	/gbdb/hg19/wib/gc5Base.wib	0	100	1024	51160	3110400
954	chr22	48487830	48492950	chr22.300054	5	1024	307187224	/gbdb/hg19/wib/gc5Base.wib	0	100	1024	48700	2870800
119	chr22	48492950	48498070	chr22.300055	5	1024	307188248	/gbdb/hg19/wib/gc5Base.wib	0	100	1024	54060	3366000
955	chr22	48498070	48503190	chr22.300056	5	1024	307189272	/gbdb/hg19/wib/gc5Base.wib	0	100	1024	54400	3372800
955	chr22	48503190	48508310	chr22.300057	5	1024	307190296	/gbdb/hg19/wib/gc5Base.wib	0	100	1024	34900	1674800
955	chr22	48508310	48513430	chr22.300058	5	1024	307191320	/gbdb/hg19/wib/gc5Base.wib	0	100	1024	46940	2686800
955	chr22	48513430	48518550	chr22.300059	5	1024	307192344	/gbdb/hg19/wib/gc5Base.wib	0	100	1024	49580	2929200
955	chr22	48518550	48523670	chr22.300060	5	1024	307193368	/gbdb/hg19/wib/gc5Base.wib	0	100	1024	37460	1865200
955	chr22	48523670	48528790	chr22.300061	5	1024	307194392	/gbdb/hg19/wib/gc5Base.wib	0	100	1024	44600	2507200
955	chr22	48528790	48533910	chr22.300062	5	1024	307195416	/gbdb/hg19/wib/gc5Base.wib	0	100	1024	39840	2109600
955	chr22	48533910	48539030	chr22.300063	5	1024	307196440	/gbdb/hg19/wib/gc5Base.wib	0	100	1024	51980	3164400
955	chr22	48539030	48544150	chr22.300064	5	1024	307197464	/gbdb/hg19/wib/gc5Base.wib	0	100	1024	54840	3382400
955	chr22	48544150	48549270	chr22.300065	5	1024	307198488	/gbdb/hg19/wib/gc5Base.wib	0	100	1024	49600	2971200
955	chr22	48549270	48554390	chr22.300066	5	1024	307199512	/gbdb/hg19/wib/gc5Base.wib	0	100	1024	55960	3542400
955	chr22	48554390	48559510	chr22.300067	5	1024	307200536	/gbdb/hg19/wib/gc5Base.wib	0	100	1024	44240	2488000
955	chr22	48559510	48564630	chr22.300068	5	1024	307201560	/gbdb/hg19/wib/gc5Base.wib	0	100	1024	44660	2431600
955	chr22	48564630	48569750	chr22.300069	5	1024	307202584	/gbdb/hg19/wib/gc5Base.wib	0	100	1024	49940	2894800
955	chr22	48569750	48574870	chr22.300070	5	1024	307203608	/gbdb/hg19/wib/gc5Base.wib	0	100	1024	49780	2882000
955	chr22	48574870	48579990	chr22.300071	5	1024	307204632	/gbdb/hg19/wib/gc5Base.wib	0	100	1024	54500	3360400
955	chr22	48579990	48585110	chr22.300072	5	1024	307205656	/gbdb/hg19/wib/gc5Base.wib	0	100	1024	50580	3019600
955	chr22	48585110	48590230	chr22.300073	5	1024	307206680	/gbdb/hg19/wib/gc5Base.wib	0	100	1024	37580	1853200
955	chr22	48590230	48595350	chr22.300074	5	1024	307207704	/gbdb/hg19/wib/gc5Base.wib	0	100	1024	48520	2787200
955	chr22	48595350	48600470	chr22.300075	5	1024	307208728	/gbdb/hg19/wib/gc5Base.wib	0	100	1024	38820	1947600
955	chr22	48600470	48605590	chr22.300076	5	1024	307209752	/gbdb/hg19/wib/gc5Base.wib	0	100	1024	51600	3107200
955	chr22	48605590	48610710	chr22.300077	5	1024	307210776	/gbdb/hg19/wib/gc5Base.wib	0	100	1024	50520	2921600
955	chr22	48610710	48615830	chr22.300078	5	1024	307211800	/gbdb/hg19/wib/gc5Base.wib	0	100	1024	42100	2243600
955	chr22	48615830	48620950	chr22.300079	5	1024	307212824	/gbdb/hg19/wib/gc5Base.wib	0	100	1024	43180	2338000
955	chr22	48620950	48626070	chr22.300080	5	1024	307213848	/gbdb/hg19/wib/gc5Base.wib	0	100	1024	51940	3119600
119	chr22	48626070	48631190	chr22.300081	5	1024	307214872	/gbdb/hg19/wib/gc5Base.wib	0	100	1024	40360	2135200
956	chr22	48631190	48636310	chr22.300082	5	1024	307215896	/gbdb/hg19/wib/gc5Base.wib	0	100	1024	48540	2874800
956	chr22	48636310	48641430	chr22.300083	5	1024	307216920	/gbdb/hg19/wib/gc5Base.wib	0	100	1024	53320	3261600
956	chr22	48641430	48646550	chr22.300084	5	1024	307217944	/gbdb/hg19/wib/gc5Base.wib	0	100	1024	51120	3080000
956	chr22	48646550	48651670	chr22.300085	5	1024	307218968	/gbdb/hg19/wib/gc5Base.wib	0	100	1024	55940	3486000
956	chr22	48651670	48656790	chr22.300086	5	1024	307219992	/gbdb/hg19/wib/gc5Base.wib	0	100	1024	50860	3026000
956	chr22	48656790	48661910	chr22.300087	5	1024	307221016	/gbdb/hg19/wib/gc5Base.wib	0	100	1024	53400	3262400
956	chr22	48661910	48667030	chr22.300088	5	1024	307222040	/gbdb/hg19/wib/gc5Base.wib	0	100	1024	54040	3325600
956	chr22	48667030	48672150	chr22.300089	5	1024	307223064	/gbdb/hg19/wib/gc5Base.wib	0	100	1024	48680	2765600
956	chr22	48672150	48677270	chr22.300090	5	1024	307224088	/gbdb/hg19/wib/gc5Base.wib	0	100	1024	53820	3360400
956	chr22	48677270	48682390	chr22.300091	5	1024	307225112	/gbdb/hg19/wib/gc5Base.wib	0	100	1024	37540	1836400
956	chr22	48682390	48687510	chr22.300092	5	1024	307226136	/gbdb/hg19/wib/gc5Base.wib	0	100	1024	43800	2378400
956	chr22	48687510	48692630	chr22.300093	5	1024	307227160	/gbdb/hg19/wib/gc5Base.wib	0	100	1024	38180	1875600
956	chr22	48692630	48697750	chr22.300094	5	1024	307228184	/gbdb/hg19/wib/gc5Base.wib	0	100	1024	53540	3344400
956	chr22	48697750	48702870	chr22.300095	5	1024	307229208	/gbdb/hg19/wib/gc5Base.wib	0	100	1024	58380	3774800
956	chr22	48702870	48707990	chr22.300096	5	1024	307230232	/gbdb/hg19/wib/gc5Base.wib	0	100	1024	52380	3238800
956	chr22	48707990	48713110	chr22.300097	5	1024	307231256	/gbdb/hg19/wib/gc5Base.wib	0	100	1024	51960	3160000
956	chr22	48713110	48718230	chr22.300098	5	1024	307232280	/gbdb/hg19/wib/gc5Base.wib	0	100	1024	56520	3584800
956	chr22	48718230	48723350	chr22.300099	5	1024	307233304	/gbdb/hg19/wib/gc5Base.wib	0	100	1024	44900	2514800
956	chr22	48723350	48728470	chr22.300100	5	1024	307234328	/gbdb/hg19/wib/gc5Base.wib	0	100	1024	51940	3093200
956	chr22	48728470	48733590	chr22.300101	5	1024	307235352	/gbdb/hg19/wib/gc5Base.wib	0	100	1024	60720	4013600
956	chr22	48733590	48738710	chr22.300102	5	1024	307236376	/gbdb/hg19/wib/gc5Base.wib	0	100	1024	59220	3805200
956	chr22	48738710	48743830	chr22.300103	5	1024	307237400	/gbdb/hg19/wib/gc5Base.wib	0	100	1024	52880	3241600
956	chr22	48743830	48748950	chr22.300104	5	1024	307238424	/gbdb/hg19/wib/gc5Base.wib	0	100	1024	51160	2989600
956	chr22	48748950	48754070	chr22.300105	5	1024	307239448	/gbdb/hg19/wib/gc5Base.wib	0	100	1024	50660	3011600
119	chr22	48754070	48759190	chr22.300106	5	1024	307240472	/gbdb/hg19/wib/gc5Base.wib	0	100	1024	52620	3134800
957	chr22	48759190	48764310	chr22.300107	5	1024	307241496	/gbdb/hg19/wib/gc5Base.wib	0	100	1024	50600	3048000
957	chr22	48764310	48769430	chr22.300108	5	1024	307242520	/gbdb/hg19/wib/gc5Base.wib	0	100	1024	51580	3105200
957	chr22	48769430	48774550	chr22.300109	5	1024	307243544	/gbdb/hg19/wib/gc5Base.wib	0	100	1024	45520	2584000
957	chr22	48774550	48779670	chr22.300110	5	1024	307244568	/gbdb/hg19/wib/gc5Base.wib	0	100	1024	52940	3222800
957	chr22	48779670	48784790	chr22.300111	5	1024	307245592	/gbdb/hg19/wib/gc5Base.wib	0	100	1024	37480	1860800
957	chr22	48784790	48789910	chr22.300112	5	1024	307246616	/gbdb/hg19/wib/gc5Base.wib	0	100	1024	51120	3080000
957	chr22	48789910	48795030	chr22.300113	5	1024	307247640	/gbdb/hg19/wib/gc5Base.wib	0	100	1024	56600	3574400
957	chr22	48795030	48800150	chr22.300114	5	1024	307248664	/gbdb/hg19/wib/gc5Base.wib	0	100	1024	49920	2953600
957	chr22	48800150	48805270	chr22.300115	5	1024	307249688	/gbdb/hg19/wib/gc5Base.wib	0	100	1024	43340	2346000
957	chr22	48805270	48810390	chr22.300116	5	1024	307250712	/gbdb/hg19/wib/gc5Base.wib	0	100	1024	42140	2285200
957	chr22	48810390	48815510	chr22.300117	5	1024	307251736	/gbdb/hg19/wib/gc5Base.wib	0	100	1024	50220	2999600
957	chr22	48815510	48820630	chr22.300118	5	1024	307252760	/gbdb/hg19/wib/gc5Base.wib	0	100	1024	48240	2789600
957	chr22	48820630	48825750	chr22.300119	5	1024	307253784	/gbdb/hg19/wib/gc5Base.wib	0	100	1024	58560	3768800
957	chr22	48825750	48830870	chr22.300120	5	1024	307254808	/gbdb/hg19/wib/gc5Base.wib	0	100	1024	57500	3721200
957	chr22	48830870	48835990	chr22.300121	5	1024	307255832	/gbdb/hg19/wib/gc5Base.wib	0	100	1024	52300	3185200
957	chr22	48835990	48841110	chr22.300122	5	1024	307256856	/gbdb/hg19/wib/gc5Base.wib	0	100	1024	57340	3660400
957	chr22	48841110	48846230	chr22.300123	5	1024	307257880	/gbdb/hg19/wib/gc5Base.wib	0	100	1024	55460	3419600
957	chr22	48846230	48851350	chr22.300124	5	1024	307258904	/gbdb/hg19/wib/gc5Base.wib	0	100	1024	52040	3178400
957	chr22	48851350	48856470	chr22.300125	5	1024	307259928	/gbdb/hg19/wib/gc5Base.wib	0	100	1024	51300	3080400
957	chr22	48856470	48861590	chr22.300126	5	1024	307260952	/gbdb/hg19/wib/gc5Base.wib	0	100	1024	49640	2950400
957	chr22	48861590	48866710	chr22.300127	5	1024	307261976	/gbdb/hg19/wib/gc5Base.wib	0	100	1024	42280	2340800
957	chr22	48866710	48871830	chr22.300128	5	1024	307263000	/gbdb/hg19/wib/gc5Base.wib	0	100	1024	44900	2566000
957	chr22	48871830	48876950	chr22.300129	5	1024	307264024	/gbdb/hg19/wib/gc5Base.wib	0	100	1024	51820	3177200
957	chr22	48876950	48882070	chr22.300130	5	1024	307265048	/gbdb/hg19/wib/gc5Base.wib	0	100	1024	48480	2856800
957	chr22	48882070	48887190	chr22.300131	5	1024	307266072	/gbdb/hg19/wib/gc5Base.wib	0	100	1024	63200	4456800
119	chr22	48887190	48892310	chr22.300132	5	1024	307267096	/gbdb/hg19/wib/gc5Base.wib	0	100	1024	54000	3353600
958	chr22	48892310	48897430	chr22.300133	5	1024	307268120	/gbdb/hg19/wib/gc5Base.wib	0	100	1024	62640	4295200
958	chr22	48897430	48902550	chr22.300134	5	1024	307269144	/gbdb/hg19/wib/gc5Base.wib	0	100	1024	57020	3638000
958	chr22	48902550	48907670	chr22.300135	5	1024	307270168	/gbdb/hg19/wib/gc5Base.wib	0	100	1024	55160	3479200
958	chr22	48907670	48912790	chr22.300136	5	1024	307271192	/gbdb/hg19/wib/gc5Base.wib	0	100	1024	57640	3716000
958	chr22	48912790	48917910	chr22.300137	5	1024	307272216	/gbdb/hg19/wib/gc5Base.wib	0	100	1024	59080	3887200
958	chr22	48917910	48923030	chr22.300138	5	1024	307273240	/gbdb/hg19/wib/gc5Base.wib	0	100	1024	61900	4174800
958	chr22	48923030	48928150	chr22.300139	5	1024	307274264	/gbdb/hg19/wib/gc5Base.wib	0	100	1024	62500	4167600
958	chr22	48928150	48933270	chr22.300140	5	1024	307275288	/gbdb/hg19/wib/gc5Base.wib	0	100	1024	59440	3886400
958	chr22	48933270	48938390	chr22.300141	5	1024	307276312	/gbdb/hg19/wib/gc5Base.wib	0	100	1024	57740	3737200
958	chr22	48938390	48943510	chr22.300142	5	1024	307277336	/gbdb/hg19/wib/gc5Base.wib	0	100	1024	58300	3748400
958	chr22	48943510	48948630	chr22.300143	5	1024	307278360	/gbdb/hg19/wib/gc5Base.wib	0	100	1024	58900	3798000
958	chr22	48948630	48953750	chr22.300144	5	1024	307279384	/gbdb/hg19/wib/gc5Base.wib	0	100	1024	59120	3920000
958	chr22	48953750	48958870	chr22.300145	5	1024	307280408	/gbdb/hg19/wib/gc5Base.wib	0	100	1024	60280	4051200
958	chr22	48958870	48963990	chr22.300146	5	1024	307281432	/gbdb/hg19/wib/gc5Base.wib	0	100	1024	58100	3734800
958	chr22	48963990	48969110	chr22.300147	5	1024	307282456	/gbdb/hg19/wib/gc5Base.wib	0	100	1024	49840	2960800
958	chr22	48969110	48974230	chr22.300148	5	1024	307283480	/gbdb/hg19/wib/gc5Base.wib	0	100	1024	67820	5054800
958	chr22	48974230	48979350	chr22.300149	5	1024	307284504	/gbdb/hg19/wib/gc5Base.wib	0	100	1024	53800	3321600
958	chr22	48979350	48984470	chr22.300150	5	1024	307285528	/gbdb/hg19/wib/gc5Base.wib	0	100	1024	54920	3368000
958	chr22	48984470	48989590	chr22.300151	5	1024	307286552	/gbdb/hg19/wib/gc5Base.wib	0	100	1024	59740	3932400
958	chr22	48989590	48994710	chr22.300152	5	1024	307287576	/gbdb/hg19/wib/gc5Base.wib	0	100	1024	56340	3578800
958	chr22	48994710	48999830	chr22.300153	5	1024	307288600	/gbdb/hg19/wib/gc5Base.wib	0	100	1024	59020	3842000
958	chr22	48999830	49004950	chr22.300154	5	1024	307289624	/gbdb/hg19/wib/gc5Base.wib	0	100	1024	55100	3425200
958	chr22	49004950	49010070	chr22.300155	5	1024	307290648	/gbdb/hg19/wib/gc5Base.wib	0	100	1024	60580	4031600
958	chr22	49010070	49015190	chr22.300156	5	1024	307291672	/gbdb/hg19/wib/gc5Base.wib	0	100	1024	58740	3812400
958	chr22	49015190	49020310	chr22.300157	5	1024	307292696	/gbdb/hg19/wib/gc5Base.wib	0	100	1024	58420	3788400
119	chr22	49020310	49025430	chr22.300158	5	1024	307293720	/gbdb/hg19/wib/gc5Base.wib	0	100	1024	55820	3548400
959	chr22	49025430	49030550	chr22.300159	5	1024	307294744	/gbdb/hg19/wib/gc5Base.wib	0	100	1024	59620	3956400
959	chr22	49030550	49035670	chr22.300160	5	1024	307295768	/gbdb/hg19/wib/gc5Base.wib	0	100	1024	61880	4171200
959	chr22	49035670	49040790	chr22.300161	5	1024	307296792	/gbdb/hg19/wib/gc5Base.wib	0	100	1024	63140	4299600
959	chr22	49040790	49045910	chr22.300162	5	1024	307297816	/gbdb/hg19/wib/gc5Base.wib	0	100	1024	61420	4111600
959	chr22	49045910	49051030	chr22.300163	5	1024	307298840	/gbdb/hg19/wib/gc5Base.wib	0	100	1024	61200	4052800
959	chr22	49051030	49056150	chr22.300164	5	1024	307299864	/gbdb/hg19/wib/gc5Base.wib	0	100	1024	52560	3264800
959	chr22	49056150	49061270	chr22.300165	5	1024	307300888	/gbdb/hg19/wib/gc5Base.wib	0	100	1024	54500	3402800
959	chr22	49061270	49066390	chr22.300166	5	1024	307301912	/gbdb/hg19/wib/gc5Base.wib	0	100	1024	58360	3835200
959	chr22	49066390	49071510	chr22.300167	5	1024	307302936	/gbdb/hg19/wib/gc5Base.wib	0	100	1024	53320	3247200
959	chr22	49071510	49076630	chr22.300168	5	1024	307303960	/gbdb/hg19/wib/gc5Base.wib	0	100	1024	63840	4376000
959	chr22	49076630	49081750	chr22.300169	5	1024	307304984	/gbdb/hg19/wib/gc5Base.wib	0	100	1024	52760	3194400
959	chr22	49081750	49086870	chr22.300170	5	1024	307306008	/gbdb/hg19/wib/gc5Base.wib	0	100	1024	55260	3469200
959	chr22	49086870	49091990	chr22.300171	5	1024	307307032	/gbdb/hg19/wib/gc5Base.wib	0	100	1024	59980	3958000
959	chr22	49091990	49097110	chr22.300172	5	1024	307308056	/gbdb/hg19/wib/gc5Base.wib	0	100	1024	54600	3336000
959	chr22	49097110	49102230	chr22.300173	5	1024	307309080	/gbdb/hg19/wib/gc5Base.wib	0	100	1024	59940	3915600
959	chr22	49102230	49107350	chr22.300174	5	1024	307310104	/gbdb/hg19/wib/gc5Base.wib	0	100	1024	60040	3927200
959	chr22	49107350	49112470	chr22.300175	5	1024	307311128	/gbdb/hg19/wib/gc5Base.wib	0	100	1024	55940	3520400
959	chr22	49112470	49117590	chr22.300176	5	1024	307312152	/gbdb/hg19/wib/gc5Base.wib	0	100	1024	57540	3699600
959	chr22	49117590	49122710	chr22.300177	5	1024	307313176	/gbdb/hg19/wib/gc5Base.wib	0	100	1024	50120	2942400
959	chr22	49122710	49127830	chr22.300178	5	1024	307314200	/gbdb/hg19/wib/gc5Base.wib	0	100	1024	37960	1964800
959	chr22	49127830	49132950	chr22.300179	5	1024	307315224	/gbdb/hg19/wib/gc5Base.wib	0	100	1024	50760	2989600
959	chr22	49132950	49138070	chr22.300180	5	1024	307316248	/gbdb/hg19/wib/gc5Base.wib	0	100	1024	59320	3864800
959	chr22	49138070	49143190	chr22.300181	5	1024	307317272	/gbdb/hg19/wib/gc5Base.wib	0	100	1024	62040	4180000
959	chr22	49143190	49148310	chr22.300182	5	1024	307318296	/gbdb/hg19/wib/gc5Base.wib	0	100	1024	59880	4040000
119	chr22	49148310	49153430	chr22.300183	5	1024	307319320	/gbdb/hg19/wib/gc5Base.wib	0	100	1024	63040	4228800
960	chr22	49153430	49158550	chr22.300184	5	1024	307320344	/gbdb/hg19/wib/gc5Base.wib	0	100	1024	51700	3076400
960	chr22	49158550	49163670	chr22.300185	5	1024	307321368	/gbdb/hg19/wib/gc5Base.wib	0	100	1024	33240	1608800
960	chr22	49163670	49168790	chr22.300186	5	1024	307322392	/gbdb/hg19/wib/gc5Base.wib	0	100	1024	37120	1862400
960	chr22	49168790	49173910	chr22.300187	5	1024	307323416	/gbdb/hg19/wib/gc5Base.wib	0	100	1024	42020	2271600
960	chr22	49173910	49179030	chr22.300188	5	1024	307324440	/gbdb/hg19/wib/gc5Base.wib	0	100	1024	55740	3513200
960	chr22	49179030	49184150	chr22.300189	5	1024	307325464	/gbdb/hg19/wib/gc5Base.wib	0	100	1024	49200	3087200
960	chr22	49184150	49189270	chr22.300190	5	1024	307326488	/gbdb/hg19/wib/gc5Base.wib	0	100	1024	43900	2420400
960	chr22	49189270	49194390	chr22.300191	5	1024	307327512	/gbdb/hg19/wib/gc5Base.wib	0	100	1024	49660	2950000
960	chr22	49194390	49199510	chr22.300192	5	1024	307328536	/gbdb/hg19/wib/gc5Base.wib	0	100	1024	58880	3793600
960	chr22	49199510	49204630	chr22.300193	5	1024	307329560	/gbdb/hg19/wib/gc5Base.wib	0	100	1024	60420	4003600
960	chr22	49204630	49209750	chr22.300194	5	1024	307330584	/gbdb/hg19/wib/gc5Base.wib	0	100	1024	39280	2023200
960	chr22	49209750	49214870	chr22.300195	5	1024	307331608	/gbdb/hg19/wib/gc5Base.wib	0	100	1024	43060	2286000
960	chr22	49214870	49219990	chr22.300196	5	1024	307332632	/gbdb/hg19/wib/gc5Base.wib	0	100	1024	57480	3688000
960	chr22	49219990	49225110	chr22.300197	5	1024	307333656	/gbdb/hg19/wib/gc5Base.wib	0	100	1024	56920	3622400
960	chr22	49225110	49230230	chr22.300198	5	1024	307334680	/gbdb/hg19/wib/gc5Base.wib	0	100	1024	43940	2411600
960	chr22	49230230	49235350	chr22.300199	5	1024	307335704	/gbdb/hg19/wib/gc5Base.wib	0	100	1024	54580	3390000
960	chr22	49235350	49240470	chr22.300200	5	1024	307336728	/gbdb/hg19/wib/gc5Base.wib	0	100	1024	58860	3834800
960	chr22	49240470	49245590	chr22.300201	5	1024	307337752	/gbdb/hg19/wib/gc5Base.wib	0	100	1024	52180	3192400
960	chr22	49245590	49250710	chr22.300202	5	1024	307338776	/gbdb/hg19/wib/gc5Base.wib	0	100	1024	58220	3698800
960	chr22	49250710	49255830	chr22.300203	5	1024	307339800	/gbdb/hg19/wib/gc5Base.wib	0	100	1024	54440	3329600
960	chr22	49255830	49260950	chr22.300204	5	1024	307340824	/gbdb/hg19/wib/gc5Base.wib	0	100	1024	48840	2812800
960	chr22	49260950	49266070	chr22.300205	5	1024	307341848	/gbdb/hg19/wib/gc5Base.wib	0	100	1024	51280	3088000
960	chr22	49266070	49271190	chr22.300206	5	1024	307342872	/gbdb/hg19/wib/gc5Base.wib	0	100	1024	49980	2994000
960	chr22	49271190	49276310	chr22.300207	5	1024	307343896	/gbdb/hg19/wib/gc5Base.wib	0	100	1024	38620	1960400
960	chr22	49276310	49281430	chr22.300208	5	1024	307344920	/gbdb/hg19/wib/gc5Base.wib	0	100	1024	56580	3590000
14	chr22	49281430	49286550	chr22.300209	5	1024	307345944	/gbdb/hg19/wib/gc5Base.wib	0	100	1024	55440	3451200
961	chr22	49286550	49291670	chr22.300210	5	1024	307346968	/gbdb/hg19/wib/gc5Base.wib	0	100	1024	58300	3721200
961	chr22	49291670	49296790	chr22.300211	5	1024	307347992	/gbdb/hg19/wib/gc5Base.wib	0	100	1024	59660	3933200
961	chr22	49296790	49301910	chr22.300212	5	1024	307349016	/gbdb/hg19/wib/gc5Base.wib	0	100	1024	57920	3723200
961	chr22	49301910	49307030	chr22.300213	5	1024	307350040	/gbdb/hg19/wib/gc5Base.wib	0	100	1024	44840	2523200
961	chr22	49307030	49312150	chr22.300214	5	1024	307351064	/gbdb/hg19/wib/gc5Base.wib	0	100	1024	38820	2016400
961	chr22	49312150	49317270	chr22.300215	5	1024	307352088	/gbdb/hg19/wib/gc5Base.wib	0	100	1024	53180	3253200
961	chr22	49317270	49322390	chr22.300216	5	1024	307353112	/gbdb/hg19/wib/gc5Base.wib	0	100	1024	48540	2826000
961	chr22	49322390	49327510	chr22.300217	5	1024	307354136	/gbdb/hg19/wib/gc5Base.wib	0	100	1024	44720	2475200
961	chr22	49327510	49332630	chr22.300218	5	1024	307355160	/gbdb/hg19/wib/gc5Base.wib	0	100	1024	39780	2042000
961	chr22	49332630	49337750	chr22.300219	5	1024	307356184	/gbdb/hg19/wib/gc5Base.wib	0	100	1024	54860	3488400
961	chr22	49337750	49342870	chr22.300220	5	1024	307357208	/gbdb/hg19/wib/gc5Base.wib	0	100	1024	59940	3908400
961	chr22	49342870	49347990	chr22.300221	5	1024	307358232	/gbdb/hg19/wib/gc5Base.wib	0	100	1024	54500	3377200
961	chr22	49347990	49353110	chr22.300222	5	1024	307359256	/gbdb/hg19/wib/gc5Base.wib	0	100	1024	55980	3530800
961	chr22	49353110	49358230	chr22.300223	5	1024	307360280	/gbdb/hg19/wib/gc5Base.wib	0	100	1024	53860	3326800
961	chr22	49358230	49363350	chr22.300224	5	1024	307361304	/gbdb/hg19/wib/gc5Base.wib	0	100	1024	34080	1569600
961	chr22	49363350	49368470	chr22.300225	5	1024	307362328	/gbdb/hg19/wib/gc5Base.wib	0	100	1024	42540	2280400
961	chr22	49368470	49373590	chr22.300226	5	1024	307363352	/gbdb/hg19/wib/gc5Base.wib	0	100	1024	55620	3521200
961	chr22	49373590	49378710	chr22.300227	5	1024	307364376	/gbdb/hg19/wib/gc5Base.wib	0	100	1024	48480	2825600
961	chr22	49378710	49383830	chr22.300228	5	1024	307365400	/gbdb/hg19/wib/gc5Base.wib	0	100	1024	41760	2184000
961	chr22	49383830	49388950	chr22.300229	5	1024	307366424	/gbdb/hg19/wib/gc5Base.wib	0	100	1024	43360	2326400
961	chr22	49388950	49394070	chr22.300230	5	1024	307367448	/gbdb/hg19/wib/gc5Base.wib	0	100	1024	40140	2094800
961	chr22	49394070	49399190	chr22.300231	5	1024	307368472	/gbdb/hg19/wib/gc5Base.wib	0	100	1024	38600	1892800
961	chr22	49399190	49404310	chr22.300232	5	1024	307369496	/gbdb/hg19/wib/gc5Base.wib	0	100	1024	51900	3144400
961	chr22	49404310	49409430	chr22.300233	5	1024	307370520	/gbdb/hg19/wib/gc5Base.wib	0	100	1024	56440	3577600
120	chr22	49409430	49414550	chr22.300234	5	1024	307371544	/gbdb/hg19/wib/gc5Base.wib	0	100	1024	56180	3611600
962	chr22	49414550	49419670	chr22.300235	5	1024	307372568	/gbdb/hg19/wib/gc5Base.wib	0	100	1024	55700	3533200
962	chr22	49419670	49424790	chr22.300236	5	1024	307373592	/gbdb/hg19/wib/gc5Base.wib	0	100	1024	59780	3925200
962	chr22	49424790	49429910	chr22.300237	5	1024	307374616	/gbdb/hg19/wib/gc5Base.wib	0	100	1024	50140	3037200
962	chr22	49429910	49435030	chr22.300238	5	1024	307375640	/gbdb/hg19/wib/gc5Base.wib	0	100	1024	56680	3650400
962	chr22	49435030	49440150	chr22.300239	5	1024	307376664	/gbdb/hg19/wib/gc5Base.wib	0	100	1024	54820	3407600
962	chr22	49440150	49445270	chr22.300240	5	1024	307377688	/gbdb/hg19/wib/gc5Base.wib	0	100	1024	53980	3337200
962	chr22	49445270	49450390	chr22.300241	5	1024	307378712	/gbdb/hg19/wib/gc5Base.wib	0	100	1024	48980	2935600
962	chr22	49450390	49455510	chr22.300242	5	1024	307379736	/gbdb/hg19/wib/gc5Base.wib	0	100	1024	49360	2862400
962	chr22	49455510	49460630	chr22.300243	5	1024	307380760	/gbdb/hg19/wib/gc5Base.wib	0	100	1024	50840	3077600
962	chr22	49460630	49465750	chr22.300244	5	1024	307381784	/gbdb/hg19/wib/gc5Base.wib	0	100	1024	43820	2447600
962	chr22	49465750	49470870	chr22.300245	5	1024	307382808	/gbdb/hg19/wib/gc5Base.wib	0	100	1024	48840	2777600
962	chr22	49470870	49475990	chr22.300246	5	1024	307383832	/gbdb/hg19/wib/gc5Base.wib	0	100	1024	58100	3752400
962	chr22	49475990	49481110	chr22.300247	5	1024	307384856	/gbdb/hg19/wib/gc5Base.wib	0	100	1024	54040	3337600
962	chr22	49481110	49486230	chr22.300248	5	1024	307385880	/gbdb/hg19/wib/gc5Base.wib	0	100	1024	59060	3839600
962	chr22	49486230	49491350	chr22.300249	5	1024	307386904	/gbdb/hg19/wib/gc5Base.wib	0	100	1024	58380	3834800
962	chr22	49491350	49496470	chr22.300250	5	1024	307387928	/gbdb/hg19/wib/gc5Base.wib	0	100	1024	52900	3197200
962	chr22	49496470	49501590	chr22.300251	5	1024	307388952	/gbdb/hg19/wib/gc5Base.wib	0	100	1024	49140	2920400
962	chr22	49501590	49506710	chr22.300252	5	1024	307389976	/gbdb/hg19/wib/gc5Base.wib	0	100	1024	54980	3409200
962	chr22	49506710	49511830	chr22.300253	5	1024	307391000	/gbdb/hg19/wib/gc5Base.wib	0	100	1024	53260	3269200
962	chr22	49511830	49516950	chr22.300254	5	1024	307392024	/gbdb/hg19/wib/gc5Base.wib	0	100	1024	54600	3433600
962	chr22	49516950	49522070	chr22.300255	5	1024	307393048	/gbdb/hg19/wib/gc5Base.wib	0	100	1024	43300	2330000
962	chr22	49522070	49527190	chr22.300256	5	1024	307394072	/gbdb/hg19/wib/gc5Base.wib	0	100	1024	40380	2134800
962	chr22	49527190	49532310	chr22.300257	5	1024	307395096	/gbdb/hg19/wib/gc5Base.wib	0	100	1024	45340	2533200
962	chr22	49532310	49537430	chr22.300258	5	1024	307396120	/gbdb/hg19/wib/gc5Base.wib	0	100	1024	54220	3346800
962	chr22	49537430	49542550	chr22.300259	5	1024	307397144	/gbdb/hg19/wib/gc5Base.wib	0	100	1024	44240	2453600
120	chr22	49542550	49547670	chr22.300260	5	1024	307398168	/gbdb/hg19/wib/gc5Base.wib	0	100	1024	61520	4072800
963	chr22	49547670	49552790	chr22.300261	5	1024	307399192	/gbdb/hg19/wib/gc5Base.wib	0	100	1024	60320	4024800
963	chr22	49552790	49557910	chr22.300262	5	1024	307400216	/gbdb/hg19/wib/gc5Base.wib	0	100	1024	57900	3776400
963	chr22	49557910	49563030	chr22.300263	5	1024	307401240	/gbdb/hg19/wib/gc5Base.wib	0	100	1024	55580	3540400
963	chr22	49563030	49568150	chr22.300264	5	1024	307402264	/gbdb/hg19/wib/gc5Base.wib	0	100	1024	53900	3274000
963	chr22	49568150	49573270	chr22.300265	5	1024	307403288	/gbdb/hg19/wib/gc5Base.wib	0	100	1024	44280	2408800
963	chr22	49573270	49578390	chr22.300266	5	1024	307404312	/gbdb/hg19/wib/gc5Base.wib	0	100	1024	57200	3683200
963	chr22	49578390	49583510	chr22.300267	5	1024	307405336	/gbdb/hg19/wib/gc5Base.wib	0	100	1024	56100	3495600
963	chr22	49583510	49588630	chr22.300268	5	1024	307406360	/gbdb/hg19/wib/gc5Base.wib	0	100	1024	55760	3460800
963	chr22	49588630	49593750	chr22.300269	5	1024	307407384	/gbdb/hg19/wib/gc5Base.wib	0	100	1024	58640	3826400
963	chr22	49593750	49598870	chr22.300270	5	1024	307408408	/gbdb/hg19/wib/gc5Base.wib	0	100	1024	48620	2875600
963	chr22	49598870	49603990	chr22.300271	5	1024	307409432	/gbdb/hg19/wib/gc5Base.wib	0	100	1024	56580	3581200
963	chr22	49603990	49609110	chr22.300272	5	1024	307410456	/gbdb/hg19/wib/gc5Base.wib	0	100	1024	54080	3352800
963	chr22	49609110	49614230	chr22.300273	5	1024	307411480	/gbdb/hg19/wib/gc5Base.wib	0	100	1024	48380	2810000
963	chr22	49614230	49619350	chr22.300274	5	1024	307412504	/gbdb/hg19/wib/gc5Base.wib	0	100	1024	38020	1874000
963	chr22	49619350	49624470	chr22.300275	5	1024	307413528	/gbdb/hg19/wib/gc5Base.wib	0	100	1024	38340	1906800
963	chr22	49624470	49629590	chr22.300276	5	1024	307414552	/gbdb/hg19/wib/gc5Base.wib	0	100	1024	54100	3322000
963	chr22	49629590	49634710	chr22.300277	5	1024	307415576	/gbdb/hg19/wib/gc5Base.wib	0	100	1024	55740	3495600
963	chr22	49634710	49639830	chr22.300278	5	1024	307416600	/gbdb/hg19/wib/gc5Base.wib	0	100	1024	55140	3430800
963	chr22	49639830	49644950	chr22.300279	5	1024	307417624	/gbdb/hg19/wib/gc5Base.wib	0	100	1024	45900	2602800
963	chr22	49644950	49650070	chr22.300280	5	1024	307418648	/gbdb/hg19/wib/gc5Base.wib	0	100	1024	41940	2213200
963	chr22	49650070	49655190	chr22.300281	5	1024	307419672	/gbdb/hg19/wib/gc5Base.wib	0	100	1024	49780	3026800
963	chr22	49655190	49660310	chr22.300282	5	1024	307420696	/gbdb/hg19/wib/gc5Base.wib	0	100	1024	53860	3315600
963	chr22	49660310	49665430	chr22.300283	5	1024	307421720	/gbdb/hg19/wib/gc5Base.wib	0	100	1024	56180	3661200
963	chr22	49665430	49670550	chr22.300284	5	1024	307422744	/gbdb/hg19/wib/gc5Base.wib	0	100	1024	50780	3049200
963	chr22	49670550	49675670	chr22.300285	5	1024	307423768	/gbdb/hg19/wib/gc5Base.wib	0	100	1024	51540	3103600
120	chr22	49675670	49680790	chr22.300286	5	1024	307424792	/gbdb/hg19/wib/gc5Base.wib	0	100	1024	49300	2866000
964	chr22	49680790	49685910	chr22.300287	5	1024	307425816	/gbdb/hg19/wib/gc5Base.wib	0	100	1024	51640	3108000
964	chr22	49685910	49691030	chr22.300288	5	1024	307426840	/gbdb/hg19/wib/gc5Base.wib	0	100	1024	50760	2987200
964	chr22	49691030	49696150	chr22.300289	5	1024	307427864	/gbdb/hg19/wib/gc5Base.wib	0	100	1024	60420	4013200
964	chr22	49696150	49701270	chr22.300290	5	1024	307428888	/gbdb/hg19/wib/gc5Base.wib	0	100	1024	62360	4193600
964	chr22	49701270	49706390	chr22.300291	5	1024	307429912	/gbdb/hg19/wib/gc5Base.wib	0	100	1024	55460	3545200
964	chr22	49706390	49711510	chr22.300292	5	1024	307430936	/gbdb/hg19/wib/gc5Base.wib	0	100	1024	35780	1750800
964	chr22	49711510	49716630	chr22.300293	5	1024	307431960	/gbdb/hg19/wib/gc5Base.wib	0	100	1024	34240	1565600
964	chr22	49716630	49721750	chr22.300294	5	1024	307432984	/gbdb/hg19/wib/gc5Base.wib	0	100	1024	57980	3714000
964	chr22	49721750	49726870	chr22.300295	5	1024	307434008	/gbdb/hg19/wib/gc5Base.wib	0	100	1024	53460	3228400
964	chr22	49726870	49731990	chr22.300296	5	1024	307435032	/gbdb/hg19/wib/gc5Base.wib	0	100	1024	53620	3320400
964	chr22	49731990	49737110	chr22.300297	5	1024	307436056	/gbdb/hg19/wib/gc5Base.wib	0	100	1024	43680	2399200
964	chr22	49737110	49742230	chr22.300298	5	1024	307437080	/gbdb/hg19/wib/gc5Base.wib	0	100	1024	46080	2610400
964	chr22	49742230	49747350	chr22.300299	5	1024	307438104	/gbdb/hg19/wib/gc5Base.wib	0	100	1024	58080	3744000
964	chr22	49747350	49752470	chr22.300300	5	1024	307439128	/gbdb/hg19/wib/gc5Base.wib	0	100	1024	50940	3066800
964	chr22	49752470	49757590	chr22.300301	5	1024	307440152	/gbdb/hg19/wib/gc5Base.wib	0	100	1024	41940	2267600
964	chr22	49757590	49762710	chr22.300302	5	1024	307441176	/gbdb/hg19/wib/gc5Base.wib	0	100	1024	52480	3243200
964	chr22	49762710	49767830	chr22.300303	5	1024	307442200	/gbdb/hg19/wib/gc5Base.wib	0	100	1024	57980	3763600
964	chr22	49767830	49772950	chr22.300304	5	1024	307443224	/gbdb/hg19/wib/gc5Base.wib	0	100	1024	48100	2919600
964	chr22	49772950	49778070	chr22.300305	5	1024	307444248	/gbdb/hg19/wib/gc5Base.wib	0	100	1024	50700	2988400
964	chr22	49778070	49783190	chr22.300306	5	1024	307445272	/gbdb/hg19/wib/gc5Base.wib	0	100	1024	42600	2244800
964	chr22	49783190	49788310	chr22.300307	5	1024	307446296	/gbdb/hg19/wib/gc5Base.wib	0	100	1024	48240	2852000
964	chr22	49788310	49793430	chr22.300308	5	1024	307447320	/gbdb/hg19/wib/gc5Base.wib	0	100	1024	50360	2989600
964	chr22	49793430	49798550	chr22.300309	5	1024	307448344	/gbdb/hg19/wib/gc5Base.wib	0	100	1024	52360	3172800
964	chr22	49798550	49803670	chr22.300310	5	1024	307449368	/gbdb/hg19/wib/gc5Base.wib	0	100	1024	50220	3014000
120	chr22	49803670	49808790	chr22.300311	5	1024	307450392	/gbdb/hg19/wib/gc5Base.wib	0	100	1024	45420	2646000
965	chr22	49808790	49813910	chr22.300312	5	1024	307451416	/gbdb/hg19/wib/gc5Base.wib	0	100	1024	52440	3205600
965	chr22	49813910	49819030	chr22.300313	5	1024	307452440	/gbdb/hg19/wib/gc5Base.wib	0	100	1024	45320	2571200
965	chr22	49819030	49824150	chr22.300314	5	1024	307453464	/gbdb/hg19/wib/gc5Base.wib	0	100	1024	49340	2909200
965	chr22	49824150	49829270	chr22.300315	5	1024	307454488	/gbdb/hg19/wib/gc5Base.wib	0	100	1024	50900	3112400
965	chr22	49829270	49834390	chr22.300316	5	1024	307455512	/gbdb/hg19/wib/gc5Base.wib	0	100	1024	49700	2963600
965	chr22	49834390	49839510	chr22.300317	5	1024	307456536	/gbdb/hg19/wib/gc5Base.wib	0	100	1024	43460	2394800
965	chr22	49839510	49844630	chr22.300318	5	1024	307457560	/gbdb/hg19/wib/gc5Base.wib	0	100	1024	54560	3449600
965	chr22	49844630	49849750	chr22.300319	5	1024	307458584	/gbdb/hg19/wib/gc5Base.wib	0	100	1024	52500	3111600
965	chr22	49849750	49854870	chr22.300320	5	1024	307459608	/gbdb/hg19/wib/gc5Base.wib	0	100	1024	50020	2978800
965	chr22	49854870	49859990	chr22.300321	5	1024	307460632	/gbdb/hg19/wib/gc5Base.wib	0	100	1024	52040	3192800
965	chr22	49859990	49865110	chr22.300322	5	1024	307461656	/gbdb/hg19/wib/gc5Base.wib	0	100	1024	53440	3265600
965	chr22	49865110	49870230	chr22.300323	5	1024	307462680	/gbdb/hg19/wib/gc5Base.wib	0	100	1024	41820	2271600
965	chr22	49870230	49875350	chr22.300324	5	1024	307463704	/gbdb/hg19/wib/gc5Base.wib	0	100	1024	48240	2756000
965	chr22	49875350	49880470	chr22.300325	5	1024	307464728	/gbdb/hg19/wib/gc5Base.wib	0	100	1024	51760	3194400
965	chr22	49880470	49885590	chr22.300326	5	1024	307465752	/gbdb/hg19/wib/gc5Base.wib	0	100	1024	54940	3510000
965	chr22	49885590	49890710	chr22.300327	5	1024	307466776	/gbdb/hg19/wib/gc5Base.wib	0	100	1024	52000	3233600
965	chr22	49890710	49895830	chr22.300328	5	1024	307467800	/gbdb/hg19/wib/gc5Base.wib	0	100	1024	42320	2196000
965	chr22	49895830	49900950	chr22.300329	5	1024	307468824	/gbdb/hg19/wib/gc5Base.wib	0	100	1024	47320	2646400
965	chr22	49900950	49906070	chr22.300330	5	1024	307469848	/gbdb/hg19/wib/gc5Base.wib	0	100	1024	45640	2527200
965	chr22	49906070	49911190	chr22.300331	5	1024	307470872	/gbdb/hg19/wib/gc5Base.wib	0	100	1024	48660	2867600
965	chr22	49911190	49916310	chr22.300332	5	1024	307471896	/gbdb/hg19/wib/gc5Base.wib	0	100	1024	52400	3228000
965	chr22	49916310	49921430	chr22.300333	5	1024	307472920	/gbdb/hg19/wib/gc5Base.wib	0	100	1024	52080	3066400
965	chr22	49921430	49926550	chr22.300334	5	1024	307473944	/gbdb/hg19/wib/gc5Base.wib	0	100	1024	57140	3618800
965	chr22	49926550	49931670	chr22.300335	5	1024	307474968	/gbdb/hg19/wib/gc5Base.wib	0	100	1024	52180	3250800
965	chr22	49931670	49936790	chr22.300336	5	1024	307475992	/gbdb/hg19/wib/gc5Base.wib	0	100	1024	52820	3306800
120	chr22	49936790	49941910	chr22.300337	5	1024	307477016	/gbdb/hg19/wib/gc5Base.wib	0	100	1024	51900	3097200
966	chr22	49941910	49947030	chr22.300338	5	1024	307478040	/gbdb/hg19/wib/gc5Base.wib	0	100	1024	58800	3786400
966	chr22	49947030	49952150	chr22.300339	5	1024	307479064	/gbdb/hg19/wib/gc5Base.wib	0	100	1024	49600	2972800
966	chr22	49952150	49957270	chr22.300340	5	1024	307480088	/gbdb/hg19/wib/gc5Base.wib	0	100	1024	40280	2061600
966	chr22	49957270	49962390	chr22.300341	5	1024	307481112	/gbdb/hg19/wib/gc5Base.wib	0	100	1024	57640	3710400
966	chr22	49962390	49967510	chr22.300342	5	1024	307482136	/gbdb/hg19/wib/gc5Base.wib	0	100	1024	57720	3735200
966	chr22	49967510	49972630	chr22.300343	5	1024	307483160	/gbdb/hg19/wib/gc5Base.wib	0	100	1024	55740	3558800
966	chr22	49972630	49977750	chr22.300344	5	1024	307484184	/gbdb/hg19/wib/gc5Base.wib	0	100	1024	49500	2840400
966	chr22	49977750	49982870	chr22.300345	5	1024	307485208	/gbdb/hg19/wib/gc5Base.wib	0	100	1024	56020	3582800
966	chr22	49982870	49987990	chr22.300346	5	1024	307486232	/gbdb/hg19/wib/gc5Base.wib	0	100	1024	55380	3450000
966	chr22	49987990	49993110	chr22.300347	5	1024	307487256	/gbdb/hg19/wib/gc5Base.wib	0	100	1024	48940	2790800
966	chr22	49993110	49998230	chr22.300348	5	1024	307488280	/gbdb/hg19/wib/gc5Base.wib	0	100	1024	56400	3648800
966	chr22	49998230	50003350	chr22.300349	5	1024	307489304	/gbdb/hg19/wib/gc5Base.wib	0	100	1024	49860	2982000
966	chr22	50003350	50008470	chr22.300350	5	1024	307490328	/gbdb/hg19/wib/gc5Base.wib	0	100	1024	44140	2487600
966	chr22	50008470	50013590	chr22.300351	5	1024	307491352	/gbdb/hg19/wib/gc5Base.wib	0	100	1024	59800	3984800
966	chr22	50013590	50018710	chr22.300352	5	1024	307492376	/gbdb/hg19/wib/gc5Base.wib	0	100	1024	60640	4043200
966	chr22	50018710	50023830	chr22.300353	5	1024	307493400	/gbdb/hg19/wib/gc5Base.wib	0	100	1024	59580	3953200
966	chr22	50023830	50028950	chr22.300354	5	1024	307494424	/gbdb/hg19/wib/gc5Base.wib	0	100	1024	60740	4081200
966	chr22	50028950	50034070	chr22.300355	5	1024	307495448	/gbdb/hg19/wib/gc5Base.wib	0	100	1024	60480	4069600
966	chr22	50034070	50039190	chr22.300356	5	1024	307496472	/gbdb/hg19/wib/gc5Base.wib	0	100	1024	60640	3963200
966	chr22	50039190	50044310	chr22.300357	5	1024	307497496	/gbdb/hg19/wib/gc5Base.wib	0	100	1024	56940	3667600
966	chr22	50044310	50049430	chr22.300358	5	1024	307498520	/gbdb/hg19/wib/gc5Base.wib	0	100	1024	48780	2916400
966	chr22	50049430	50054550	chr22.300359	5	1024	307499544	/gbdb/hg19/wib/gc5Base.wib	0	100	1024	59700	3983600
966	chr22	50054550	50059670	chr22.300360	5	1024	307500568	/gbdb/hg19/wib/gc5Base.wib	0	100	1024	54440	3471200
966	chr22	50059670	50064790	chr22.300361	5	1024	307501592	/gbdb/hg19/wib/gc5Base.wib	0	100	1024	59860	4040400
120	chr22	50064790	50069910	chr22.300362	5	1024	307502616	/gbdb/hg19/wib/gc5Base.wib	0	100	1024	53340	3296400
967	chr22	50069910	50075030	chr22.300363	5	1024	307503640	/gbdb/hg19/wib/gc5Base.wib	0	100	1024	47340	2804400
967	chr22	50075030	50080150	chr22.300364	5	1024	307504664	/gbdb/hg19/wib/gc5Base.wib	0	100	1024	41460	2228400
967	chr22	50080150	50085270	chr22.300365	5	1024	307505688	/gbdb/hg19/wib/gc5Base.wib	0	100	1024	61180	4033200
967	chr22	50085270	50090390	chr22.300366	5	1024	307506712	/gbdb/hg19/wib/gc5Base.wib	0	100	1024	53040	3288000
967	chr22	50090390	50095510	chr22.300367	5	1024	307507736	/gbdb/hg19/wib/gc5Base.wib	0	100	1024	49780	2949200
967	chr22	50095510	50100630	chr22.300368	5	1024	307508760	/gbdb/hg19/wib/gc5Base.wib	0	100	1024	52080	3269600
967	chr22	50100630	50105750	chr22.300369	5	1024	307509784	/gbdb/hg19/wib/gc5Base.wib	0	100	1024	48640	2818400
967	chr22	50105750	50110870	chr22.300370	5	1024	307510808	/gbdb/hg19/wib/gc5Base.wib	0	100	1024	54520	3439200
967	chr22	50110870	50115990	chr22.300371	5	1024	307511832	/gbdb/hg19/wib/gc5Base.wib	0	100	1024	52580	3257200
967	chr22	50115990	50121110	chr22.300372	5	1024	307512856	/gbdb/hg19/wib/gc5Base.wib	0	100	1024	58060	3814800
967	chr22	50121110	50126230	chr22.300373	5	1024	307513880	/gbdb/hg19/wib/gc5Base.wib	0	100	1024	50740	3093200
967	chr22	50126230	50131350	chr22.300374	5	1024	307514904	/gbdb/hg19/wib/gc5Base.wib	0	100	1024	55560	3501600
967	chr22	50131350	50136470	chr22.300375	5	1024	307515928	/gbdb/hg19/wib/gc5Base.wib	0	100	1024	43040	2306400
967	chr22	50136470	50141590	chr22.300376	5	1024	307516952	/gbdb/hg19/wib/gc5Base.wib	0	100	1024	37580	1833200
967	chr22	50141590	50146710	chr22.300377	5	1024	307517976	/gbdb/hg19/wib/gc5Base.wib	0	100	1024	62020	4214000
967	chr22	50146710	50151830	chr22.300378	5	1024	307519000	/gbdb/hg19/wib/gc5Base.wib	0	100	1024	56900	3670000
967	chr22	50151830	50156950	chr22.300379	5	1024	307520024	/gbdb/hg19/wib/gc5Base.wib	0	100	1024	47320	2717600
967	chr22	50156950	50162070	chr22.300380	5	1024	307521048	/gbdb/hg19/wib/gc5Base.wib	0	100	1024	56860	3736400
967	chr22	50162070	50167190	chr22.300381	5	1024	307522072	/gbdb/hg19/wib/gc5Base.wib	0	100	1024	60580	4112400
967	chr22	50167190	50172310	chr22.300382	5	1024	307523096	/gbdb/hg19/wib/gc5Base.wib	0	100	1024	59480	4013600
967	chr22	50172310	50177430	chr22.300383	5	1024	307524120	/gbdb/hg19/wib/gc5Base.wib	0	100	1024	60300	3980400
967	chr22	50177430	50182550	chr22.300384	5	1024	307525144	/gbdb/hg19/wib/gc5Base.wib	0	100	1024	53900	3418800
967	chr22	50182550	50187670	chr22.300385	5	1024	307526168	/gbdb/hg19/wib/gc5Base.wib	0	100	1024	54200	3394400
967	chr22	50187670	50192790	chr22.300386	5	1024	307527192	/gbdb/hg19/wib/gc5Base.wib	0	100	1024	55200	3548000
967	chr22	50192790	50197910	chr22.300387	5	1024	307528216	/gbdb/hg19/wib/gc5Base.wib	0	100	1024	61540	4118800
120	chr22	50197910	50203030	chr22.300388	5	1024	307529240	/gbdb/hg19/wib/gc5Base.wib	0	100	1024	48540	2824400
968	chr22	50203030	50208150	chr22.300389	5	1024	307530264	/gbdb/hg19/wib/gc5Base.wib	0	100	1024	47840	2804800
968	chr22	50208150	50213270	chr22.300390	5	1024	307531288	/gbdb/hg19/wib/gc5Base.wib	0	100	1024	53300	3286000
968	chr22	50213270	50218390	chr22.300391	5	1024	307532312	/gbdb/hg19/wib/gc5Base.wib	0	100	1024	54140	3414800
968	chr22	50218390	50223510	chr22.300392	5	1024	307533336	/gbdb/hg19/wib/gc5Base.wib	0	100	1024	67400	4925600
968	chr22	50223510	50228630	chr22.300393	5	1024	307534360	/gbdb/hg19/wib/gc5Base.wib	0	100	1024	44800	2538400
968	chr22	50228630	50233750	chr22.300394	5	1024	307535384	/gbdb/hg19/wib/gc5Base.wib	0	100	1024	50160	3042400
968	chr22	50233750	50238870	chr22.300395	5	1024	307536408	/gbdb/hg19/wib/gc5Base.wib	0	100	1024	46860	2730000
968	chr22	50238870	50243990	chr22.300396	5	1024	307537432	/gbdb/hg19/wib/gc5Base.wib	0	100	1024	61700	4294000
968	chr22	50243990	50249110	chr22.300397	5	1024	307538456	/gbdb/hg19/wib/gc5Base.wib	0	100	1024	60000	4196800
968	chr22	50249110	50254230	chr22.300398	5	1024	307539480	/gbdb/hg19/wib/gc5Base.wib	0	100	1024	53080	3281600
968	chr22	50254230	50259350	chr22.300399	5	1024	307540504	/gbdb/hg19/wib/gc5Base.wib	0	100	1024	49440	2962400
968	chr22	50259350	50264470	chr22.300400	5	1024	307541528	/gbdb/hg19/wib/gc5Base.wib	0	100	1024	43840	2374400
968	chr22	50264470	50269590	chr22.300401	5	1024	307542552	/gbdb/hg19/wib/gc5Base.wib	0	100	1024	46760	2678400
968	chr22	50269590	50274710	chr22.300402	5	1024	307543576	/gbdb/hg19/wib/gc5Base.wib	0	100	1024	43720	2452800
968	chr22	50274710	50279830	chr22.300403	5	1024	307544600	/gbdb/hg19/wib/gc5Base.wib	0	100	1024	51440	3107200
968	chr22	50279830	50284950	chr22.300404	5	1024	307545624	/gbdb/hg19/wib/gc5Base.wib	0	100	1024	48100	2796400
968	chr22	50284950	50290070	chr22.300405	5	1024	307546648	/gbdb/hg19/wib/gc5Base.wib	0	100	1024	46840	2640800
968	chr22	50290070	50295190	chr22.300406	5	1024	307547672	/gbdb/hg19/wib/gc5Base.wib	0	100	1024	50160	2993600
968	chr22	50295190	50300310	chr22.300407	5	1024	307548696	/gbdb/hg19/wib/gc5Base.wib	0	100	1024	56800	3580000
968	chr22	50300310	50305430	chr22.300408	5	1024	307549720	/gbdb/hg19/wib/gc5Base.wib	0	100	1024	58160	3807200
968	chr22	50305430	50310550	chr22.300409	5	1024	307550744	/gbdb/hg19/wib/gc5Base.wib	0	100	1024	55260	3540400
968	chr22	50310550	50315670	chr22.300410	5	1024	307551768	/gbdb/hg19/wib/gc5Base.wib	0	100	1024	61260	4163600
968	chr22	50315670	50320790	chr22.300411	5	1024	307552792	/gbdb/hg19/wib/gc5Base.wib	0	100	1024	60260	4062000
968	chr22	50320790	50325910	chr22.300412	5	1024	307553816	/gbdb/hg19/wib/gc5Base.wib	0	100	1024	63760	4417600
968	chr22	50325910	50331030	chr22.300413	5	1024	307554840	/gbdb/hg19/wib/gc5Base.wib	0	100	1024	66920	4859200
1	chr22	50331030	50336150	chr22.300414	5	1024	307555864	/gbdb/hg19/wib/gc5Base.wib	0	100	1024	59380	3918000
969	chr22	50336150	50341270	chr22.300415	5	1024	307556888	/gbdb/hg19/wib/gc5Base.wib	0	100	1024	60760	4059200
969	chr22	50341270	50346390	chr22.300416	5	1024	307557912	/gbdb/hg19/wib/gc5Base.wib	0	100	1024	68860	4972400
969	chr22	50346390	50351510	chr22.300417	5	1024	307558936	/gbdb/hg19/wib/gc5Base.wib	0	100	1024	66340	4630000
969	chr22	50351510	50356630	chr22.300418	5	1024	307559960	/gbdb/hg19/wib/gc5Base.wib	0	100	1024	70820	5322800
969	chr22	50356630	50361750	chr22.300419	5	1024	307560984	/gbdb/hg19/wib/gc5Base.wib	0	100	1024	64620	4503600
969	chr22	50361750	50364780	chr22.300420	5	606	307562008	/gbdb/hg19/wib/gc5Base.wib	0	100	606	38040	2588800
969	chr22	50414775	50419895	chr22.300421	5	1024	307562614	/gbdb/hg19/wib/gc5Base.wib	0	100	1024	43706.7	2436450
969	chr22	50419895	50425015	chr22.300422	5	1024	307563638	/gbdb/hg19/wib/gc5Base.wib	0	100	1024	50040	3115200
969	chr22	50425015	50430135	chr22.300423	5	1024	307564662	/gbdb/hg19/wib/gc5Base.wib	0	100	1024	46600	2687200
969	chr22	50430135	50435255	chr22.300424	5	1024	307565686	/gbdb/hg19/wib/gc5Base.wib	0	100	1024	61640	4138400
969	chr22	50435255	50440375	chr22.300425	5	1024	307566710	/gbdb/hg19/wib/gc5Base.wib	0	100	1024	66840	4728800
969	chr22	50440375	50445495	chr22.300426	5	1024	307567734	/gbdb/hg19/wib/gc5Base.wib	0	100	1024	49420	2964400
969	chr22	50445495	50450615	chr22.300427	5	1024	307568758	/gbdb/hg19/wib/gc5Base.wib	0	100	1024	60780	4159600
969	chr22	50450615	50455735	chr22.300428	5	1024	307569782	/gbdb/hg19/wib/gc5Base.wib	20	80	1024	68260	4886800
969	chr22	50455735	50460855	chr22.300429	5	1024	307570806	/gbdb/hg19/wib/gc5Base.wib	0	100	1024	51140	2964400
121	chr22	50460855	50465975	chr22.300430	5	1024	307571830	/gbdb/hg19/wib/gc5Base.wib	0	100	1024	47940	2822000
970	chr22	50465975	50471095	chr22.300431	5	1024	307572854	/gbdb/hg19/wib/gc5Base.wib	0	100	1024	65200	4547200
970	chr22	50471095	50476215	chr22.300432	5	1024	307573878	/gbdb/hg19/wib/gc5Base.wib	0	100	1024	58540	3854000
970	chr22	50476215	50481335	chr22.300433	5	1024	307574902	/gbdb/hg19/wib/gc5Base.wib	0	100	1024	47720	2782400
970	chr22	50481335	50486455	chr22.300434	5	1024	307575926	/gbdb/hg19/wib/gc5Base.wib	0	100	1024	59000	3899200
970	chr22	50486455	50491575	chr22.300435	5	1024	307576950	/gbdb/hg19/wib/gc5Base.wib	0	100	1024	53040	3294400
970	chr22	50491575	50496695	chr22.300436	5	1024	307577974	/gbdb/hg19/wib/gc5Base.wib	0	100	1024	55420	3519600
970	chr22	50496695	50501815	chr22.300437	5	1024	307578998	/gbdb/hg19/wib/gc5Base.wib	0	100	1024	63940	4499600
970	chr22	50501815	50506935	chr22.300438	5	1024	307580022	/gbdb/hg19/wib/gc5Base.wib	0	100	1024	54800	3496000
970	chr22	50506935	50512055	chr22.300439	5	1024	307581046	/gbdb/hg19/wib/gc5Base.wib	0	100	1024	58920	3876000
970	chr22	50512055	50517175	chr22.300440	5	1024	307582070	/gbdb/hg19/wib/gc5Base.wib	0	100	1024	53600	3412000
970	chr22	50517175	50522295	chr22.300441	5	1024	307583094	/gbdb/hg19/wib/gc5Base.wib	0	100	1024	55780	3583600
970	chr22	50522295	50527415	chr22.300442	5	1024	307584118	/gbdb/hg19/wib/gc5Base.wib	0	100	1024	52200	3203200
970	chr22	50527415	50532535	chr22.300443	5	1024	307585142	/gbdb/hg19/wib/gc5Base.wib	0	100	1024	51720	3225600
970	chr22	50532535	50537655	chr22.300444	5	1024	307586166	/gbdb/hg19/wib/gc5Base.wib	0	100	1024	39280	2007200
970	chr22	50537655	50542775	chr22.300445	5	1024	307587190	/gbdb/hg19/wib/gc5Base.wib	0	100	1024	50140	2938800
970	chr22	50542775	50547895	chr22.300446	5	1024	307588214	/gbdb/hg19/wib/gc5Base.wib	0	100	1024	47000	2727200
970	chr22	50547895	50553015	chr22.300447	5	1024	307589238	/gbdb/hg19/wib/gc5Base.wib	0	100	1024	52500	3257200
970	chr22	50553015	50558135	chr22.300448	5	1024	307590262	/gbdb/hg19/wib/gc5Base.wib	0	100	1024	50380	3004400
970	chr22	50558135	50563255	chr22.300449	5	1024	307591286	/gbdb/hg19/wib/gc5Base.wib	0	100	1024	44940	2470000
970	chr22	50563255	50568375	chr22.300450	5	1024	307592310	/gbdb/hg19/wib/gc5Base.wib	0	100	1024	46960	2656800
970	chr22	50568375	50573495	chr22.300451	5	1024	307593334	/gbdb/hg19/wib/gc5Base.wib	0	100	1024	42740	2353200
970	chr22	50573495	50578615	chr22.300452	5	1024	307594358	/gbdb/hg19/wib/gc5Base.wib	0	100	1024	42400	2338400
970	chr22	50578615	50583735	chr22.300453	5	1024	307595382	/gbdb/hg19/wib/gc5Base.wib	0	100	1024	47980	2824400
970	chr22	50583735	50588855	chr22.300454	5	1024	307596406	/gbdb/hg19/wib/gc5Base.wib	0	100	1024	59360	3910400
121	chr22	50588855	50593975	chr22.300455	5	1024	307597430	/gbdb/hg19/wib/gc5Base.wib	0	100	1024	55860	3561200
971	chr22	50593975	50599095	chr22.300456	5	1024	307598454	/gbdb/hg19/wib/gc5Base.wib	0	100	1024	49440	2968800
971	chr22	50599095	50604215	chr22.300457	5	1024	307599478	/gbdb/hg19/wib/gc5Base.wib	0	100	1024	55420	3495600
971	chr22	50604215	50609335	chr22.300458	5	1024	307600502	/gbdb/hg19/wib/gc5Base.wib	0	100	1024	63540	4531600
971	chr22	50609335	50614455	chr22.300459	5	1024	307601526	/gbdb/hg19/wib/gc5Base.wib	0	100	1024	63920	4428800
971	chr22	50614455	50619575	chr22.300460	5	1024	307602550	/gbdb/hg19/wib/gc5Base.wib	0	100	1024	67300	4855600
971	chr22	50619575	50624695	chr22.300461	5	1024	307603574	/gbdb/hg19/wib/gc5Base.wib	0	100	1024	68200	4950400
971	chr22	50624695	50629815	chr22.300462	5	1024	307604598	/gbdb/hg19/wib/gc5Base.wib	0	100	1024	63740	4429200
971	chr22	50629815	50634935	chr22.300463	5	1024	307605622	/gbdb/hg19/wib/gc5Base.wib	0	100	1024	63060	4306800
971	chr22	50634935	50640055	chr22.300464	5	1024	307606646	/gbdb/hg19/wib/gc5Base.wib	0	100	1024	69100	5104400
971	chr22	50640055	50645175	chr22.300465	5	1024	307607670	/gbdb/hg19/wib/gc5Base.wib	0	100	1024	52040	3240000
971	chr22	50645175	50650295	chr22.300466	5	1024	307608694	/gbdb/hg19/wib/gc5Base.wib	0	100	1024	60360	4046400
971	chr22	50650295	50655415	chr22.300467	5	1024	307609718	/gbdb/hg19/wib/gc5Base.wib	0	100	1024	54700	3423600
971	chr22	50655415	50660535	chr22.300468	5	1024	307610742	/gbdb/hg19/wib/gc5Base.wib	0	100	1024	66300	4626000
971	chr22	50660535	50665655	chr22.300469	5	1024	307611766	/gbdb/hg19/wib/gc5Base.wib	0	100	1024	60180	3993200
971	chr22	50665655	50670775	chr22.300470	5	1024	307612790	/gbdb/hg19/wib/gc5Base.wib	0	100	1024	56880	3695200
971	chr22	50670775	50675895	chr22.300471	5	1024	307613814	/gbdb/hg19/wib/gc5Base.wib	0	100	1024	57360	3677600
971	chr22	50675895	50681015	chr22.300472	5	1024	307614838	/gbdb/hg19/wib/gc5Base.wib	0	100	1024	52900	3270800
971	chr22	50681015	50686135	chr22.300473	5	1024	307615862	/gbdb/hg19/wib/gc5Base.wib	0	100	1024	59940	4034800
971	chr22	50686135	50691255	chr22.300474	5	1024	307616886	/gbdb/hg19/wib/gc5Base.wib	0	100	1024	68160	4883200
971	chr22	50691255	50696375	chr22.300475	5	1024	307617910	/gbdb/hg19/wib/gc5Base.wib	0	100	1024	64860	4473200
971	chr22	50696375	50701495	chr22.300476	5	1024	307618934	/gbdb/hg19/wib/gc5Base.wib	0	100	1024	68320	4956000
971	chr22	50701495	50706615	chr22.300477	5	1024	307619958	/gbdb/hg19/wib/gc5Base.wib	0	100	1024	66360	4681600
971	chr22	50706615	50711735	chr22.300478	5	1024	307620982	/gbdb/hg19/wib/gc5Base.wib	0	100	1024	67000	4888000
971	chr22	50711735	50716855	chr22.300479	5	1024	307622006	/gbdb/hg19/wib/gc5Base.wib	0	100	1024	63280	4368000
971	chr22	50716855	50721975	chr22.300480	5	1024	307623030	/gbdb/hg19/wib/gc5Base.wib	20	80	1024	68080	4888800
121	chr22	50721975	50727095	chr22.300481	5	1024	307624054	/gbdb/hg19/wib/gc5Base.wib	0	100	1024	69900	5085200
972	chr22	50727095	50732215	chr22.300482	5	1024	307625078	/gbdb/hg19/wib/gc5Base.wib	0	100	1024	65640	4589600
972	chr22	50732215	50737335	chr22.300483	5	1024	307626102	/gbdb/hg19/wib/gc5Base.wib	0	100	1024	59320	3921600
972	chr22	50737335	50742455	chr22.300484	5	1024	307627126	/gbdb/hg19/wib/gc5Base.wib	0	100	1024	68920	5020000
972	chr22	50742455	50747575	chr22.300485	5	1024	307628150	/gbdb/hg19/wib/gc5Base.wib	0	100	1024	67860	4914000
972	chr22	50747575	50752695	chr22.300486	5	1024	307629174	/gbdb/hg19/wib/gc5Base.wib	0	100	1024	65560	4573600
972	chr22	50752695	50757815	chr22.300487	5	1024	307630198	/gbdb/hg19/wib/gc5Base.wib	0	100	1024	64920	4488800
972	chr22	50757815	50762935	chr22.300488	5	1024	307631222	/gbdb/hg19/wib/gc5Base.wib	0	100	1024	56120	3594400
972	chr22	50762935	50768055	chr22.300489	5	1024	307632246	/gbdb/hg19/wib/gc5Base.wib	0	100	1024	58200	3901600
972	chr22	50768055	50773175	chr22.300490	5	1024	307633270	/gbdb/hg19/wib/gc5Base.wib	0	100	1024	47440	2796000
972	chr22	50773175	50778295	chr22.300491	5	1024	307634294	/gbdb/hg19/wib/gc5Base.wib	0	100	1024	50800	2917600
972	chr22	50778295	50783415	chr22.300492	5	1024	307635318	/gbdb/hg19/wib/gc5Base.wib	0	100	1024	61420	4202800
972	chr22	50783415	50788535	chr22.300493	5	1024	307636342	/gbdb/hg19/wib/gc5Base.wib	0	100	1024	57240	3693600
972	chr22	50788535	50793655	chr22.300494	5	1024	307637366	/gbdb/hg19/wib/gc5Base.wib	0	100	1024	47940	2815600
972	chr22	50793655	50798775	chr22.300495	5	1024	307638390	/gbdb/hg19/wib/gc5Base.wib	0	100	1024	45720	2681600
972	chr22	50798775	50803895	chr22.300496	5	1024	307639414	/gbdb/hg19/wib/gc5Base.wib	0	100	1024	48760	2812800
972	chr22	50803895	50809015	chr22.300497	5	1024	307640438	/gbdb/hg19/wib/gc5Base.wib	0	100	1024	48340	2866000
972	chr22	50809015	50814135	chr22.300498	5	1024	307641462	/gbdb/hg19/wib/gc5Base.wib	0	100	1024	45380	2614000
972	chr22	50814135	50819255	chr22.300499	5	1024	307642486	/gbdb/hg19/wib/gc5Base.wib	0	100	1024	47080	2770400
972	chr22	50819255	50824375	chr22.300500	5	1024	307643510	/gbdb/hg19/wib/gc5Base.wib	0	100	1024	48160	2912000
972	chr22	50824375	50829495	chr22.300501	5	1024	307644534	/gbdb/hg19/wib/gc5Base.wib	0	100	1024	48980	2906000
972	chr22	50829495	50834615	chr22.300502	5	1024	307645558	/gbdb/hg19/wib/gc5Base.wib	0	100	1024	51080	3093600
972	chr22	50834615	50839735	chr22.300503	5	1024	307646582	/gbdb/hg19/wib/gc5Base.wib	0	100	1024	50160	2962400
972	chr22	50839735	50844855	chr22.300504	5	1024	307647606	/gbdb/hg19/wib/gc5Base.wib	0	100	1024	56640	3609600
972	chr22	50844855	50849975	chr22.300505	5	1024	307648630	/gbdb/hg19/wib/gc5Base.wib	0	100	1024	50040	3016800
972	chr22	50849975	50855095	chr22.300506	5	1024	307649654	/gbdb/hg19/wib/gc5Base.wib	0	100	1024	52760	3262400
121	chr22	50855095	50860215	chr22.300507	5	1024	307650678	/gbdb/hg19/wib/gc5Base.wib	0	100	1024	52440	3180000
973	chr22	50860215	50865335	chr22.300508	5	1024	307651702	/gbdb/hg19/wib/gc5Base.wib	0	100	1024	52520	3236800
973	chr22	50865335	50870455	chr22.300509	5	1024	307652726	/gbdb/hg19/wib/gc5Base.wib	0	100	1024	49260	2926800
973	chr22	50870455	50875575	chr22.300510	5	1024	307653750	/gbdb/hg19/wib/gc5Base.wib	0	100	1024	67860	4893200
973	chr22	50875575	50880695	chr22.300511	5	1024	307654774	/gbdb/hg19/wib/gc5Base.wib	0	100	1024	65200	4492800
973	chr22	50880695	50885815	chr22.300512	5	1024	307655798	/gbdb/hg19/wib/gc5Base.wib	0	100	1024	62100	4257200
973	chr22	50885815	50890935	chr22.300513	5	1024	307656822	/gbdb/hg19/wib/gc5Base.wib	0	100	1024	52420	3268400
973	chr22	50890935	50896055	chr22.300514	5	1024	307657846	/gbdb/hg19/wib/gc5Base.wib	0	100	1024	61100	4122800
973	chr22	50896055	50901175	chr22.300515	5	1024	307658870	/gbdb/hg19/wib/gc5Base.wib	0	100	1024	65380	4558800
973	chr22	50901175	50906295	chr22.300516	5	1024	307659894	/gbdb/hg19/wib/gc5Base.wib	0	100	1024	64300	4389200
973	chr22	50906295	50911415	chr22.300517	5	1024	307660918	/gbdb/hg19/wib/gc5Base.wib	0	100	1024	63960	4329600
973	chr22	50911415	50916535	chr22.300518	5	1024	307661942	/gbdb/hg19/wib/gc5Base.wib	0	100	1024	62720	4338400
973	chr22	50916535	50921655	chr22.300519	5	1024	307662966	/gbdb/hg19/wib/gc5Base.wib	0	100	1024	63340	4433200
973	chr22	50921655	50926775	chr22.300520	5	1024	307663990	/gbdb/hg19/wib/gc5Base.wib	0	100	1024	63300	4299600
973	chr22	50926775	50931895	chr22.300521	5	1024	307665014	/gbdb/hg19/wib/gc5Base.wib	0	100	1024	57620	3827600
973	chr22	50931895	50937015	chr22.300522	5	1024	307666038	/gbdb/hg19/wib/gc5Base.wib	0	100	1024	51340	3125200
973	chr22	50937015	50942135	chr22.300523	5	1024	307667062	/gbdb/hg19/wib/gc5Base.wib	0	100	1024	55320	3545600
973	chr22	50942135	50947255	chr22.300524	5	1024	307668086	/gbdb/hg19/wib/gc5Base.wib	0	100	1024	69680	5123200
973	chr22	50947255	50952375	chr22.300525	5	1024	307669110	/gbdb/hg19/wib/gc5Base.wib	0	100	1024	49240	2954400
973	chr22	50952375	50957495	chr22.300526	5	1024	307670134	/gbdb/hg19/wib/gc5Base.wib	0	100	1024	58780	3835600
973	chr22	50957495	50962615	chr22.300527	5	1024	307671158	/gbdb/hg19/wib/gc5Base.wib	0	100	1024	61100	4078000
973	chr22	50962615	50967735	chr22.300528	5	1024	307672182	/gbdb/hg19/wib/gc5Base.wib	0	100	1024	65300	4602800
973	chr22	50967735	50972855	chr22.300529	5	1024	307673206	/gbdb/hg19/wib/gc5Base.wib	0	100	1024	63720	4565600
973	chr22	50972855	50977975	chr22.300530	5	1024	307674230	/gbdb/hg19/wib/gc5Base.wib	0	100	1024	47860	2843600
973	chr22	50977975	50983095	chr22.300531	5	1024	307675254	/gbdb/hg19/wib/gc5Base.wib	0	100	1024	48060	2914000
121	chr22	50983095	50988215	chr22.300532	5	1024	307676278	/gbdb/hg19/wib/gc5Base.wib	0	100	1024	68160	4950400
974	chr22	50988215	50993335	chr22.300533	5	1024	307677302	/gbdb/hg19/wib/gc5Base.wib	0	100	1024	52760	3235200
974	chr22	50993335	50998455	chr22.300534	5	1024	307678326	/gbdb/hg19/wib/gc5Base.wib	0	100	1024	47140	2729200
974	chr22	50998455	51003575	chr22.300535	5	1024	307679350	/gbdb/hg19/wib/gc5Base.wib	0	100	1024	57020	3662800
974	chr22	51003575	51008695	chr22.300536	5	1024	307680374	/gbdb/hg19/wib/gc5Base.wib	0	100	1024	52100	3152400
974	chr22	51008695	51013815	chr22.300537	5	1024	307681398	/gbdb/hg19/wib/gc5Base.wib	0	100	1024	59180	3867600
974	chr22	51013815	51018935	chr22.300538	5	1024	307682422	/gbdb/hg19/wib/gc5Base.wib	0	100	1024	60600	4002400
974	chr22	51018935	51024055	chr22.300539	5	1024	307683446	/gbdb/hg19/wib/gc5Base.wib	0	100	1024	58100	3839600
974	chr22	51024055	51029175	chr22.300540	5	1024	307684470	/gbdb/hg19/wib/gc5Base.wib	0	100	1024	45960	2532000
974	chr22	51029175	51034295	chr22.300541	5	1024	307685494	/gbdb/hg19/wib/gc5Base.wib	0	100	1024	45600	2590400
974	chr22	51034295	51039415	chr22.300542	5	1024	307686518	/gbdb/hg19/wib/gc5Base.wib	0	100	1024	54240	3517600
974	chr22	51039415	51044535	chr22.300543	5	1024	307687542	/gbdb/hg19/wib/gc5Base.wib	0	100	1024	67360	4844000
974	chr22	51044535	51049655	chr22.300544	5	1024	307688566	/gbdb/hg19/wib/gc5Base.wib	0	100	1024	63240	4277600
974	chr22	51049655	51054775	chr22.300545	5	1024	307689590	/gbdb/hg19/wib/gc5Base.wib	0	100	1024	51740	3242800
974	chr22	51054775	51059895	chr22.300546	5	1024	307690614	/gbdb/hg19/wib/gc5Base.wib	0	100	1024	49880	3033600
974	chr22	51059895	51065015	chr22.300547	5	1024	307691638	/gbdb/hg19/wib/gc5Base.wib	0	100	1024	57700	3726000
974	chr22	51065015	51070135	chr22.300548	5	1024	307692662	/gbdb/hg19/wib/gc5Base.wib	0	100	1024	57380	3767600
974	chr22	51070135	51075255	chr22.300549	5	1024	307693686	/gbdb/hg19/wib/gc5Base.wib	0	100	1024	44480	2490400
974	chr22	51075255	51080375	chr22.300550	5	1024	307694710	/gbdb/hg19/wib/gc5Base.wib	0	100	1024	49180	2906000
974	chr22	51080375	51085495	chr22.300551	5	1024	307695734	/gbdb/hg19/wib/gc5Base.wib	0	100	1024	50720	2984000
974	chr22	51085495	51090615	chr22.300552	5	1024	307696758	/gbdb/hg19/wib/gc5Base.wib	0	100	1024	39820	2146000
974	chr22	51090615	51095735	chr22.300553	5	1024	307697782	/gbdb/hg19/wib/gc5Base.wib	0	100	1024	51700	3089200
974	chr22	51095735	51100855	chr22.300554	5	1024	307698806	/gbdb/hg19/wib/gc5Base.wib	0	100	1024	46920	2750400
974	chr22	51100855	51105975	chr22.300555	5	1024	307699830	/gbdb/hg19/wib/gc5Base.wib	0	100	1024	44100	2538800
974	chr22	51105975	51111095	chr22.300556	5	1024	307700854	/gbdb/hg19/wib/gc5Base.wib	0	100	1024	48540	2944400
974	chr22	51111095	51116215	chr22.300557	5	1024	307701878	/gbdb/hg19/wib/gc5Base.wib	0	100	1024	66860	4858000
121	chr22	51116215	51121335	chr22.300558	5	1024	307702902	/gbdb/hg19/wib/gc5Base.wib	0	100	1024	56640	3500800
975	chr22	51121335	51126455	chr22.300559	5	1024	307703926	/gbdb/hg19/wib/gc5Base.wib	0	100	1024	60840	4001600
975	chr22	51126455	51131575	chr22.300560	5	1024	307704950	/gbdb/hg19/wib/gc5Base.wib	0	100	1024	42480	2276800
975	chr22	51131575	51136695	chr22.300561	5	1024	307705974	/gbdb/hg19/wib/gc5Base.wib	0	100	1024	57360	3824800
975	chr22	51136695	51141815	chr22.300562	5	1024	307706998	/gbdb/hg19/wib/gc5Base.wib	0	100	1024	59300	3830000
975	chr22	51141815	51146935	chr22.300563	5	1024	307708022	/gbdb/hg19/wib/gc5Base.wib	0	100	1024	59240	3944000
975	chr22	51146935	51152055	chr22.300564	5	1024	307709046	/gbdb/hg19/wib/gc5Base.wib	0	100	1024	55720	3468000
975	chr22	51152055	51157175	chr22.300565	5	1024	307710070	/gbdb/hg19/wib/gc5Base.wib	0	100	1024	59060	3796400
975	chr22	51157175	51162295	chr22.300566	5	1024	307711094	/gbdb/hg19/wib/gc5Base.wib	0	100	1024	66460	4742800
975	chr22	51162295	51167415	chr22.300567	5	1024	307712118	/gbdb/hg19/wib/gc5Base.wib	0	100	1024	58360	3728800
975	chr22	51167415	51172535	chr22.300568	5	1024	307713142	/gbdb/hg19/wib/gc5Base.wib	0	100	1024	63580	4413200
975	chr22	51172535	51177655	chr22.300569	5	1024	307714166	/gbdb/hg19/wib/gc5Base.wib	0	100	1024	53960	3332800
975	chr22	51177655	51182775	chr22.300570	5	1024	307715190	/gbdb/hg19/wib/gc5Base.wib	0	100	1024	55940	3529200
975	chr22	51182775	51187895	chr22.300571	5	1024	307716214	/gbdb/hg19/wib/gc5Base.wib	0	100	1024	51320	3067200
975	chr22	51187895	51193015	chr22.300572	5	1024	307717238	/gbdb/hg19/wib/gc5Base.wib	0	100	1024	39540	1947600
975	chr22	51193015	51198135	chr22.300573	5	1024	307718262	/gbdb/hg19/wib/gc5Base.wib	0	100	1024	44660	2491600
975	chr22	51198135	51203255	chr22.300574	5	1024	307719286	/gbdb/hg19/wib/gc5Base.wib	0	100	1024	41620	2264400
975	chr22	51203255	51208375	chr22.300575	5	1024	307720310	/gbdb/hg19/wib/gc5Base.wib	0	100	1024	48600	2823200
975	chr22	51208375	51213495	chr22.300576	5	1024	307721334	/gbdb/hg19/wib/gc5Base.wib	0	100	1024	49800	2959200
975	chr22	51213495	51218615	chr22.300577	5	1024	307722358	/gbdb/hg19/wib/gc5Base.wib	0	100	1024	52000	3104800
975	chr22	51218615	51223735	chr22.300578	5	1024	307723382	/gbdb/hg19/wib/gc5Base.wib	0	100	1024	52920	3279200
975	chr22	51223735	51228855	chr22.300579	5	1024	307724406	/gbdb/hg19/wib/gc5Base.wib	0	100	1024	43420	2298800
975	chr22	51228855	51233975	chr22.300580	5	1024	307725430	/gbdb/hg19/wib/gc5Base.wib	0	100	1024	40260	2051600
975	chr22	51233975	51239095	chr22.300581	5	1024	307726454	/gbdb/hg19/wib/gc5Base.wib	0	100	1024	38720	1945600
975	chr22	51239095	51244215	chr22.300582	5	1024	307727478	/gbdb/hg19/wib/gc5Base.wib	0	100	1024	42040	2192000
975	chr22	51244215	51244570	chr22.300583	5	71	307728502	/gbdb/hg19/wib/gc5Base.wib	0	100	71	3440	212800
